[
    [
        {
            "dx": 231.6001434326172,
            "dy": 98.54547119140625,
            "timestamp": 0
        },
        {
            "dx": 231.7091827392578,
            "dy": 102.9453125,
            "timestamp": 1
        },
        {
            "dx": 231.78196716308594,
            "dy": 107.70916748046875,
            "timestamp": 1
        },
        {
            "dx": 231.89097595214844,
            "dy": 112.69107055664062,
            "timestamp": 2
        },
        {
            "dx": 232.00001525878906,
            "dy": 118.21804809570312,
            "timestamp": 34
        },
        {
            "dx": 232.1818389892578,
            "dy": 124.47265625,
            "timestamp": 34
        },
        {
            "dx": 232.1818389892578,
            "dy": 130,
            "timestamp": 34
        },
        {
            "dx": 232.1818389892578,
            "dy": 135.45458984375,
            "timestamp": 34
        },
        {
            "dx": 232.1818389892578,
            "dy": 140.727294921875,
            "timestamp": 34
        },
        {
            "dx": 232.00001525878906,
            "dy": 146.47265625,
            "timestamp": 35
        },
        {
            "dx": 231.89097595214844,
            "dy": 151.81820678710938,
            "timestamp": 35
        },
        {
            "dx": 231.89097595214844,
            "dy": 157.56356811523438,
            "timestamp": 35
        },
        {
            "dx": 231.78196716308594,
            "dy": 164,
            "timestamp": 58
        },
        {
            "dx": 231.78196716308594,
            "dy": 170.39990234375,
            "timestamp": 58
        },
        {
            "dx": 231.6001434326172,
            "dy": 176.3636474609375,
            "timestamp": 58
        },
        {
            "dx": 231.4907684326172,
            "dy": 182.2908935546875,
            "timestamp": 58
        },
        {
            "dx": 231.41831970214844,
            "dy": 188.8363037109375,
            "timestamp": 58
        },
        {
            "dx": 231.41831970214844,
            "dy": 195.3455810546875,
            "timestamp": 58
        },
        {
            "dx": 231.30894470214844,
            "dy": 201.09091186523438,
            "timestamp": 78
        },
        {
            "dx": 231.0181121826172,
            "dy": 206.07281494140625,
            "timestamp": 78
        },
        {
            "dx": 231.0181121826172,
            "dy": 211.12713623046875,
            "timestamp": 78
        },
        {
            "dx": 231.1271514892578,
            "dy": 215.8909912109375,
            "timestamp": 78
        },
        {
            "dx": 0,
            "dy": 0,
            "timestamp": 79
        },
        {
            "dx": 269.6001434326172,
            "dy": 35.63636779785156,
            "timestamp": 366
        },
        {
            "dx": 267.6001434326172,
            "dy": 37.01811218261719,
            "timestamp": 366
        },
        {
            "dx": 265.56358337402344,
            "dy": 38.58168029785156,
            "timestamp": 366
        },
        {
            "dx": 263.3455352783203,
            "dy": 40.145599365234375,
            "timestamp": 367
        },
        {
            "dx": 260.94532775878906,
            "dy": 41.8909912109375,
            "timestamp": 367
        },
        {
            "dx": 257.9638214111328,
            "dy": 43.745391845703125,
            "timestamp": 387
        },
        {
            "dx": 254.8728790283203,
            "dy": 45.49076843261719,
            "timestamp": 387
        },
        {
            "dx": 251.3455352783203,
            "dy": 47.4183349609375,
            "timestamp": 387
        },
        {
            "dx": 248.14561462402344,
            "dy": 49.272735595703125,
            "timestamp": 387
        },
        {
            "dx": 245.27272033691406,
            "dy": 50.9453125,
            "timestamp": 387
        },
        {
            "dx": 242.6544952392578,
            "dy": 52.29084777832031,
            "timestamp": 410
        },
        {
            "dx": 240.0727996826172,
            "dy": 54.07279968261719,
            "timestamp": 410
        },
        {
            "dx": 237.4545440673828,
            "dy": 55.3089599609375,
            "timestamp": 410
        },
        {
            "dx": 234.7635040283203,
            "dy": 56.87287902832031,
            "timestamp": 410
        },
        {
            "dx": 232.00001525878906,
            "dy": 58.43646240234375,
            "timestamp": 410
        },
        {
            "dx": 229.4907684326172,
            "dy": 60.18182373046875,
            "timestamp": 429
        },
        {
            "dx": 226.3998565673828,
            "dy": 61.854400634765625,
            "timestamp": 429
        },
        {
            "dx": 223.7091827392578,
            "dy": 63.49078369140625,
            "timestamp": 429
        },
        {
            "dx": 221.30894470214844,
            "dy": 64.9453125,
            "timestamp": 429
        },
        {
            "dx": 218.9818878173828,
            "dy": 66.43643188476562,
            "timestamp": 429
        },
        {
            "dx": 216.8728790283203,
            "dy": 67.672607421875,
            "timestamp": 449
        },
        {
            "dx": 215.41831970214844,
            "dy": 68.65447998046875,
            "timestamp": 449
        },
        {
            "dx": 213.7091827392578,
            "dy": 70.03622436523438,
            "timestamp": 449
        },
        {
            "dx": 211.8544464111328,
            "dy": 71.60015869140625,
            "timestamp": 449
        },
        {
            "dx": 209.74537658691406,
            "dy": 73.34552001953125,
            "timestamp": 450
        },
        {
            "dx": 208.03622436523438,
            "dy": 74.98193359375,
            "timestamp": 469
        },
        {
            "dx": 206.3998565673828,
            "dy": 76.65447998046875,
            "timestamp": 470
        },
        {
            "dx": 204.9453125,
            "dy": 78.10903930664062,
            "timestamp": 470
        },
        {
            "dx": 203.12713623046875,
            "dy": 80.07281494140625,
            "timestamp": 470
        },
        {
            "dx": 201.67259216308594,
            "dy": 82.18182373046875,
            "timestamp": 470
        },
        {
            "dx": 200.32742309570312,
            "dy": 84.32742309570312,
            "timestamp": 488
        },
        {
            "dx": 199.16371154785156,
            "dy": 86.39990234375,
            "timestamp": 489
        },
        {
            "dx": 198,
            "dy": 88.21804809570312,
            "timestamp": 489
        },
        {
            "dx": 197.0546875,
            "dy": 90.07281494140625,
            "timestamp": 489
        },
        {
            "dx": 196.2908477783203,
            "dy": 91.92724609375,
            "timestamp": 489
        },
        {
            "dx": 195.41835021972656,
            "dy": 94.18182373046875,
            "timestamp": 507
        },
        {
            "dx": 194.72727966308594,
            "dy": 96.50927734375,
            "timestamp": 507
        },
        {
            "dx": 193.78196716308594,
            "dy": 98.8363037109375,
            "timestamp": 507
        },
        {
            "dx": 0,
            "dy": 0,
            "timestamp": 509
        },
        {
            "dx": 149.23651123046875,
            "dy": 164.98193359375,
            "timestamp": 699
        },
        {
            "dx": 153.0546875,
            "dy": 164.98193359375,
            "timestamp": 700
        },
        {
            "dx": 157.41835021972656,
            "dy": 164.76351928710938,
            "timestamp": 722
        },
        {
            "dx": 161.63636779785156,
            "dy": 164.65447998046875,
            "timestamp": 722
        },
        {
            "dx": 164.61825561523438,
            "dy": 164.29086303710938,
            "timestamp": 722
        },
        {
            "dx": 168.7635040283203,
            "dy": 163.49081420898438,
            "timestamp": 723
        },
        {
            "dx": 172.21804809570312,
            "dy": 162.8363037109375,
            "timestamp": 723
        },
        {
            "dx": 174.83631896972656,
            "dy": 162.254638671875,
            "timestamp": 742
        },
        {
            "dx": 177.52734375,
            "dy": 161.45458984375,
            "timestamp": 743
        },
        {
            "dx": 179.4545440673828,
            "dy": 160.98193359375,
            "timestamp": 743
        },
        {
            "dx": 180.8728790283203,
            "dy": 160.47265625,
            "timestamp": 743
        },
        {
            "dx": 182.03622436523438,
            "dy": 160.10903930664062,
            "timestamp": 743
        },
        {
            "dx": 182.80007934570312,
            "dy": 159.70916748046875,
            "timestamp": 744
        },
        {
            "dx": 183.27273559570312,
            "dy": 159.52734375,
            "timestamp": 766
        },
        {
            "dx": 183.67259216308594,
            "dy": 159.4183349609375,
            "timestamp": 767
        },
        {
            "dx": 184.0727996826172,
            "dy": 159.3089599609375,
            "timestamp": 767
        },
        {
            "dx": 184.43646240234375,
            "dy": 159.23651123046875,
            "timestamp": 767
        },
        {
            "dx": 184.36366271972656,
            "dy": 159.23651123046875,
            "timestamp": 801
        },
        {
            "dx": 184.0727996826172,
            "dy": 159.3089599609375,
            "timestamp": 801
        },
        {
            "dx": 183.27273559570312,
            "dy": 159.52734375,
            "timestamp": 801
        },
        {
            "dx": 181.74539184570312,
            "dy": 160.29086303710938,
            "timestamp": 801
        },
        {
            "dx": 178.8728790283203,
            "dy": 161.34555053710938,
            "timestamp": 802
        },
        {
            "dx": 176.25462341308594,
            "dy": 162.61825561523438,
            "timestamp": 821
        },
        {
            "dx": 173.85443115234375,
            "dy": 164.07284545898438,
            "timestamp": 822
        },
        {
            "dx": 171.56356811523438,
            "dy": 165.63638305664062,
            "timestamp": 822
        },
        {
            "dx": 169.23651123046875,
            "dy": 167.199951171875,
            "timestamp": 822
        },
        {
            "dx": 166.65447998046875,
            "dy": 169.23651123046875,
            "timestamp": 822
        },
        {
            "dx": 164.32742309570312,
            "dy": 171.199951171875,
            "timestamp": 845
        },
        {
            "dx": 162.10902404785156,
            "dy": 173.0546875,
            "timestamp": 845
        },
        {
            "dx": 159.89100646972656,
            "dy": 174.80007934570312,
            "timestamp": 845
        },
        {
            "dx": 157.89100646972656,
            "dy": 176.254638671875,
            "timestamp": 845
        },
        {
            "dx": 155.09091186523438,
            "dy": 177.92721557617188,
            "timestamp": 845
        },
        {
            "dx": 152.69105529785156,
            "dy": 179.56356811523438,
            "timestamp": 868
        },
        {
            "dx": 150.36366271972656,
            "dy": 181.12713623046875,
            "timestamp": 868
        },
        {
            "dx": 148.36366271972656,
            "dy": 182.50924682617188,
            "timestamp": 868
        },
        {
            "dx": 146.25462341308594,
            "dy": 183.85440063476562,
            "timestamp": 868
        },
        {
            "dx": 144.72727966308594,
            "dy": 185.01812744140625,
            "timestamp": 868
        },
        {
            "dx": 142.9818878173828,
            "dy": 186.18182373046875,
            "timestamp": 868
        },
        {
            "dx": 141.16371154785156,
            "dy": 187.3455810546875,
            "timestamp": 889
        },
        {
            "dx": 139.3455352783203,
            "dy": 188.54547119140625,
            "timestamp": 890
        },
        {
            "dx": 137.52734375,
            "dy": 189.781982421875,
            "timestamp": 890
        },
        {
            "dx": 135.7091827392578,
            "dy": 191.0546875,
            "timestamp": 890
        },
        {
            "dx": 133.781982421875,
            "dy": 192.14559936523438,
            "timestamp": 890
        },
        {
            "dx": 131.4907684326172,
            "dy": 193.199951171875,
            "timestamp": 910
        },
        {
            "dx": 129.199951171875,
            "dy": 194.18182373046875,
            "timestamp": 910
        },
        {
            "dx": 126.98188781738281,
            "dy": 194.8729248046875,
            "timestamp": 910
        },
        {
            "dx": 124.76350402832031,
            "dy": 195.3455810546875,
            "timestamp": 910
        },
        {
            "dx": 122.76350402832031,
            "dy": 195.74539184570312,
            "timestamp": 911
        },
        {
            "dx": 121.52734375,
            "dy": 195.8182373046875,
            "timestamp": 930
        },
        {
            "dx": 120.18183898925781,
            "dy": 195.8182373046875,
            "timestamp": 930
        },
        {
            "dx": 118.43643188476562,
            "dy": 195.8182373046875,
            "timestamp": 930
        },
        {
            "dx": 115.96377563476562,
            "dy": 195.52734375,
            "timestamp": 930
        },
        {
            "dx": 113.63636779785156,
            "dy": 195.0546875,
            "timestamp": 930
        },
        {
            "dx": 111.52734375,
            "dy": 194.3636474609375,
            "timestamp": 947
        },
        {
            "dx": 109.41831970214844,
            "dy": 193.49078369140625,
            "timestamp": 948
        },
        {
            "dx": 106.76350402832031,
            "dy": 192.43643188476562,
            "timestamp": 948
        },
        {
            "dx": 103.89097595214844,
            "dy": 190.8729248046875,
            "timestamp": 948
        },
        {
            "dx": 101.49076843261719,
            "dy": 189.60015869140625,
            "timestamp": 965
        },
        {
            "dx": 99.38174438476562,
            "dy": 188.21804809570312,
            "timestamp": 965
        },
        {
            "dx": 97.81819152832031,
            "dy": 187.27273559570312,
            "timestamp": 965
        },
        {
            "dx": 96.29084777832031,
            "dy": 186.18182373046875,
            "timestamp": 965
        },
        {
            "dx": 94.9453125,
            "dy": 185.01812744140625,
            "timestamp": 965
        },
        {
            "dx": 93.12715148925781,
            "dy": 183.38174438476562,
            "timestamp": 982
        },
        {
            "dx": 91.49076843261719,
            "dy": 181.60015869140625,
            "timestamp": 982
        },
        {
            "dx": 90.14559936523438,
            "dy": 179.781982421875,
            "timestamp": 983
        },
        {
            "dx": 88.90908813476562,
            "dy": 177.92721557617188,
            "timestamp": 983
        },
        {
            "dx": 87.67259216308594,
            "dy": 176.07284545898438,
            "timestamp": 1000
        },
        {
            "dx": 86.61825561523438,
            "dy": 174.21804809570312,
            "timestamp": 1001
        },
        {
            "dx": 85.67259216308594,
            "dy": 172.47265625,
            "timestamp": 1001
        },
        {
            "dx": 84.69105529785156,
            "dy": 170.80007934570312,
            "timestamp": 1001
        },
        {
            "dx": 84.03622436523438,
            "dy": 169.52734375,
            "timestamp": 1019
        },
        {
            "dx": 83.63636779785156,
            "dy": 168.76351928710938,
            "timestamp": 1019
        },
        {
            "dx": 83.45454406738281,
            "dy": 168.3636474609375,
            "timestamp": 1019
        },
        {
            "dx": 83.27273559570312,
            "dy": 168.18182373046875,
            "timestamp": 1019
        },
        {
            "dx": 83.16371154785156,
            "dy": 168,
            "timestamp": 1019
        },
        {
            "dx": 83.0546875,
            "dy": 167.8909912109375,
            "timestamp": 1036
        },
        {
            "dx": 83.27273559570312,
            "dy": 167.8909912109375,
            "timestamp": 1067
        },
        {
            "dx": 83.56356811523438,
            "dy": 167.8909912109375,
            "timestamp": 1067
        },
        {
            "dx": 84.03622436523438,
            "dy": 167.8909912109375,
            "timestamp": 1068
        },
        {
            "dx": 84.50923156738281,
            "dy": 167.8909912109375,
            "timestamp": 1068
        },
        {
            "dx": 85.45454406738281,
            "dy": 168,
            "timestamp": 1090
        },
        {
            "dx": 86.98188781738281,
            "dy": 168.29086303710938,
            "timestamp": 1090
        },
        {
            "dx": 88.32742309570312,
            "dy": 168.65447998046875,
            "timestamp": 1090
        },
        {
            "dx": 89.78196716308594,
            "dy": 169.23651123046875,
            "timestamp": 1091
        },
        {
            "dx": 91.89097595214844,
            "dy": 170.32742309570312,
            "timestamp": 1091
        },
        {
            "dx": 93.70918273925781,
            "dy": 171.38174438476562,
            "timestamp": 1114
        },
        {
            "dx": 95.34553527832031,
            "dy": 172.47265625,
            "timestamp": 1115
        },
        {
            "dx": 96.87287902832031,
            "dy": 173.81820678710938,
            "timestamp": 1115
        },
        {
            "dx": 98.39985656738281,
            "dy": 175.38174438476562,
            "timestamp": 1115
        },
        {
            "dx": 99.85440063476562,
            "dy": 177.23651123046875,
            "timestamp": 1115
        },
        {
            "dx": 101.38174438476562,
            "dy": 179.16372680664062,
            "timestamp": 1115
        },
        {
            "dx": 102.72727966308594,
            "dy": 181.12713623046875,
            "timestamp": 1136
        },
        {
            "dx": 103.78196716308594,
            "dy": 183.16372680664062,
            "timestamp": 1137
        },
        {
            "dx": 104.65449523925781,
            "dy": 185.4183349609375,
            "timestamp": 1137
        },
        {
            "dx": 105.41831970214844,
            "dy": 187.63638305664062,
            "timestamp": 1137
        },
        {
            "dx": 106,
            "dy": 190,
            "timestamp": 1137
        },
        {
            "dx": 106.47265625,
            "dy": 192.43643188476562,
            "timestamp": 1158
        },
        {
            "dx": 106.65449523925781,
            "dy": 194.9453125,
            "timestamp": 1158
        },
        {
            "dx": 106.76350402832031,
            "dy": 197.38174438476562,
            "timestamp": 1158
        },
        {
            "dx": 106.76350402832031,
            "dy": 199.8182373046875,
            "timestamp": 1159
        },
        {
            "dx": 106.65449523925781,
            "dy": 202.43643188476562,
            "timestamp": 1159
        },
        {
            "dx": 106.18183898925781,
            "dy": 205.56356811523438,
            "timestamp": 1159
        },
        {
            "dx": 105.60014343261719,
            "dy": 208.47265625,
            "timestamp": 1181
        },
        {
            "dx": 103.89097595214844,
            "dy": 211.70916748046875,
            "timestamp": 1181
        },
        {
            "dx": 102.25462341308594,
            "dy": 214.727294921875,
            "timestamp": 1181
        },
        {
            "dx": 100.21804809570312,
            "dy": 217.92721557617188,
            "timestamp": 1181
        },
        {
            "dx": 98.10902404785156,
            "dy": 220.9453125,
            "timestamp": 1182
        },
        {
            "dx": 95.92720031738281,
            "dy": 223.96383666992188,
            "timestamp": 1203
        },
        {
            "dx": 93.52734375,
            "dy": 226.98190307617188,
            "timestamp": 1204
        },
        {
            "dx": 90.9453125,
            "dy": 229.70916748046875,
            "timestamp": 1204
        },
        {
            "dx": 88.32742309570312,
            "dy": 232.54547119140625,
            "timestamp": 1204
        },
        {
            "dx": 84.80007934570312,
            "dy": 235.85446166992188,
            "timestamp": 1204
        },
        {
            "dx": 80.9453125,
            "dy": 239.0546875,
            "timestamp": 1204
        },
        {
            "dx": 76.9453125,
            "dy": 242.3636474609375,
            "timestamp": 1225
        },
        {
            "dx": 72.7272720336914,
            "dy": 245.96383666992188,
            "timestamp": 1225
        },
        {
            "dx": 68.58168029785156,
            "dy": 249.56356811523438,
            "timestamp": 1225
        },
        {
            "dx": 64.54545593261719,
            "dy": 253.56356811523438,
            "timestamp": 1225
        },
        {
            "dx": 59.272727966308594,
            "dy": 258.254638671875,
            "timestamp": 1225
        },
        {
            "dx": 54.29084014892578,
            "dy": 262.9091491699219,
            "timestamp": 1247
        },
        {
            "dx": 49.23650360107422,
            "dy": 267.70916748046875,
            "timestamp": 1248
        },
        {
            "dx": 44.618263244628906,
            "dy": 272.65447998046875,
            "timestamp": 1248
        },
        {
            "dx": 40.39985656738281,
            "dy": 277.3455810546875,
            "timestamp": 1248
        },
        {
            "dx": 35.781959533691406,
            "dy": 281.52734375,
            "timestamp": 1248
        },
        {
            "dx": 0,
            "dy": 0,
            "timestamp": 1249
        },
        {
            "dx": 158.0727996826172,
            "dy": 179.56356811523438,
            "timestamp": 1854
        },
        {
            "dx": 159.6001434326172,
            "dy": 181.52734375,
            "timestamp": 1855
        },
        {
            "dx": 161.23651123046875,
            "dy": 183.45455932617188,
            "timestamp": 1855
        },
        {
            "dx": 163.27273559570312,
            "dy": 185.52734375,
            "timestamp": 1856
        },
        {
            "dx": 165.0181121826172,
            "dy": 187.27273559570312,
            "timestamp": 1856
        },
        {
            "dx": 166.83631896972656,
            "dy": 189.12713623046875,
            "timestamp": 1892
        },
        {
            "dx": 168.65447998046875,
            "dy": 190.8729248046875,
            "timestamp": 1892
        },
        {
            "dx": 170.7635040283203,
            "dy": 192.43643188476562,
            "timestamp": 1892
        },
        {
            "dx": 172.3998565673828,
            "dy": 193.672607421875,
            "timestamp": 1892
        },
        {
            "dx": 174.03622436523438,
            "dy": 194.8729248046875,
            "timestamp": 1892
        },
        {
            "dx": 175.78196716308594,
            "dy": 195.92721557617188,
            "timestamp": 1893
        },
        {
            "dx": 176.9453125,
            "dy": 196.50924682617188,
            "timestamp": 1893
        },
        {
            "dx": 178.3998565673828,
            "dy": 197.09091186523438,
            "timestamp": 1893
        },
        {
            "dx": 179.52734375,
            "dy": 197.49078369140625,
            "timestamp": 1893
        },
        {
            "dx": 180.80007934570312,
            "dy": 197.781982421875,
            "timestamp": 1921
        },
        {
            "dx": 182.32742309570312,
            "dy": 197.96377563476562,
            "timestamp": 1921
        },
        {
            "dx": 183.96380615234375,
            "dy": 197.96377563476562,
            "timestamp": 1921
        },
        {
            "dx": 185.41835021972656,
            "dy": 197.8909912109375,
            "timestamp": 1921
        },
        {
            "dx": 186.65447998046875,
            "dy": 197.672607421875,
            "timestamp": 1921
        },
        {
            "dx": 186.83631896972656,
            "dy": 197.60015869140625,
            "timestamp": 1921
        },
        {
            "dx": 186.9453125,
            "dy": 197.49078369140625,
            "timestamp": 1921
        },
        {
            "dx": 187.41835021972656,
            "dy": 197.09091186523438,
            "timestamp": 1921
        },
        {
            "dx": 187.9272003173828,
            "dy": 196.61825561523438,
            "timestamp": 1943
        },
        {
            "dx": 188.47265625,
            "dy": 196.03622436523438,
            "timestamp": 1943
        },
        {
            "dx": 188.9818878173828,
            "dy": 195.45455932617188,
            "timestamp": 1944
        },
        {
            "dx": 189.52734375,
            "dy": 194.65447998046875,
            "timestamp": 1944
        },
        {
            "dx": 190.03622436523438,
            "dy": 193.60015869140625,
            "timestamp": 1944
        },
        {
            "dx": 190.32742309570312,
            "dy": 192.61825561523438,
            "timestamp": 1964
        },
        {
            "dx": 190.61825561523438,
            "dy": 191.56356811523438,
            "timestamp": 1965
        },
        {
            "dx": 190.80007934570312,
            "dy": 190.47265625,
            "timestamp": 1965
        },
        {
            "dx": 190.9818878173828,
            "dy": 189.4183349609375,
            "timestamp": 1965
        },
        {
            "dx": 191.09091186523438,
            "dy": 188.54547119140625,
            "timestamp": 1965
        },
        {
            "dx": 191.16371154785156,
            "dy": 187.45455932617188,
            "timestamp": 1984
        },
        {
            "dx": 191.16371154785156,
            "dy": 186.2908935546875,
            "timestamp": 1984
        },
        {
            "dx": 191.16371154785156,
            "dy": 184.54547119140625,
            "timestamp": 1984
        },
        {
            "dx": 191.16371154785156,
            "dy": 182.69107055664062,
            "timestamp": 1985
        },
        {
            "dx": 191.16371154785156,
            "dy": 180.54547119140625,
            "timestamp": 1985
        },
        {
            "dx": 191.09091186523438,
            "dy": 178.39987182617188,
            "timestamp": 2004
        },
        {
            "dx": 190.90911865234375,
            "dy": 176.07284545898438,
            "timestamp": 2004
        },
        {
            "dx": 190.61825561523438,
            "dy": 173.74539184570312,
            "timestamp": 2005
        },
        {
            "dx": 190.32742309570312,
            "dy": 171.672607421875,
            "timestamp": 2005
        },
        {
            "dx": 189.9272003173828,
            "dy": 169.74539184570312,
            "timestamp": 2005
        },
        {
            "dx": 189.4545440673828,
            "dy": 168,
            "timestamp": 2027
        },
        {
            "dx": 188.9818878173828,
            "dy": 166.32742309570312,
            "timestamp": 2027
        },
        {
            "dx": 188.47265625,
            "dy": 165.0546875,
            "timestamp": 2027
        },
        {
            "dx": 187.70916748046875,
            "dy": 163.70916748046875,
            "timestamp": 2027
        },
        {
            "dx": 186.83631896972656,
            "dy": 162.54550170898438,
            "timestamp": 2027
        },
        {
            "dx": 185.89100646972656,
            "dy": 161.45458984375,
            "timestamp": 2045
        },
        {
            "dx": 184.43646240234375,
            "dy": 160.18182373046875,
            "timestamp": 2046
        },
        {
            "dx": 183.4907684326172,
            "dy": 159.4183349609375,
            "timestamp": 2046
        },
        {
            "dx": 182.61825561523438,
            "dy": 158.90908813476562,
            "timestamp": 2046
        },
        {
            "dx": 180.21804809570312,
            "dy": 158.254638671875,
            "timestamp": 2046
        },
        {
            "dx": 178.18182373046875,
            "dy": 157.85440063476562,
            "timestamp": 2063
        },
        {
            "dx": 176.0727996826172,
            "dy": 157.85440063476562,
            "timestamp": 2063
        },
        {
            "dx": 174.90911865234375,
            "dy": 157.85440063476562,
            "timestamp": 2063
        },
        {
            "dx": 173.09091186523438,
            "dy": 158.254638671875,
            "timestamp": 2063
        },
        {
            "dx": 170.47265625,
            "dy": 159.12713623046875,
            "timestamp": 2063
        },
        {
            "dx": 167.78196716308594,
            "dy": 160.69107055664062,
            "timestamp": 2081
        },
        {
            "dx": 164.80007934570312,
            "dy": 162.727294921875,
            "timestamp": 2081
        },
        {
            "dx": 162.10902404785156,
            "dy": 165.0546875,
            "timestamp": 2081
        },
        {
            "dx": 159.41835021972656,
            "dy": 167.49081420898438,
            "timestamp": 2081
        },
        {
            "dx": 0,
            "dy": 0,
            "timestamp": 2098
        }
    ]
]