[
    [
        {
            "dx": 235.8181915283203,
            "dy": 63.12713623046875,
            "timestamp": 0
        },
        {
            "dx": 235.4545440673828,
            "dy": 66.21804809570312,
            "timestamp": 1
        },
        {
            "dx": 234.9818878173828,
            "dy": 70.10903930664062,
            "timestamp": 1
        },
        {
            "dx": 234.58168029785156,
            "dy": 74.32742309570312,
            "timestamp": 2
        },
        {
            "dx": 234.10902404785156,
            "dy": 78.58169555664062,
            "timestamp": 34
        },
        {
            "dx": 233.7091827392578,
            "dy": 83.16372680664062,
            "timestamp": 34
        },
        {
            "dx": 233.52735900878906,
            "dy": 88.32742309570312,
            "timestamp": 34
        },
        {
            "dx": 233.3455352783203,
            "dy": 93.781982421875,
            "timestamp": 34
        },
        {
            "dx": 233.3455352783203,
            "dy": 99.92724609375,
            "timestamp": 34
        },
        {
            "dx": 233.41831970214844,
            "dy": 106.14559936523438,
            "timestamp": 34
        },
        {
            "dx": 233.63636779785156,
            "dy": 112.18182373046875,
            "timestamp": 34
        },
        {
            "dx": 233.9272003173828,
            "dy": 118.03622436523438,
            "timestamp": 35
        },
        {
            "dx": 234.47267150878906,
            "dy": 122.10903930664062,
            "timestamp": 36
        },
        {
            "dx": 234.8728790283203,
            "dy": 126.29083251953125,
            "timestamp": 59
        },
        {
            "dx": 235.56358337402344,
            "dy": 130.98193359375,
            "timestamp": 59
        },
        {
            "dx": 236.21803283691406,
            "dy": 136.14559936523438,
            "timestamp": 59
        },
        {
            "dx": 236.9818878173828,
            "dy": 141.8909912109375,
            "timestamp": 60
        },
        {
            "dx": 237.67259216308594,
            "dy": 147.34555053710938,
            "timestamp": 60
        },
        {
            "dx": 238.32740783691406,
            "dy": 152,
            "timestamp": 60
        },
        {
            "dx": 238.9091339111328,
            "dy": 156.39990234375,
            "timestamp": 79
        },
        {
            "dx": 239.6001434326172,
            "dy": 160.18182373046875,
            "timestamp": 79
        },
        {
            "dx": 240.36363220214844,
            "dy": 164.29086303710938,
            "timestamp": 79
        },
        {
            "dx": 241.2365264892578,
            "dy": 168.3636474609375,
            "timestamp": 80
        },
        {
            "dx": 242.0727996826172,
            "dy": 172.254638671875,
            "timestamp": 80
        },
        {
            "dx": 242.6544952392578,
            "dy": 175.96377563476562,
            "timestamp": 100
        },
        {
            "dx": 243.16371154785156,
            "dy": 179.38174438476562,
            "timestamp": 100
        },
        {
            "dx": 243.9272003173828,
            "dy": 182.39987182617188,
            "timestamp": 100
        },
        {
            "dx": 244.21803283691406,
            "dy": 185.199951171875,
            "timestamp": 100
        },
        {
            "dx": 244.5092315673828,
            "dy": 187.92721557617188,
            "timestamp": 123
        },
        {
            "dx": 245.09092712402344,
            "dy": 190.8729248046875,
            "timestamp": 123
        },
        {
            "dx": 245.56358337402344,
            "dy": 193.60015869140625,
            "timestamp": 123
        },
        {
            "dx": 245.56358337402344,
            "dy": 196.21804809570312,
            "timestamp": 123
        },
        {
            "dx": 245.63636779785156,
            "dy": 197.96377563476562,
            "timestamp": 123
        },
        {
            "dx": 245.8544464111328,
            "dy": 200.03622436523438,
            "timestamp": 123
        },
        {
            "dx": 246.03623962402344,
            "dy": 202.07281494140625,
            "timestamp": 141
        },
        {
            "dx": 246.32740783691406,
            "dy": 203.8182373046875,
            "timestamp": 142
        },
        {
            "dx": 0,
            "dy": 0,
            "timestamp": 143
        },
        {
            "dx": 263.63636779785156,
            "dy": 17.454574584960938,
            "timestamp": 550
        },
        {
            "dx": 263.16371154785156,
            "dy": 18.43646240234375,
            "timestamp": 551
        },
        {
            "dx": 262.5092315673828,
            "dy": 19.600143432617188,
            "timestamp": 551
        },
        {
            "dx": 262.00001525878906,
            "dy": 20.545455932617188,
            "timestamp": 598
        },
        {
            "dx": 261.3455352783203,
            "dy": 21.818191528320312,
            "timestamp": 598
        },
        {
            "dx": 260.7635040283203,
            "dy": 22.691055297851562,
            "timestamp": 598
        },
        {
            "dx": 260.1818389892578,
            "dy": 23.672592163085938,
            "timestamp": 598
        },
        {
            "dx": 259.2365264892578,
            "dy": 24.763504028320312,
            "timestamp": 599
        },
        {
            "dx": 258.72727966308594,
            "dy": 25.52734375,
            "timestamp": 599
        },
        {
            "dx": 258.25462341308594,
            "dy": 26.218048095703125,
            "timestamp": 599
        },
        {
            "dx": 257.67259216308594,
            "dy": 26.800079345703125,
            "timestamp": 599
        },
        {
            "dx": 256.80006408691406,
            "dy": 27.563568115234375,
            "timestamp": 599
        },
        {
            "dx": 256.03623962402344,
            "dy": 28.254623413085938,
            "timestamp": 599
        },
        {
            "dx": 255.27272033691406,
            "dy": 28.9453125,
            "timestamp": 599
        },
        {
            "dx": 254.3998565673828,
            "dy": 29.52734375,
            "timestamp": 599
        },
        {
            "dx": 252.7635040283203,
            "dy": 30.691055297851562,
            "timestamp": 624
        },
        {
            "dx": 251.05470275878906,
            "dy": 31.745391845703125,
            "timestamp": 625
        },
        {
            "dx": 249.41831970214844,
            "dy": 32.72727966308594,
            "timestamp": 625
        },
        {
            "dx": 247.8544464111328,
            "dy": 33.70916748046875,
            "timestamp": 625
        },
        {
            "dx": 246.4364776611328,
            "dy": 34.47265625,
            "timestamp": 625
        },
        {
            "dx": 244.9818878173828,
            "dy": 35.272735595703125,
            "timestamp": 625
        },
        {
            "dx": 243.7091827392578,
            "dy": 35.85443115234375,
            "timestamp": 625
        },
        {
            "dx": 243.16371154785156,
            "dy": 36.145599365234375,
            "timestamp": 627
        },
        {
            "dx": 242.47267150878906,
            "dy": 36.43646240234375,
            "timestamp": 649
        },
        {
            "dx": 241.52735900878906,
            "dy": 36.90911865234375,
            "timestamp": 649
        },
        {
            "dx": 240.1818389892578,
            "dy": 37.60014343261719,
            "timestamp": 649
        },
        {
            "dx": 238.5454559326172,
            "dy": 38.47265625,
            "timestamp": 650
        },
        {
            "dx": 236.9818878173828,
            "dy": 39.272735595703125,
            "timestamp": 650
        },
        {
            "dx": 235.4545440673828,
            "dy": 40.036224365234375,
            "timestamp": 668
        },
        {
            "dx": 233.9272003173828,
            "dy": 40.618255615234375,
            "timestamp": 668
        },
        {
            "dx": 232.2908477783203,
            "dy": 41.19993591308594,
            "timestamp": 668
        },
        {
            "dx": 230.83628845214844,
            "dy": 41.78196716308594,
            "timestamp": 668
        },
        {
            "dx": 229.56358337402344,
            "dy": 42.29084777832031,
            "timestamp": 688
        },
        {
            "dx": 228.61827087402344,
            "dy": 42.65447998046875,
            "timestamp": 688
        },
        {
            "dx": 227.56358337402344,
            "dy": 43.0546875,
            "timestamp": 689
        },
        {
            "dx": 226.5092315673828,
            "dy": 43.45457458496094,
            "timestamp": 689
        },
        {
            "dx": 225.52735900878906,
            "dy": 43.92723083496094,
            "timestamp": 689
        },
        {
            "dx": 224.47267150878906,
            "dy": 44.327423095703125,
            "timestamp": 709
        },
        {
            "dx": 223.30894470214844,
            "dy": 44.90911865234375,
            "timestamp": 710
        },
        {
            "dx": 222.25462341308594,
            "dy": 45.49076843261719,
            "timestamp": 710
        },
        {
            "dx": 221.30894470214844,
            "dy": 46.07279968261719,
            "timestamp": 710
        },
        {
            "dx": 220.4364776611328,
            "dy": 46.65447998046875,
            "timestamp": 710
        },
        {
            "dx": 219.56358337402344,
            "dy": 47.34553527832031,
            "timestamp": 710
        },
        {
            "dx": 218.5092315673828,
            "dy": 48.327423095703125,
            "timestamp": 729
        },
        {
            "dx": 217.4545440673828,
            "dy": 49.38177490234375,
            "timestamp": 730
        },
        {
            "dx": 216.5092315673828,
            "dy": 50.54545593261719,
            "timestamp": 730
        },
        {
            "dx": 215.52735900878906,
            "dy": 51.81819152832031,
            "timestamp": 730
        },
        {
            "dx": 214.6544952392578,
            "dy": 53.090911865234375,
            "timestamp": 751
        },
        {
            "dx": 213.7091827392578,
            "dy": 54.8363037109375,
            "timestamp": 752
        },
        {
            "dx": 212.83628845214844,
            "dy": 56.69105529785156,
            "timestamp": 752
        },
        {
            "dx": 212.0727996826172,
            "dy": 58.618255615234375,
            "timestamp": 752
        },
        {
            "dx": 211.3817901611328,
            "dy": 60.47265625,
            "timestamp": 752
        },
        {
            "dx": 210.14561462402344,
            "dy": 62.909088134765625,
            "timestamp": 752
        },
        {
            "dx": 209.56358337402344,
            "dy": 65.34552001953125,
            "timestamp": 772
        },
        {
            "dx": 208.80007934570312,
            "dy": 67.49078369140625,
            "timestamp": 773
        },
        {
            "dx": 0,
            "dy": 0,
            "timestamp": 774
        },
        {
            "dx": 164.32742309570312,
            "dy": 119.01812744140625,
            "timestamp": 1003
        },
        {
            "dx": 165.78196716308594,
            "dy": 120.76348876953125,
            "timestamp": 1004
        },
        {
            "dx": 167.6001434326172,
            "dy": 122.90908813476562,
            "timestamp": 1005
        },
        {
            "dx": 169.0546875,
            "dy": 124.8363037109375,
            "timestamp": 1036
        },
        {
            "dx": 171.0546875,
            "dy": 127.27273559570312,
            "timestamp": 1036
        },
        {
            "dx": 172.3998565673828,
            "dy": 129.12713623046875,
            "timestamp": 1036
        },
        {
            "dx": 173.96380615234375,
            "dy": 131.45458984375,
            "timestamp": 1037
        },
        {
            "dx": 175.4907684326172,
            "dy": 133.8909912109375,
            "timestamp": 1037
        },
        {
            "dx": 177.12713623046875,
            "dy": 136.8363037109375,
            "timestamp": 1037
        },
        {
            "dx": 178.47265625,
            "dy": 139.63638305664062,
            "timestamp": 1037
        },
        {
            "dx": 179.9272003173828,
            "dy": 142.87289428710938,
            "timestamp": 1037
        },
        {
            "dx": 181.4545440673828,
            "dy": 146.3636474609375,
            "timestamp": 1037
        },
        {
            "dx": 182.72727966308594,
            "dy": 149.781982421875,
            "timestamp": 1063
        },
        {
            "dx": 183.85443115234375,
            "dy": 152.87289428710938,
            "timestamp": 1063
        },
        {
            "dx": 184.90911865234375,
            "dy": 156,
            "timestamp": 1063
        },
        {
            "dx": 185.78196716308594,
            "dy": 159.23651123046875,
            "timestamp": 1063
        },
        {
            "dx": 186.47265625,
            "dy": 161.74539184570312,
            "timestamp": 1064
        },
        {
            "dx": 186.9453125,
            "dy": 164.65447998046875,
            "timestamp": 1064
        },
        {
            "dx": 187.41835021972656,
            "dy": 167.8909912109375,
            "timestamp": 1086
        },
        {
            "dx": 187.8181915283203,
            "dy": 171.199951171875,
            "timestamp": 1087
        },
        {
            "dx": 187.9272003173828,
            "dy": 174.32742309570312,
            "timestamp": 1087
        },
        {
            "dx": 188.10902404785156,
            "dy": 176.8363037109375,
            "timestamp": 1087
        },
        {
            "dx": 188,
            "dy": 179.672607421875,
            "timestamp": 1087
        },
        {
            "dx": 187.70916748046875,
            "dy": 182.69107055664062,
            "timestamp": 1087
        },
        {
            "dx": 187.23651123046875,
            "dy": 186.10903930664062,
            "timestamp": 1108
        },
        {
            "dx": 186.65447998046875,
            "dy": 189.60015869140625,
            "timestamp": 1108
        },
        {
            "dx": 185.70916748046875,
            "dy": 193.3089599609375,
            "timestamp": 1108
        },
        {
            "dx": 184.83631896972656,
            "dy": 196.69107055664062,
            "timestamp": 1108
        },
        {
            "dx": 183.85443115234375,
            "dy": 199.8182373046875,
            "timestamp": 1108
        },
        {
            "dx": 182.80007934570312,
            "dy": 202.43643188476562,
            "timestamp": 1130
        },
        {
            "dx": 181.56356811523438,
            "dy": 204.8729248046875,
            "timestamp": 1130
        },
        {
            "dx": 180.2908477783203,
            "dy": 207.4183349609375,
            "timestamp": 1130
        },
        {
            "dx": 177.6001434326172,
            "dy": 210.61825561523438,
            "timestamp": 1130
        },
        {
            "dx": 174.83631896972656,
            "dy": 213.74539184570312,
            "timestamp": 1130
        },
        {
            "dx": 172.21804809570312,
            "dy": 216.58169555664062,
            "timestamp": 1130
        },
        {
            "dx": 169.63636779785156,
            "dy": 219.199951171875,
            "timestamp": 1151
        },
        {
            "dx": 167.0181121826172,
            "dy": 221.8182373046875,
            "timestamp": 1151
        },
        {
            "dx": 164.43646240234375,
            "dy": 224.254638671875,
            "timestamp": 1152
        },
        {
            "dx": 161.8181915283203,
            "dy": 226.61825561523438,
            "timestamp": 1152
        },
        {
            "dx": 159.12713623046875,
            "dy": 228.9453125,
            "timestamp": 1152
        },
        {
            "dx": 155.27273559570312,
            "dy": 231.27273559570312,
            "timestamp": 1176
        },
        {
            "dx": 151.23651123046875,
            "dy": 233.3089599609375,
            "timestamp": 1176
        },
        {
            "dx": 147.6001434326172,
            "dy": 235.27273559570312,
            "timestamp": 1176
        },
        {
            "dx": 144.25462341308594,
            "dy": 237.12713623046875,
            "timestamp": 1176
        },
        {
            "dx": 141.09091186523438,
            "dy": 238.8729248046875,
            "timestamp": 1177
        },
        {
            "dx": 138,
            "dy": 240.21804809570312,
            "timestamp": 1177
        },
        {
            "dx": 134.9453125,
            "dy": 241.60015869140625,
            "timestamp": 1195
        },
        {
            "dx": 131.96377563476562,
            "dy": 242.7635498046875,
            "timestamp": 1195
        },
        {
            "dx": 128.9818878173828,
            "dy": 243.74539184570312,
            "timestamp": 1196
        },
        {
            "dx": 125.92720031738281,
            "dy": 244.43649291992188,
            "timestamp": 1196
        },
        {
            "dx": 122.9453125,
            "dy": 245.09091186523438,
            "timestamp": 1196
        },
        {
            "dx": 120.07279968261719,
            "dy": 245.60015869140625,
            "timestamp": 1214
        },
        {
            "dx": 117.38174438476562,
            "dy": 246.07281494140625,
            "timestamp": 1215
        },
        {
            "dx": 114.69105529785156,
            "dy": 246.3636474609375,
            "timestamp": 1215
        },
        {
            "dx": 111.74539184570312,
            "dy": 246.54547119140625,
            "timestamp": 1215
        },
        {
            "dx": 108.76350402832031,
            "dy": 246.65447998046875,
            "timestamp": 1233
        },
        {
            "dx": 105.89097595214844,
            "dy": 246.54547119140625,
            "timestamp": 1233
        },
        {
            "dx": 102.61825561523438,
            "dy": 246.47265625,
            "timestamp": 1233
        },
        {
            "dx": 99.56356811523438,
            "dy": 246.07281494140625,
            "timestamp": 1234
        },
        {
            "dx": 96.58168029785156,
            "dy": 245.60015869140625,
            "timestamp": 1234
        },
        {
            "dx": 93.81819152832031,
            "dy": 245.09091186523438,
            "timestamp": 1252
        },
        {
            "dx": 91.19993591308594,
            "dy": 244.43649291992188,
            "timestamp": 1252
        },
        {
            "dx": 88.54545593261719,
            "dy": 243.63638305664062,
            "timestamp": 1252
        },
        {
            "dx": 86.03622436523438,
            "dy": 242.8729248046875,
            "timestamp": 1252
        },
        {
            "dx": 83.63636779785156,
            "dy": 242,
            "timestamp": 1253
        },
        {
            "dx": 81.0546875,
            "dy": 240.50924682617188,
            "timestamp": 1270
        },
        {
            "dx": 78.54545593261719,
            "dy": 239.27273559570312,
            "timestamp": 1271
        },
        {
            "dx": 75.96379089355469,
            "dy": 237.8909912109375,
            "timestamp": 1271
        },
        {
            "dx": 73.7819595336914,
            "dy": 236.43649291992188,
            "timestamp": 1271
        },
        {
            "dx": 71.85441589355469,
            "dy": 234.7635498046875,
            "timestamp": 1286
        },
        {
            "dx": 70.03622436523438,
            "dy": 233.23651123046875,
            "timestamp": 1287
        },
        {
            "dx": 68.39985656738281,
            "dy": 231.38180541992188,
            "timestamp": 1287
        },
        {
            "dx": 66.9453125,
            "dy": 229.3089599609375,
            "timestamp": 1287
        },
        {
            "dx": 65.52734375,
            "dy": 227.38180541992188,
            "timestamp": 1302
        },
        {
            "dx": 64.18183135986328,
            "dy": 225.3455810546875,
            "timestamp": 1303
        },
        {
            "dx": 63.01811218261719,
            "dy": 223.199951171875,
            "timestamp": 1303
        },
        {
            "dx": 61.49076843261719,
            "dy": 221.0546875,
            "timestamp": 1303
        },
        {
            "dx": 60.618255615234375,
            "dy": 219.01812744140625,
            "timestamp": 1319
        },
        {
            "dx": 59.85441589355469,
            "dy": 216.9453125,
            "timestamp": 1319
        },
        {
            "dx": 58.800071716308594,
            "dy": 214.8363037109375,
            "timestamp": 1319
        },
        {
            "dx": 57.745384216308594,
            "dy": 212.58169555664062,
            "timestamp": 1319
        },
        {
            "dx": 56.90910339355469,
            "dy": 210.14559936523438,
            "timestamp": 1335
        },
        {
            "dx": 56.218040466308594,
            "dy": 207.70916748046875,
            "timestamp": 1335
        },
        {
            "dx": 55.745384216308594,
            "dy": 205.16372680664062,
            "timestamp": 1335
        },
        {
            "dx": 55.16371154785156,
            "dy": 202.727294921875,
            "timestamp": 1335
        },
        {
            "dx": 54.69105529785156,
            "dy": 200.32742309570312,
            "timestamp": 1352
        },
        {
            "dx": 54.39985656738281,
            "dy": 197.8909912109375,
            "timestamp": 1352
        },
        {
            "dx": 54.29084014892578,
            "dy": 195.45455932617188,
            "timestamp": 1352
        },
        {
            "dx": 54.29084014892578,
            "dy": 193.3089599609375,
            "timestamp": 1352
        },
        {
            "dx": 54.29084014892578,
            "dy": 191.0546875,
            "timestamp": 1368
        },
        {
            "dx": 54.39985656738281,
            "dy": 188.21804809570312,
            "timestamp": 1369
        },
        {
            "dx": 54.800071716308594,
            "dy": 185.3089599609375,
            "timestamp": 1369
        },
        {
            "dx": 55.16371154785156,
            "dy": 182.50924682617188,
            "timestamp": 1369
        },
        {
            "dx": 56.036224365234375,
            "dy": 179.27273559570312,
            "timestamp": 1385
        },
        {
            "dx": 56.98188781738281,
            "dy": 176.3636474609375,
            "timestamp": 1386
        },
        {
            "dx": 57.96379089355469,
            "dy": 173.52734375,
            "timestamp": 1386
        },
        {
            "dx": 58.90910339355469,
            "dy": 170.90908813476562,
            "timestamp": 1386
        },
        {
            "dx": 59.672584533691406,
            "dy": 168.58169555664062,
            "timestamp": 1402
        },
        {
            "dx": 60.618255615234375,
            "dy": 166.03622436523438,
            "timestamp": 1402
        },
        {
            "dx": 61.60014343261719,
            "dy": 163.60018920898438,
            "timestamp": 1403
        },
        {
            "dx": 62.83629608154297,
            "dy": 161.16372680664062,
            "timestamp": 1403
        },
        {
            "dx": 64.29084014892578,
            "dy": 158.727294921875,
            "timestamp": 1418
        },
        {
            "dx": 65.81818389892578,
            "dy": 156.10903930664062,
            "timestamp": 1419
        },
        {
            "dx": 68,
            "dy": 153.199951171875,
            "timestamp": 1419
        },
        {
            "dx": 70.50923156738281,
            "dy": 150.65447998046875,
            "timestamp": 1419
        },
        {
            "dx": 74.03622436523438,
            "dy": 148.10903930664062,
            "timestamp": 1435
        },
        {
            "dx": 77.60014343261719,
            "dy": 145.49081420898438,
            "timestamp": 1435
        },
        {
            "dx": 80.87287139892578,
            "dy": 143.0546875,
            "timestamp": 1435
        },
        {
            "dx": 84.21804809570312,
            "dy": 140.14559936523438,
            "timestamp": 1436
        },
        {
            "dx": 0,
            "dy": 0,
            "timestamp": 1451
        },
        {
            "dx": 121.52734375,
            "dy": 179.781982421875,
            "timestamp": 1720
        },
        {
            "dx": 122.87287902832031,
            "dy": 179.85440063476562,
            "timestamp": 1721
        },
        {
            "dx": 124,
            "dy": 179.96377563476562,
            "timestamp": 1722
        },
        {
            "dx": 124.98188781738281,
            "dy": 179.96377563476562,
            "timestamp": 1723
        },
        {
            "dx": 126.32742309570312,
            "dy": 179.96377563476562,
            "timestamp": 1724
        },
        {
            "dx": 127.63636779785156,
            "dy": 179.96377563476562,
            "timestamp": 1725
        },
        {
            "dx": 128.90908813476562,
            "dy": 179.96377563476562,
            "timestamp": 1762
        },
        {
            "dx": 129.56356811523438,
            "dy": 179.96377563476562,
            "timestamp": 1762
        },
        {
            "dx": 130.32742309570312,
            "dy": 179.85440063476562,
            "timestamp": 1762
        },
        {
            "dx": 130.80007934570312,
            "dy": 179.85440063476562,
            "timestamp": 1762
        },
        {
            "dx": 131.3089599609375,
            "dy": 179.85440063476562,
            "timestamp": 1763
        },
        {
            "dx": 131.781982421875,
            "dy": 179.85440063476562,
            "timestamp": 1763
        },
        {
            "dx": 132.14559936523438,
            "dy": 179.781982421875,
            "timestamp": 1763
        },
        {
            "dx": 132.6544952392578,
            "dy": 179.672607421875,
            "timestamp": 1763
        },
        {
            "dx": 133.0181121826172,
            "dy": 179.56356811523438,
            "timestamp": 1763
        },
        {
            "dx": 133.4907684326172,
            "dy": 179.38174438476562,
            "timestamp": 1763
        },
        {
            "dx": 134.0727996826172,
            "dy": 178.98190307617188,
            "timestamp": 1763
        },
        {
            "dx": 134.47265625,
            "dy": 178.50924682617188,
            "timestamp": 1791
        },
        {
            "dx": 134.7635040283203,
            "dy": 177.92721557617188,
            "timestamp": 1791
        },
        {
            "dx": 134.8363037109375,
            "dy": 177.4183349609375,
            "timestamp": 1791
        },
        {
            "dx": 134.9453125,
            "dy": 176.8363037109375,
            "timestamp": 1791
        },
        {
            "dx": 134.9453125,
            "dy": 176.254638671875,
            "timestamp": 1791
        },
        {
            "dx": 134.9453125,
            "dy": 176.07284545898438,
            "timestamp": 1791
        },
        {
            "dx": 134.9453125,
            "dy": 175.85440063476562,
            "timestamp": 1792
        },
        {
            "dx": 134.8363037109375,
            "dy": 175.56356811523438,
            "timestamp": 1819
        },
        {
            "dx": 134.7635040283203,
            "dy": 175.27273559570312,
            "timestamp": 1819
        },
        {
            "dx": 134.5454559326172,
            "dy": 174.90908813476562,
            "timestamp": 1819
        },
        {
            "dx": 134.3636474609375,
            "dy": 174.61825561523438,
            "timestamp": 1819
        },
        {
            "dx": 134.0727996826172,
            "dy": 174.39990234375,
            "timestamp": 1820
        },
        {
            "dx": 133.8909912109375,
            "dy": 174.21804809570312,
            "timestamp": 1820
        },
        {
            "dx": 133.7091827392578,
            "dy": 174.10903930664062,
            "timestamp": 1820
        },
        {
            "dx": 133.4907684326172,
            "dy": 174.03622436523438,
            "timestamp": 1842
        },
        {
            "dx": 133.4183349609375,
            "dy": 173.92724609375,
            "timestamp": 1842
        },
        {
            "dx": 133.3089599609375,
            "dy": 173.92724609375,
            "timestamp": 1842
        },
        {
            "dx": 133.199951171875,
            "dy": 173.92724609375,
            "timestamp": 1843
        },
        {
            "dx": 133.1271514892578,
            "dy": 173.92724609375,
            "timestamp": 1843
        },
        {
            "dx": 133.0181121826172,
            "dy": 173.92724609375,
            "timestamp": 1865
        },
        {
            "dx": 132.727294921875,
            "dy": 174.10903930664062,
            "timestamp": 1865
        },
        {
            "dx": 132.3636474609375,
            "dy": 174.50927734375,
            "timestamp": 1865
        },
        {
            "dx": 131.85440063476562,
            "dy": 175.199951171875,
            "timestamp": 1886
        },
        {
            "dx": 131.199951171875,
            "dy": 176.3636474609375,
            "timestamp": 1886
        },
        {
            "dx": 130.5454559326172,
            "dy": 177.92721557617188,
            "timestamp": 1886
        },
        {
            "dx": 130.254638671875,
            "dy": 179.56356811523438,
            "timestamp": 1886
        },
        {
            "dx": 129.74539184570312,
            "dy": 181.4183349609375,
            "timestamp": 1886
        },
        {
            "dx": 129.27273559570312,
            "dy": 182.98190307617188,
            "timestamp": 1908
        },
        {
            "dx": 0,
            "dy": 0,
            "timestamp": 1909
        }
    ],
    [
        {
            "dx": 191,
            "dy": 115,
            "timestamp": 0
        },
        {
            "dx": 191,
            "dy": 116,
            "timestamp": 22
        },
        {
            "dx": 191,
            "dy": 117,
            "timestamp": 22
        },
        {
            "dx": 190,
            "dy": 120,
            "timestamp": 42
        },
        {
            "dx": 190,
            "dy": 123,
            "timestamp": 42
        },
        {
            "dx": 189,
            "dy": 127,
            "timestamp": 42
        },
        {
            "dx": 188,
            "dy": 131,
            "timestamp": 42
        },
        {
            "dx": 188,
            "dy": 136,
            "timestamp": 61
        },
        {
            "dx": 188,
            "dy": 141,
            "timestamp": 62
        },
        {
            "dx": 188,
            "dy": 147,
            "timestamp": 62
        },
        {
            "dx": 188,
            "dy": 152,
            "timestamp": 80
        },
        {
            "dx": 188,
            "dy": 156,
            "timestamp": 80
        },
        {
            "dx": 188,
            "dy": 159,
            "timestamp": 80
        },
        {
            "dx": 189,
            "dy": 163,
            "timestamp": 100
        },
        {
            "dx": 189,
            "dy": 168,
            "timestamp": 100
        },
        {
            "dx": 190,
            "dy": 171,
            "timestamp": 100
        },
        {
            "dx": 190,
            "dy": 174,
            "timestamp": 118
        },
        {
            "dx": 190,
            "dy": 176,
            "timestamp": 118
        },
        {
            "dx": 191,
            "dy": 178,
            "timestamp": 118
        },
        {
            "dx": 191,
            "dy": 180,
            "timestamp": 138
        },
        {
            "dx": 192,
            "dy": 182,
            "timestamp": 139
        },
        {
            "dx": 192,
            "dy": 184,
            "timestamp": 139
        },
        {
            "dx": 193,
            "dy": 187,
            "timestamp": 139
        },
        {
            "dx": 194,
            "dy": 187,
            "timestamp": 157
        },
        {
            "dx": 193,
            "dy": 187,
            "timestamp": 157
        },
        {
            "dx": 0,
            "dy": 0,
            "timestamp": 179
        },
        {
            "dx": 234,
            "dy": 58,
            "timestamp": 459
        },
        {
            "dx": 234,
            "dy": 59,
            "timestamp": 478
        },
        {
            "dx": 236,
            "dy": 60,
            "timestamp": 495
        },
        {
            "dx": 238,
            "dy": 62,
            "timestamp": 495
        },
        {
            "dx": 240,
            "dy": 65,
            "timestamp": 496
        },
        {
            "dx": 243,
            "dy": 68,
            "timestamp": 512
        },
        {
            "dx": 245,
            "dy": 71,
            "timestamp": 512
        },
        {
            "dx": 247,
            "dy": 73,
            "timestamp": 513
        },
        {
            "dx": 249,
            "dy": 76,
            "timestamp": 529
        },
        {
            "dx": 250,
            "dy": 78,
            "timestamp": 529
        },
        {
            "dx": 251,
            "dy": 79,
            "timestamp": 546
        },
        {
            "dx": 251,
            "dy": 80,
            "timestamp": 547
        },
        {
            "dx": 251,
            "dy": 81,
            "timestamp": 547
        },
        {
            "dx": 251,
            "dy": 82,
            "timestamp": 563
        },
        {
            "dx": 251,
            "dy": 83,
            "timestamp": 564
        },
        {
            "dx": 250,
            "dy": 83,
            "timestamp": 581
        },
        {
            "dx": 249,
            "dy": 84,
            "timestamp": 598
        },
        {
            "dx": 247,
            "dy": 84,
            "timestamp": 598
        },
        {
            "dx": 244,
            "dy": 84,
            "timestamp": 598
        },
        {
            "dx": 240,
            "dy": 84,
            "timestamp": 598
        },
        {
            "dx": 235,
            "dy": 84,
            "timestamp": 615
        },
        {
            "dx": 230,
            "dy": 83,
            "timestamp": 616
        },
        {
            "dx": 226,
            "dy": 83,
            "timestamp": 632
        },
        {
            "dx": 222,
            "dy": 82,
            "timestamp": 633
        },
        {
            "dx": 209,
            "dy": 80,
            "timestamp": 650
        },
        {
            "dx": 216,
            "dy": 81,
            "timestamp": 650
        },
        {
            "dx": 203,
            "dy": 79,
            "timestamp": 650
        },
        {
            "dx": 197,
            "dy": 79,
            "timestamp": 650
        },
        {
            "dx": 191,
            "dy": 78,
            "timestamp": 670
        },
        {
            "dx": 185,
            "dy": 78,
            "timestamp": 670
        },
        {
            "dx": 180,
            "dy": 78,
            "timestamp": 689
        },
        {
            "dx": 176,
            "dy": 78,
            "timestamp": 689
        },
        {
            "dx": 172,
            "dy": 78,
            "timestamp": 690
        },
        {
            "dx": 168,
            "dy": 79,
            "timestamp": 690
        },
        {
            "dx": 165,
            "dy": 80,
            "timestamp": 707
        },
        {
            "dx": 163,
            "dy": 81,
            "timestamp": 707
        },
        {
            "dx": 160,
            "dy": 82,
            "timestamp": 724
        },
        {
            "dx": 158,
            "dy": 83,
            "timestamp": 725
        },
        {
            "dx": 156,
            "dy": 85,
            "timestamp": 725
        },
        {
            "dx": 154,
            "dy": 87,
            "timestamp": 742
        },
        {
            "dx": 151,
            "dy": 88,
            "timestamp": 743
        },
        {
            "dx": 150,
            "dy": 91,
            "timestamp": 743
        },
        {
            "dx": 147,
            "dy": 94,
            "timestamp": 762
        },
        {
            "dx": 148,
            "dy": 93,
            "timestamp": 762
        },
        {
            "dx": 145,
            "dy": 97,
            "timestamp": 762
        },
        {
            "dx": 144,
            "dy": 100,
            "timestamp": 762
        },
        {
            "dx": 143,
            "dy": 103,
            "timestamp": 779
        },
        {
            "dx": 142,
            "dy": 106,
            "timestamp": 780
        },
        {
            "dx": 141,
            "dy": 109,
            "timestamp": 798
        },
        {
            "dx": 140,
            "dy": 112,
            "timestamp": 799
        },
        {
            "dx": 140,
            "dy": 113,
            "timestamp": 799
        },
        {
            "dx": 140,
            "dy": 112,
            "timestamp": 816
        },
        {
            "dx": 0,
            "dy": 0,
            "timestamp": 817
        },
        {
            "dx": 109,
            "dy": 156,
            "timestamp": 1077
        },
        {
            "dx": 110,
            "dy": 156,
            "timestamp": 1095
        },
        {
            "dx": 113,
            "dy": 156,
            "timestamp": 1096
        },
        {
            "dx": 116,
            "dy": 155,
            "timestamp": 1096
        },
        {
            "dx": 119,
            "dy": 155,
            "timestamp": 1113
        },
        {
            "dx": 123,
            "dy": 156,
            "timestamp": 1114
        },
        {
            "dx": 128,
            "dy": 157,
            "timestamp": 1131
        },
        {
            "dx": 134,
            "dy": 158,
            "timestamp": 1132
        },
        {
            "dx": 138,
            "dy": 159,
            "timestamp": 1132
        },
        {
            "dx": 141,
            "dy": 161,
            "timestamp": 1132
        },
        {
            "dx": 144,
            "dy": 162,
            "timestamp": 1157
        },
        {
            "dx": 146,
            "dy": 163,
            "timestamp": 1157
        },
        {
            "dx": 149,
            "dy": 165,
            "timestamp": 1157
        },
        {
            "dx": 151,
            "dy": 168,
            "timestamp": 1157
        },
        {
            "dx": 152,
            "dy": 171,
            "timestamp": 1175
        },
        {
            "dx": 153,
            "dy": 173,
            "timestamp": 1175
        },
        {
            "dx": 154,
            "dy": 176,
            "timestamp": 1193
        },
        {
            "dx": 154,
            "dy": 179,
            "timestamp": 1193
        },
        {
            "dx": 154,
            "dy": 182,
            "timestamp": 1193
        },
        {
            "dx": 153,
            "dy": 185,
            "timestamp": 1193
        },
        {
            "dx": 152,
            "dy": 189,
            "timestamp": 1212
        },
        {
            "dx": 151,
            "dy": 193,
            "timestamp": 1212
        },
        {
            "dx": 141,
            "dy": 204,
            "timestamp": 1230
        },
        {
            "dx": 147,
            "dy": 199,
            "timestamp": 1230
        },
        {
            "dx": 145,
            "dy": 202,
            "timestamp": 1230
        },
        {
            "dx": 149,
            "dy": 196,
            "timestamp": 1230
        },
        {
            "dx": 139,
            "dy": 206,
            "timestamp": 1248
        },
        {
            "dx": 136,
            "dy": 208,
            "timestamp": 1248
        },
        {
            "dx": 132,
            "dy": 210,
            "timestamp": 1266
        },
        {
            "dx": 127,
            "dy": 211,
            "timestamp": 1266
        },
        {
            "dx": 122,
            "dy": 212,
            "timestamp": 1266
        },
        {
            "dx": 118,
            "dy": 214,
            "timestamp": 1284
        },
        {
            "dx": 113,
            "dy": 215,
            "timestamp": 1285
        },
        {
            "dx": 108,
            "dy": 215,
            "timestamp": 1285
        },
        {
            "dx": 104,
            "dy": 215,
            "timestamp": 1303
        },
        {
            "dx": 99,
            "dy": 215,
            "timestamp": 1304
        },
        {
            "dx": 95,
            "dy": 215,
            "timestamp": 1304
        },
        {
            "dx": 92,
            "dy": 214,
            "timestamp": 1324
        },
        {
            "dx": 87,
            "dy": 213,
            "timestamp": 1325
        },
        {
            "dx": 82,
            "dy": 212,
            "timestamp": 1325
        },
        {
            "dx": 75,
            "dy": 210,
            "timestamp": 1343
        },
        {
            "dx": 78,
            "dy": 211,
            "timestamp": 1343
        },
        {
            "dx": 70,
            "dy": 209,
            "timestamp": 1344
        },
        {
            "dx": 65,
            "dy": 207,
            "timestamp": 1361
        },
        {
            "dx": 61,
            "dy": 205,
            "timestamp": 1362
        },
        {
            "dx": 56,
            "dy": 204,
            "timestamp": 1362
        },
        {
            "dx": 53,
            "dy": 201,
            "timestamp": 1380
        },
        {
            "dx": 50,
            "dy": 199,
            "timestamp": 1380
        },
        {
            "dx": 48,
            "dy": 197,
            "timestamp": 1381
        },
        {
            "dx": 45,
            "dy": 195,
            "timestamp": 1401
        },
        {
            "dx": 44,
            "dy": 192,
            "timestamp": 1401
        },
        {
            "dx": 42,
            "dy": 190,
            "timestamp": 1401
        },
        {
            "dx": 41,
            "dy": 188,
            "timestamp": 1419
        },
        {
            "dx": 40,
            "dy": 184,
            "timestamp": 1420
        },
        {
            "dx": 39,
            "dy": 181,
            "timestamp": 1420
        },
        {
            "dx": 39,
            "dy": 178,
            "timestamp": 1439
        },
        {
            "dx": 39,
            "dy": 174,
            "timestamp": 1440
        },
        {
            "dx": 40,
            "dy": 171,
            "timestamp": 1440
        },
        {
            "dx": 41,
            "dy": 166,
            "timestamp": 1458
        },
        {
            "dx": 43,
            "dy": 159,
            "timestamp": 1459
        },
        {
            "dx": 46,
            "dy": 155,
            "timestamp": 1459
        },
        {
            "dx": 50,
            "dy": 152,
            "timestamp": 1459
        },
        {
            "dx": 54,
            "dy": 147,
            "timestamp": 1477
        },
        {
            "dx": 58,
            "dy": 143,
            "timestamp": 1477
        },
        {
            "dx": 61,
            "dy": 140,
            "timestamp": 1496
        },
        {
            "dx": 65,
            "dy": 138,
            "timestamp": 1496
        },
        {
            "dx": 68,
            "dy": 136,
            "timestamp": 1496
        },
        {
            "dx": 71,
            "dy": 135,
            "timestamp": 1496
        },
        {
            "dx": 72,
            "dy": 134,
            "timestamp": 1515
        },
        {
            "dx": 71,
            "dy": 135,
            "timestamp": 1515
        },
        {
            "dx": 0,
            "dy": 0,
            "timestamp": 1534
        },
        {
            "dx": 98,
            "dy": 193,
            "timestamp": 1864
        },
        {
            "dx": 98,
            "dy": 192,
            "timestamp": 1898
        },
        {
            "dx": 0,
            "dy": 0,
            "timestamp": 2002
        }
    ],
    [
        {
            "dx": 220.43478393554688,
            "dy": 45.210906982421875,
            "timestamp": 0
        },
        {
            "dx": 220.76780700683594,
            "dy": 49.20928955078125,
            "timestamp": 0
        },
        {
            "dx": 220.76780700683594,
            "dy": 52.87445068359375,
            "timestamp": 0
        },
        {
            "dx": 220.76780700683594,
            "dy": 55.87322998046875,
            "timestamp": 22
        },
        {
            "dx": 220.76780700683594,
            "dy": 59.2052001953125,
            "timestamp": 23
        },
        {
            "dx": 221.100830078125,
            "dy": 62.2039794921875,
            "timestamp": 23
        },
        {
            "dx": 221.100830078125,
            "dy": 65.53598022460938,
            "timestamp": 23
        },
        {
            "dx": 221.100830078125,
            "dy": 69.8675537109375,
            "timestamp": 23
        },
        {
            "dx": 221.100830078125,
            "dy": 73.19952392578125,
            "timestamp": 23
        },
        {
            "dx": 221.100830078125,
            "dy": 75.8651123046875,
            "timestamp": 24
        },
        {
            "dx": 221.100830078125,
            "dy": 78.8638916015625,
            "timestamp": 54
        },
        {
            "dx": 220.76780700683594,
            "dy": 81.8626708984375,
            "timestamp": 55
        },
        {
            "dx": 220.43478393554688,
            "dy": 84.195068359375,
            "timestamp": 55
        },
        {
            "dx": 220.43478393554688,
            "dy": 87.19384765625,
            "timestamp": 55
        },
        {
            "dx": 220.10177612304688,
            "dy": 90.192626953125,
            "timestamp": 55
        },
        {
            "dx": 220.10177612304688,
            "dy": 92.85821533203125,
            "timestamp": 55
        },
        {
            "dx": 219.76873779296875,
            "dy": 95.19061279296875,
            "timestamp": 55
        },
        {
            "dx": 219.76873779296875,
            "dy": 97.18978881835938,
            "timestamp": 86
        },
        {
            "dx": 219.4357147216797,
            "dy": 99.18896484375,
            "timestamp": 86
        },
        {
            "dx": 219.4357147216797,
            "dy": 101.52133178710938,
            "timestamp": 87
        },
        {
            "dx": 219.4357147216797,
            "dy": 103.5205078125,
            "timestamp": 87
        },
        {
            "dx": 219.4357147216797,
            "dy": 105.1865234375,
            "timestamp": 87
        },
        {
            "dx": 219.4357147216797,
            "dy": 106.85250854492188,
            "timestamp": 87
        },
        {
            "dx": 219.4357147216797,
            "dy": 109.18490600585938,
            "timestamp": 87
        },
        {
            "dx": 219.4357147216797,
            "dy": 110.85089111328125,
            "timestamp": 87
        },
        {
            "dx": 219.4357147216797,
            "dy": 112.18368530273438,
            "timestamp": 87
        },
        {
            "dx": 219.4357147216797,
            "dy": 113.84967041015625,
            "timestamp": 116
        },
        {
            "dx": 219.4357147216797,
            "dy": 114.8492431640625,
            "timestamp": 116
        },
        {
            "dx": 219.4357147216797,
            "dy": 116.18206787109375,
            "timestamp": 116
        },
        {
            "dx": 219.4357147216797,
            "dy": 117.181640625,
            "timestamp": 117
        },
        {
            "dx": 219.4357147216797,
            "dy": 118.18124389648438,
            "timestamp": 117
        },
        {
            "dx": 219.4357147216797,
            "dy": 118.84762573242188,
            "timestamp": 117
        },
        {
            "dx": 219.4357147216797,
            "dy": 119.5140380859375,
            "timestamp": 117
        },
        {
            "dx": 219.4357147216797,
            "dy": 119.84722900390625,
            "timestamp": 117
        },
        {
            "dx": 219.4357147216797,
            "dy": 120.51364135742188,
            "timestamp": 141
        },
        {
            "dx": 219.4357147216797,
            "dy": 120.8468017578125,
            "timestamp": 141
        },
        {
            "dx": 0,
            "dy": 0,
            "timestamp": 166
        },
        {
            "dx": 192.12767028808594,
            "dy": 83.86187744140625,
            "timestamp": 350
        },
        {
            "dx": 192.12767028808594,
            "dy": 87.52703857421875,
            "timestamp": 350
        },
        {
            "dx": 192.12767028808594,
            "dy": 91.85861206054688,
            "timestamp": 373
        },
        {
            "dx": 192.12767028808594,
            "dy": 94.85739135742188,
            "timestamp": 374
        },
        {
            "dx": 192.12767028808594,
            "dy": 97.52294921875,
            "timestamp": 374
        },
        {
            "dx": 192.12767028808594,
            "dy": 100.521728515625,
            "timestamp": 374
        },
        {
            "dx": 192.12767028808594,
            "dy": 103.18734741210938,
            "timestamp": 398
        },
        {
            "dx": 192.12767028808594,
            "dy": 105.8529052734375,
            "timestamp": 398
        },
        {
            "dx": 192.460693359375,
            "dy": 109.51812744140625,
            "timestamp": 398
        },
        {
            "dx": 192.460693359375,
            "dy": 111.8504638671875,
            "timestamp": 398
        },
        {
            "dx": 192.460693359375,
            "dy": 113.84967041015625,
            "timestamp": 398
        },
        {
            "dx": 192.460693359375,
            "dy": 115.84884643554688,
            "timestamp": 398
        },
        {
            "dx": 192.460693359375,
            "dy": 117.51486206054688,
            "timestamp": 398
        },
        {
            "dx": 192.460693359375,
            "dy": 119.18084716796875,
            "timestamp": 398
        },
        {
            "dx": 192.460693359375,
            "dy": 120.8468017578125,
            "timestamp": 433
        },
        {
            "dx": 192.460693359375,
            "dy": 122.17962646484375,
            "timestamp": 434
        },
        {
            "dx": 192.12767028808594,
            "dy": 123.51242065429688,
            "timestamp": 434
        },
        {
            "dx": 192.12767028808594,
            "dy": 124.84518432617188,
            "timestamp": 434
        },
        {
            "dx": 191.79464721679688,
            "dy": 126.177978515625,
            "timestamp": 434
        },
        {
            "dx": 191.46160888671875,
            "dy": 127.51083374023438,
            "timestamp": 434
        },
        {
            "dx": 190.7955780029297,
            "dy": 129.1767578125,
            "timestamp": 434
        },
        {
            "dx": 190.4625701904297,
            "dy": 130.84274291992188,
            "timestamp": 434
        },
        {
            "dx": 189.79649353027344,
            "dy": 132.175537109375,
            "timestamp": 434
        },
        {
            "dx": 189.46347045898438,
            "dy": 133.17514038085938,
            "timestamp": 434
        },
        {
            "dx": 188.7974090576172,
            "dy": 134.17474365234375,
            "timestamp": 451
        },
        {
            "dx": 187.79833984375,
            "dy": 135.17431640625,
            "timestamp": 452
        },
        {
            "dx": 187.13229370117188,
            "dy": 136.17391967773438,
            "timestamp": 452
        },
        {
            "dx": 186.4662322998047,
            "dy": 137.17352294921875,
            "timestamp": 452
        },
        {
            "dx": 185.8002166748047,
            "dy": 137.83993530273438,
            "timestamp": 474
        },
        {
            "dx": 184.80111694335938,
            "dy": 138.50631713867188,
            "timestamp": 474
        },
        {
            "dx": 183.8020477294922,
            "dy": 139.17269897460938,
            "timestamp": 474
        },
        {
            "dx": 182.80296325683594,
            "dy": 139.839111328125,
            "timestamp": 474
        },
        {
            "dx": 181.4708709716797,
            "dy": 140.17230224609375,
            "timestamp": 474
        },
        {
            "dx": 180.13876342773438,
            "dy": 140.83871459960938,
            "timestamp": 474
        },
        {
            "dx": 178.4736328125,
            "dy": 141.171875,
            "timestamp": 498
        },
        {
            "dx": 176.8085174560547,
            "dy": 141.50509643554688,
            "timestamp": 499
        },
        {
            "dx": 174.81036376953125,
            "dy": 141.50509643554688,
            "timestamp": 499
        },
        {
            "dx": 173.14524841308594,
            "dy": 141.83831787109375,
            "timestamp": 499
        },
        {
            "dx": 171.1470947265625,
            "dy": 141.83831787109375,
            "timestamp": 499
        },
        {
            "dx": 169.1489715576172,
            "dy": 141.83831787109375,
            "timestamp": 499
        },
        {
            "dx": 167.4838104248047,
            "dy": 141.83831787109375,
            "timestamp": 525
        },
        {
            "dx": 165.81869506835938,
            "dy": 141.83831787109375,
            "timestamp": 526
        },
        {
            "dx": 163.82054138183594,
            "dy": 141.50509643554688,
            "timestamp": 526
        },
        {
            "dx": 162.1554412841797,
            "dy": 141.50509643554688,
            "timestamp": 526
        },
        {
            "dx": 160.1572723388672,
            "dy": 140.83871459960938,
            "timestamp": 526
        },
        {
            "dx": 157.8260955810547,
            "dy": 140.17230224609375,
            "timestamp": 526
        },
        {
            "dx": 155.82794189453125,
            "dy": 139.50595092773438,
            "timestamp": 526
        },
        {
            "dx": 154.16282653808594,
            "dy": 138.83953857421875,
            "timestamp": 526
        },
        {
            "dx": 152.4976806640625,
            "dy": 138.173095703125,
            "timestamp": 549
        },
        {
            "dx": 151.16558837890625,
            "dy": 137.5067138671875,
            "timestamp": 549
        },
        {
            "dx": 149.83349609375,
            "dy": 136.50717163085938,
            "timestamp": 549
        },
        {
            "dx": 148.83441162109375,
            "dy": 135.84075927734375,
            "timestamp": 549
        },
        {
            "dx": 147.8353729248047,
            "dy": 135.17431640625,
            "timestamp": 549
        },
        {
            "dx": 146.83627319335938,
            "dy": 134.5079345703125,
            "timestamp": 550
        },
        {
            "dx": 146.1702117919922,
            "dy": 133.841552734375,
            "timestamp": 577
        },
        {
            "dx": 145.5041961669922,
            "dy": 133.17514038085938,
            "timestamp": 578
        },
        {
            "dx": 144.83811950683594,
            "dy": 132.50875854492188,
            "timestamp": 578
        },
        {
            "dx": 144.17205810546875,
            "dy": 131.84237670898438,
            "timestamp": 578
        },
        {
            "dx": 143.5060272216797,
            "dy": 130.84274291992188,
            "timestamp": 578
        },
        {
            "dx": 143.1730194091797,
            "dy": 129.8431396484375,
            "timestamp": 578
        },
        {
            "dx": 142.8399658203125,
            "dy": 128.84359741210938,
            "timestamp": 578
        },
        {
            "dx": 142.50694274902344,
            "dy": 128.17718505859375,
            "timestamp": 601
        },
        {
            "dx": 142.17391967773438,
            "dy": 127.17758178710938,
            "timestamp": 601
        },
        {
            "dx": 142.17391967773438,
            "dy": 126.177978515625,
            "timestamp": 601
        },
        {
            "dx": 141.84088134765625,
            "dy": 124.84518432617188,
            "timestamp": 601
        },
        {
            "dx": 141.84088134765625,
            "dy": 123.51242065429688,
            "timestamp": 601
        },
        {
            "dx": 141.84088134765625,
            "dy": 122.5128173828125,
            "timestamp": 601
        },
        {
            "dx": 141.84088134765625,
            "dy": 121.18002319335938,
            "timestamp": 601
        },
        {
            "dx": 141.84088134765625,
            "dy": 119.84722900390625,
            "timestamp": 632
        },
        {
            "dx": 141.84088134765625,
            "dy": 118.84762573242188,
            "timestamp": 633
        },
        {
            "dx": 142.17391967773438,
            "dy": 117.51486206054688,
            "timestamp": 633
        },
        {
            "dx": 142.50694274902344,
            "dy": 116.18206787109375,
            "timestamp": 633
        },
        {
            "dx": 142.8399658203125,
            "dy": 114.8492431640625,
            "timestamp": 633
        },
        {
            "dx": 143.5060272216797,
            "dy": 113.84967041015625,
            "timestamp": 633
        },
        {
            "dx": 143.8390350341797,
            "dy": 112.51690673828125,
            "timestamp": 633
        },
        {
            "dx": 144.83811950683594,
            "dy": 111.51730346679688,
            "timestamp": 653
        },
        {
            "dx": 145.5041961669922,
            "dy": 110.5177001953125,
            "timestamp": 654
        },
        {
            "dx": 146.1702117919922,
            "dy": 109.18490600585938,
            "timestamp": 654
        },
        {
            "dx": 146.83627319335938,
            "dy": 108.185302734375,
            "timestamp": 654
        },
        {
            "dx": 147.5023193359375,
            "dy": 107.18572998046875,
            "timestamp": 654
        },
        {
            "dx": 148.1683807373047,
            "dy": 106.519287109375,
            "timestamp": 654
        },
        {
            "dx": 148.83441162109375,
            "dy": 105.8529052734375,
            "timestamp": 654
        },
        {
            "dx": 149.50047302246094,
            "dy": 104.85333251953125,
            "timestamp": 681
        },
        {
            "dx": 150.16650390625,
            "dy": 104.18695068359375,
            "timestamp": 681
        },
        {
            "dx": 150.4995574951172,
            "dy": 103.85372924804688,
            "timestamp": 681
        },
        {
            "dx": 150.8325653076172,
            "dy": 103.18734741210938,
            "timestamp": 681
        },
        {
            "dx": 151.16558837890625,
            "dy": 102.8541259765625,
            "timestamp": 681
        },
        {
            "dx": 151.49862670898438,
            "dy": 102.52093505859375,
            "timestamp": 681
        },
        {
            "dx": 151.83164978027344,
            "dy": 102.52093505859375,
            "timestamp": 682
        },
        {
            "dx": 152.1646728515625,
            "dy": 102.187744140625,
            "timestamp": 706
        },
        {
            "dx": 152.4976806640625,
            "dy": 101.85455322265625,
            "timestamp": 707
        },
        {
            "dx": 153.1637420654297,
            "dy": 101.52133178710938,
            "timestamp": 707
        },
        {
            "dx": 153.49676513671875,
            "dy": 101.18817138671875,
            "timestamp": 707
        },
        {
            "dx": 154.16282653808594,
            "dy": 100.85494995117188,
            "timestamp": 707
        },
        {
            "dx": 155.1619110107422,
            "dy": 100.521728515625,
            "timestamp": 707
        },
        {
            "dx": 155.82794189453125,
            "dy": 100.18856811523438,
            "timestamp": 735
        },
        {
            "dx": 157.1600341796875,
            "dy": 99.52215576171875,
            "timestamp": 735
        },
        {
            "dx": 158.15911865234375,
            "dy": 99.18896484375,
            "timestamp": 735
        },
        {
            "dx": 159.15818786621094,
            "dy": 98.85577392578125,
            "timestamp": 735
        },
        {
            "dx": 160.49029541015625,
            "dy": 98.18939208984375,
            "timestamp": 735
        },
        {
            "dx": 161.8223876953125,
            "dy": 97.85617065429688,
            "timestamp": 735
        },
        {
            "dx": 162.82147216796875,
            "dy": 97.52294921875,
            "timestamp": 735
        },
        {
            "dx": 163.48751831054688,
            "dy": 97.18978881835938,
            "timestamp": 735
        },
        {
            "dx": 164.4866180419922,
            "dy": 96.8565673828125,
            "timestamp": 759
        },
        {
            "dx": 165.48565673828125,
            "dy": 96.8565673828125,
            "timestamp": 760
        },
        {
            "dx": 166.15171813964844,
            "dy": 96.8565673828125,
            "timestamp": 760
        },
        {
            "dx": 166.8177947998047,
            "dy": 96.8565673828125,
            "timestamp": 760
        },
        {
            "dx": 167.81683349609375,
            "dy": 96.52337646484375,
            "timestamp": 760
        },
        {
            "dx": 168.81591796875,
            "dy": 96.52337646484375,
            "timestamp": 760
        },
        {
            "dx": 169.4819793701172,
            "dy": 96.52337646484375,
            "timestamp": 760
        },
        {
            "dx": 170.48104858398438,
            "dy": 96.52337646484375,
            "timestamp": 787
        },
        {
            "dx": 171.1470947265625,
            "dy": 96.52337646484375,
            "timestamp": 787
        },
        {
            "dx": 171.4801025390625,
            "dy": 96.52337646484375,
            "timestamp": 787
        },
        {
            "dx": 0,
            "dy": 0,
            "timestamp": 789
        },
        {
            "dx": 0,
            "dy": 0,
            "timestamp": 975
        },
        {
            "dx": 241.41537475585938,
            "dy": 14.556686401367188,
            "timestamp": 1255
        },
        {
            "dx": 240.41632080078125,
            "dy": 17.888671875,
            "timestamp": 1255
        },
        {
            "dx": 239.417236328125,
            "dy": 20.55426025390625,
            "timestamp": 1276
        },
        {
            "dx": 238.41815185546875,
            "dy": 22.886642456054688,
            "timestamp": 1276
        },
        {
            "dx": 237.4190673828125,
            "dy": 25.219039916992188,
            "timestamp": 1276
        },
        {
            "dx": 236.08697509765625,
            "dy": 27.21820068359375,
            "timestamp": 1276
        },
        {
            "dx": 235.087890625,
            "dy": 29.217391967773438,
            "timestamp": 1276
        },
        {
            "dx": 233.42279052734375,
            "dy": 32.54937744140625,
            "timestamp": 1307
        },
        {
            "dx": 232.09066772460938,
            "dy": 34.88175964355469,
            "timestamp": 1307
        },
        {
            "dx": 231.09161376953125,
            "dy": 36.54779052734375,
            "timestamp": 1307
        },
        {
            "dx": 230.092529296875,
            "dy": 37.88055419921875,
            "timestamp": 1307
        },
        {
            "dx": 229.42645263671875,
            "dy": 38.880126953125,
            "timestamp": 1307
        },
        {
            "dx": 228.76043701171875,
            "dy": 39.54656982421875,
            "timestamp": 1307
        },
        {
            "dx": 228.42742919921875,
            "dy": 40.21295166015625,
            "timestamp": 1307
        },
        {
            "dx": 227.7613525390625,
            "dy": 40.546142578125,
            "timestamp": 1308
        },
        {
            "dx": 227.09527587890625,
            "dy": 41.2125244140625,
            "timestamp": 1309
        },
        {
            "dx": 226.76226806640625,
            "dy": 41.54571533203125,
            "timestamp": 1339
        },
        {
            "dx": 226.42926025390625,
            "dy": 41.87890625,
            "timestamp": 1340
        },
        {
            "dx": 226.09625244140625,
            "dy": 42.212127685546875,
            "timestamp": 1340
        },
        {
            "dx": 225.76318359375,
            "dy": 42.212127685546875,
            "timestamp": 1340
        },
        {
            "dx": 225.09713745117188,
            "dy": 42.54534912109375,
            "timestamp": 1340
        },
        {
            "dx": 224.76409912109375,
            "dy": 42.54534912109375,
            "timestamp": 1340
        },
        {
            "dx": 224.43109130859375,
            "dy": 42.54534912109375,
            "timestamp": 1340
        },
        {
            "dx": 224.0980682373047,
            "dy": 42.878509521484375,
            "timestamp": 1368
        },
        {
            "dx": 223.7650604248047,
            "dy": 42.878509521484375,
            "timestamp": 1369
        },
        {
            "dx": 223.09898376464844,
            "dy": 42.878509521484375,
            "timestamp": 1369
        },
        {
            "dx": 222.43295288085938,
            "dy": 42.878509521484375,
            "timestamp": 1369
        },
        {
            "dx": 221.4338836669922,
            "dy": 42.878509521484375,
            "timestamp": 1369
        },
        {
            "dx": 220.76780700683594,
            "dy": 42.878509521484375,
            "timestamp": 1369
        },
        {
            "dx": 219.4357147216797,
            "dy": 42.878509521484375,
            "timestamp": 1369
        },
        {
            "dx": 218.10362243652344,
            "dy": 42.878509521484375,
            "timestamp": 1395
        },
        {
            "dx": 217.1045379638672,
            "dy": 42.878509521484375,
            "timestamp": 1395
        },
        {
            "dx": 216.10546875,
            "dy": 42.878509521484375,
            "timestamp": 1395
        },
        {
            "dx": 215.10638427734375,
            "dy": 42.54534912109375,
            "timestamp": 1395
        },
        {
            "dx": 214.4403533935547,
            "dy": 42.212127685546875,
            "timestamp": 1396
        },
        {
            "dx": 213.44126892089844,
            "dy": 41.87890625,
            "timestamp": 1396
        },
        {
            "dx": 212.4421844482422,
            "dy": 41.2125244140625,
            "timestamp": 1396
        },
        {
            "dx": 211.443115234375,
            "dy": 40.87933349609375,
            "timestamp": 1396
        },
        {
            "dx": 210.1110076904297,
            "dy": 40.546142578125,
            "timestamp": 1419
        },
        {
            "dx": 208.77891540527344,
            "dy": 40.21295166015625,
            "timestamp": 1419
        },
        {
            "dx": 207.4468231201172,
            "dy": 40.21295166015625,
            "timestamp": 1419
        },
        {
            "dx": 206.44773864746094,
            "dy": 39.879730224609375,
            "timestamp": 1419
        },
        {
            "dx": 205.44866943359375,
            "dy": 39.879730224609375,
            "timestamp": 1419
        },
        {
            "dx": 204.7826385498047,
            "dy": 39.879730224609375,
            "timestamp": 1419
        },
        {
            "dx": 203.78353881835938,
            "dy": 39.879730224609375,
            "timestamp": 1442
        },
        {
            "dx": 203.11749267578125,
            "dy": 39.879730224609375,
            "timestamp": 1442
        },
        {
            "dx": 202.4514617919922,
            "dy": 39.879730224609375,
            "timestamp": 1442
        },
        {
            "dx": 202.118408203125,
            "dy": 39.879730224609375,
            "timestamp": 1442
        },
        {
            "dx": 201.11935424804688,
            "dy": 39.879730224609375,
            "timestamp": 1443
        },
        {
            "dx": 200.4532928466797,
            "dy": 39.879730224609375,
            "timestamp": 1443
        },
        {
            "dx": 199.45420837402344,
            "dy": 39.879730224609375,
            "timestamp": 1468
        },
        {
            "dx": 198.45513916015625,
            "dy": 40.21295166015625,
            "timestamp": 1468
        },
        {
            "dx": 197.4560546875,
            "dy": 40.87933349609375,
            "timestamp": 1468
        },
        {
            "dx": 196.45700073242188,
            "dy": 41.54571533203125,
            "timestamp": 1468
        },
        {
            "dx": 195.4579315185547,
            "dy": 42.212127685546875,
            "timestamp": 1469
        },
        {
            "dx": 194.12582397460938,
            "dy": 43.21173095703125,
            "timestamp": 1469
        },
        {
            "dx": 193.1267547607422,
            "dy": 44.2113037109375,
            "timestamp": 1469
        },
        {
            "dx": 192.460693359375,
            "dy": 45.54412841796875,
            "timestamp": 1493
        },
        {
            "dx": 0,
            "dy": 0,
            "timestamp": 1496
        },
        {
            "dx": 169.1489715576172,
            "dy": 130.84274291992188,
            "timestamp": 1958
        },
        {
            "dx": 171.8131561279297,
            "dy": 130.84274291992188,
            "timestamp": 1958
        },
        {
            "dx": 173.478271484375,
            "dy": 130.84274291992188,
            "timestamp": 1958
        },
        {
            "dx": 175.47642517089844,
            "dy": 130.84274291992188,
            "timestamp": 1982
        },
        {
            "dx": 177.14154052734375,
            "dy": 130.84274291992188,
            "timestamp": 1983
        },
        {
            "dx": 178.14060974121094,
            "dy": 130.84274291992188,
            "timestamp": 1983
        },
        {
            "dx": 0,
            "dy": 0,
            "timestamp": 1984
        }
    ]
]