[
    [
        {
            "dx": 254.0703125,
            "dy": 67.86834716796875,
            "timestamp": 0
        },
        {
            "dx": 253.07122802734375,
            "dy": 72.199951171875,
            "timestamp": 0
        },
        {
            "dx": 252.40521240234375,
            "dy": 75.53192138671875,
            "timestamp": 0
        },
        {
            "dx": 251.7391357421875,
            "dy": 78.8638916015625,
            "timestamp": 0
        },
        {
            "dx": 251.4061279296875,
            "dy": 81.8626708984375,
            "timestamp": 0
        },
        {
            "dx": 251.07308959960938,
            "dy": 85.19464111328125,
            "timestamp": 19
        },
        {
            "dx": 250.74005126953125,
            "dy": 87.8602294921875,
            "timestamp": 20
        },
        {
            "dx": 250.07403564453125,
            "dy": 92.19183349609375,
            "timestamp": 20
        },
        {
            "dx": 249.74102783203125,
            "dy": 95.85699462890625,
            "timestamp": 20
        },
        {
            "dx": 249.407958984375,
            "dy": 98.52255249023438,
            "timestamp": 20
        },
        {
            "dx": 249.407958984375,
            "dy": 100.85494995117188,
            "timestamp": 21
        },
        {
            "dx": 249.407958984375,
            "dy": 103.5205078125,
            "timestamp": 49
        },
        {
            "dx": 249.074951171875,
            "dy": 106.85250854492188,
            "timestamp": 49
        },
        {
            "dx": 249.074951171875,
            "dy": 109.85128784179688,
            "timestamp": 49
        },
        {
            "dx": 249.074951171875,
            "dy": 112.18368530273438,
            "timestamp": 49
        },
        {
            "dx": 249.074951171875,
            "dy": 114.51608276367188,
            "timestamp": 49
        },
        {
            "dx": 249.074951171875,
            "dy": 116.84844970703125,
            "timestamp": 49
        },
        {
            "dx": 249.074951171875,
            "dy": 118.84762573242188,
            "timestamp": 49
        },
        {
            "dx": 249.074951171875,
            "dy": 120.8468017578125,
            "timestamp": 76
        },
        {
            "dx": 249.074951171875,
            "dy": 122.17962646484375,
            "timestamp": 76
        },
        {
            "dx": 249.074951171875,
            "dy": 123.51242065429688,
            "timestamp": 76
        },
        {
            "dx": 249.074951171875,
            "dy": 123.8455810546875,
            "timestamp": 77
        },
        {
            "dx": 0,
            "dy": 0,
            "timestamp": 78
        },
        {
            "dx": 224.0980682373047,
            "dy": 62.537200927734375,
            "timestamp": 284
        },
        {
            "dx": 223.7650604248047,
            "dy": 66.53558349609375,
            "timestamp": 304
        },
        {
            "dx": 223.4320068359375,
            "dy": 70.86712646484375,
            "timestamp": 305
        },
        {
            "dx": 223.4320068359375,
            "dy": 73.86590576171875,
            "timestamp": 305
        },
        {
            "dx": 223.09898376464844,
            "dy": 76.531494140625,
            "timestamp": 305
        },
        {
            "dx": 223.09898376464844,
            "dy": 79.19708251953125,
            "timestamp": 305
        },
        {
            "dx": 223.09898376464844,
            "dy": 82.19586181640625,
            "timestamp": 327
        },
        {
            "dx": 223.09898376464844,
            "dy": 84.52825927734375,
            "timestamp": 328
        },
        {
            "dx": 222.76596069335938,
            "dy": 88.526611328125,
            "timestamp": 328
        },
        {
            "dx": 222.43295288085938,
            "dy": 91.19223022460938,
            "timestamp": 328
        },
        {
            "dx": 222.43295288085938,
            "dy": 93.19140625,
            "timestamp": 328
        },
        {
            "dx": 222.09991455078125,
            "dy": 95.19061279296875,
            "timestamp": 328
        },
        {
            "dx": 221.7668914794922,
            "dy": 97.52294921875,
            "timestamp": 349
        },
        {
            "dx": 221.4338836669922,
            "dy": 99.18896484375,
            "timestamp": 350
        },
        {
            "dx": 221.100830078125,
            "dy": 101.18817138671875,
            "timestamp": 350
        },
        {
            "dx": 220.76780700683594,
            "dy": 103.18734741210938,
            "timestamp": 350
        },
        {
            "dx": 220.43478393554688,
            "dy": 104.85333251953125,
            "timestamp": 350
        },
        {
            "dx": 220.10177612304688,
            "dy": 106.519287109375,
            "timestamp": 350
        },
        {
            "dx": 219.76873779296875,
            "dy": 108.185302734375,
            "timestamp": 379
        },
        {
            "dx": 219.4357147216797,
            "dy": 109.18490600585938,
            "timestamp": 381
        },
        {
            "dx": 219.1027069091797,
            "dy": 109.85128784179688,
            "timestamp": 381
        },
        {
            "dx": 218.7696533203125,
            "dy": 110.5177001953125,
            "timestamp": 381
        },
        {
            "dx": 218.43663024902344,
            "dy": 111.18408203125,
            "timestamp": 381
        },
        {
            "dx": 218.10362243652344,
            "dy": 111.51730346679688,
            "timestamp": 381
        },
        {
            "dx": 217.43756103515625,
            "dy": 111.8504638671875,
            "timestamp": 404
        },
        {
            "dx": 217.1045379638672,
            "dy": 112.18368530273438,
            "timestamp": 404
        },
        {
            "dx": 216.7715301513672,
            "dy": 112.18368530273438,
            "timestamp": 404
        },
        {
            "dx": 216.4384765625,
            "dy": 112.18368530273438,
            "timestamp": 404
        },
        {
            "dx": 215.77244567871094,
            "dy": 112.51690673828125,
            "timestamp": 404
        },
        {
            "dx": 214.7733612060547,
            "dy": 112.85006713867188,
            "timestamp": 404
        },
        {
            "dx": 213.7742919921875,
            "dy": 112.85006713867188,
            "timestamp": 404
        },
        {
            "dx": 213.10824584960938,
            "dy": 112.85006713867188,
            "timestamp": 404
        },
        {
            "dx": 212.4421844482422,
            "dy": 112.85006713867188,
            "timestamp": 428
        },
        {
            "dx": 211.7761688232422,
            "dy": 112.85006713867188,
            "timestamp": 429
        },
        {
            "dx": 211.11009216308594,
            "dy": 112.85006713867188,
            "timestamp": 429
        },
        {
            "dx": 210.44403076171875,
            "dy": 112.85006713867188,
            "timestamp": 429
        },
        {
            "dx": 210.1110076904297,
            "dy": 112.85006713867188,
            "timestamp": 429
        },
        {
            "dx": 209.4449920654297,
            "dy": 112.85006713867188,
            "timestamp": 429
        },
        {
            "dx": 208.77891540527344,
            "dy": 112.85006713867188,
            "timestamp": 453
        },
        {
            "dx": 208.11285400390625,
            "dy": 112.51690673828125,
            "timestamp": 453
        },
        {
            "dx": 207.1138153076172,
            "dy": 112.18368530273438,
            "timestamp": 453
        },
        {
            "dx": 206.44773864746094,
            "dy": 111.51730346679688,
            "timestamp": 454
        },
        {
            "dx": 205.44866943359375,
            "dy": 110.5177001953125,
            "timestamp": 454
        },
        {
            "dx": 204.7826385498047,
            "dy": 109.18490600585938,
            "timestamp": 454
        },
        {
            "dx": 204.11656188964844,
            "dy": 108.185302734375,
            "timestamp": 454
        },
        {
            "dx": 203.45050048828125,
            "dy": 106.85250854492188,
            "timestamp": 475
        },
        {
            "dx": 203.11749267578125,
            "dy": 105.51971435546875,
            "timestamp": 475
        },
        {
            "dx": 202.7844696044922,
            "dy": 104.52011108398438,
            "timestamp": 475
        },
        {
            "dx": 202.4514617919922,
            "dy": 103.85372924804688,
            "timestamp": 475
        },
        {
            "dx": 202.118408203125,
            "dy": 103.18734741210938,
            "timestamp": 475
        },
        {
            "dx": 202.118408203125,
            "dy": 102.52093505859375,
            "timestamp": 476
        },
        {
            "dx": 201.78538513183594,
            "dy": 102.187744140625,
            "timestamp": 499
        },
        {
            "dx": 201.78538513183594,
            "dy": 101.52133178710938,
            "timestamp": 500
        },
        {
            "dx": 201.78538513183594,
            "dy": 101.18817138671875,
            "timestamp": 501
        },
        {
            "dx": 201.45236206054688,
            "dy": 100.85494995117188,
            "timestamp": 501
        },
        {
            "dx": 201.45236206054688,
            "dy": 100.521728515625,
            "timestamp": 501
        },
        {
            "dx": 201.45236206054688,
            "dy": 100.18856811523438,
            "timestamp": 501
        },
        {
            "dx": 201.45236206054688,
            "dy": 99.8553466796875,
            "timestamp": 524
        },
        {
            "dx": 201.45236206054688,
            "dy": 100.18856811523438,
            "timestamp": 567
        },
        {
            "dx": 201.45236206054688,
            "dy": 100.521728515625,
            "timestamp": 583
        },
        {
            "dx": 201.45236206054688,
            "dy": 100.85494995117188,
            "timestamp": 584
        },
        {
            "dx": 200.4532928466797,
            "dy": 101.85455322265625,
            "timestamp": 584
        },
        {
            "dx": 198.78817749023438,
            "dy": 103.85372924804688,
            "timestamp": 584
        },
        {
            "dx": 197.4560546875,
            "dy": 105.51971435546875,
            "timestamp": 606
        },
        {
            "dx": 195.7909393310547,
            "dy": 107.18572998046875,
            "timestamp": 606
        },
        {
            "dx": 194.12582397460938,
            "dy": 108.51849365234375,
            "timestamp": 606
        },
        {
            "dx": 192.460693359375,
            "dy": 109.85128784179688,
            "timestamp": 606
        },
        {
            "dx": 190.7955780029297,
            "dy": 110.85089111328125,
            "timestamp": 606
        },
        {
            "dx": 188.7974090576172,
            "dy": 112.51690673828125,
            "timestamp": 606
        },
        {
            "dx": 186.79925537109375,
            "dy": 114.182861328125,
            "timestamp": 628
        },
        {
            "dx": 184.46807861328125,
            "dy": 115.84884643554688,
            "timestamp": 629
        },
        {
            "dx": 182.13690185546875,
            "dy": 117.51486206054688,
            "timestamp": 629
        },
        {
            "dx": 179.80575561523438,
            "dy": 119.18084716796875,
            "timestamp": 629
        },
        {
            "dx": 177.14154052734375,
            "dy": 121.18002319335938,
            "timestamp": 629
        },
        {
            "dx": 174.81036376953125,
            "dy": 122.84603881835938,
            "timestamp": 629
        },
        {
            "dx": 171.8131561279297,
            "dy": 124.51205444335938,
            "timestamp": 652
        },
        {
            "dx": 169.1489715576172,
            "dy": 125.5115966796875,
            "timestamp": 652
        },
        {
            "dx": 166.8177947998047,
            "dy": 126.177978515625,
            "timestamp": 653
        },
        {
            "dx": 164.153564453125,
            "dy": 127.17758178710938,
            "timestamp": 653
        },
        {
            "dx": 161.48936462402344,
            "dy": 128.5103759765625,
            "timestamp": 653
        },
        {
            "dx": 159.15818786621094,
            "dy": 129.50997924804688,
            "timestamp": 653
        },
        {
            "dx": 156.49398803710938,
            "dy": 130.50961303710938,
            "timestamp": 678
        },
        {
            "dx": 154.16282653808594,
            "dy": 131.17596435546875,
            "timestamp": 678
        },
        {
            "dx": 151.83164978027344,
            "dy": 131.5091552734375,
            "timestamp": 679
        },
        {
            "dx": 149.50047302246094,
            "dy": 131.84237670898438,
            "timestamp": 679
        },
        {
            "dx": 147.16929626464844,
            "dy": 132.175537109375,
            "timestamp": 679
        },
        {
            "dx": 145.5041961669922,
            "dy": 132.50875854492188,
            "timestamp": 679
        },
        {
            "dx": 143.5060272216797,
            "dy": 132.84197998046875,
            "timestamp": 679
        },
        {
            "dx": 141.84088134765625,
            "dy": 132.84197998046875,
            "timestamp": 709
        },
        {
            "dx": 140.17576599121094,
            "dy": 133.17514038085938,
            "timestamp": 709
        },
        {
            "dx": 138.8436737060547,
            "dy": 133.17514038085938,
            "timestamp": 709
        },
        {
            "dx": 136.84552001953125,
            "dy": 133.50839233398438,
            "timestamp": 709
        },
        {
            "dx": 135.513427734375,
            "dy": 133.50839233398438,
            "timestamp": 709
        },
        {
            "dx": 133.84829711914062,
            "dy": 133.841552734375,
            "timestamp": 709
        },
        {
            "dx": 132.18316650390625,
            "dy": 134.17474365234375,
            "timestamp": 709
        },
        {
            "dx": 130.51803588867188,
            "dy": 134.17474365234375,
            "timestamp": 731
        },
        {
            "dx": 128.85293579101562,
            "dy": 134.17474365234375,
            "timestamp": 731
        },
        {
            "dx": 127.52081298828125,
            "dy": 134.5079345703125,
            "timestamp": 731
        },
        {
            "dx": 126.188720703125,
            "dy": 134.5079345703125,
            "timestamp": 731
        },
        {
            "dx": 124.52359008789062,
            "dy": 134.5079345703125,
            "timestamp": 731
        },
        {
            "dx": 123.19149780273438,
            "dy": 134.5079345703125,
            "timestamp": 732
        },
        {
            "dx": 121.5263671875,
            "dy": 134.5079345703125,
            "timestamp": 732
        },
        {
            "dx": 120.19427490234375,
            "dy": 134.5079345703125,
            "timestamp": 757
        },
        {
            "dx": 118.52914428710938,
            "dy": 134.5079345703125,
            "timestamp": 757
        },
        {
            "dx": 117.19705200195312,
            "dy": 134.5079345703125,
            "timestamp": 757
        },
        {
            "dx": 115.53192138671875,
            "dy": 134.5079345703125,
            "timestamp": 757
        },
        {
            "dx": 114.5328369140625,
            "dy": 134.5079345703125,
            "timestamp": 757
        },
        {
            "dx": 113.20074462890625,
            "dy": 134.5079345703125,
            "timestamp": 757
        },
        {
            "dx": 111.86865234375,
            "dy": 134.5079345703125,
            "timestamp": 784
        },
        {
            "dx": 110.53654479980469,
            "dy": 134.5079345703125,
            "timestamp": 785
        },
        {
            "dx": 109.20443725585938,
            "dy": 134.84115600585938,
            "timestamp": 785
        },
        {
            "dx": 108.20536804199219,
            "dy": 134.84115600585938,
            "timestamp": 785
        },
        {
            "dx": 106.87327575683594,
            "dy": 134.84115600585938,
            "timestamp": 785
        },
        {
            "dx": 105.54116821289062,
            "dy": 134.84115600585938,
            "timestamp": 785
        },
        {
            "dx": 104.54209899902344,
            "dy": 134.84115600585938,
            "timestamp": 785
        },
        {
            "dx": 103.54302978515625,
            "dy": 134.84115600585938,
            "timestamp": 785
        },
        {
            "dx": 102.5439453125,
            "dy": 134.84115600585938,
            "timestamp": 813
        },
        {
            "dx": 101.21185302734375,
            "dy": 134.84115600585938,
            "timestamp": 813
        },
        {
            "dx": 100.54580688476562,
            "dy": 134.84115600585938,
            "timestamp": 813
        },
        {
            "dx": 99.54672241210938,
            "dy": 134.84115600585938,
            "timestamp": 813
        },
        {
            "dx": 98.54763793945312,
            "dy": 134.84115600585938,
            "timestamp": 813
        },
        {
            "dx": 97.54856872558594,
            "dy": 134.84115600585938,
            "timestamp": 813
        },
        {
            "dx": 96.54949188232422,
            "dy": 134.84115600585938,
            "timestamp": 813
        },
        {
            "dx": 95.8834457397461,
            "dy": 134.84115600585938,
            "timestamp": 813
        },
        {
            "dx": 95.21739196777344,
            "dy": 134.84115600585938,
            "timestamp": 835
        },
        {
            "dx": 94.55135345458984,
            "dy": 134.84115600585938,
            "timestamp": 835
        },
        {
            "dx": 93.88529968261719,
            "dy": 134.84115600585938,
            "timestamp": 835
        },
        {
            "dx": 93.5522689819336,
            "dy": 134.84115600585938,
            "timestamp": 835
        },
        {
            "dx": 92.88622283935547,
            "dy": 134.84115600585938,
            "timestamp": 835
        },
        {
            "dx": 92.55319213867188,
            "dy": 134.84115600585938,
            "timestamp": 835
        },
        {
            "dx": 92.22017669677734,
            "dy": 134.5079345703125,
            "timestamp": 857
        },
        {
            "dx": 91.88714599609375,
            "dy": 134.17474365234375,
            "timestamp": 857
        },
        {
            "dx": 91.55412292480469,
            "dy": 133.841552734375,
            "timestamp": 857
        },
        {
            "dx": 91.55412292480469,
            "dy": 133.50839233398438,
            "timestamp": 881
        },
        {
            "dx": 91.2210922241211,
            "dy": 133.17514038085938,
            "timestamp": 882
        },
        {
            "dx": 91.2210922241211,
            "dy": 132.50875854492188,
            "timestamp": 882
        },
        {
            "dx": 90.8880844116211,
            "dy": 132.175537109375,
            "timestamp": 882
        },
        {
            "dx": 90.8880844116211,
            "dy": 131.5091552734375,
            "timestamp": 882
        },
        {
            "dx": 90.55504608154297,
            "dy": 130.17636108398438,
            "timestamp": 882
        },
        {
            "dx": 90.55504608154297,
            "dy": 129.1767578125,
            "timestamp": 908
        },
        {
            "dx": 90.55504608154297,
            "dy": 127.84396362304688,
            "timestamp": 908
        },
        {
            "dx": 90.8880844116211,
            "dy": 125.84481811523438,
            "timestamp": 908
        },
        {
            "dx": 91.2210922241211,
            "dy": 123.51242065429688,
            "timestamp": 908
        },
        {
            "dx": 92.22017669677734,
            "dy": 121.18002319335938,
            "timestamp": 908
        },
        {
            "dx": 93.21923828125,
            "dy": 118.84762573242188,
            "timestamp": 909
        },
        {
            "dx": 93.5522689819336,
            "dy": 118.84762573242188,
            "timestamp": 909
        },
        {
            "dx": 0,
            "dy": 0,
            "timestamp": 937
        },
        {
            "dx": 136.84552001953125,
            "dy": 92.85821533203125,
            "timestamp": 1104
        },
        {
            "dx": 139.50973510742188,
            "dy": 92.19183349609375,
            "timestamp": 1105
        },
        {
            "dx": 141.84088134765625,
            "dy": 91.525390625,
            "timestamp": 1105
        },
        {
            "dx": 143.8390350341797,
            "dy": 91.19223022460938,
            "timestamp": 1105
        },
        {
            "dx": 145.5041961669922,
            "dy": 90.52581787109375,
            "timestamp": 1105
        },
        {
            "dx": 147.16929626464844,
            "dy": 90.192626953125,
            "timestamp": 1125
        },
        {
            "dx": 148.5013885498047,
            "dy": 89.85943603515625,
            "timestamp": 1126
        },
        {
            "dx": 151.16558837890625,
            "dy": 89.19305419921875,
            "timestamp": 1126
        },
        {
            "dx": 152.8307342529297,
            "dy": 88.526611328125,
            "timestamp": 1126
        },
        {
            "dx": 153.82980346679688,
            "dy": 88.19345092773438,
            "timestamp": 1126
        },
        {
            "dx": 154.828857421875,
            "dy": 87.8602294921875,
            "timestamp": 1127
        },
        {
            "dx": 155.82794189453125,
            "dy": 87.52703857421875,
            "timestamp": 1157
        },
        {
            "dx": 156.82701110839844,
            "dy": 87.19384765625,
            "timestamp": 1158
        },
        {
            "dx": 157.4930877685547,
            "dy": 86.86065673828125,
            "timestamp": 1158
        },
        {
            "dx": 158.15911865234375,
            "dy": 86.52743530273438,
            "timestamp": 1158
        },
        {
            "dx": 158.82516479492188,
            "dy": 86.52743530273438,
            "timestamp": 1158
        },
        {
            "dx": 159.4912109375,
            "dy": 86.52743530273438,
            "timestamp": 1158
        },
        {
            "dx": 160.1572723388672,
            "dy": 86.52743530273438,
            "timestamp": 1158
        },
        {
            "dx": 160.49029541015625,
            "dy": 86.52743530273438,
            "timestamp": 1177
        },
        {
            "dx": 160.82330322265625,
            "dy": 86.52743530273438,
            "timestamp": 1178
        },
        {
            "dx": 161.15634155273438,
            "dy": 86.52743530273438,
            "timestamp": 1178
        },
        {
            "dx": 161.48936462402344,
            "dy": 86.52743530273438,
            "timestamp": 1178
        },
        {
            "dx": 161.8223876953125,
            "dy": 86.52743530273438,
            "timestamp": 1212
        },
        {
            "dx": 162.1554412841797,
            "dy": 86.52743530273438,
            "timestamp": 1213
        },
        {
            "dx": 162.4884490966797,
            "dy": 86.86065673828125,
            "timestamp": 1214
        },
        {
            "dx": 162.82147216796875,
            "dy": 87.52703857421875,
            "timestamp": 1214
        },
        {
            "dx": 163.48751831054688,
            "dy": 88.19345092773438,
            "timestamp": 1215
        },
        {
            "dx": 163.82054138183594,
            "dy": 89.19305419921875,
            "timestamp": 1215
        },
        {
            "dx": 164.4866180419922,
            "dy": 90.52581787109375,
            "timestamp": 1215
        },
        {
            "dx": 164.4866180419922,
            "dy": 91.85861206054688,
            "timestamp": 1215
        },
        {
            "dx": 164.4866180419922,
            "dy": 93.52459716796875,
            "timestamp": 1215
        },
        {
            "dx": 164.4866180419922,
            "dy": 95.52377319335938,
            "timestamp": 1238
        },
        {
            "dx": 164.4866180419922,
            "dy": 98.18939208984375,
            "timestamp": 1238
        },
        {
            "dx": 0,
            "dy": 0,
            "timestamp": 1239
        }
    ]
]