[
    [
        {
            "dx": 240.94532775878906,
            "dy": 114.03622436523438,
            "timestamp": 0
        },
        {
            "dx": 241.1271514892578,
            "dy": 116,
            "timestamp": 0
        },
        {
            "dx": 241.30894470214844,
            "dy": 117.63638305664062,
            "timestamp": 22
        },
        {
            "dx": 241.41831970214844,
            "dy": 119.01812744140625,
            "timestamp": 22
        },
        {
            "dx": 241.52735900878906,
            "dy": 120.254638671875,
            "timestamp": 23
        },
        {
            "dx": 241.8181915283203,
            "dy": 121.74539184570312,
            "timestamp": 23
        },
        {
            "dx": 241.89097595214844,
            "dy": 122.80007934570312,
            "timestamp": 23
        },
        {
            "dx": 242.00001525878906,
            "dy": 124.07281494140625,
            "timestamp": 45
        },
        {
            "dx": 242.0727996826172,
            "dy": 125.0546875,
            "timestamp": 45
        },
        {
            "dx": 242.1818389892578,
            "dy": 125.70916748046875,
            "timestamp": 45
        },
        {
            "dx": 242.1818389892578,
            "dy": 126.21804809570312,
            "timestamp": 45
        },
        {
            "dx": 242.36363220214844,
            "dy": 127.199951171875,
            "timestamp": 46
        },
        {
            "dx": 242.47267150878906,
            "dy": 127.672607421875,
            "timestamp": 46
        },
        {
            "dx": 242.47267150878906,
            "dy": 128.14559936523438,
            "timestamp": 66
        },
        {
            "dx": 242.47267150878906,
            "dy": 128.65447998046875,
            "timestamp": 66
        },
        {
            "dx": 242.47267150878906,
            "dy": 129.12713623046875,
            "timestamp": 66
        },
        {
            "dx": 242.58168029785156,
            "dy": 129.60015869140625,
            "timestamp": 67
        },
        {
            "dx": 242.58168029785156,
            "dy": 130.10903930664062,
            "timestamp": 67
        },
        {
            "dx": 242.58168029785156,
            "dy": 130.58169555664062,
            "timestamp": 91
        },
        {
            "dx": 242.58168029785156,
            "dy": 131.16372680664062,
            "timestamp": 91
        },
        {
            "dx": 242.58168029785156,
            "dy": 131.96377563476562,
            "timestamp": 91
        },
        {
            "dx": 242.58168029785156,
            "dy": 132.54550170898438,
            "timestamp": 91
        },
        {
            "dx": 242.2908477783203,
            "dy": 133.60018920898438,
            "timestamp": 92
        },
        {
            "dx": 241.6001434326172,
            "dy": 134.29086303710938,
            "timestamp": 92
        },
        {
            "dx": 241.52735900878906,
            "dy": 134.29086303710938,
            "timestamp": 109
        },
        {
            "dx": 241.41831970214844,
            "dy": 134.29086303710938,
            "timestamp": 109
        },
        {
            "dx": 241.30894470214844,
            "dy": 134.29086303710938,
            "timestamp": 109
        },
        {
            "dx": 241.0181121826172,
            "dy": 134.29086303710938,
            "timestamp": 109
        },
        {
            "dx": 240.5454559326172,
            "dy": 134.29086303710938,
            "timestamp": 131
        },
        {
            "dx": 239.89097595214844,
            "dy": 134.18182373046875,
            "timestamp": 131
        },
        {
            "dx": 238.9091339111328,
            "dy": 134,
            "timestamp": 131
        },
        {
            "dx": 237.8544464111328,
            "dy": 133.70916748046875,
            "timestamp": 131
        },
        {
            "dx": 236.61827087402344,
            "dy": 133.3089599609375,
            "timestamp": 131
        },
        {
            "dx": 235.05470275878906,
            "dy": 132.8363037109375,
            "timestamp": 150
        },
        {
            "dx": 233.63636779785156,
            "dy": 132.32742309570312,
            "timestamp": 151
        },
        {
            "dx": 232.0727996826172,
            "dy": 131.85440063476562,
            "timestamp": 151
        },
        {
            "dx": 230.5454559326172,
            "dy": 131.45458984375,
            "timestamp": 151
        },
        {
            "dx": 229.09092712402344,
            "dy": 130.98193359375,
            "timestamp": 151
        },
        {
            "dx": 227.67259216308594,
            "dy": 130.58169555664062,
            "timestamp": 168
        },
        {
            "dx": 226.21803283691406,
            "dy": 130.21804809570312,
            "timestamp": 168
        },
        {
            "dx": 224.8728790283203,
            "dy": 130,
            "timestamp": 168
        },
        {
            "dx": 223.6001434326172,
            "dy": 129.70916748046875,
            "timestamp": 168
        },
        {
            "dx": 222.47267150878906,
            "dy": 129.52734375,
            "timestamp": 185
        },
        {
            "dx": 221.30894470214844,
            "dy": 129.4183349609375,
            "timestamp": 185
        },
        {
            "dx": 220.25462341308594,
            "dy": 129.4183349609375,
            "timestamp": 185
        },
        {
            "dx": 219.67259216308594,
            "dy": 129.4183349609375,
            "timestamp": 185
        },
        {
            "dx": 218.69105529785156,
            "dy": 129.52734375,
            "timestamp": 202
        },
        {
            "dx": 217.4545440673828,
            "dy": 129.81817626953125,
            "timestamp": 202
        },
        {
            "dx": 216.21803283691406,
            "dy": 130.21804809570312,
            "timestamp": 202
        },
        {
            "dx": 214.8728790283203,
            "dy": 130.80007934570312,
            "timestamp": 203
        },
        {
            "dx": 213.41831970214844,
            "dy": 131.74539184570312,
            "timestamp": 234
        },
        {
            "dx": 212.14561462402344,
            "dy": 132.9453125,
            "timestamp": 234
        },
        {
            "dx": 210.80006408691406,
            "dy": 134.47265625,
            "timestamp": 234
        },
        {
            "dx": 208.8728790283203,
            "dy": 136.14559936523438,
            "timestamp": 234
        },
        {
            "dx": 207.52734375,
            "dy": 137.8909912109375,
            "timestamp": 234
        },
        {
            "dx": 206.3998565673828,
            "dy": 139.27273559570312,
            "timestamp": 234
        },
        {
            "dx": 204.9453125,
            "dy": 140.80007934570312,
            "timestamp": 234
        },
        {
            "dx": 203.6001434326172,
            "dy": 142.47265625,
            "timestamp": 234
        },
        {
            "dx": 202.32742309570312,
            "dy": 144.21804809570312,
            "timestamp": 254
        },
        {
            "dx": 201.09091186523438,
            "dy": 145.8909912109375,
            "timestamp": 255
        },
        {
            "dx": 199.3455352783203,
            "dy": 147.81820678710938,
            "timestamp": 255
        },
        {
            "dx": 197.8181915283203,
            "dy": 149.672607421875,
            "timestamp": 255
        },
        {
            "dx": 196.2908477783203,
            "dy": 151.4183349609375,
            "timestamp": 255
        },
        {
            "dx": 194.72727966308594,
            "dy": 153.199951171875,
            "timestamp": 276
        },
        {
            "dx": 193.30897521972656,
            "dy": 154.727294921875,
            "timestamp": 276
        },
        {
            "dx": 191.96380615234375,
            "dy": 156.10903930664062,
            "timestamp": 276
        },
        {
            "dx": 190.69105529785156,
            "dy": 157.27273559570312,
            "timestamp": 276
        },
        {
            "dx": 189.3455352783203,
            "dy": 158.254638671875,
            "timestamp": 277
        },
        {
            "dx": 188.7635040283203,
            "dy": 158.8363037109375,
            "timestamp": 298
        },
        {
            "dx": 187.8181915283203,
            "dy": 159.52734375,
            "timestamp": 298
        },
        {
            "dx": 186.83631896972656,
            "dy": 160.10903930664062,
            "timestamp": 299
        },
        {
            "dx": 186,
            "dy": 160.69107055664062,
            "timestamp": 299
        },
        {
            "dx": 185.12713623046875,
            "dy": 161.0546875,
            "timestamp": 299
        },
        {
            "dx": 184.14559936523438,
            "dy": 161.34555053710938,
            "timestamp": 299
        },
        {
            "dx": 182.90911865234375,
            "dy": 161.63638305664062,
            "timestamp": 318
        },
        {
            "dx": 181.63636779785156,
            "dy": 161.74539184570312,
            "timestamp": 319
        },
        {
            "dx": 180.5092315673828,
            "dy": 161.74539184570312,
            "timestamp": 319
        },
        {
            "dx": 179.23651123046875,
            "dy": 161.56356811523438,
            "timestamp": 319
        },
        {
            "dx": 178.10902404785156,
            "dy": 161.34555053710938,
            "timestamp": 340
        },
        {
            "dx": 176.25462341308594,
            "dy": 160.87289428710938,
            "timestamp": 340
        },
        {
            "dx": 174.72727966308594,
            "dy": 160.29086303710938,
            "timestamp": 340
        },
        {
            "dx": 173.38177490234375,
            "dy": 159.70916748046875,
            "timestamp": 340
        },
        {
            "dx": 172.21804809570312,
            "dy": 159.01815795898438,
            "timestamp": 340
        },
        {
            "dx": 171.4545440673828,
            "dy": 158.43643188476562,
            "timestamp": 340
        },
        {
            "dx": 170.69105529785156,
            "dy": 157.74539184570312,
            "timestamp": 359
        },
        {
            "dx": 169.8181915283203,
            "dy": 156.87289428710938,
            "timestamp": 359
        },
        {
            "dx": 169.0546875,
            "dy": 155.8909912109375,
            "timestamp": 360
        },
        {
            "dx": 168.2908477783203,
            "dy": 154.8363037109375,
            "timestamp": 360
        },
        {
            "dx": 167.4907684326172,
            "dy": 153.56356811523438,
            "timestamp": 360
        },
        {
            "dx": 166.83631896972656,
            "dy": 152.21804809570312,
            "timestamp": 378
        },
        {
            "dx": 166.25462341308594,
            "dy": 150.9453125,
            "timestamp": 378
        },
        {
            "dx": 165.78196716308594,
            "dy": 149.85440063476562,
            "timestamp": 378
        },
        {
            "dx": 165.30897521972656,
            "dy": 148.80007934570312,
            "timestamp": 378
        },
        {
            "dx": 164.90911865234375,
            "dy": 147.74539184570312,
            "timestamp": 396
        },
        {
            "dx": 164.61825561523438,
            "dy": 146.8363037109375,
            "timestamp": 396
        },
        {
            "dx": 164.43646240234375,
            "dy": 146.254638671875,
            "timestamp": 397
        },
        {
            "dx": 164.32742309570312,
            "dy": 145.781982421875,
            "timestamp": 397
        },
        {
            "dx": 164.14559936523438,
            "dy": 145.3089599609375,
            "timestamp": 397
        },
        {
            "dx": 164.03622436523438,
            "dy": 144.90908813476562,
            "timestamp": 415
        },
        {
            "dx": 163.96380615234375,
            "dy": 144.50927734375,
            "timestamp": 415
        },
        {
            "dx": 163.85443115234375,
            "dy": 144.10903930664062,
            "timestamp": 415
        },
        {
            "dx": 163.74539184570312,
            "dy": 143.81820678710938,
            "timestamp": 415
        },
        {
            "dx": 163.74539184570312,
            "dy": 143.74539184570312,
            "timestamp": 432
        },
        {
            "dx": 163.74539184570312,
            "dy": 143.63638305664062,
            "timestamp": 432
        },
        {
            "dx": 163.4545440673828,
            "dy": 143.63638305664062,
            "timestamp": 484
        },
        {
            "dx": 163.16371154785156,
            "dy": 143.74539184570312,
            "timestamp": 485
        },
        {
            "dx": 162.58168029785156,
            "dy": 144.03622436523438,
            "timestamp": 506
        },
        {
            "dx": 161.23651123046875,
            "dy": 144.80007934570312,
            "timestamp": 506
        },
        {
            "dx": 159.70916748046875,
            "dy": 145.96377563476562,
            "timestamp": 507
        },
        {
            "dx": 158.18182373046875,
            "dy": 147.0546875,
            "timestamp": 507
        },
        {
            "dx": 156.43643188476562,
            "dy": 148.39990234375,
            "timestamp": 507
        },
        {
            "dx": 154.61825561523438,
            "dy": 150.07284545898438,
            "timestamp": 530
        },
        {
            "dx": 152.80007934570312,
            "dy": 151.52734375,
            "timestamp": 530
        },
        {
            "dx": 150.2908477783203,
            "dy": 153.38174438476562,
            "timestamp": 530
        },
        {
            "dx": 147.96377563476562,
            "dy": 155.23651123046875,
            "timestamp": 530
        },
        {
            "dx": 145.78196716308594,
            "dy": 157.45458984375,
            "timestamp": 530
        },
        {
            "dx": 143.4545440673828,
            "dy": 159.81820678710938,
            "timestamp": 553
        },
        {
            "dx": 141.09091186523438,
            "dy": 162.14559936523438,
            "timestamp": 553
        },
        {
            "dx": 138.69105529785156,
            "dy": 164.47265625,
            "timestamp": 553
        },
        {
            "dx": 135.7091827392578,
            "dy": 167.01815795898438,
            "timestamp": 553
        },
        {
            "dx": 132.6544952392578,
            "dy": 169.23651123046875,
            "timestamp": 553
        },
        {
            "dx": 129.672607421875,
            "dy": 171.60018920898438,
            "timestamp": 553
        },
        {
            "dx": 126.80007934570312,
            "dy": 173.92724609375,
            "timestamp": 572
        },
        {
            "dx": 123.34553527832031,
            "dy": 176.14559936523438,
            "timestamp": 572
        },
        {
            "dx": 119.96377563476562,
            "dy": 178.2908935546875,
            "timestamp": 573
        },
        {
            "dx": 117.199951171875,
            "dy": 180.254638671875,
            "timestamp": 573
        },
        {
            "dx": 114.50923156738281,
            "dy": 182.10903930664062,
            "timestamp": 573
        },
        {
            "dx": 110.98188781738281,
            "dy": 184.43643188476562,
            "timestamp": 593
        },
        {
            "dx": 107.81819152832031,
            "dy": 186.58169555664062,
            "timestamp": 593
        },
        {
            "dx": 104.43643188476562,
            "dy": 188.43643188476562,
            "timestamp": 593
        },
        {
            "dx": 101.27273559570312,
            "dy": 189.8909912109375,
            "timestamp": 593
        },
        {
            "dx": 98.58168029785156,
            "dy": 191.0546875,
            "timestamp": 593
        },
        {
            "dx": 96,
            "dy": 192.21804809570312,
            "timestamp": 613
        },
        {
            "dx": 93.41831970214844,
            "dy": 193.49078369140625,
            "timestamp": 614
        },
        {
            "dx": 90.83628845214844,
            "dy": 194.7635498046875,
            "timestamp": 614
        },
        {
            "dx": 87.85440063476562,
            "dy": 196.03622436523438,
            "timestamp": 614
        },
        {
            "dx": 85.16371154785156,
            "dy": 197.3089599609375,
            "timestamp": 614
        },
        {
            "dx": 82.50923156738281,
            "dy": 198.254638671875,
            "timestamp": 633
        },
        {
            "dx": 79.89098358154297,
            "dy": 199.23651123046875,
            "timestamp": 634
        },
        {
            "dx": 77.23651885986328,
            "dy": 200.03622436523438,
            "timestamp": 634
        },
        {
            "dx": 74.83629608154297,
            "dy": 200.69107055664062,
            "timestamp": 634
        },
        {
            "dx": 72.50923156738281,
            "dy": 201.27273559570312,
            "timestamp": 634
        },
        {
            "dx": 70.3274154663086,
            "dy": 201.781982421875,
            "timestamp": 655
        },
        {
            "dx": 68.2180404663086,
            "dy": 202.14559936523438,
            "timestamp": 655
        },
        {
            "dx": 66.18183135986328,
            "dy": 202.43643188476562,
            "timestamp": 655
        },
        {
            "dx": 64.83629608154297,
            "dy": 202.54547119140625,
            "timestamp": 655
        },
        {
            "dx": 63.30895233154297,
            "dy": 202.54547119140625,
            "timestamp": 655
        },
        {
            "dx": 61.672584533691406,
            "dy": 202.54547119140625,
            "timestamp": 676
        },
        {
            "dx": 60.145599365234375,
            "dy": 202.54547119140625,
            "timestamp": 676
        },
        {
            "dx": 58.43644714355469,
            "dy": 202.43643188476562,
            "timestamp": 676
        },
        {
            "dx": 56.036224365234375,
            "dy": 202.14559936523438,
            "timestamp": 676
        },
        {
            "dx": 53.81818389892578,
            "dy": 201.85440063476562,
            "timestamp": 677
        },
        {
            "dx": 51.60014343261719,
            "dy": 201.49078369140625,
            "timestamp": 698
        },
        {
            "dx": 49.41832733154297,
            "dy": 200.98190307617188,
            "timestamp": 698
        },
        {
            "dx": 47.49076843261719,
            "dy": 200.39987182617188,
            "timestamp": 698
        },
        {
            "dx": 45.563575744628906,
            "dy": 199.8182373046875,
            "timestamp": 698
        },
        {
            "dx": 44.145606994628906,
            "dy": 199.3455810546875,
            "timestamp": 698
        },
        {
            "dx": 42.800071716308594,
            "dy": 198.7635498046875,
            "timestamp": 719
        },
        {
            "dx": 41.34553527832031,
            "dy": 198.07281494140625,
            "timestamp": 719
        },
        {
            "dx": 39.23650360107422,
            "dy": 197.09091186523438,
            "timestamp": 719
        },
        {
            "dx": 37.34553527832031,
            "dy": 196.03622436523438,
            "timestamp": 719
        },
        {
            "dx": 35.52734375,
            "dy": 194.9453125,
            "timestamp": 719
        },
        {
            "dx": 33.781959533691406,
            "dy": 193.96377563476562,
            "timestamp": 741
        },
        {
            "dx": 32.36363983154297,
            "dy": 192.90908813476562,
            "timestamp": 741
        },
        {
            "dx": 30.909088134765625,
            "dy": 191.74539184570312,
            "timestamp": 741
        },
        {
            "dx": 29.381744384765625,
            "dy": 190.3636474609375,
            "timestamp": 741
        },
        {
            "dx": 27.927200317382812,
            "dy": 188.727294921875,
            "timestamp": 742
        },
        {
            "dx": 26.581680297851562,
            "dy": 187.0546875,
            "timestamp": 742
        },
        {
            "dx": 24.872879028320312,
            "dy": 185.3089599609375,
            "timestamp": 763
        },
        {
            "dx": 23.345535278320312,
            "dy": 183.56356811523438,
            "timestamp": 763
        },
        {
            "dx": 22.072799682617188,
            "dy": 181.8182373046875,
            "timestamp": 763
        },
        {
            "dx": 21.018112182617188,
            "dy": 179.96377563476562,
            "timestamp": 763
        },
        {
            "dx": 20.18181610107422,
            "dy": 178.21804809570312,
            "timestamp": 763
        },
        {
            "dx": 19.41832733154297,
            "dy": 176.54547119140625,
            "timestamp": 785
        },
        {
            "dx": 18.618255615234375,
            "dy": 174.90908813476562,
            "timestamp": 785
        },
        {
            "dx": 18.072799682617188,
            "dy": 173.34555053710938,
            "timestamp": 785
        },
        {
            "dx": 17.672584533691406,
            "dy": 171.672607421875,
            "timestamp": 785
        },
        {
            "dx": 17.38174819946289,
            "dy": 170.10903930664062,
            "timestamp": 785
        },
        {
            "dx": 17.38174819946289,
            "dy": 169.63638305664062,
            "timestamp": 785
        },
        {
            "dx": 17.38174819946289,
            "dy": 168.65447998046875,
            "timestamp": 809
        },
        {
            "dx": 17.563568115234375,
            "dy": 166.90908813476562,
            "timestamp": 809
        },
        {
            "dx": 18.36363983154297,
            "dy": 164,
            "timestamp": 809
        },
        {
            "dx": 19.600143432617188,
            "dy": 160.47265625,
            "timestamp": 809
        },
        {
            "dx": 20.072799682617188,
            "dy": 157.09091186523438,
            "timestamp": 809
        },
        {
            "dx": 0,
            "dy": 0,
            "timestamp": 830
        },
        {
            "dx": 70.10902404785156,
            "dy": 159.60018920898438,
            "timestamp": 1071
        },
        {
            "dx": 72.3274154663086,
            "dy": 159.70916748046875,
            "timestamp": 1073
        },
        {
            "dx": 74.54545593261719,
            "dy": 159.70916748046875,
            "timestamp": 1073
        },
        {
            "dx": 76.7272720336914,
            "dy": 159.70916748046875,
            "timestamp": 1074
        },
        {
            "dx": 79.70917510986328,
            "dy": 159.70916748046875,
            "timestamp": 1075
        },
        {
            "dx": 82.39985656738281,
            "dy": 159.52734375,
            "timestamp": 1102
        },
        {
            "dx": 85.09091186523438,
            "dy": 159.12713623046875,
            "timestamp": 1102
        },
        {
            "dx": 87.56356811523438,
            "dy": 158.727294921875,
            "timestamp": 1102
        },
        {
            "dx": 90.72727966308594,
            "dy": 158.14559936523438,
            "timestamp": 1102
        },
        {
            "dx": 93.70918273925781,
            "dy": 157.27273559570312,
            "timestamp": 1102
        },
        {
            "dx": 96.58168029785156,
            "dy": 156.50927734375,
            "timestamp": 1102
        },
        {
            "dx": 99.16371154785156,
            "dy": 155.60018920898438,
            "timestamp": 1102
        },
        {
            "dx": 101.38174438476562,
            "dy": 154.8363037109375,
            "timestamp": 1103
        },
        {
            "dx": 103.38174438476562,
            "dy": 154.07284545898438,
            "timestamp": 1130
        },
        {
            "dx": 105.12715148925781,
            "dy": 153.27273559570312,
            "timestamp": 1130
        },
        {
            "dx": 106.47265625,
            "dy": 152.69107055664062,
            "timestamp": 1130
        },
        {
            "dx": 107.81819152832031,
            "dy": 152.10903930664062,
            "timestamp": 1130
        },
        {
            "dx": 109.0546875,
            "dy": 151.52734375,
            "timestamp": 1131
        },
        {
            "dx": 110,
            "dy": 151.12713623046875,
            "timestamp": 1131
        },
        {
            "dx": 110.69105529785156,
            "dy": 150.9453125,
            "timestamp": 1131
        },
        {
            "dx": 111.0546875,
            "dy": 150.8363037109375,
            "timestamp": 1153
        },
        {
            "dx": 111.63636779785156,
            "dy": 150.8363037109375,
            "timestamp": 1154
        },
        {
            "dx": 111.81819152832031,
            "dy": 150.8363037109375,
            "timestamp": 1154
        },
        {
            "dx": 111.92720031738281,
            "dy": 150.8363037109375,
            "timestamp": 1154
        },
        {
            "dx": 112.03622436523438,
            "dy": 150.8363037109375,
            "timestamp": 1176
        },
        {
            "dx": 112.32742309570312,
            "dy": 150.8363037109375,
            "timestamp": 1177
        },
        {
            "dx": 112.69105529785156,
            "dy": 150.9453125,
            "timestamp": 1177
        },
        {
            "dx": 113.16371154785156,
            "dy": 151.0546875,
            "timestamp": 1177
        },
        {
            "dx": 113.85440063476562,
            "dy": 151.34555053710938,
            "timestamp": 1177
        },
        {
            "dx": 114.61825561523438,
            "dy": 151.81820678710938,
            "timestamp": 1198
        },
        {
            "dx": 115.85440063476562,
            "dy": 152.58169555664062,
            "timestamp": 1199
        },
        {
            "dx": 117.199951171875,
            "dy": 153.49081420898438,
            "timestamp": 1199
        },
        {
            "dx": 118.8363037109375,
            "dy": 154.65447998046875,
            "timestamp": 1199
        },
        {
            "dx": 120.18183898925781,
            "dy": 155.81820678710938,
            "timestamp": 1199
        },
        {
            "dx": 121.8909912109375,
            "dy": 157.672607421875,
            "timestamp": 1199
        },
        {
            "dx": 124.10902404785156,
            "dy": 159.60018920898438,
            "timestamp": 1221
        },
        {
            "dx": 126.21804809570312,
            "dy": 161.56356811523438,
            "timestamp": 1222
        },
        {
            "dx": 128.14559936523438,
            "dy": 163.49081420898438,
            "timestamp": 1222
        },
        {
            "dx": 130.32742309570312,
            "dy": 165.45458984375,
            "timestamp": 1222
        },
        {
            "dx": 132.5454559326172,
            "dy": 167.01815795898438,
            "timestamp": 1222
        },
        {
            "dx": 0,
            "dy": 0,
            "timestamp": 1223
        },
        {
            "dx": 0,
            "dy": 0,
            "timestamp": 1622
        },
        {
            "dx": 237.74537658691406,
            "dy": 165.85440063476562,
            "timestamp": 1855
        },
        {
            "dx": 237.19993591308594,
            "dy": 168.58169555664062,
            "timestamp": 1855
        },
        {
            "dx": 236.69105529785156,
            "dy": 171.09091186523438,
            "timestamp": 1855
        },
        {
            "dx": 236.32740783691406,
            "dy": 173.74539184570312,
            "timestamp": 1855
        },
        {
            "dx": 235.9272003173828,
            "dy": 176.43643188476562,
            "timestamp": 1887
        },
        {
            "dx": 235.63636779785156,
            "dy": 179.16372680664062,
            "timestamp": 1887
        },
        {
            "dx": 235.3455352783203,
            "dy": 181.70916748046875,
            "timestamp": 1887
        },
        {
            "dx": 235.16371154785156,
            "dy": 184.54547119140625,
            "timestamp": 1887
        },
        {
            "dx": 234.9818878173828,
            "dy": 187.27273559570312,
            "timestamp": 1888
        },
        {
            "dx": 234.8728790283203,
            "dy": 190,
            "timestamp": 1888
        },
        {
            "dx": 234.8728790283203,
            "dy": 192.90908813476562,
            "timestamp": 1888
        },
        {
            "dx": 234.9818878173828,
            "dy": 195.45455932617188,
            "timestamp": 1888
        },
        {
            "dx": 235.27272033691406,
            "dy": 197.60015869140625,
            "timestamp": 1922
        },
        {
            "dx": 235.56358337402344,
            "dy": 199.23651123046875,
            "timestamp": 1922
        },
        {
            "dx": 235.9272003173828,
            "dy": 200.80007934570312,
            "timestamp": 1922
        },
        {
            "dx": 236.5092315673828,
            "dy": 202.254638671875,
            "timestamp": 1922
        },
        {
            "dx": 236.9091339111328,
            "dy": 203.23651123046875,
            "timestamp": 1922
        },
        {
            "dx": 237.3817901611328,
            "dy": 204,
            "timestamp": 1922
        },
        {
            "dx": 237.74537658691406,
            "dy": 204.58169555664062,
            "timestamp": 1922
        },
        {
            "dx": 237.9638214111328,
            "dy": 204.80007934570312,
            "timestamp": 1922
        },
        {
            "dx": 238.25462341308594,
            "dy": 204.8729248046875,
            "timestamp": 1945
        },
        {
            "dx": 238.5454559326172,
            "dy": 205.09091186523438,
            "timestamp": 1945
        },
        {
            "dx": 238.9091339111328,
            "dy": 205.16372680664062,
            "timestamp": 1945
        },
        {
            "dx": 239.30894470214844,
            "dy": 205.27273559570312,
            "timestamp": 1945
        },
        {
            "dx": 239.78196716308594,
            "dy": 205.27273559570312,
            "timestamp": 1945
        },
        {
            "dx": 240.25462341308594,
            "dy": 205.27273559570312,
            "timestamp": 1945
        },
        {
            "dx": 241.30894470214844,
            "dy": 205.16372680664062,
            "timestamp": 1967
        },
        {
            "dx": 242.47267150878906,
            "dy": 204.98190307617188,
            "timestamp": 1967
        },
        {
            "dx": 243.63636779785156,
            "dy": 204.69107055664062,
            "timestamp": 1967
        },
        {
            "dx": 244.8728790283203,
            "dy": 204.2908935546875,
            "timestamp": 1967
        },
        {
            "dx": 246.32740783691406,
            "dy": 203.63638305664062,
            "timestamp": 1967
        },
        {
            "dx": 247.4907684326172,
            "dy": 203.0546875,
            "timestamp": 1984
        },
        {
            "dx": 248.14561462402344,
            "dy": 202.65447998046875,
            "timestamp": 1984
        },
        {
            "dx": 248.61827087402344,
            "dy": 202.254638671875,
            "timestamp": 1984
        },
        {
            "dx": 249.0181121826172,
            "dy": 201.85440063476562,
            "timestamp": 1984
        },
        {
            "dx": 249.41831970214844,
            "dy": 201.49078369140625,
            "timestamp": 1984
        },
        {
            "dx": 249.7091827392578,
            "dy": 201.199951171875,
            "timestamp": 2001
        },
        {
            "dx": 249.89097595214844,
            "dy": 200.90908813476562,
            "timestamp": 2001
        },
        {
            "dx": 250.0727996826172,
            "dy": 200.61825561523438,
            "timestamp": 2001
        },
        {
            "dx": 250.25462341308594,
            "dy": 200.32742309570312,
            "timestamp": 2001
        },
        {
            "dx": 250.25462341308594,
            "dy": 200.03622436523438,
            "timestamp": 2018
        },
        {
            "dx": 250.25462341308594,
            "dy": 199.8182373046875,
            "timestamp": 2018
        },
        {
            "dx": 250.25462341308594,
            "dy": 199.63638305664062,
            "timestamp": 2019
        },
        {
            "dx": 250.25462341308594,
            "dy": 199.4183349609375,
            "timestamp": 2019
        },
        {
            "dx": 250.25462341308594,
            "dy": 199.23651123046875,
            "timestamp": 2036
        },
        {
            "dx": 250.1818389892578,
            "dy": 199.0546875,
            "timestamp": 2036
        },
        {
            "dx": 249.9638214111328,
            "dy": 198.8363037109375,
            "timestamp": 2036
        },
        {
            "dx": 249.7091827392578,
            "dy": 198.7635498046875,
            "timestamp": 2037
        },
        {
            "dx": 249.30894470214844,
            "dy": 198.7635498046875,
            "timestamp": 2037
        },
        {
            "dx": 248.72727966308594,
            "dy": 198.7635498046875,
            "timestamp": 2054
        },
        {
            "dx": 247.67259216308594,
            "dy": 199.0546875,
            "timestamp": 2054
        },
        {
            "dx": 246.5092315673828,
            "dy": 199.52734375,
            "timestamp": 2054
        },
        {
            "dx": 245.3455352783203,
            "dy": 200.21804809570312,
            "timestamp": 2054
        },
        {
            "dx": 0,
            "dy": 0,
            "timestamp": 2070
        },
        {
            "dx": 266.61827087402344,
            "dy": 160.18182373046875,
            "timestamp": 2649
        },
        {
            "dx": 268.5454559326172,
            "dy": 160.39990234375,
            "timestamp": 2649
        },
        {
            "dx": 0,
            "dy": 0,
            "timestamp": 2650
        }
    ]
]