[
    [
        {
            "dx": 195,
            "dy": 67,
            "timestamp": 0
        },
        {
            "dx": 195.66668701171875,
            "dy": 68.33334350585938,
            "timestamp": 0
        },
        {
            "dx": 196.33334350585938,
            "dy": 69,
            "timestamp": 20
        },
        {
            "dx": 197.66668701171875,
            "dy": 70.33334350585938,
            "timestamp": 20
        },
        {
            "dx": 199.66668701171875,
            "dy": 72.33334350585938,
            "timestamp": 20
        },
        {
            "dx": 202.33334350585938,
            "dy": 74.33334350585938,
            "timestamp": 20
        },
        {
            "dx": 205,
            "dy": 76.33334350585938,
            "timestamp": 37
        },
        {
            "dx": 207,
            "dy": 78.33334350585938,
            "timestamp": 38
        },
        {
            "dx": 209,
            "dy": 80.33334350585938,
            "timestamp": 53
        },
        {
            "dx": 210.33334350585938,
            "dy": 82.33334350585938,
            "timestamp": 54
        },
        {
            "dx": 211.66668701171875,
            "dy": 84.33334350585938,
            "timestamp": 70
        },
        {
            "dx": 212.33334350585938,
            "dy": 87,
            "timestamp": 70
        },
        {
            "dx": 213,
            "dy": 89.66668701171875,
            "timestamp": 70
        },
        {
            "dx": 214.33334350585938,
            "dy": 92.33334350585938,
            "timestamp": 70
        },
        {
            "dx": 214.33334350585938,
            "dy": 101,
            "timestamp": 86
        },
        {
            "dx": 214.33334350585938,
            "dy": 96.33334350585938,
            "timestamp": 86
        },
        {
            "dx": 212.33334350585938,
            "dy": 105.66668701171875,
            "timestamp": 101
        },
        {
            "dx": 210.33334350585938,
            "dy": 111,
            "timestamp": 101
        },
        {
            "dx": 207.66668701171875,
            "dy": 117,
            "timestamp": 117
        },
        {
            "dx": 203.66668701171875,
            "dy": 122.33334350585938,
            "timestamp": 117
        },
        {
            "dx": 201,
            "dy": 127,
            "timestamp": 135
        },
        {
            "dx": 198.33334350585938,
            "dy": 131,
            "timestamp": 135
        },
        {
            "dx": 195,
            "dy": 136.33334350585938,
            "timestamp": 135
        },
        {
            "dx": 191,
            "dy": 141,
            "timestamp": 136
        },
        {
            "dx": 188.33334350585938,
            "dy": 145,
            "timestamp": 152
        },
        {
            "dx": 185.66668701171875,
            "dy": 147.66668701171875,
            "timestamp": 152
        },
        {
            "dx": 184.33334350585938,
            "dy": 151,
            "timestamp": 169
        },
        {
            "dx": 182.33334350585938,
            "dy": 154.33334350585938,
            "timestamp": 169
        },
        {
            "dx": 181,
            "dy": 157,
            "timestamp": 169
        },
        {
            "dx": 179.66668701171875,
            "dy": 161.66668701171875,
            "timestamp": 190
        },
        {
            "dx": 179.66668701171875,
            "dy": 160.33334350585938,
            "timestamp": 190
        },
        {
            "dx": 180.33334350585938,
            "dy": 159,
            "timestamp": 190
        },
        {
            "dx": 179,
            "dy": 163,
            "timestamp": 207
        },
        {
            "dx": 179,
            "dy": 163.66668701171875,
            "timestamp": 207
        },
        {
            "dx": 179,
            "dy": 164.33334350585938,
            "timestamp": 207
        },
        {
            "dx": 179,
            "dy": 165,
            "timestamp": 224
        },
        {
            "dx": 179,
            "dy": 165.66668701171875,
            "timestamp": 224
        },
        {
            "dx": 179,
            "dy": 166.33334350585938,
            "timestamp": 249
        },
        {
            "dx": 179.66668701171875,
            "dy": 166.33334350585938,
            "timestamp": 250
        },
        {
            "dx": 180.33334350585938,
            "dy": 167,
            "timestamp": 250
        },
        {
            "dx": 181,
            "dy": 167.66668701171875,
            "timestamp": 250
        },
        {
            "dx": 182.33334350585938,
            "dy": 168.33334350585938,
            "timestamp": 266
        },
        {
            "dx": 185,
            "dy": 168.33334350585938,
            "timestamp": 266
        },
        {
            "dx": 186.33334350585938,
            "dy": 169,
            "timestamp": 283
        },
        {
            "dx": 188.33334350585938,
            "dy": 169.66668701171875,
            "timestamp": 283
        },
        {
            "dx": 190.33334350585938,
            "dy": 171,
            "timestamp": 299
        },
        {
            "dx": 189.66668701171875,
            "dy": 170.33334350585938,
            "timestamp": 299
        },
        {
            "dx": 191.66668701171875,
            "dy": 172.33334350585938,
            "timestamp": 300
        },
        {
            "dx": 193,
            "dy": 173.66668701171875,
            "timestamp": 300
        },
        {
            "dx": 194.33334350585938,
            "dy": 174.33334350585938,
            "timestamp": 317
        },
        {
            "dx": 195,
            "dy": 175.66668701171875,
            "timestamp": 317
        },
        {
            "dx": 195.66668701171875,
            "dy": 177.66668701171875,
            "timestamp": 335
        },
        {
            "dx": 196.33334350585938,
            "dy": 179.66668701171875,
            "timestamp": 335
        },
        {
            "dx": 197,
            "dy": 183,
            "timestamp": 335
        },
        {
            "dx": 196.33334350585938,
            "dy": 186.33334350585938,
            "timestamp": 336
        },
        {
            "dx": 196.33334350585938,
            "dy": 189.66668701171875,
            "timestamp": 354
        },
        {
            "dx": 196.33334350585938,
            "dy": 192.33334350585938,
            "timestamp": 354
        },
        {
            "dx": 195.66668701171875,
            "dy": 195,
            "timestamp": 370
        },
        {
            "dx": 193.66668701171875,
            "dy": 198.33334350585938,
            "timestamp": 371
        },
        {
            "dx": 192.33334350585938,
            "dy": 201.66668701171875,
            "timestamp": 371
        },
        {
            "dx": 189.66668701171875,
            "dy": 205,
            "timestamp": 387
        },
        {
            "dx": 185.66668701171875,
            "dy": 211.66668701171875,
            "timestamp": 388
        },
        {
            "dx": 187.66668701171875,
            "dy": 208.33334350585938,
            "timestamp": 388
        },
        {
            "dx": 183.66668701171875,
            "dy": 213.66668701171875,
            "timestamp": 405
        },
        {
            "dx": 181.66668701171875,
            "dy": 215.66668701171875,
            "timestamp": 406
        },
        {
            "dx": 178.33334350585938,
            "dy": 217.66668701171875,
            "timestamp": 423
        },
        {
            "dx": 175,
            "dy": 220.33334350585938,
            "timestamp": 423
        },
        {
            "dx": 172.33334350585938,
            "dy": 222.33334350585938,
            "timestamp": 423
        },
        {
            "dx": 169.66668701171875,
            "dy": 224.33334350585938,
            "timestamp": 423
        },
        {
            "dx": 166.33334350585938,
            "dy": 226.33334350585938,
            "timestamp": 440
        },
        {
            "dx": 163,
            "dy": 227.66668701171875,
            "timestamp": 440
        },
        {
            "dx": 159.66668701171875,
            "dy": 229,
            "timestamp": 459
        },
        {
            "dx": 155.66668701171875,
            "dy": 231,
            "timestamp": 460
        },
        {
            "dx": 153,
            "dy": 231.66668701171875,
            "timestamp": 480
        },
        {
            "dx": 150.33334350585938,
            "dy": 232.33334350585938,
            "timestamp": 480
        },
        {
            "dx": 147,
            "dy": 233,
            "timestamp": 481
        },
        {
            "dx": 143,
            "dy": 233.66668701171875,
            "timestamp": 481
        },
        {
            "dx": 139,
            "dy": 234.33334350585938,
            "timestamp": 503
        },
        {
            "dx": 135,
            "dy": 234.33334350585938,
            "timestamp": 504
        },
        {
            "dx": 131,
            "dy": 234.33334350585938,
            "timestamp": 504
        },
        {
            "dx": 126.33334350585938,
            "dy": 234.33334350585938,
            "timestamp": 504
        },
        {
            "dx": 123,
            "dy": 234.33334350585938,
            "timestamp": 520
        },
        {
            "dx": 119.66668701171875,
            "dy": 234.33334350585938,
            "timestamp": 520
        },
        {
            "dx": 117,
            "dy": 233.66668701171875,
            "timestamp": 535
        },
        {
            "dx": 115,
            "dy": 233,
            "timestamp": 536
        },
        {
            "dx": 113,
            "dy": 232.33334350585938,
            "timestamp": 536
        },
        {
            "dx": 111,
            "dy": 231.66668701171875,
            "timestamp": 552
        },
        {
            "dx": 109.66668701171875,
            "dy": 231,
            "timestamp": 552
        },
        {
            "dx": 108.33334350585938,
            "dy": 229.66668701171875,
            "timestamp": 553
        },
        {
            "dx": 107,
            "dy": 229,
            "timestamp": 571
        },
        {
            "dx": 106.33334350585938,
            "dy": 227.66668701171875,
            "timestamp": 572
        },
        {
            "dx": 105.66668701171875,
            "dy": 227,
            "timestamp": 595
        },
        {
            "dx": 105,
            "dy": 224.33334350585938,
            "timestamp": 595
        },
        {
            "dx": 105,
            "dy": 225.66668701171875,
            "timestamp": 595
        },
        {
            "dx": 104.33334350585938,
            "dy": 223,
            "timestamp": 596
        },
        {
            "dx": 104.33334350585938,
            "dy": 220.33334350585938,
            "timestamp": 612
        },
        {
            "dx": 104.33334350585938,
            "dy": 216.33334350585938,
            "timestamp": 613
        },
        {
            "dx": 105,
            "dy": 213,
            "timestamp": 613
        },
        {
            "dx": 105.66668701171875,
            "dy": 209.66668701171875,
            "timestamp": 629
        },
        {
            "dx": 106.33334350585938,
            "dy": 206.33334350585938,
            "timestamp": 629
        },
        {
            "dx": 107,
            "dy": 203.66668701171875,
            "timestamp": 629
        },
        {
            "dx": 107.66668701171875,
            "dy": 200.33334350585938,
            "timestamp": 645
        },
        {
            "dx": 109,
            "dy": 197,
            "timestamp": 645
        },
        {
            "dx": 109.66668701171875,
            "dy": 194.33334350585938,
            "timestamp": 662
        },
        {
            "dx": 110.33334350585938,
            "dy": 191.66668701171875,
            "timestamp": 662
        },
        {
            "dx": 111.66668701171875,
            "dy": 189,
            "timestamp": 663
        },
        {
            "dx": 113,
            "dy": 185.66668701171875,
            "timestamp": 679
        },
        {
            "dx": 115,
            "dy": 182.33334350585938,
            "timestamp": 680
        },
        {
            "dx": 117.66668701171875,
            "dy": 179,
            "timestamp": 680
        },
        {
            "dx": 121,
            "dy": 175,
            "timestamp": 697
        },
        {
            "dx": 124.33334350585938,
            "dy": 171,
            "timestamp": 697
        },
        {
            "dx": 127.66668701171875,
            "dy": 167.66668701171875,
            "timestamp": 714
        },
        {
            "dx": 130.33334350585938,
            "dy": 164.33334350585938,
            "timestamp": 714
        },
        {
            "dx": 0,
            "dy": 0,
            "timestamp": 716
        },
        {
            "dx": 0,
            "dy": 0,
            "timestamp": 1085
        },
        {
            "dx": 222.33334350585938,
            "dy": 140.33334350585938,
            "timestamp": 1709
        },
        {
            "dx": 223,
            "dy": 140.33334350585938,
            "timestamp": 1725
        },
        {
            "dx": 223.66668701171875,
            "dy": 141,
            "timestamp": 1726
        },
        {
            "dx": 224.33334350585938,
            "dy": 141,
            "timestamp": 1744
        },
        {
            "dx": 225.66668701171875,
            "dy": 141.66668701171875,
            "timestamp": 1745
        },
        {
            "dx": 226.33334350585938,
            "dy": 141.66668701171875,
            "timestamp": 1745
        },
        {
            "dx": 227,
            "dy": 142.33334350585938,
            "timestamp": 1761
        },
        {
            "dx": 227.66668701171875,
            "dy": 142.33334350585938,
            "timestamp": 1761
        },
        {
            "dx": 228.33334350585938,
            "dy": 143.66668701171875,
            "timestamp": 1761
        },
        {
            "dx": 229.66668701171875,
            "dy": 144.33334350585938,
            "timestamp": 1778
        },
        {
            "dx": 230.33334350585938,
            "dy": 145,
            "timestamp": 1797
        },
        {
            "dx": 230.33334350585938,
            "dy": 145.66668701171875,
            "timestamp": 1798
        },
        {
            "dx": 231,
            "dy": 146.33334350585938,
            "timestamp": 1798
        },
        {
            "dx": 231,
            "dy": 147.66668701171875,
            "timestamp": 1815
        },
        {
            "dx": 231,
            "dy": 148.33334350585938,
            "timestamp": 1834
        },
        {
            "dx": 231,
            "dy": 149,
            "timestamp": 1834
        },
        {
            "dx": 231,
            "dy": 149.66668701171875,
            "timestamp": 1835
        },
        {
            "dx": 231,
            "dy": 150.33334350585938,
            "timestamp": 1854
        },
        {
            "dx": 230.33334350585938,
            "dy": 151,
            "timestamp": 1854
        },
        {
            "dx": 229.66668701171875,
            "dy": 151.66668701171875,
            "timestamp": 1872
        },
        {
            "dx": 229,
            "dy": 151.66668701171875,
            "timestamp": 1873
        },
        {
            "dx": 228.33334350585938,
            "dy": 151.66668701171875,
            "timestamp": 1889
        },
        {
            "dx": 227.66668701171875,
            "dy": 151.66668701171875,
            "timestamp": 1913
        },
        {
            "dx": 0,
            "dy": 0,
            "timestamp": 1946
        }
    ],
    [
        {
            "dx": 216.69105529785156,
            "dy": 63.70916748046875,
            "timestamp": 0
        },
        {
            "dx": 218.03623962402344,
            "dy": 65.74539184570312,
            "timestamp": 0
        },
        {
            "dx": 219.09092712402344,
            "dy": 67.38174438476562,
            "timestamp": 0
        },
        {
            "dx": 220.14561462402344,
            "dy": 69.23651123046875,
            "timestamp": 0
        },
        {
            "dx": 220.9091339111328,
            "dy": 70.80007934570312,
            "timestamp": 25
        },
        {
            "dx": 221.6001434326172,
            "dy": 72.254638671875,
            "timestamp": 25
        },
        {
            "dx": 222.0727996826172,
            "dy": 73.63638305664062,
            "timestamp": 25
        },
        {
            "dx": 222.7635040283203,
            "dy": 75.27273559570312,
            "timestamp": 25
        },
        {
            "dx": 223.2365264892578,
            "dy": 77.4183349609375,
            "timestamp": 25
        },
        {
            "dx": 223.52735900878906,
            "dy": 79.56356811523438,
            "timestamp": 26
        },
        {
            "dx": 223.6001434326172,
            "dy": 82.47265625,
            "timestamp": 50
        },
        {
            "dx": 223.6001434326172,
            "dy": 84.8363037109375,
            "timestamp": 50
        },
        {
            "dx": 223.30894470214844,
            "dy": 86.10903930664062,
            "timestamp": 50
        },
        {
            "dx": 222.7635040283203,
            "dy": 87.56356811523438,
            "timestamp": 50
        },
        {
            "dx": 221.78196716308594,
            "dy": 89.01812744140625,
            "timestamp": 50
        },
        {
            "dx": 220.61827087402344,
            "dy": 90.47265625,
            "timestamp": 50
        },
        {
            "dx": 219.27272033691406,
            "dy": 92.14559936523438,
            "timestamp": 68
        },
        {
            "dx": 217.63636779785156,
            "dy": 93.8909912109375,
            "timestamp": 68
        },
        {
            "dx": 215.9272003173828,
            "dy": 95.52734375,
            "timestamp": 68
        },
        {
            "dx": 213.78196716308594,
            "dy": 97.38174438476562,
            "timestamp": 69
        },
        {
            "dx": 211.67259216308594,
            "dy": 99.0546875,
            "timestamp": 69
        },
        {
            "dx": 208.80007934570312,
            "dy": 100.80007934570312,
            "timestamp": 89
        },
        {
            "dx": 206.10902404785156,
            "dy": 102.54547119140625,
            "timestamp": 89
        },
        {
            "dx": 202.90911865234375,
            "dy": 104.39990234375,
            "timestamp": 89
        },
        {
            "dx": 199.16371154785156,
            "dy": 106.3636474609375,
            "timestamp": 89
        },
        {
            "dx": 195.8181915283203,
            "dy": 108.58169555664062,
            "timestamp": 89
        },
        {
            "dx": 192.61825561523438,
            "dy": 110.8363037109375,
            "timestamp": 106
        },
        {
            "dx": 189.63636779785156,
            "dy": 112.87286376953125,
            "timestamp": 106
        },
        {
            "dx": 186.7635040283203,
            "dy": 114.90908813476562,
            "timestamp": 106
        },
        {
            "dx": 183.78196716308594,
            "dy": 116.9453125,
            "timestamp": 106
        },
        {
            "dx": 180.8728790283203,
            "dy": 119.09091186523438,
            "timestamp": 121
        },
        {
            "dx": 178.10902404785156,
            "dy": 121.23651123046875,
            "timestamp": 122
        },
        {
            "dx": 174.83631896972656,
            "dy": 123.49078369140625,
            "timestamp": 122
        },
        {
            "dx": 172.03622436523438,
            "dy": 126,
            "timestamp": 122
        },
        {
            "dx": 169.63636779785156,
            "dy": 128.3636474609375,
            "timestamp": 136
        },
        {
            "dx": 167.41835021972656,
            "dy": 130.50927734375,
            "timestamp": 137
        },
        {
            "dx": 165.85443115234375,
            "dy": 132.43643188476562,
            "timestamp": 137
        },
        {
            "dx": 164.5092315673828,
            "dy": 134.47265625,
            "timestamp": 137
        },
        {
            "dx": 163.38177490234375,
            "dy": 136.43643188476562,
            "timestamp": 152
        },
        {
            "dx": 162.5092315673828,
            "dy": 138.3636474609375,
            "timestamp": 152
        },
        {
            "dx": 161.4545440673828,
            "dy": 140.14559936523438,
            "timestamp": 152
        },
        {
            "dx": 160.69105529785156,
            "dy": 141.60018920898438,
            "timestamp": 152
        },
        {
            "dx": 160,
            "dy": 143.0546875,
            "timestamp": 169
        },
        {
            "dx": 159.70916748046875,
            "dy": 144.21804809570312,
            "timestamp": 169
        },
        {
            "dx": 159.41835021972656,
            "dy": 145.38174438476562,
            "timestamp": 169
        },
        {
            "dx": 159.3455352783203,
            "dy": 146.54550170898438,
            "timestamp": 169
        },
        {
            "dx": 159.3455352783203,
            "dy": 147.74539184570312,
            "timestamp": 185
        },
        {
            "dx": 159.3455352783203,
            "dy": 147.81820678710938,
            "timestamp": 185
        },
        {
            "dx": 159.41835021972656,
            "dy": 148.10903930664062,
            "timestamp": 185
        },
        {
            "dx": 159.6001434326172,
            "dy": 148.50927734375,
            "timestamp": 185
        },
        {
            "dx": 160,
            "dy": 149.199951171875,
            "timestamp": 201
        },
        {
            "dx": 160.58168029785156,
            "dy": 149.96377563476562,
            "timestamp": 202
        },
        {
            "dx": 161.52734375,
            "dy": 150.8363037109375,
            "timestamp": 202
        },
        {
            "dx": 162.58168029785156,
            "dy": 151.70916748046875,
            "timestamp": 202
        },
        {
            "dx": 163.74539184570312,
            "dy": 152.58169555664062,
            "timestamp": 233
        },
        {
            "dx": 165.78196716308594,
            "dy": 153.85440063476562,
            "timestamp": 234
        },
        {
            "dx": 168.18182373046875,
            "dy": 155.01815795898438,
            "timestamp": 234
        },
        {
            "dx": 170.10902404785156,
            "dy": 156.21804809570312,
            "timestamp": 234
        },
        {
            "dx": 171.74539184570312,
            "dy": 157.27273559570312,
            "timestamp": 234
        },
        {
            "dx": 174.32742309570312,
            "dy": 159.01815795898438,
            "timestamp": 234
        },
        {
            "dx": 176.47265625,
            "dy": 160.58169555664062,
            "timestamp": 234
        },
        {
            "dx": 178.18182373046875,
            "dy": 162.14559936523438,
            "timestamp": 234
        },
        {
            "dx": 179.63636779785156,
            "dy": 163.49081420898438,
            "timestamp": 252
        },
        {
            "dx": 180.9818878173828,
            "dy": 165.16372680664062,
            "timestamp": 253
        },
        {
            "dx": 182.14559936523438,
            "dy": 167.01815795898438,
            "timestamp": 253
        },
        {
            "dx": 183.19993591308594,
            "dy": 169.16372680664062,
            "timestamp": 253
        },
        {
            "dx": 184.0727996826172,
            "dy": 171.38174438476562,
            "timestamp": 276
        },
        {
            "dx": 184.72727966308594,
            "dy": 173.74539184570312,
            "timestamp": 276
        },
        {
            "dx": 185.12713623046875,
            "dy": 176.14559936523438,
            "timestamp": 276
        },
        {
            "dx": 185.30897521972656,
            "dy": 178.50924682617188,
            "timestamp": 277
        },
        {
            "dx": 185.30897521972656,
            "dy": 181.01812744140625,
            "timestamp": 277
        },
        {
            "dx": 185.19993591308594,
            "dy": 182.80007934570312,
            "timestamp": 277
        },
        {
            "dx": 184.83631896972656,
            "dy": 185.8909912109375,
            "timestamp": 301
        },
        {
            "dx": 183.96380615234375,
            "dy": 189.49078369140625,
            "timestamp": 301
        },
        {
            "dx": 183.19993591308594,
            "dy": 193.01812744140625,
            "timestamp": 302
        },
        {
            "dx": 182.21804809570312,
            "dy": 196.21804809570312,
            "timestamp": 302
        },
        {
            "dx": 181.09091186523438,
            "dy": 199.3455810546875,
            "timestamp": 302
        },
        {
            "dx": 179.16371154785156,
            "dy": 202.727294921875,
            "timestamp": 302
        },
        {
            "dx": 177.0181121826172,
            "dy": 205.74539184570312,
            "timestamp": 329
        },
        {
            "dx": 174.43646240234375,
            "dy": 208.98190307617188,
            "timestamp": 329
        },
        {
            "dx": 172.03622436523438,
            "dy": 212,
            "timestamp": 329
        },
        {
            "dx": 169.52734375,
            "dy": 214.8363037109375,
            "timestamp": 329
        },
        {
            "dx": 167.0181121826172,
            "dy": 217.23651123046875,
            "timestamp": 329
        },
        {
            "dx": 164.5092315673828,
            "dy": 219.96377563476562,
            "timestamp": 329
        },
        {
            "dx": 161.63636779785156,
            "dy": 222.80007934570312,
            "timestamp": 329
        },
        {
            "dx": 158.18182373046875,
            "dy": 225.3455810546875,
            "timestamp": 348
        },
        {
            "dx": 153.85440063476562,
            "dy": 227.781982421875,
            "timestamp": 349
        },
        {
            "dx": 149.8181915283203,
            "dy": 230.21804809570312,
            "timestamp": 349
        },
        {
            "dx": 145.96377563476562,
            "dy": 232.254638671875,
            "timestamp": 349
        },
        {
            "dx": 141.9272003173828,
            "dy": 234.10903930664062,
            "timestamp": 371
        },
        {
            "dx": 138.2908477783203,
            "dy": 236.03622436523438,
            "timestamp": 371
        },
        {
            "dx": 134.254638671875,
            "dy": 237.60015869140625,
            "timestamp": 372
        },
        {
            "dx": 129.4907684326172,
            "dy": 239.3455810546875,
            "timestamp": 372
        },
        {
            "dx": 124.76350402832031,
            "dy": 240.80007934570312,
            "timestamp": 372
        },
        {
            "dx": 120.254638671875,
            "dy": 241.8909912109375,
            "timestamp": 372
        },
        {
            "dx": 116.03622436523438,
            "dy": 242.7635498046875,
            "timestamp": 392
        },
        {
            "dx": 112.21804809570312,
            "dy": 243.3455810546875,
            "timestamp": 392
        },
        {
            "dx": 108.76350402832031,
            "dy": 243.74539184570312,
            "timestamp": 392
        },
        {
            "dx": 105.49076843261719,
            "dy": 243.92721557617188,
            "timestamp": 392
        },
        {
            "dx": 101.85440063476562,
            "dy": 243.92721557617188,
            "timestamp": 392
        },
        {
            "dx": 98.32742309570312,
            "dy": 243.52734375,
            "timestamp": 413
        },
        {
            "dx": 94.47265625,
            "dy": 242.9453125,
            "timestamp": 413
        },
        {
            "dx": 91.01811218261719,
            "dy": 242.18182373046875,
            "timestamp": 414
        },
        {
            "dx": 87.85440063476562,
            "dy": 241.4183349609375,
            "timestamp": 414
        },
        {
            "dx": 84.32742309570312,
            "dy": 240.32742309570312,
            "timestamp": 414
        },
        {
            "dx": 80.65448760986328,
            "dy": 238.98190307617188,
            "timestamp": 436
        },
        {
            "dx": 77.01811218261719,
            "dy": 237.3089599609375,
            "timestamp": 436
        },
        {
            "dx": 73.85441589355469,
            "dy": 235.672607421875,
            "timestamp": 436
        },
        {
            "dx": 71.16371154785156,
            "dy": 234,
            "timestamp": 436
        },
        {
            "dx": 68.58168029785156,
            "dy": 232.03622436523438,
            "timestamp": 437
        },
        {
            "dx": 66.29084014892578,
            "dy": 229.92721557617188,
            "timestamp": 437
        },
        {
            "dx": 64.36363983154297,
            "dy": 227.56356811523438,
            "timestamp": 459
        },
        {
            "dx": 61.781959533691406,
            "dy": 225.12713623046875,
            "timestamp": 459
        },
        {
            "dx": 59.96379089355469,
            "dy": 222.50924682617188,
            "timestamp": 459
        },
        {
            "dx": 58.43644714355469,
            "dy": 219.96377563476562,
            "timestamp": 459
        },
        {
            "dx": 57.272727966308594,
            "dy": 217.52734375,
            "timestamp": 459
        },
        {
            "dx": 56.10902404785156,
            "dy": 214.90908813476562,
            "timestamp": 482
        },
        {
            "dx": 55.16371154785156,
            "dy": 212.18182373046875,
            "timestamp": 482
        },
        {
            "dx": 54.218040466308594,
            "dy": 209.09091186523438,
            "timestamp": 482
        },
        {
            "dx": 53.52734375,
            "dy": 205.56356811523438,
            "timestamp": 483
        },
        {
            "dx": 52.87287139892578,
            "dy": 201.38174438476562,
            "timestamp": 483
        },
        {
            "dx": 52.76349639892578,
            "dy": 197.199951171875,
            "timestamp": 483
        },
        {
            "dx": 52.76349639892578,
            "dy": 192.80007934570312,
            "timestamp": 504
        },
        {
            "dx": 53.23650360107422,
            "dy": 187.63638305664062,
            "timestamp": 504
        },
        {
            "dx": 54.10902404785156,
            "dy": 181.8182373046875,
            "timestamp": 504
        },
        {
            "dx": 56.218040466308594,
            "dy": 175.56356811523438,
            "timestamp": 504
        },
        {
            "dx": 57.672584533691406,
            "dy": 169.45458984375,
            "timestamp": 504
        },
        {
            "dx": 59.01811218261719,
            "dy": 163.781982421875,
            "timestamp": 525
        },
        {
            "dx": 60.727272033691406,
            "dy": 158.8363037109375,
            "timestamp": 525
        },
        {
            "dx": 62.43644714355469,
            "dy": 153.85440063476562,
            "timestamp": 525
        },
        {
            "dx": 64.9453125,
            "dy": 148.98193359375,
            "timestamp": 526
        },
        {
            "dx": 67.70917510986328,
            "dy": 143.34555053710938,
            "timestamp": 526
        },
        {
            "dx": 70.61825561523438,
            "dy": 138.3636474609375,
            "timestamp": 526
        },
        {
            "dx": 73.56356811523438,
            "dy": 133.70916748046875,
            "timestamp": 547
        },
        {
            "dx": 76.43644714355469,
            "dy": 129.52734375,
            "timestamp": 547
        },
        {
            "dx": 79.60014343261719,
            "dy": 125.81817626953125,
            "timestamp": 547
        },
        {
            "dx": 82.87287902832031,
            "dy": 122.32742309570312,
            "timestamp": 547
        },
        {
            "dx": 86.21804809570312,
            "dy": 118.03622436523438,
            "timestamp": 547
        },
        {
            "dx": 89.60014343261719,
            "dy": 114.32742309570312,
            "timestamp": 575
        },
        {
            "dx": 94.36363220214844,
            "dy": 110.727294921875,
            "timestamp": 575
        },
        {
            "dx": 99.38174438476562,
            "dy": 107.8909912109375,
            "timestamp": 575
        },
        {
            "dx": 103.78196716308594,
            "dy": 104.98193359375,
            "timestamp": 575
        },
        {
            "dx": 107.89097595214844,
            "dy": 101.96377563476562,
            "timestamp": 575
        },
        {
            "dx": 0,
            "dy": 0,
            "timestamp": 577
        },
        {
            "dx": 231.7091827392578,
            "dy": 171.01815795898438,
            "timestamp": 1005
        },
        {
            "dx": 230.5454559326172,
            "dy": 172.76351928710938,
            "timestamp": 1006
        },
        {
            "dx": 229.19993591308594,
            "dy": 174.10903930664062,
            "timestamp": 1006
        },
        {
            "dx": 0,
            "dy": 0,
            "timestamp": 1070
        }
    ]
]