[
    [
        {
            "dx": 237.67259216308594,
            "dy": 92.03622436523438,
            "timestamp": 0
        },
        {
            "dx": 237.74537658691406,
            "dy": 94.18182373046875,
            "timestamp": 1
        },
        {
            "dx": 237.8544464111328,
            "dy": 96.69107055664062,
            "timestamp": 1
        },
        {
            "dx": 237.9638214111328,
            "dy": 99.0546875,
            "timestamp": 1
        },
        {
            "dx": 237.9638214111328,
            "dy": 101.27273559570312,
            "timestamp": 25
        },
        {
            "dx": 237.9638214111328,
            "dy": 103.23651123046875,
            "timestamp": 26
        },
        {
            "dx": 237.9638214111328,
            "dy": 104.87286376953125,
            "timestamp": 26
        },
        {
            "dx": 237.9638214111328,
            "dy": 106.727294921875,
            "timestamp": 26
        },
        {
            "dx": 237.9638214111328,
            "dy": 108.47265625,
            "timestamp": 26
        },
        {
            "dx": 237.74537658691406,
            "dy": 110.254638671875,
            "timestamp": 26
        },
        {
            "dx": 237.4545440673828,
            "dy": 111.781982421875,
            "timestamp": 52
        },
        {
            "dx": 237.19993591308594,
            "dy": 113.34552001953125,
            "timestamp": 52
        },
        {
            "dx": 236.69105529785156,
            "dy": 114.80007934570312,
            "timestamp": 52
        },
        {
            "dx": 235.9272003173828,
            "dy": 116.18182373046875,
            "timestamp": 52
        },
        {
            "dx": 234.9818878173828,
            "dy": 117.74539184570312,
            "timestamp": 52
        },
        {
            "dx": 233.8181915283203,
            "dy": 119.09091186523438,
            "timestamp": 53
        },
        {
            "dx": 232.1818389892578,
            "dy": 120.3636474609375,
            "timestamp": 74
        },
        {
            "dx": 230.36363220214844,
            "dy": 121.52734375,
            "timestamp": 75
        },
        {
            "dx": 228.32740783691406,
            "dy": 122.39990234375,
            "timestamp": 75
        },
        {
            "dx": 226.03623962402344,
            "dy": 123.27273559570312,
            "timestamp": 75
        },
        {
            "dx": 223.6001434326172,
            "dy": 123.96377563476562,
            "timestamp": 75
        },
        {
            "dx": 220.9091339111328,
            "dy": 124.76348876953125,
            "timestamp": 75
        },
        {
            "dx": 217.9272003173828,
            "dy": 125.52734375,
            "timestamp": 96
        },
        {
            "dx": 214.94532775878906,
            "dy": 126.29083251953125,
            "timestamp": 96
        },
        {
            "dx": 211.4907684326172,
            "dy": 126.98193359375,
            "timestamp": 96
        },
        {
            "dx": 208.03622436523438,
            "dy": 127.672607421875,
            "timestamp": 96
        },
        {
            "dx": 202.5454559326172,
            "dy": 128.65447998046875,
            "timestamp": 96
        },
        {
            "dx": 198.3998565673828,
            "dy": 129.92724609375,
            "timestamp": 118
        },
        {
            "dx": 194.36366271972656,
            "dy": 130.98193359375,
            "timestamp": 118
        },
        {
            "dx": 190.3998565673828,
            "dy": 132.03622436523438,
            "timestamp": 118
        },
        {
            "dx": 186.7635040283203,
            "dy": 133.12713623046875,
            "timestamp": 119
        },
        {
            "dx": 183.09091186523438,
            "dy": 134.29086303710938,
            "timestamp": 119
        },
        {
            "dx": 179.23651123046875,
            "dy": 135.74539184570312,
            "timestamp": 139
        },
        {
            "dx": 175.4907684326172,
            "dy": 137.199951171875,
            "timestamp": 139
        },
        {
            "dx": 172.03622436523438,
            "dy": 138.69107055664062,
            "timestamp": 139
        },
        {
            "dx": 168.65447998046875,
            "dy": 139.92724609375,
            "timestamp": 139
        },
        {
            "dx": 165.6001434326172,
            "dy": 141.49081420898438,
            "timestamp": 139
        },
        {
            "dx": 162.80007934570312,
            "dy": 142.9453125,
            "timestamp": 157
        },
        {
            "dx": 160.69105529785156,
            "dy": 144.32742309570312,
            "timestamp": 157
        },
        {
            "dx": 158.0727996826172,
            "dy": 145.96377563476562,
            "timestamp": 157
        },
        {
            "dx": 155.67259216308594,
            "dy": 147.74539184570312,
            "timestamp": 158
        },
        {
            "dx": 153.27273559570312,
            "dy": 149.49081420898438,
            "timestamp": 158
        },
        {
            "dx": 150.47265625,
            "dy": 151.52734375,
            "timestamp": 175
        },
        {
            "dx": 148.18182373046875,
            "dy": 153.672607421875,
            "timestamp": 175
        },
        {
            "dx": 146.0727996826172,
            "dy": 155.70916748046875,
            "timestamp": 175
        },
        {
            "dx": 144.32742309570312,
            "dy": 158.03622436523438,
            "timestamp": 175
        },
        {
            "dx": 142.80007934570312,
            "dy": 160.39990234375,
            "timestamp": 193
        },
        {
            "dx": 141.3455352783203,
            "dy": 162.8363037109375,
            "timestamp": 193
        },
        {
            "dx": 140.03622436523438,
            "dy": 165.0546875,
            "timestamp": 193
        },
        {
            "dx": 138.9818878173828,
            "dy": 167.3089599609375,
            "timestamp": 193
        },
        {
            "dx": 138.2908477783203,
            "dy": 168.65447998046875,
            "timestamp": 212
        },
        {
            "dx": 137.63636779785156,
            "dy": 170.32742309570312,
            "timestamp": 212
        },
        {
            "dx": 136.8728790283203,
            "dy": 172.65447998046875,
            "timestamp": 212
        },
        {
            "dx": 136.1818389892578,
            "dy": 174.90908813476562,
            "timestamp": 212
        },
        {
            "dx": 135.7091827392578,
            "dy": 177.12713623046875,
            "timestamp": 212
        },
        {
            "dx": 135.2365264892578,
            "dy": 179.16372680664062,
            "timestamp": 233
        },
        {
            "dx": 134.9453125,
            "dy": 181.12713623046875,
            "timestamp": 233
        },
        {
            "dx": 134.5454559326172,
            "dy": 183.16372680664062,
            "timestamp": 233
        },
        {
            "dx": 134.0727996826172,
            "dy": 185.4183349609375,
            "timestamp": 233
        },
        {
            "dx": 133.4183349609375,
            "dy": 187.74539184570312,
            "timestamp": 233
        },
        {
            "dx": 132.727294921875,
            "dy": 190.07281494140625,
            "timestamp": 233
        },
        {
            "dx": 131.672607421875,
            "dy": 192.61825561523438,
            "timestamp": 250
        },
        {
            "dx": 130.61825561523438,
            "dy": 195.0546875,
            "timestamp": 250
        },
        {
            "dx": 129.74539184570312,
            "dy": 197.199951171875,
            "timestamp": 250
        },
        {
            "dx": 128.90908813476562,
            "dy": 198.8363037109375,
            "timestamp": 251
        },
        {
            "dx": 127.56356811523438,
            "dy": 200.90908813476562,
            "timestamp": 267
        },
        {
            "dx": 125.34553527832031,
            "dy": 203.3455810546875,
            "timestamp": 268
        },
        {
            "dx": 123.4183349609375,
            "dy": 205.45455932617188,
            "timestamp": 268
        },
        {
            "dx": 121.60014343261719,
            "dy": 207.4183349609375,
            "timestamp": 268
        },
        {
            "dx": 120.07279968261719,
            "dy": 209.27273559570312,
            "timestamp": 285
        },
        {
            "dx": 118.254638671875,
            "dy": 211.01812744140625,
            "timestamp": 285
        },
        {
            "dx": 116.54545593261719,
            "dy": 212.8729248046875,
            "timestamp": 285
        },
        {
            "dx": 114.32742309570312,
            "dy": 214.8363037109375,
            "timestamp": 285
        },
        {
            "dx": 111.92720031738281,
            "dy": 216.58169555664062,
            "timestamp": 302
        },
        {
            "dx": 109.16371154785156,
            "dy": 218.43643188476562,
            "timestamp": 302
        },
        {
            "dx": 106.54545593261719,
            "dy": 220.3636474609375,
            "timestamp": 302
        },
        {
            "dx": 103.89097595214844,
            "dy": 222.03622436523438,
            "timestamp": 302
        },
        {
            "dx": 100.50923156738281,
            "dy": 223.781982421875,
            "timestamp": 319
        },
        {
            "dx": 97.45454406738281,
            "dy": 225.4183349609375,
            "timestamp": 319
        },
        {
            "dx": 94.58168029785156,
            "dy": 227.09091186523438,
            "timestamp": 320
        },
        {
            "dx": 91.70918273925781,
            "dy": 228.43649291992188,
            "timestamp": 320
        },
        {
            "dx": 89.01811218261719,
            "dy": 229.8182373046875,
            "timestamp": 320
        },
        {
            "dx": 86.21804809570312,
            "dy": 230.69107055664062,
            "timestamp": 336
        },
        {
            "dx": 83.0546875,
            "dy": 232.03622436523438,
            "timestamp": 336
        },
        {
            "dx": 79.52734375,
            "dy": 233.12713623046875,
            "timestamp": 336
        },
        {
            "dx": 76.2546157836914,
            "dy": 234,
            "timestamp": 352
        },
        {
            "dx": 73.1999282836914,
            "dy": 234.7635498046875,
            "timestamp": 353
        },
        {
            "dx": 70.8000717163086,
            "dy": 235.56356811523438,
            "timestamp": 353
        },
        {
            "dx": 68.50923156738281,
            "dy": 236.14559936523438,
            "timestamp": 353
        },
        {
            "dx": 66.10902404785156,
            "dy": 236.727294921875,
            "timestamp": 353
        },
        {
            "dx": 63.49076843261719,
            "dy": 237.199951171875,
            "timestamp": 369
        },
        {
            "dx": 60.90910339355469,
            "dy": 237.60015869140625,
            "timestamp": 370
        },
        {
            "dx": 58.218040466308594,
            "dy": 237.781982421875,
            "timestamp": 370
        },
        {
            "dx": 55.63636779785156,
            "dy": 237.8909912109375,
            "timestamp": 370
        },
        {
            "dx": 53.16371154785156,
            "dy": 237.8909912109375,
            "timestamp": 384
        },
        {
            "dx": 50.83629608154297,
            "dy": 237.60015869140625,
            "timestamp": 385
        },
        {
            "dx": 48.65447235107422,
            "dy": 237.3089599609375,
            "timestamp": 385
        },
        {
            "dx": 46.618255615234375,
            "dy": 236.90914916992188,
            "timestamp": 385
        },
        {
            "dx": 44.800071716308594,
            "dy": 236.54547119140625,
            "timestamp": 400
        },
        {
            "dx": 42.909095764160156,
            "dy": 236.03622436523438,
            "timestamp": 400
        },
        {
            "dx": 41.0546875,
            "dy": 235.45455932617188,
            "timestamp": 400
        },
        {
            "dx": 38.69105529785156,
            "dy": 234.58169555664062,
            "timestamp": 400
        },
        {
            "dx": 36.47265625,
            "dy": 233.4183349609375,
            "timestamp": 417
        },
        {
            "dx": 34.54545593261719,
            "dy": 232.14559936523438,
            "timestamp": 417
        },
        {
            "dx": 32.727272033691406,
            "dy": 230.8729248046875,
            "timestamp": 417
        },
        {
            "dx": 31.090911865234375,
            "dy": 229.4183349609375,
            "timestamp": 417
        },
        {
            "dx": 29.563568115234375,
            "dy": 227.672607421875,
            "timestamp": 434
        },
        {
            "dx": 28.399856567382812,
            "dy": 225.70916748046875,
            "timestamp": 434
        },
        {
            "dx": 27.0546875,
            "dy": 223.60015869140625,
            "timestamp": 434
        },
        {
            "dx": 25.927200317382812,
            "dy": 220.8729248046875,
            "timestamp": 435
        },
        {
            "dx": 25.0546875,
            "dy": 218.03622436523438,
            "timestamp": 449
        },
        {
            "dx": 0,
            "dy": 0,
            "timestamp": 450
        },
        {
            "dx": 205.6001434326172,
            "dy": 44.90911865234375,
            "timestamp": 768
        },
        {
            "dx": 206.3998565673828,
            "dy": 46.3636474609375,
            "timestamp": 768
        },
        {
            "dx": 207.23651123046875,
            "dy": 47.81819152832031,
            "timestamp": 768
        },
        {
            "dx": 207.8181915283203,
            "dy": 48.800079345703125,
            "timestamp": 796
        },
        {
            "dx": 208.3998565673828,
            "dy": 49.78196716308594,
            "timestamp": 796
        },
        {
            "dx": 208.8728790283203,
            "dy": 50.54545593261719,
            "timestamp": 796
        },
        {
            "dx": 209.38177490234375,
            "dy": 51.23651123046875,
            "timestamp": 796
        },
        {
            "dx": 209.74537658691406,
            "dy": 51.70916748046875,
            "timestamp": 796
        },
        {
            "dx": 210.03623962402344,
            "dy": 52.10902404785156,
            "timestamp": 797
        },
        {
            "dx": 210.4364776611328,
            "dy": 52.50926208496094,
            "timestamp": 797
        },
        {
            "dx": 210.80006408691406,
            "dy": 52.87287902832031,
            "timestamp": 820
        },
        {
            "dx": 211.09092712402344,
            "dy": 53.16371154785156,
            "timestamp": 820
        },
        {
            "dx": 211.6001434326172,
            "dy": 53.563568115234375,
            "timestamp": 820
        },
        {
            "dx": 212.25462341308594,
            "dy": 54.07279968261719,
            "timestamp": 820
        },
        {
            "dx": 213.1271514892578,
            "dy": 54.54545593261719,
            "timestamp": 820
        },
        {
            "dx": 214.8728790283203,
            "dy": 55.23651123046875,
            "timestamp": 820
        },
        {
            "dx": 216.58168029785156,
            "dy": 55.70916748046875,
            "timestamp": 843
        },
        {
            "dx": 218.5092315673828,
            "dy": 56,
            "timestamp": 843
        },
        {
            "dx": 219.8544464111328,
            "dy": 56.10902404785156,
            "timestamp": 844
        },
        {
            "dx": 220.83628845214844,
            "dy": 56.10902404785156,
            "timestamp": 844
        },
        {
            "dx": 221.67259216308594,
            "dy": 56.10902404785156,
            "timestamp": 844
        },
        {
            "dx": 222.36363220214844,
            "dy": 56.10902404785156,
            "timestamp": 869
        },
        {
            "dx": 223.1271514892578,
            "dy": 56.10902404785156,
            "timestamp": 869
        },
        {
            "dx": 224.00001525878906,
            "dy": 56.10902404785156,
            "timestamp": 869
        },
        {
            "dx": 224.7635040283203,
            "dy": 56.10902404785156,
            "timestamp": 869
        },
        {
            "dx": 225.52735900878906,
            "dy": 56.10902404785156,
            "timestamp": 869
        },
        {
            "dx": 226.10902404785156,
            "dy": 56.10902404785156,
            "timestamp": 870
        },
        {
            "dx": 226.80006408691406,
            "dy": 56.10902404785156,
            "timestamp": 890
        },
        {
            "dx": 227.4545440673828,
            "dy": 56.10902404785156,
            "timestamp": 890
        },
        {
            "dx": 228.14561462402344,
            "dy": 56.10902404785156,
            "timestamp": 890
        },
        {
            "dx": 228.72727966308594,
            "dy": 56.10902404785156,
            "timestamp": 891
        },
        {
            "dx": 229.3817901611328,
            "dy": 56.10902404785156,
            "timestamp": 891
        },
        {
            "dx": 230.0727996826172,
            "dy": 56.10902404785156,
            "timestamp": 891
        },
        {
            "dx": 230.9091339111328,
            "dy": 56.18182373046875,
            "timestamp": 911
        },
        {
            "dx": 232.0727996826172,
            "dy": 56.39988708496094,
            "timestamp": 912
        },
        {
            "dx": 233.1271514892578,
            "dy": 56.58168029785156,
            "timestamp": 912
        },
        {
            "dx": 234.10902404785156,
            "dy": 56.87287902832031,
            "timestamp": 912
        },
        {
            "dx": 235.16371154785156,
            "dy": 57.16371154785156,
            "timestamp": 912
        },
        {
            "dx": 236.10902404785156,
            "dy": 57.45457458496094,
            "timestamp": 931
        },
        {
            "dx": 237.09092712402344,
            "dy": 57.745391845703125,
            "timestamp": 931
        },
        {
            "dx": 239.09092712402344,
            "dy": 58.72727966308594,
            "timestamp": 932
        },
        {
            "dx": 240.94532775878906,
            "dy": 59.70916748046875,
            "timestamp": 932
        },
        {
            "dx": 242.6544952392578,
            "dy": 60.76348876953125,
            "timestamp": 932
        },
        {
            "dx": 244.10902404785156,
            "dy": 61.854400634765625,
            "timestamp": 950
        },
        {
            "dx": 245.4545440673828,
            "dy": 62.909088134765625,
            "timestamp": 951
        },
        {
            "dx": 247.19993591308594,
            "dy": 64.3636474609375,
            "timestamp": 951
        },
        {
            "dx": 248.61827087402344,
            "dy": 65.74539184570312,
            "timestamp": 951
        },
        {
            "dx": 250.0727996826172,
            "dy": 67.38174438476562,
            "timestamp": 951
        },
        {
            "dx": 251.52735900878906,
            "dy": 69.23651123046875,
            "timestamp": 971
        },
        {
            "dx": 252.9818878173828,
            "dy": 71.60015869140625,
            "timestamp": 971
        },
        {
            "dx": 254.21803283691406,
            "dy": 73.92724609375,
            "timestamp": 971
        },
        {
            "dx": 255.27272033691406,
            "dy": 76.3636474609375,
            "timestamp": 972
        },
        {
            "dx": 0,
            "dy": 0,
            "timestamp": 973
        }
    ]
]