[
    [
        {
            "dx": 213.66159057617188,
            "dy": 102.31625366210938,
            "timestamp": 0
        },
        {
            "dx": 214.160888671875,
            "dy": 102.81594848632812,
            "timestamp": 67
        },
        {
            "dx": 214.6602020263672,
            "dy": 103.31564331054688,
            "timestamp": 76
        },
        {
            "dx": 217.65603637695312,
            "dy": 105.81414794921875,
            "timestamp": 83
        },
        {
            "dx": 220.65187072753906,
            "dy": 108.3126220703125,
            "timestamp": 92
        },
        {
            "dx": 225.6449432373047,
            "dy": 112.3101806640625,
            "timestamp": 100
        },
        {
            "dx": 230.63800048828125,
            "dy": 116.3077392578125,
            "timestamp": 109
        },
        {
            "dx": 235.63107299804688,
            "dy": 121.3046875,
            "timestamp": 117
        },
        {
            "dx": 241.12344360351562,
            "dy": 125.80194091796875,
            "timestamp": 125
        },
        {
            "dx": 245.11788940429688,
            "dy": 130.2991943359375,
            "timestamp": 134
        },
        {
            "dx": 249.11233520507812,
            "dy": 134.79644775390625,
            "timestamp": 142
        },
        {
            "dx": 250.61026000976562,
            "dy": 137.79464721679688,
            "timestamp": 150
        },
        {
            "dx": 252.60748291015625,
            "dy": 140.79281616210938,
            "timestamp": 159
        },
        {
            "dx": 253.60610961914062,
            "dy": 143.29129028320312,
            "timestamp": 167
        },
        {
            "dx": 254.604736328125,
            "dy": 146.28945922851562,
            "timestamp": 176
        },
        {
            "dx": 254.604736328125,
            "dy": 148.28823852539062,
            "timestamp": 184
        },
        {
            "dx": 254.604736328125,
            "dy": 150.28701782226562,
            "timestamp": 192
        },
        {
            "dx": 253.60610961914062,
            "dy": 152.78549194335938,
            "timestamp": 200
        },
        {
            "dx": 253.1068115234375,
            "dy": 155.28396606445312,
            "timestamp": 209
        },
        {
            "dx": 250.61026000976562,
            "dy": 157.78244018554688,
            "timestamp": 217
        },
        {
            "dx": 248.11373901367188,
            "dy": 160.28091430664062,
            "timestamp": 226
        },
        {
            "dx": 243.12066650390625,
            "dy": 163.27908325195312,
            "timestamp": 234
        },
        {
            "dx": 238.12759399414062,
            "dy": 166.27725219726562,
            "timestamp": 243
        },
        {
            "dx": 231.1373291015625,
            "dy": 168.7757568359375,
            "timestamp": 251
        },
        {
            "dx": 224.64633178710938,
            "dy": 171.77392578125,
            "timestamp": 259
        },
        {
            "dx": 216.15811157226562,
            "dy": 173.772705078125,
            "timestamp": 267
        },
        {
            "dx": 208.16921997070312,
            "dy": 176.27117919921875,
            "timestamp": 276
        },
        {
            "dx": 199.68099975585938,
            "dy": 178.26995849609375,
            "timestamp": 284
        },
        {
            "dx": 191.6920928955078,
            "dy": 180.26873779296875,
            "timestamp": 293
        },
        {
            "dx": 184.20249938964844,
            "dy": 181.767822265625,
            "timestamp": 301
        },
        {
            "dx": 177.2122039794922,
            "dy": 183.26690673828125,
            "timestamp": 310
        },
        {
            "dx": 170.72122192382812,
            "dy": 184.26629638671875,
            "timestamp": 317
        },
        {
            "dx": 164.72955322265625,
            "dy": 185.765380859375,
            "timestamp": 326
        },
        {
            "dx": 159.23716735839844,
            "dy": 186.7647705078125,
            "timestamp": 334
        },
        {
            "dx": 154.24411010742188,
            "dy": 187.76416015625,
            "timestamp": 343
        },
        {
            "dx": 148.75173950195312,
            "dy": 187.76416015625,
            "timestamp": 351
        },
        {
            "dx": 143.7586669921875,
            "dy": 188.26385498046875,
            "timestamp": 360
        },
        {
            "dx": 138.26629638671875,
            "dy": 187.76416015625,
            "timestamp": 367
        },
        {
            "dx": 132.77392578125,
            "dy": 187.26446533203125,
            "timestamp": 377
        },
        {
            "dx": 127.28155517578125,
            "dy": 186.26507568359375,
            "timestamp": 384
        },
        {
            "dx": 122.28849792480469,
            "dy": 185.26568603515625,
            "timestamp": 393
        },
        {
            "dx": 117.79473876953125,
            "dy": 183.7666015625,
            "timestamp": 401
        },
        {
            "dx": 113.30097961425781,
            "dy": 182.26751708984375,
            "timestamp": 410
        },
        {
            "dx": 109.80583190917969,
            "dy": 180.26873779296875,
            "timestamp": 418
        },
        {
            "dx": 106.31068420410156,
            "dy": 178.26995849609375,
            "timestamp": 427
        },
        {
            "dx": 103.31484985351562,
            "dy": 175.771484375,
            "timestamp": 435
        },
        {
            "dx": 100.31900024414062,
            "dy": 173.27301025390625,
            "timestamp": 444
        },
        {
            "dx": 97.32316589355469,
            "dy": 169.775146484375,
            "timestamp": 451
        },
        {
            "dx": 94.32732391357422,
            "dy": 166.77694702148438,
            "timestamp": 460
        },
        {
            "dx": 91.33148956298828,
            "dy": 162.77938842773438,
            "timestamp": 468
        },
        {
            "dx": 88.83495330810547,
            "dy": 159.28152465820312,
            "timestamp": 477
        },
        {
            "dx": 86.33842468261719,
            "dy": 156.28335571289062,
            "timestamp": 485
        },
        {
            "dx": 83.84188842773438,
            "dy": 152.78549194335938,
            "timestamp": 494
        },
        {
            "dx": 81.84466552734375,
            "dy": 149.78732299804688,
            "timestamp": 501
        },
        {
            "dx": 80.34674072265625,
            "dy": 146.78915405273438,
            "timestamp": 510
        },
        {
            "dx": 78.84882354736328,
            "dy": 143.29129028320312,
            "timestamp": 518
        },
        {
            "dx": 77.35090637207031,
            "dy": 140.29312133789062,
            "timestamp": 527
        },
        {
            "dx": 76.35228729248047,
            "dy": 137.29495239257812,
            "timestamp": 535
        },
        {
            "dx": 75.35367584228516,
            "dy": 134.79644775390625,
            "timestamp": 544
        },
        {
            "dx": 74.35506439208984,
            "dy": 131.79827880859375,
            "timestamp": 552
        },
        {
            "dx": 73.85575866699219,
            "dy": 128.80010986328125,
            "timestamp": 560
        },
        {
            "dx": 73.35645294189453,
            "dy": 126.3016357421875,
            "timestamp": 568
        },
        {
            "dx": 72.85714721679688,
            "dy": 124.80255126953125,
            "timestamp": 577
        },
        {
            "dx": 72.35784149169922,
            "dy": 122.80377197265625,
            "timestamp": 585
        },
        {
            "dx": 71.85853576660156,
            "dy": 121.3046875,
            "timestamp": 594
        },
        {
            "dx": 71.35922241210938,
            "dy": 119.80560302734375,
            "timestamp": 602
        },
        {
            "dx": 71.35922241210938,
            "dy": 118.3065185546875,
            "timestamp": 611
        },
        {
            "dx": 71.35922241210938,
            "dy": 117.30712890625,
            "timestamp": 619
        },
        {
            "dx": 71.35922241210938,
            "dy": 116.80743408203125,
            "timestamp": 627
        },
        {
            "dx": 71.35922241210938,
            "dy": 116.3077392578125,
            "timestamp": 636
        },
        {
            "dx": 71.85853576660156,
            "dy": 115.80804443359375,
            "timestamp": 644
        },
        {
            "dx": 72.35784149169922,
            "dy": 115.308349609375,
            "timestamp": 652
        },
        {
            "dx": 72.85714721679688,
            "dy": 115.308349609375,
            "timestamp": 661
        },
        {
            "dx": 73.35645294189453,
            "dy": 114.80865478515625,
            "timestamp": 668
        },
        {
            "dx": 74.35506439208984,
            "dy": 114.80865478515625,
            "timestamp": 677
        },
        {
            "dx": 0.0,
            "dy": 0.0,
            "timestamp": 686
        },
        {
            "dx": 142.7600555419922,
            "dy": 114.80865478515625,
            "timestamp": 903
        },
        {
            "dx": 142.7600555419922,
            "dy": 114.80865478515625,
            "timestamp": 920
        },
        {
            "dx": 142.7600555419922,
            "dy": 114.80865478515625,
            "timestamp": 937
        },
        {
            "dx": 142.7600555419922,
            "dy": 114.80865478515625,
            "timestamp": 987
        },
        {
            "dx": 142.7600555419922,
            "dy": 114.80865478515625,
            "timestamp": 1054
        },
        {
            "dx": 142.7600555419922,
            "dy": 114.80865478515625,
            "timestamp": 1170
        },
        {
            "dx": 142.7600555419922,
            "dy": 114.80865478515625,
            "timestamp": 1237
        },
        {
            "dx": 0.0,
            "dy": 0.0,
            "timestamp": 1255
        },
        {
            "dx": 180.2080535888672,
            "dy": 111.81048583984375,
            "timestamp": 1505
        },
        {
            "dx": 180.2080535888672,
            "dy": 111.81048583984375,
            "timestamp": 1523
        },
        {
            "dx": 180.2080535888672,
            "dy": 111.81048583984375,
            "timestamp": 1622
        },
        {
            "dx": 180.2080535888672,
            "dy": 111.81048583984375,
            "timestamp": 1706
        },
        {
            "dx": 179.20944213867188,
            "dy": 111.81048583984375,
            "timestamp": 1739
        },
        {
            "dx": 178.7101287841797,
            "dy": 112.3101806640625,
            "timestamp": 1748
        },
        {
            "dx": 177.2122039794922,
            "dy": 112.80987548828125,
            "timestamp": 1756
        },
        {
            "dx": 175.71429443359375,
            "dy": 113.3095703125,
            "timestamp": 1765
        },
        {
            "dx": 174.21636962890625,
            "dy": 113.3095703125,
            "timestamp": 1773
        },
        {
            "dx": 172.71844482421875,
            "dy": 113.80926513671875,
            "timestamp": 1782
        },
        {
            "dx": 171.71983337402344,
            "dy": 113.80926513671875,
            "timestamp": 1790
        },
        {
            "dx": 171.2205352783203,
            "dy": 113.80926513671875,
            "timestamp": 1798
        },
        {
            "dx": 171.2205352783203,
            "dy": 113.3095703125,
            "timestamp": 1806
        },
        {
            "dx": 171.71983337402344,
            "dy": 113.3095703125,
            "timestamp": 1815
        },
        {
            "dx": 172.71844482421875,
            "dy": 112.3101806640625,
            "timestamp": 1823
        },
        {
            "dx": 173.71707153320312,
            "dy": 111.310791015625,
            "timestamp": 1832
        },
        {
            "dx": 174.71568298339844,
            "dy": 110.3114013671875,
            "timestamp": 1839
        },
        {
            "dx": 176.21359252929688,
            "dy": 109.81170654296875,
            "timestamp": 1848
        },
        {
            "dx": 0.0,
            "dy": 0.0,
            "timestamp": 1856
        },
        {
            "dx": 145.256591796875,
            "dy": 84.32723999023438,
            "timestamp": 2174
        },
        {
            "dx": 145.256591796875,
            "dy": 84.32723999023438,
            "timestamp": 2191
        },
        {
            "dx": 145.256591796875,
            "dy": 84.32723999023438,
            "timestamp": 2408
        },
        {
            "dx": 145.256591796875,
            "dy": 84.32723999023438,
            "timestamp": 2425
        },
        {
            "dx": 145.7559051513672,
            "dy": 84.32723999023438,
            "timestamp": 2475
        },
        {
            "dx": 146.2552032470703,
            "dy": 84.82693481445312,
            "timestamp": 2484
        },
        {
            "dx": 147.25381469726562,
            "dy": 85.32662963867188,
            "timestamp": 2492
        },
        {
            "dx": 148.25242614746094,
            "dy": 86.32601928710938,
            "timestamp": 2501
        },
        {
            "dx": 149.25103759765625,
            "dy": 86.82571411132812,
            "timestamp": 2509
        },
        {
            "dx": 150.24966430664062,
            "dy": 87.82510375976562,
            "timestamp": 2517
        },
        {
            "dx": 150.74896240234375,
            "dy": 88.32479858398438,
            "timestamp": 2526
        },
        {
            "dx": 151.74757385253906,
            "dy": 88.82449340820312,
            "timestamp": 2534
        },
        {
            "dx": 151.74757385253906,
            "dy": 89.32418823242188,
            "timestamp": 2551
        },
        {
            "dx": 151.24827575683594,
            "dy": 88.82449340820312,
            "timestamp": 2559
        },
        {
            "dx": 151.24827575683594,
            "dy": 88.32479858398438,
            "timestamp": 2576
        },
        {
            "dx": 150.74896240234375,
            "dy": 87.82510375976562,
            "timestamp": 2593
        },
        {
            "dx": 150.24966430664062,
            "dy": 87.82510375976562,
            "timestamp": 2601
        },
        {
            "dx": 149.25103759765625,
            "dy": 87.32540893554688,
            "timestamp": 2609
        },
        {
            "dx": 148.25242614746094,
            "dy": 86.82571411132812,
            "timestamp": 2618
        },
        {
            "dx": 0.0,
            "dy": 0.0,
            "timestamp": 2625
        }
    ],
    [
        {
            "dx": 249.99999999999997,
            "dy": 160.99999999999994,
            "timestamp": 0
        },
        {
            "dx": 237.99999999999997,
            "dy": 175.99999999999994,
            "timestamp": 19
        },
        {
            "dx": 196.99999999999997,
            "dy": 205,
            "timestamp": 58
        },
        {
            "dx": 161.99999999999994,
            "dy": 219.99999999999994,
            "timestamp": 97
        },
        {
            "dx": 126.99999999999997,
            "dy": 225.99999999999994,
            "timestamp": 128
        },
        {
            "dx": 99.99999999999997,
            "dy": 217.9999999999999,
            "timestamp": 158
        },
        {
            "dx": 83.99999999999997,
            "dy": 203.99999999999994,
            "timestamp": 189
        },
        {
            "dx": 73.99999999999997,
            "dy": 188.99999999999994,
            "timestamp": 222
        },
        {
            "dx": 69.99999999999997,
            "dy": 170.99999999999994,
            "timestamp": 251
        },
        {
            "dx": 69.99999999999997,
            "dy": 163.9999999999999,
            "timestamp": 276
        },
        {
            "dx": 68.99999999999997,
            "dy": 150.99999999999994,
            "timestamp": 306
        },
        {
            "dx": 69.99999999999997,
            "dy": 146.99999999999994,
            "timestamp": 327
        },
        {
            "dx": 70.99999999999997,
            "dy": 142.99999999999994,
            "timestamp": 355
        },
        {
            "dx": 70.99999999999997,
            "dy": 139.99999999999994,
            "timestamp": 356
        },
        {
            "dx": 71.99999999999997,
            "dy": 139.99999999999994,
            "timestamp": 356
        },
        {
            "dx": 0,
            "dy": 0,
            "timestamp": 357
        },
        {
            "dx": 120.99999999999997,
            "dy": 153.99999999999994,
            "timestamp": 583
        },
        {
            "dx": 125.99999999999997,
            "dy": 160.99999999999994,
            "timestamp": 616
        },
        {
            "dx": 138.99999999999997,
            "dy": 160.99999999999994,
            "timestamp": 651
        },
        {
            "dx": 140.99999999999997,
            "dy": 156.99999999999994,
            "timestamp": 671
        },
        {
            "dx": 140.99999999999997,
            "dy": 152.99999999999994,
            "timestamp": 704
        },
        {
            "dx": 140.99999999999997,
            "dy": 148.99999999999994,
            "timestamp": 704
        },
        {
            "dx": 139.99999999999994,
            "dy": 145.99999999999994,
            "timestamp": 727
        },
        {
            "dx": 136.99999999999997,
            "dy": 141.99999999999994,
            "timestamp": 757
        },
        {
            "dx": 133.99999999999997,
            "dy": 141.99999999999994,
            "timestamp": 786
        },
        {
            "dx": 131.99999999999997,
            "dy": 142.99999999999994,
            "timestamp": 787
        },
        {
            "dx": 128.99999999999997,
            "dy": 144.99999999999994,
            "timestamp": 811
        },
        {
            "dx": 123.99999999999997,
            "dy": 149.99999999999994,
            "timestamp": 844
        },
        {
            "dx": 122.99999999999997,
            "dy": 150.99999999999994,
            "timestamp": 870
        },
        {
            "dx": 122.99999999999997,
            "dy": 152.99999999999994,
            "timestamp": 871
        },
        {
            "dx": 123.99999999999997,
            "dy": 153.99999999999994,
            "timestamp": 891
        },
        {
            "dx": 124.99999999999997,
            "dy": 153.99999999999994,
            "timestamp": 910
        },
        {
            "dx": 0,
            "dy": 0,
            "timestamp": 911
        },
        {
            "dx": 178.99999999999997,
            "dy": 143.99999999999994,
            "timestamp": 1116
        },
        {
            "dx": 175.99999999999997,
            "dy": 152.99999999999994,
            "timestamp": 1138
        },
        {
            "dx": 174.99999999999997,
            "dy": 159.99999999999994,
            "timestamp": 1175
        },
        {
            "dx": 174.99999999999997,
            "dy": 164.99999999999994,
            "timestamp": 1175
        },
        {
            "dx": 178,
            "dy": 167.99999999999994,
            "timestamp": 1200
        },
        {
            "dx": 179.99999999999997,
            "dy": 166.99999999999994,
            "timestamp": 1221
        },
        {
            "dx": 183,
            "dy": 164.99999999999994,
            "timestamp": 1255
        },
        {
            "dx": 185.99999999999997,
            "dy": 161.99999999999994,
            "timestamp": 1255
        },
        {
            "dx": 186.99999999999997,
            "dy": 156.99999999999994,
            "timestamp": 1279
        },
        {
            "dx": 186.99999999999997,
            "dy": 148.99999999999994,
            "timestamp": 1308
        },
        {
            "dx": 185.99999999999997,
            "dy": 145.99999999999994,
            "timestamp": 1334
        },
        {
            "dx": 183.99999999999994,
            "dy": 144.99999999999994,
            "timestamp": 1334
        },
        {
            "dx": 181.99999999999997,
            "dy": 144.99999999999994,
            "timestamp": 1355
        },
        {
            "dx": 180.99999999999997,
            "dy": 144.99999999999994,
            "timestamp": 1384
        },
        {
            "dx": 179.99999999999997,
            "dy": 145.99999999999994,
            "timestamp": 1384
        },
        {
            "dx": 179.99999999999997,
            "dy": 145.99999999999994,
            "timestamp": 1404
        },
        {
            "dx": 0,
            "dy": 0,
            "timestamp": 1405
        },
        {
            "dx": 146.99999999999997,
            "dy": 114.99999999999994,
            "timestamp": 1599
        },
        {
            "dx": 150,
            "dy": 118.99999999999994,
            "timestamp": 1619
        },
        {
            "dx": 153.99999999999997,
            "dy": 120.99999999999994,
            "timestamp": 1654
        },
        {
            "dx": 156,
            "dy": 118.99999999999994,
            "timestamp": 1654
        },
        {
            "dx": 157.99999999999997,
            "dy": 115.99999999999994,
            "timestamp": 1675
        },
        {
            "dx": 159.99999999999997,
            "dy": 105.99999999999994,
            "timestamp": 1704
        },
        {
            "dx": 158.99999999999997,
            "dy": 102.99999999999994,
            "timestamp": 1735
        },
        {
            "dx": 157.99999999999997,
            "dy": 98.99999999999994,
            "timestamp": 1735
        },
        {
            "dx": 156,
            "dy": 96.99999999999994,
            "timestamp": 1761
        },
        {
            "dx": 150.99999999999994,
            "dy": 99.99999999999994,
            "timestamp": 1788
        },
        {
            "dx": 145.99999999999994,
            "dy": 109.99999999999994,
            "timestamp": 1814
        },
        {
            "dx": 0,
            "dy": 0,
            "timestamp": 1815
        }
    ],
    [
        {
            "dx": 251.7679443359375,
            "dy": 153.8070068359375,
            "timestamp": 0
        },
        {
            "dx": 251.56704711914062,
            "dy": 153.8070068359375,
            "timestamp": 21
        },
        {
            "dx": 251.3660888671875,
            "dy": 153.8070068359375,
            "timestamp": 59
        },
        {
            "dx": 251.16519165039062,
            "dy": 153.8070068359375,
            "timestamp": 59
        },
        {
            "dx": 250.86392211914062,
            "dy": 154.21987915039062,
            "timestamp": 59
        },
        {
            "dx": 250.5625,
            "dy": 154.83929443359375,
            "timestamp": 60
        },
        {
            "dx": 250.3616943359375,
            "dy": 155.66519165039062,
            "timestamp": 95
        },
        {
            "dx": 250.16079711914062,
            "dy": 156.90411376953125,
            "timestamp": 96
        },
        {
            "dx": 249.75894165039062,
            "dy": 159.79473876953125,
            "timestamp": 96
        },
        {
            "dx": 249.2567138671875,
            "dy": 163.30477905273438,
            "timestamp": 96
        },
        {
            "dx": 248.5535888671875,
            "dy": 169.7054443359375,
            "timestamp": 96
        },
        {
            "dx": 247.64956665039062,
            "dy": 175.89956665039062,
            "timestamp": 131
        },
        {
            "dx": 247.64956665039062,
            "dy": 182.09384155273438,
            "timestamp": 131
        },
        {
            "dx": 247.24777221679688,
            "dy": 186.22323608398438,
            "timestamp": 132
        },
        {
            "dx": 246.64517211914062,
            "dy": 189.11386108398438,
            "timestamp": 132
        },
        {
            "dx": 246.24331665039062,
            "dy": 191.59161376953125,
            "timestamp": 165
        },
        {
            "dx": 246.04241943359375,
            "dy": 193.86273193359375,
            "timestamp": 165
        },
        {
            "dx": 245.0379638671875,
            "dy": 195.92755126953125,
            "timestamp": 165
        },
        {
            "dx": 244.234375,
            "dy": 197.78573608398438,
            "timestamp": 165
        },
        {
            "dx": 243.3304443359375,
            "dy": 199.64398193359375,
            "timestamp": 201
        },
        {
            "dx": 242.125,
            "dy": 200.88290405273438,
            "timestamp": 201
        },
        {
            "dx": 240.71875,
            "dy": 201.91519165039062,
            "timestamp": 201
        },
        {
            "dx": 239.61392211914062,
            "dy": 202.7410888671875,
            "timestamp": 201
        },
        {
            "dx": 237.40402221679688,
            "dy": 204.3929443359375,
            "timestamp": 240
        },
        {
            "dx": 235.1942138671875,
            "dy": 205.21884155273438,
            "timestamp": 240
        },
        {
            "dx": 232.984375,
            "dy": 206.04473876953125,
            "timestamp": 240
        },
        {
            "dx": 230.07147216796875,
            "dy": 206.66415405273438,
            "timestamp": 240
        },
        {
            "dx": 226.45541381835938,
            "dy": 207.2835693359375,
            "timestamp": 241
        },
        {
            "dx": 221.8348388671875,
            "dy": 208.31585693359375,
            "timestamp": 279
        },
        {
            "dx": 216.00897216796875,
            "dy": 209.14175415039062,
            "timestamp": 279
        },
        {
            "dx": 209.078125,
            "dy": 209.34823608398438,
            "timestamp": 279
        },
        {
            "dx": 202.44866943359375,
            "dy": 209.76116943359375,
            "timestamp": 279
        },
        {
            "dx": 194.51339721679688,
            "dy": 209.76116943359375,
            "timestamp": 279
        },
        {
            "dx": 186.3772735595703,
            "dy": 210.38067626953125,
            "timestamp": 312
        },
        {
            "dx": 178.54241943359375,
            "dy": 211.00009155273438,
            "timestamp": 312
        },
        {
            "dx": 170.9085235595703,
            "dy": 211.6195068359375,
            "timestamp": 312
        },
        {
            "dx": 162.16964721679688,
            "dy": 212.65179443359375,
            "timestamp": 353
        },
        {
            "dx": 153.93304443359375,
            "dy": 213.68417358398438,
            "timestamp": 353
        },
        {
            "dx": 146.39959716796875,
            "dy": 213.89071655273438,
            "timestamp": 353
        },
        {
            "dx": 138.26339721679688,
            "dy": 214.5101318359375,
            "timestamp": 354
        },
        {
            "dx": 131.0312957763672,
            "dy": 215.33602905273438,
            "timestamp": 354
        },
        {
            "dx": 124.90402221679688,
            "dy": 215.9554443359375,
            "timestamp": 355
        },
        {
            "dx": 119.27902221679688,
            "dy": 216.57479858398438,
            "timestamp": 386
        },
        {
            "dx": 113.453125,
            "dy": 217.4007568359375,
            "timestamp": 387
        },
        {
            "dx": 108.02902221679688,
            "dy": 218.22665405273438,
            "timestamp": 412
        },
        {
            "dx": 103.609375,
            "dy": 219.46542358398438,
            "timestamp": 412
        },
        {
            "dx": 99.79241943359375,
            "dy": 220.2913818359375,
            "timestamp": 412
        },
        {
            "dx": 96.578125,
            "dy": 220.49786376953125,
            "timestamp": 412
        },
        {
            "dx": 94.16741943359375,
            "dy": 220.2913818359375,
            "timestamp": 412
        },
        {
            "dx": 92.15852355957031,
            "dy": 219.67196655273438,
            "timestamp": 436
        },
        {
            "dx": 90.85272216796875,
            "dy": 218.8460693359375,
            "timestamp": 436
        },
        {
            "dx": 89.74777221679688,
            "dy": 218.02011108398438,
            "timestamp": 436
        },
        {
            "dx": 89.14511108398438,
            "dy": 217.1942138671875,
            "timestamp": 461
        },
        {
            "dx": 89.14511108398438,
            "dy": 215.9554443359375,
            "timestamp": 461
        },
        {
            "dx": 89.14511108398438,
            "dy": 214.92300415039062,
            "timestamp": 461
        },
        {
            "dx": 89.24554443359375,
            "dy": 213.89071655273438,
            "timestamp": 487
        },
        {
            "dx": 89.44645690917969,
            "dy": 213.0648193359375,
            "timestamp": 487
        },
        {
            "dx": 89.64732360839844,
            "dy": 212.03237915039062,
            "timestamp": 488
        },
        {
            "dx": 90.04911804199219,
            "dy": 211.00009155273438,
            "timestamp": 512
        },
        {
            "dx": 90.45089721679688,
            "dy": 209.9676513671875,
            "timestamp": 512
        },
        {
            "dx": 91.05357360839844,
            "dy": 208.31585693359375,
            "timestamp": 512
        },
        {
            "dx": 92.56027221679688,
            "dy": 205.42523193359375,
            "timestamp": 540
        },
        {
            "dx": 93.96652221679688,
            "dy": 200.46987915039062,
            "timestamp": 540
        },
        {
            "dx": 95.77459716796875,
            "dy": 195.7210693359375,
            "timestamp": 540
        },
        {
            "dx": 96.87947082519531,
            "dy": 192.8304443359375,
            "timestamp": 566
        },
        {
            "dx": 98.18527221679688,
            "dy": 190.97210693359375,
            "timestamp": 567
        },
        {
            "dx": 98.28572082519531,
            "dy": 189.11386108398438,
            "timestamp": 567
        },
        {
            "dx": 0,
            "dy": 0,
            "timestamp": 593
        },
        {
            "dx": 157.24777221679688,
            "dy": 166.6082763671875,
            "timestamp": 1236
        },
        {
            "dx": 157.0469207763672,
            "dy": 166.6082763671875,
            "timestamp": 1293
        },
        {
            "dx": 156.8460235595703,
            "dy": 166.6082763671875,
            "timestamp": 1294
        },
        {
            "dx": 156.8460235595703,
            "dy": 166.8148193359375,
            "timestamp": 1294
        },
        {
            "dx": 156.8460235595703,
            "dy": 167.02130126953125,
            "timestamp": 1294
        },
        {
            "dx": 156.8460235595703,
            "dy": 167.22769165039062,
            "timestamp": 1294
        },
        {
            "dx": 156.6450958251953,
            "dy": 167.43417358398438,
            "timestamp": 1329
        },
        {
            "dx": 0,
            "dy": 0,
            "timestamp": 1331
        },
        {
            "dx": 193.30804443359375,
            "dy": 167.43417358398438,
            "timestamp": 1444
        },
        {
            "dx": 192.9062957763672,
            "dy": 166.8148193359375,
            "timestamp": 1459
        },
        {
            "dx": 192.5044708251953,
            "dy": 166.19540405273438,
            "timestamp": 1504
        },
        {
            "dx": 192.2031707763672,
            "dy": 165.78237915039062,
            "timestamp": 1505
        },
        {
            "dx": 192.0022735595703,
            "dy": 165.57598876953125,
            "timestamp": 1505
        },
        {
            "dx": 191.70089721679688,
            "dy": 165.57598876953125,
            "timestamp": 1506
        },
        {
            "dx": 0,
            "dy": 0,
            "timestamp": 1508
        },
        {
            "dx": 188.58709716796875,
            "dy": 135.0179443359375,
            "timestamp": 2210
        },
        {
            "dx": 188.6875457763672,
            "dy": 135.22442626953125,
            "timestamp": 2210
        },
        {
            "dx": 188.38616943359375,
            "dy": 135.84384155273438,
            "timestamp": 2211
        },
        {
            "dx": 0,
            "dy": 0,
            "timestamp": 2249
        }
    ],
    [
        {
            "dx": 244.69105529785156,
            "dy": 153.38174438476562,
            "timestamp": 0
        },
        {
            "dx": 243.7091827392578,
            "dy": 155.70916748046875,
            "timestamp": 0
        },
        {
            "dx": 242.7635040283203,
            "dy": 157.96377563476562,
            "timestamp": 1
        },
        {
            "dx": 241.7091827392578,
            "dy": 160.29086303710938,
            "timestamp": 1
        },
        {
            "dx": 240.5454559326172,
            "dy": 162.727294921875,
            "timestamp": 1
        },
        {
            "dx": 239.30894470214844,
            "dy": 165.34555053710938,
            "timestamp": 29
        },
        {
            "dx": 237.74537658691406,
            "dy": 168.07284545898438,
            "timestamp": 29
        },
        {
            "dx": 236.5092315673828,
            "dy": 170.61825561523438,
            "timestamp": 29
        },
        {
            "dx": 235.27272033691406,
            "dy": 173.0546875,
            "timestamp": 29
        },
        {
            "dx": 234.1818389892578,
            "dy": 175.09091186523438,
            "timestamp": 29
        },
        {
            "dx": 233.1271514892578,
            "dy": 177.23651123046875,
            "timestamp": 30
        },
        {
            "dx": 232.00001525878906,
            "dy": 178.80007934570312,
            "timestamp": 30
        },
        {
            "dx": 231.1271514892578,
            "dy": 180.43643188476562,
            "timestamp": 55
        },
        {
            "dx": 229.78196716308594,
            "dy": 182.18182373046875,
            "timestamp": 55
        },
        {
            "dx": 228.4364776611328,
            "dy": 184.03622436523438,
            "timestamp": 55
        },
        {
            "dx": 226.9818878173828,
            "dy": 185.60015869140625,
            "timestamp": 55
        },
        {
            "dx": 225.63636779785156,
            "dy": 187.0546875,
            "timestamp": 55
        },
        {
            "dx": 224.10902404785156,
            "dy": 188.54547119140625,
            "timestamp": 55
        },
        {
            "dx": 222.6544952392578,
            "dy": 190,
            "timestamp": 77
        },
        {
            "dx": 221.19993591308594,
            "dy": 191.27273559570312,
            "timestamp": 78
        },
        {
            "dx": 219.8544464111328,
            "dy": 192.50924682617188,
            "timestamp": 78
        },
        {
            "dx": 218.32740783691406,
            "dy": 193.781982421875,
            "timestamp": 78
        },
        {
            "dx": 216.7635040283203,
            "dy": 195.0546875,
            "timestamp": 78
        },
        {
            "dx": 215.3455352783203,
            "dy": 196.32742309570312,
            "timestamp": 78
        },
        {
            "dx": 213.41831970214844,
            "dy": 197.60015869140625,
            "timestamp": 101
        },
        {
            "dx": 211.6001434326172,
            "dy": 198.7635498046875,
            "timestamp": 102
        },
        {
            "dx": 209.4545440673828,
            "dy": 199.92721557617188,
            "timestamp": 102
        },
        {
            "dx": 207.4545440673828,
            "dy": 200.90908813476562,
            "timestamp": 102
        },
        {
            "dx": 205.41835021972656,
            "dy": 201.85440063476562,
            "timestamp": 102
        },
        {
            "dx": 203.19993591308594,
            "dy": 202.9453125,
            "timestamp": 124
        },
        {
            "dx": 200.80007934570312,
            "dy": 203.8182373046875,
            "timestamp": 124
        },
        {
            "dx": 198.5092315673828,
            "dy": 204.69107055664062,
            "timestamp": 124
        },
        {
            "dx": 196.18182373046875,
            "dy": 205.45455932617188,
            "timestamp": 124
        },
        {
            "dx": 193.96380615234375,
            "dy": 206.3636474609375,
            "timestamp": 125
        },
        {
            "dx": 191.74539184570312,
            "dy": 207.12713623046875,
            "timestamp": 125
        },
        {
            "dx": 189.74539184570312,
            "dy": 207.70916748046875,
            "timestamp": 149
        },
        {
            "dx": 187.70916748046875,
            "dy": 208.18182373046875,
            "timestamp": 149
        },
        {
            "dx": 184.90911865234375,
            "dy": 208.7635498046875,
            "timestamp": 149
        },
        {
            "dx": 182.32742309570312,
            "dy": 209.672607421875,
            "timestamp": 149
        },
        {
            "dx": 179.63636779785156,
            "dy": 210.32742309570312,
            "timestamp": 149
        },
        {
            "dx": 176.65447998046875,
            "dy": 210.61825561523438,
            "timestamp": 150
        },
        {
            "dx": 174.03622436523438,
            "dy": 211.199951171875,
            "timestamp": 173
        },
        {
            "dx": 171.4545440673828,
            "dy": 211.70916748046875,
            "timestamp": 174
        },
        {
            "dx": 168.8728790283203,
            "dy": 212.2908935546875,
            "timestamp": 174
        },
        {
            "dx": 166.25462341308594,
            "dy": 212.7635498046875,
            "timestamp": 174
        },
        {
            "dx": 163.74539184570312,
            "dy": 213.27273559570312,
            "timestamp": 174
        },
        {
            "dx": 161.0546875,
            "dy": 213.63638305664062,
            "timestamp": 174
        },
        {
            "dx": 158.36366271972656,
            "dy": 213.74539184570312,
            "timestamp": 198
        },
        {
            "dx": 155.85440063476562,
            "dy": 213.92721557617188,
            "timestamp": 198
        },
        {
            "dx": 153.3455352783203,
            "dy": 214.03622436523438,
            "timestamp": 198
        },
        {
            "dx": 151.16371154785156,
            "dy": 214.14559936523438,
            "timestamp": 199
        },
        {
            "dx": 149.0181121826172,
            "dy": 214.21804809570312,
            "timestamp": 199
        },
        {
            "dx": 146.90908813476562,
            "dy": 214.32742309570312,
            "timestamp": 199
        },
        {
            "dx": 144.61825561523438,
            "dy": 214.32742309570312,
            "timestamp": 222
        },
        {
            "dx": 142.5092315673828,
            "dy": 214.32742309570312,
            "timestamp": 222
        },
        {
            "dx": 140.2908477783203,
            "dy": 214.32742309570312,
            "timestamp": 222
        },
        {
            "dx": 138.10902404785156,
            "dy": 214.32742309570312,
            "timestamp": 222
        },
        {
            "dx": 135.2365264892578,
            "dy": 214.21804809570312,
            "timestamp": 222
        },
        {
            "dx": 132.5454559326172,
            "dy": 214.03622436523438,
            "timestamp": 222
        },
        {
            "dx": 130.03622436523438,
            "dy": 213.85440063476562,
            "timestamp": 250
        },
        {
            "dx": 127.63636779785156,
            "dy": 213.74539184570312,
            "timestamp": 250
        },
        {
            "dx": 125.34553527832031,
            "dy": 213.56356811523438,
            "timestamp": 250
        },
        {
            "dx": 123.12715148925781,
            "dy": 213.3455810546875,
            "timestamp": 250
        },
        {
            "dx": 121.01811218261719,
            "dy": 213.0546875,
            "timestamp": 250
        },
        {
            "dx": 119.12715148925781,
            "dy": 212.7635498046875,
            "timestamp": 250
        },
        {
            "dx": 117.09091186523438,
            "dy": 212.39987182617188,
            "timestamp": 250
        },
        {
            "dx": 115.19993591308594,
            "dy": 211.8909912109375,
            "timestamp": 268
        },
        {
            "dx": 112.69105529785156,
            "dy": 211.12713623046875,
            "timestamp": 268
        },
        {
            "dx": 110.29084777832031,
            "dy": 210.727294921875,
            "timestamp": 268
        },
        {
            "dx": 108.36363220214844,
            "dy": 210.03622436523438,
            "timestamp": 268
        },
        {
            "dx": 106.47265625,
            "dy": 209.38174438476562,
            "timestamp": 287
        },
        {
            "dx": 104.65449523925781,
            "dy": 208.7635498046875,
            "timestamp": 288
        },
        {
            "dx": 102.83628845214844,
            "dy": 208.18182373046875,
            "timestamp": 288
        },
        {
            "dx": 100.32742309570312,
            "dy": 207.4183349609375,
            "timestamp": 288
        },
        {
            "dx": 98.10902404785156,
            "dy": 206.54547119140625,
            "timestamp": 288
        },
        {
            "dx": 96.10902404785156,
            "dy": 205.74539184570312,
            "timestamp": 309
        },
        {
            "dx": 94.29084777832031,
            "dy": 204.98190307617188,
            "timestamp": 309
        },
        {
            "dx": 93.12715148925781,
            "dy": 204.39987182617188,
            "timestamp": 310
        },
        {
            "dx": 91.78196716308594,
            "dy": 203.8182373046875,
            "timestamp": 310
        },
        {
            "dx": 90.14559936523438,
            "dy": 203.0546875,
            "timestamp": 310
        },
        {
            "dx": 88.61825561523438,
            "dy": 202.254638671875,
            "timestamp": 331
        },
        {
            "dx": 86.98188781738281,
            "dy": 201.38174438476562,
            "timestamp": 331
        },
        {
            "dx": 85.56356811523438,
            "dy": 200.61825561523438,
            "timestamp": 331
        },
        {
            "dx": 84.10902404785156,
            "dy": 199.8182373046875,
            "timestamp": 331
        },
        {
            "dx": 82.76350402832031,
            "dy": 199.12713623046875,
            "timestamp": 331
        },
        {
            "dx": 81.52734375,
            "dy": 198.47265625,
            "timestamp": 349
        },
        {
            "dx": 80.18183135986328,
            "dy": 197.672607421875,
            "timestamp": 350
        },
        {
            "dx": 78.83629608154297,
            "dy": 196.90908813476562,
            "timestamp": 350
        },
        {
            "dx": 77.70917510986328,
            "dy": 196.10903930664062,
            "timestamp": 350
        },
        {
            "dx": 76.54545593261719,
            "dy": 195.45455932617188,
            "timestamp": 350
        },
        {
            "dx": 75.60014343261719,
            "dy": 194.7635498046875,
            "timestamp": 371
        },
        {
            "dx": 74.54545593261719,
            "dy": 194.07281494140625,
            "timestamp": 372
        },
        {
            "dx": 73.56356811523438,
            "dy": 193.38174438476562,
            "timestamp": 372
        },
        {
            "dx": 72.7272720336914,
            "dy": 192.727294921875,
            "timestamp": 372
        },
        {
            "dx": 71.85441589355469,
            "dy": 192.03622436523438,
            "timestamp": 372
        },
        {
            "dx": 70.87287139892578,
            "dy": 191.27273559570312,
            "timestamp": 372
        },
        {
            "dx": 70.03622436523438,
            "dy": 190.58169555664062,
            "timestamp": 388
        },
        {
            "dx": 69.2727279663086,
            "dy": 189.8909912109375,
            "timestamp": 389
        },
        {
            "dx": 68.50923156738281,
            "dy": 189.199951171875,
            "timestamp": 389
        },
        {
            "dx": 67.81818389892578,
            "dy": 188.54547119140625,
            "timestamp": 389
        },
        {
            "dx": 67.16371154785156,
            "dy": 187.85440063476562,
            "timestamp": 406
        },
        {
            "dx": 66.58168029785156,
            "dy": 187.16372680664062,
            "timestamp": 406
        },
        {
            "dx": 66,
            "dy": 186.39987182617188,
            "timestamp": 406
        },
        {
            "dx": 65.52734375,
            "dy": 185.70916748046875,
            "timestamp": 406
        },
        {
            "dx": 65.0546875,
            "dy": 185.01812744140625,
            "timestamp": 423
        },
        {
            "dx": 64.76349639892578,
            "dy": 184.54547119140625,
            "timestamp": 423
        },
        {
            "dx": 64.47265625,
            "dy": 184.03622436523438,
            "timestamp": 423
        },
        {
            "dx": 64.29084014892578,
            "dy": 183.56356811523438,
            "timestamp": 423
        },
        {
            "dx": 64.07279968261719,
            "dy": 183.09091186523438,
            "timestamp": 439
        },
        {
            "dx": 63.89098358154297,
            "dy": 182.39987182617188,
            "timestamp": 440
        },
        {
            "dx": 63.70917510986328,
            "dy": 181.3089599609375,
            "timestamp": 440
        },
        {
            "dx": 63.60014343261719,
            "dy": 180.3636474609375,
            "timestamp": 440
        },
        {
            "dx": 0,
            "dy": 0,
            "timestamp": 441
        },
        {
            "dx": 132.90908813476562,
            "dy": 171.96377563476562,
            "timestamp": 821
        },
        {
            "dx": 134.0727996826172,
            "dy": 172.76351928710938,
            "timestamp": 821
        },
        {
            "dx": 134.9453125,
            "dy": 173.4183349609375,
            "timestamp": 822
        },
        {
            "dx": 135.8909912109375,
            "dy": 174.10903930664062,
            "timestamp": 822
        },
        {
            "dx": 136.7635040283203,
            "dy": 174.80007934570312,
            "timestamp": 825
        },
        {
            "dx": 137.4183349609375,
            "dy": 175.27273559570312,
            "timestamp": 825
        },
        {
            "dx": 138.3998565673828,
            "dy": 175.96377563476562,
            "timestamp": 825
        },
        {
            "dx": 139.8181915283203,
            "dy": 176.8363037109375,
            "timestamp": 825
        },
        {
            "dx": 140.9818878173828,
            "dy": 177.4183349609375,
            "timestamp": 825
        },
        {
            "dx": 142.32742309570312,
            "dy": 178.21804809570312,
            "timestamp": 826
        },
        {
            "dx": 143.38174438476562,
            "dy": 178.69107055664062,
            "timestamp": 850
        },
        {
            "dx": 144.32742309570312,
            "dy": 179.16372680664062,
            "timestamp": 851
        },
        {
            "dx": 145.38174438476562,
            "dy": 179.672607421875,
            "timestamp": 851
        },
        {
            "dx": 146.14559936523438,
            "dy": 179.96377563476562,
            "timestamp": 851
        },
        {
            "dx": 147.4907684326172,
            "dy": 180.43643188476562,
            "timestamp": 851
        },
        {
            "dx": 147.89100646972656,
            "dy": 180.54547119140625,
            "timestamp": 851
        },
        {
            "dx": 148.72727966308594,
            "dy": 180.8363037109375,
            "timestamp": 851
        },
        {
            "dx": 149.41835021972656,
            "dy": 181.01812744140625,
            "timestamp": 851
        },
        {
            "dx": 150,
            "dy": 181.12713623046875,
            "timestamp": 885
        },
        {
            "dx": 150.36366271972656,
            "dy": 181.23651123046875,
            "timestamp": 885
        },
        {
            "dx": 151.0546875,
            "dy": 181.3089599609375,
            "timestamp": 885
        },
        {
            "dx": 151.70916748046875,
            "dy": 181.4183349609375,
            "timestamp": 885
        },
        {
            "dx": 152.3998565673828,
            "dy": 181.52734375,
            "timestamp": 885
        },
        {
            "dx": 153.0546875,
            "dy": 181.52734375,
            "timestamp": 886
        },
        {
            "dx": 153.74539184570312,
            "dy": 181.52734375,
            "timestamp": 886
        },
        {
            "dx": 154.43643188476562,
            "dy": 181.52734375,
            "timestamp": 886
        },
        {
            "dx": 155.09091186523438,
            "dy": 181.52734375,
            "timestamp": 911
        },
        {
            "dx": 155.78196716308594,
            "dy": 181.52734375,
            "timestamp": 911
        },
        {
            "dx": 156.5454559326172,
            "dy": 181.4183349609375,
            "timestamp": 911
        },
        {
            "dx": 157.41835021972656,
            "dy": 181.3089599609375,
            "timestamp": 912
        },
        {
            "dx": 158.36366271972656,
            "dy": 181.12713623046875,
            "timestamp": 912
        },
        {
            "dx": 159.3455352783203,
            "dy": 180.8363037109375,
            "timestamp": 912
        },
        {
            "dx": 160.3998565673828,
            "dy": 180.43643188476562,
            "timestamp": 941
        },
        {
            "dx": 161.3455352783203,
            "dy": 180.07281494140625,
            "timestamp": 944
        },
        {
            "dx": 162.32742309570312,
            "dy": 179.672607421875,
            "timestamp": 944
        },
        {
            "dx": 163.27273559570312,
            "dy": 179.16372680664062,
            "timestamp": 944
        },
        {
            "dx": 164.21804809570312,
            "dy": 178.69107055664062,
            "timestamp": 944
        },
        {
            "dx": 165.38177490234375,
            "dy": 178.21804809570312,
            "timestamp": 944
        },
        {
            "dx": 166.5454559326172,
            "dy": 177.8182373046875,
            "timestamp": 945
        },
        {
            "dx": 167.4907684326172,
            "dy": 177.4183349609375,
            "timestamp": 971
        },
        {
            "dx": 168.2908477783203,
            "dy": 177.12713623046875,
            "timestamp": 971
        },
        {
            "dx": 168.9453125,
            "dy": 176.8363037109375,
            "timestamp": 971
        },
        {
            "dx": 169.23651123046875,
            "dy": 176.65447998046875,
            "timestamp": 971
        },
        {
            "dx": 169.63636779785156,
            "dy": 176.54547119140625,
            "timestamp": 971
        },
        {
            "dx": 170,
            "dy": 176.43643188476562,
            "timestamp": 971
        },
        {
            "dx": 170.3998565673828,
            "dy": 176.3636474609375,
            "timestamp": 972
        },
        {
            "dx": 170.7635040283203,
            "dy": 176.254638671875,
            "timestamp": 972
        },
        {
            "dx": 171.16371154785156,
            "dy": 176.14559936523438,
            "timestamp": 994
        },
        {
            "dx": 171.56356811523438,
            "dy": 176.07284545898438,
            "timestamp": 994
        },
        {
            "dx": 171.85443115234375,
            "dy": 175.96377563476562,
            "timestamp": 995
        },
        {
            "dx": 172.10902404785156,
            "dy": 175.85440063476562,
            "timestamp": 995
        },
        {
            "dx": 172.32742309570312,
            "dy": 175.781982421875,
            "timestamp": 995
        },
        {
            "dx": 172.3998565673828,
            "dy": 175.781982421875,
            "timestamp": 995
        },
        {
            "dx": 172.5092315673828,
            "dy": 175.781982421875,
            "timestamp": 1015
        },
        {
            "dx": 172.61825561523438,
            "dy": 175.781982421875,
            "timestamp": 1038
        },
        {
            "dx": 172.69105529785156,
            "dy": 175.781982421875,
            "timestamp": 1059
        },
        {
            "dx": 172.80007934570312,
            "dy": 175.781982421875,
            "timestamp": 1060
        },
        {
            "dx": 172.90911865234375,
            "dy": 175.781982421875,
            "timestamp": 1060
        },
        {
            "dx": 172.9818878173828,
            "dy": 175.781982421875,
            "timestamp": 1081
        },
        {
            "dx": 173.27273559570312,
            "dy": 175.781982421875,
            "timestamp": 1082
        },
        {
            "dx": 173.56356811523438,
            "dy": 175.781982421875,
            "timestamp": 1082
        },
        {
            "dx": 174.03622436523438,
            "dy": 175.781982421875,
            "timestamp": 1082
        },
        {
            "dx": 174.61825561523438,
            "dy": 175.781982421875,
            "timestamp": 1082
        },
        {
            "dx": 175.6001434326172,
            "dy": 175.781982421875,
            "timestamp": 1082
        },
        {
            "dx": 176.83631896972656,
            "dy": 175.781982421875,
            "timestamp": 1102
        },
        {
            "dx": 178.2908477783203,
            "dy": 175.781982421875,
            "timestamp": 1102
        },
        {
            "dx": 179.8181915283203,
            "dy": 175.781982421875,
            "timestamp": 1102
        },
        {
            "dx": 0,
            "dy": 0,
            "timestamp": 1103
        },
        {
            "dx": 148.0727996826172,
            "dy": 154.254638671875,
            "timestamp": 1536
        },
        {
            "dx": 150,
            "dy": 155.23651123046875,
            "timestamp": 1537
        },
        {
            "dx": 152.21804809570312,
            "dy": 156.21804809570312,
            "timestamp": 1566
        },
        {
            "dx": 154.14559936523438,
            "dy": 157.16372680664062,
            "timestamp": 1567
        },
        {
            "dx": 0,
            "dy": 0,
            "timestamp": 1568
        }
    ],
    [
        {
            "dx": 213.6666717529297,
            "dy": 164.33334350585938,
            "timestamp": 0
        },
        {
            "dx": 213.6666717529297,
            "dy": 164.33334350585938,
            "timestamp": 5
        },
        {
            "dx": 213.6666717529297,
            "dy": 166.33334350585938,
            "timestamp": 80
        },
        {
            "dx": 213.6666717529297,
            "dy": 168.33334350585938,
            "timestamp": 81
        },
        {
            "dx": 213.33334350585938,
            "dy": 171,
            "timestamp": 106
        },
        {
            "dx": 213,
            "dy": 173.66668701171875,
            "timestamp": 106
        },
        {
            "dx": 212.33334350585938,
            "dy": 177.66668701171875,
            "timestamp": 106
        },
        {
            "dx": 211.6666717529297,
            "dy": 181,
            "timestamp": 132
        },
        {
            "dx": 211,
            "dy": 184,
            "timestamp": 133
        },
        {
            "dx": 210.33334350585938,
            "dy": 186.33334350585938,
            "timestamp": 133
        },
        {
            "dx": 209.33334350585938,
            "dy": 188.33334350585938,
            "timestamp": 159
        },
        {
            "dx": 208.33334350585938,
            "dy": 190.33334350585938,
            "timestamp": 159
        },
        {
            "dx": 207.6666717529297,
            "dy": 192,
            "timestamp": 159
        },
        {
            "dx": 207,
            "dy": 193,
            "timestamp": 160
        },
        {
            "dx": 206,
            "dy": 194,
            "timestamp": 190
        },
        {
            "dx": 205.33334350585938,
            "dy": 195,
            "timestamp": 190
        },
        {
            "dx": 203.6666717529297,
            "dy": 196.66668701171875,
            "timestamp": 191
        },
        {
            "dx": 202,
            "dy": 198,
            "timestamp": 218
        },
        {
            "dx": 199.33334350585938,
            "dy": 199.66668701171875,
            "timestamp": 218
        },
        {
            "dx": 193.6666717529297,
            "dy": 202,
            "timestamp": 218
        },
        {
            "dx": 188,
            "dy": 203.66668701171875,
            "timestamp": 219
        },
        {
            "dx": 182,
            "dy": 205,
            "timestamp": 247
        },
        {
            "dx": 174.6666717529297,
            "dy": 206.66668701171875,
            "timestamp": 248
        },
        {
            "dx": 168.6666717529297,
            "dy": 207.66668701171875,
            "timestamp": 248
        },
        {
            "dx": 163.6666717529297,
            "dy": 208.33334350585938,
            "timestamp": 280
        },
        {
            "dx": 159.33334350585938,
            "dy": 209,
            "timestamp": 281
        },
        {
            "dx": 155.6666717529297,
            "dy": 209.33334350585938,
            "timestamp": 281
        },
        {
            "dx": 153,
            "dy": 209.66668701171875,
            "timestamp": 281
        },
        {
            "dx": 150.33334350585938,
            "dy": 209.66668701171875,
            "timestamp": 309
        },
        {
            "dx": 147.33334350585938,
            "dy": 210,
            "timestamp": 310
        },
        {
            "dx": 143.6666717529297,
            "dy": 210,
            "timestamp": 310
        },
        {
            "dx": 139.33334350585938,
            "dy": 210.33334350585938,
            "timestamp": 336
        },
        {
            "dx": 135,
            "dy": 210.33334350585938,
            "timestamp": 336
        },
        {
            "dx": 131.33334350585938,
            "dy": 210.33334350585938,
            "timestamp": 337
        },
        {
            "dx": 128.33334350585938,
            "dy": 210.66668701171875,
            "timestamp": 338
        },
        {
            "dx": 125.66667175292969,
            "dy": 210.66668701171875,
            "timestamp": 365
        },
        {
            "dx": 123,
            "dy": 211,
            "timestamp": 366
        },
        {
            "dx": 120,
            "dy": 211,
            "timestamp": 366
        },
        {
            "dx": 117.33334350585938,
            "dy": 211.33334350585938,
            "timestamp": 393
        },
        {
            "dx": 114.33334350585938,
            "dy": 211.33334350585938,
            "timestamp": 393
        },
        {
            "dx": 111.66667175292969,
            "dy": 211.33334350585938,
            "timestamp": 394
        },
        {
            "dx": 109.66667175292969,
            "dy": 211.33334350585938,
            "timestamp": 394
        },
        {
            "dx": 107.66667175292969,
            "dy": 211,
            "timestamp": 418
        },
        {
            "dx": 105.66667175292969,
            "dy": 211,
            "timestamp": 419
        },
        {
            "dx": 104,
            "dy": 210.66668701171875,
            "timestamp": 419
        },
        {
            "dx": 102.66667175292969,
            "dy": 210.66668701171875,
            "timestamp": 449
        },
        {
            "dx": 101.33334350585938,
            "dy": 210.33334350585938,
            "timestamp": 450
        },
        {
            "dx": 100.33334350585938,
            "dy": 210.33334350585938,
            "timestamp": 450
        },
        {
            "dx": 98.66667175292969,
            "dy": 210,
            "timestamp": 476
        },
        {
            "dx": 97.66667175292969,
            "dy": 209.66668701171875,
            "timestamp": 477
        },
        {
            "dx": 96.33333587646484,
            "dy": 209.66668701171875,
            "timestamp": 477
        },
        {
            "dx": 94.66667175292969,
            "dy": 209.33334350585938,
            "timestamp": 477
        },
        {
            "dx": 92.66667175292969,
            "dy": 208.66668701171875,
            "timestamp": 505
        },
        {
            "dx": 90.33333587646484,
            "dy": 208.33334350585938,
            "timestamp": 506
        },
        {
            "dx": 88.33333587646484,
            "dy": 207.33334350585938,
            "timestamp": 506
        },
        {
            "dx": 86.33333587646484,
            "dy": 206.66668701171875,
            "timestamp": 533
        },
        {
            "dx": 85,
            "dy": 206,
            "timestamp": 534
        },
        {
            "dx": 83.66667175292969,
            "dy": 205.33334350585938,
            "timestamp": 534
        },
        {
            "dx": 82.66667175292969,
            "dy": 204.66668701171875,
            "timestamp": 562
        },
        {
            "dx": 82,
            "dy": 204,
            "timestamp": 563
        },
        {
            "dx": 80.66667175292969,
            "dy": 202.66668701171875,
            "timestamp": 563
        },
        {
            "dx": 80,
            "dy": 201.66668701171875,
            "timestamp": 563
        },
        {
            "dx": 79,
            "dy": 200.33334350585938,
            "timestamp": 592
        },
        {
            "dx": 78.33333587646484,
            "dy": 198.33334350585938,
            "timestamp": 592
        },
        {
            "dx": 77.66667175292969,
            "dy": 196.33334350585938,
            "timestamp": 592
        },
        {
            "dx": 77.33333587646484,
            "dy": 194.66668701171875,
            "timestamp": 593
        },
        {
            "dx": 77,
            "dy": 193,
            "timestamp": 620
        },
        {
            "dx": 77,
            "dy": 191.66668701171875,
            "timestamp": 621
        },
        {
            "dx": 77,
            "dy": 190.33334350585938,
            "timestamp": 621
        },
        {
            "dx": 77.33333587646484,
            "dy": 189,
            "timestamp": 646
        },
        {
            "dx": 77.33333587646484,
            "dy": 188,
            "timestamp": 647
        },
        {
            "dx": 78,
            "dy": 186.33334350585938,
            "timestamp": 648
        },
        {
            "dx": 78.66667175292969,
            "dy": 184.33334350585938,
            "timestamp": 693
        },
        {
            "dx": 79.66667175292969,
            "dy": 182.33334350585938,
            "timestamp": 695
        },
        {
            "dx": 80.33333587646484,
            "dy": 180.33334350585938,
            "timestamp": 695
        },
        {
            "dx": 81,
            "dy": 179,
            "timestamp": 695
        },
        {
            "dx": 81.33333587646484,
            "dy": 178,
            "timestamp": 757
        },
        {
            "dx": 82,
            "dy": 177,
            "timestamp": 758
        },
        {
            "dx": 82.33333587646484,
            "dy": 176.33334350585938,
            "timestamp": 758
        },
        {
            "dx": 82.33333587646484,
            "dy": 176,
            "timestamp": 758
        },
        {
            "dx": 82.66667175292969,
            "dy": 175.66668701171875,
            "timestamp": 758
        },
        {
            "dx": 83,
            "dy": 175,
            "timestamp": 758
        },
        {
            "dx": 83.33333587646484,
            "dy": 174.66668701171875,
            "timestamp": 758
        },
        {
            "dx": 0,
            "dy": 0,
            "timestamp": 760
        },
        {
            "dx": 144,
            "dy": 168.66668701171875,
            "timestamp": 951
        },
        {
            "dx": 144,
            "dy": 168.66668701171875,
            "timestamp": 1061
        },
        {
            "dx": 143.6666717529297,
            "dy": 168.66668701171875,
            "timestamp": 1101
        },
        {
            "dx": 143.33334350585938,
            "dy": 168.66668701171875,
            "timestamp": 1102
        },
        {
            "dx": 143,
            "dy": 169,
            "timestamp": 1102
        },
        {
            "dx": 142.6666717529297,
            "dy": 169,
            "timestamp": 1142
        },
        {
            "dx": 142.33334350585938,
            "dy": 169.33334350585938,
            "timestamp": 1143
        },
        {
            "dx": 142,
            "dy": 169.33334350585938,
            "timestamp": 1143
        },
        {
            "dx": 141.6666717529297,
            "dy": 169.33334350585938,
            "timestamp": 1144
        },
        {
            "dx": 141.33334350585938,
            "dy": 169.33334350585938,
            "timestamp": 1144
        },
        {
            "dx": 141.33334350585938,
            "dy": 169.66668701171875,
            "timestamp": 1145
        },
        {
            "dx": 141,
            "dy": 169.66668701171875,
            "timestamp": 1185
        },
        {
            "dx": 140.6666717529297,
            "dy": 169.66668701171875,
            "timestamp": 1185
        },
        {
            "dx": 140.6666717529297,
            "dy": 170,
            "timestamp": 1186
        },
        {
            "dx": 140.33334350585938,
            "dy": 170,
            "timestamp": 1186
        },
        {
            "dx": 140,
            "dy": 170,
            "timestamp": 1227
        },
        {
            "dx": 139.6666717529297,
            "dy": 170.33334350585938,
            "timestamp": 1228
        },
        {
            "dx": 139.33334350585938,
            "dy": 170.33334350585938,
            "timestamp": 1229
        },
        {
            "dx": 139,
            "dy": 170.33334350585938,
            "timestamp": 1264
        },
        {
            "dx": 138.6666717529297,
            "dy": 170.66668701171875,
            "timestamp": 1264
        },
        {
            "dx": 138.33334350585938,
            "dy": 171,
            "timestamp": 1265
        },
        {
            "dx": 137.6666717529297,
            "dy": 171,
            "timestamp": 1265
        },
        {
            "dx": 137.6666717529297,
            "dy": 171,
            "timestamp": 1294
        },
        {
            "dx": 137.6666717529297,
            "dy": 171.33334350585938,
            "timestamp": 1295
        },
        {
            "dx": 137.33334350585938,
            "dy": 171.66668701171875,
            "timestamp": 1295
        },
        {
            "dx": 137,
            "dy": 172,
            "timestamp": 1326
        },
        {
            "dx": 137,
            "dy": 172,
            "timestamp": 1327
        },
        {
            "dx": 136.6666717529297,
            "dy": 172,
            "timestamp": 1353
        },
        {
            "dx": 140.33334350585938,
            "dy": 172.66668701171875,
            "timestamp": 1378
        },
        {
            "dx": 151.33334350585938,
            "dy": 171.33334350585938,
            "timestamp": 1378
        },
        {
            "dx": 0,
            "dy": 0,
            "timestamp": 1408
        },
        {
            "dx": 176.33334350585938,
            "dy": 170.66668701171875,
            "timestamp": 1515
        },
        {
            "dx": 176.33334350585938,
            "dy": 170.66668701171875,
            "timestamp": 1626
        },
        {
            "dx": 176.33334350585938,
            "dy": 170.66668701171875,
            "timestamp": 1743
        },
        {
            "dx": 0,
            "dy": 0,
            "timestamp": 1745
        },
        {
            "dx": 150.6666717529297,
            "dy": 139.33334350585938,
            "timestamp": 2226
        },
        {
            "dx": 150.6666717529297,
            "dy": 139.33334350585938,
            "timestamp": 2343
        },
        {
            "dx": 150.6666717529297,
            "dy": 139.33334350585938,
            "timestamp": 2441
        },
        {
            "dx": 150.6666717529297,
            "dy": 139.33334350585938,
            "timestamp": 2485
        },
        {
            "dx": 0,
            "dy": 0,
            "timestamp": 2486
        }
    ],
    [
        {
            "dx": 244.41259765625,
            "dy": 83.52865600585938,
            "timestamp": 0
        },
        {
            "dx": 244.07955932617188,
            "dy": 87.19384765625,
            "timestamp": 1
        },
        {
            "dx": 243.74655151367188,
            "dy": 89.85943603515625,
            "timestamp": 27
        },
        {
            "dx": 243.74655151367188,
            "dy": 91.525390625,
            "timestamp": 27
        },
        {
            "dx": 243.74655151367188,
            "dy": 93.52459716796875,
            "timestamp": 27
        },
        {
            "dx": 243.74655151367188,
            "dy": 95.52377319335938,
            "timestamp": 28
        },
        {
            "dx": 243.41351318359375,
            "dy": 97.52294921875,
            "timestamp": 28
        },
        {
            "dx": 243.08050537109375,
            "dy": 100.521728515625,
            "timestamp": 28
        },
        {
            "dx": 242.74749755859375,
            "dy": 102.8541259765625,
            "timestamp": 28
        },
        {
            "dx": 242.74749755859375,
            "dy": 104.18695068359375,
            "timestamp": 63
        },
        {
            "dx": 242.74749755859375,
            "dy": 105.51971435546875,
            "timestamp": 63
        },
        {
            "dx": 242.74749755859375,
            "dy": 106.85250854492188,
            "timestamp": 64
        },
        {
            "dx": 242.74749755859375,
            "dy": 108.185302734375,
            "timestamp": 64
        },
        {
            "dx": 242.74749755859375,
            "dy": 109.18490600585938,
            "timestamp": 64
        },
        {
            "dx": 242.74749755859375,
            "dy": 110.18450927734375,
            "timestamp": 65
        },
        {
            "dx": 242.74749755859375,
            "dy": 110.85089111328125,
            "timestamp": 65
        },
        {
            "dx": 242.74749755859375,
            "dy": 111.8504638671875,
            "timestamp": 65
        },
        {
            "dx": 242.74749755859375,
            "dy": 112.51690673828125,
            "timestamp": 66
        },
        {
            "dx": 242.4144287109375,
            "dy": 113.18328857421875,
            "timestamp": 68
        },
        {
            "dx": 242.4144287109375,
            "dy": 113.84967041015625,
            "timestamp": 68
        },
        {
            "dx": 242.0814208984375,
            "dy": 114.51608276367188,
            "timestamp": 117
        },
        {
            "dx": 242.0814208984375,
            "dy": 114.8492431640625,
            "timestamp": 117
        },
        {
            "dx": 241.74838256835938,
            "dy": 115.51568603515625,
            "timestamp": 117
        },
        {
            "dx": 241.41537475585938,
            "dy": 116.18206787109375,
            "timestamp": 117
        },
        {
            "dx": 241.08233642578125,
            "dy": 116.5152587890625,
            "timestamp": 118
        },
        {
            "dx": 241.08233642578125,
            "dy": 117.181640625,
            "timestamp": 118
        },
        {
            "dx": 240.74932861328125,
            "dy": 117.51486206054688,
            "timestamp": 118
        },
        {
            "dx": 240.41632080078125,
            "dy": 117.8480224609375,
            "timestamp": 118
        },
        {
            "dx": 240.083251953125,
            "dy": 118.18124389648438,
            "timestamp": 118
        },
        {
            "dx": 239.417236328125,
            "dy": 118.51446533203125,
            "timestamp": 118
        },
        {
            "dx": 239.08419799804688,
            "dy": 118.84762573242188,
            "timestamp": 119
        },
        {
            "dx": 238.75115966796875,
            "dy": 118.84762573242188,
            "timestamp": 119
        },
        {
            "dx": 238.41815185546875,
            "dy": 119.18084716796875,
            "timestamp": 151
        },
        {
            "dx": 237.4190673828125,
            "dy": 119.84722900390625,
            "timestamp": 151
        },
        {
            "dx": 236.41998291015625,
            "dy": 120.180419921875,
            "timestamp": 151
        },
        {
            "dx": 235.087890625,
            "dy": 120.8468017578125,
            "timestamp": 151
        },
        {
            "dx": 233.42279052734375,
            "dy": 121.51327514648438,
            "timestamp": 151
        },
        {
            "dx": 232.09066772460938,
            "dy": 122.17962646484375,
            "timestamp": 151
        },
        {
            "dx": 230.425537109375,
            "dy": 122.5128173828125,
            "timestamp": 151
        },
        {
            "dx": 228.76043701171875,
            "dy": 123.17919921875,
            "timestamp": 152
        },
        {
            "dx": 226.76226806640625,
            "dy": 123.8455810546875,
            "timestamp": 152
        },
        {
            "dx": 225.09713745117188,
            "dy": 124.17880249023438,
            "timestamp": 185
        },
        {
            "dx": 223.09898376464844,
            "dy": 124.84518432617188,
            "timestamp": 186
        },
        {
            "dx": 220.76780700683594,
            "dy": 125.5115966796875,
            "timestamp": 187
        },
        {
            "dx": 218.43663024902344,
            "dy": 125.84481811523438,
            "timestamp": 187
        },
        {
            "dx": 216.10546875,
            "dy": 126.177978515625,
            "timestamp": 187
        },
        {
            "dx": 214.1072998046875,
            "dy": 126.51119995117188,
            "timestamp": 188
        },
        {
            "dx": 211.7761688232422,
            "dy": 126.51119995117188,
            "timestamp": 188
        },
        {
            "dx": 209.4449920654297,
            "dy": 126.8443603515625,
            "timestamp": 189
        },
        {
            "dx": 207.1138153076172,
            "dy": 127.17758178710938,
            "timestamp": 190
        },
        {
            "dx": 204.7826385498047,
            "dy": 127.51083374023438,
            "timestamp": 230
        },
        {
            "dx": 202.4514617919922,
            "dy": 127.84396362304688,
            "timestamp": 230
        },
        {
            "dx": 200.4532928466797,
            "dy": 128.17718505859375,
            "timestamp": 230
        },
        {
            "dx": 198.1221160888672,
            "dy": 128.5103759765625,
            "timestamp": 230
        },
        {
            "dx": 195.7909393310547,
            "dy": 128.84359741210938,
            "timestamp": 230
        },
        {
            "dx": 193.79278564453125,
            "dy": 128.84359741210938,
            "timestamp": 231
        },
        {
            "dx": 192.12767028808594,
            "dy": 128.84359741210938,
            "timestamp": 231
        },
        {
            "dx": 190.4625701904297,
            "dy": 128.84359741210938,
            "timestamp": 231
        },
        {
            "dx": 188.4644012451172,
            "dy": 128.84359741210938,
            "timestamp": 231
        },
        {
            "dx": 186.4662322998047,
            "dy": 128.84359741210938,
            "timestamp": 231
        },
        {
            "dx": 184.46807861328125,
            "dy": 128.84359741210938,
            "timestamp": 231
        },
        {
            "dx": 182.80296325683594,
            "dy": 128.84359741210938,
            "timestamp": 231
        },
        {
            "dx": 180.47178649902344,
            "dy": 128.84359741210938,
            "timestamp": 265
        },
        {
            "dx": 178.4736328125,
            "dy": 128.84359741210938,
            "timestamp": 265
        },
        {
            "dx": 176.4755096435547,
            "dy": 128.84359741210938,
            "timestamp": 265
        },
        {
            "dx": 174.81036376953125,
            "dy": 128.84359741210938,
            "timestamp": 266
        },
        {
            "dx": 172.81222534179688,
            "dy": 128.84359741210938,
            "timestamp": 266
        },
        {
            "dx": 171.1470947265625,
            "dy": 128.84359741210938,
            "timestamp": 266
        },
        {
            "dx": 169.4819793701172,
            "dy": 128.84359741210938,
            "timestamp": 266
        },
        {
            "dx": 167.4838104248047,
            "dy": 128.84359741210938,
            "timestamp": 266
        },
        {
            "dx": 165.48565673828125,
            "dy": 128.84359741210938,
            "timestamp": 267
        },
        {
            "dx": 163.48751831054688,
            "dy": 128.84359741210938,
            "timestamp": 267
        },
        {
            "dx": 161.48936462402344,
            "dy": 128.84359741210938,
            "timestamp": 301
        },
        {
            "dx": 159.4912109375,
            "dy": 128.5103759765625,
            "timestamp": 301
        },
        {
            "dx": 157.4930877685547,
            "dy": 128.5103759765625,
            "timestamp": 302
        },
        {
            "dx": 155.82794189453125,
            "dy": 128.5103759765625,
            "timestamp": 302
        },
        {
            "dx": 154.16282653808594,
            "dy": 128.5103759765625,
            "timestamp": 302
        },
        {
            "dx": 152.4976806640625,
            "dy": 128.17718505859375,
            "timestamp": 302
        },
        {
            "dx": 150.8325653076172,
            "dy": 127.84396362304688,
            "timestamp": 302
        },
        {
            "dx": 149.16744995117188,
            "dy": 127.51083374023438,
            "timestamp": 303
        },
        {
            "dx": 147.8353729248047,
            "dy": 127.51083374023438,
            "timestamp": 303
        },
        {
            "dx": 146.1702117919922,
            "dy": 127.17758178710938,
            "timestamp": 337
        },
        {
            "dx": 145.171142578125,
            "dy": 126.8443603515625,
            "timestamp": 337
        },
        {
            "dx": 143.5060272216797,
            "dy": 126.177978515625,
            "timestamp": 337
        },
        {
            "dx": 142.50694274902344,
            "dy": 125.84481811523438,
            "timestamp": 337
        },
        {
            "dx": 141.1748504638672,
            "dy": 125.5115966796875,
            "timestamp": 338
        },
        {
            "dx": 140.17576599121094,
            "dy": 125.17840576171875,
            "timestamp": 338
        },
        {
            "dx": 138.8436737060547,
            "dy": 124.84518432617188,
            "timestamp": 338
        },
        {
            "dx": 137.84458923339844,
            "dy": 124.51205444335938,
            "timestamp": 338
        },
        {
            "dx": 136.5124969482422,
            "dy": 124.17880249023438,
            "timestamp": 338
        },
        {
            "dx": 135.513427734375,
            "dy": 123.8455810546875,
            "timestamp": 338
        },
        {
            "dx": 134.51434326171875,
            "dy": 123.51242065429688,
            "timestamp": 370
        },
        {
            "dx": 133.51528930664062,
            "dy": 123.51242065429688,
            "timestamp": 371
        },
        {
            "dx": 132.51620483398438,
            "dy": 123.17919921875,
            "timestamp": 371
        },
        {
            "dx": 131.51712036132812,
            "dy": 122.84603881835938,
            "timestamp": 371
        },
        {
            "dx": 130.51803588867188,
            "dy": 122.84603881835938,
            "timestamp": 372
        },
        {
            "dx": 129.5189666748047,
            "dy": 122.5128173828125,
            "timestamp": 372
        },
        {
            "dx": 128.85293579101562,
            "dy": 122.17962646484375,
            "timestamp": 372
        },
        {
            "dx": 127.85385131835938,
            "dy": 122.17962646484375,
            "timestamp": 373
        },
        {
            "dx": 127.18778991699219,
            "dy": 121.84640502929688,
            "timestamp": 373
        },
        {
            "dx": 126.188720703125,
            "dy": 121.18002319335938,
            "timestamp": 407
        },
        {
            "dx": 125.18963623046875,
            "dy": 120.51364135742188,
            "timestamp": 407
        },
        {
            "dx": 124.19058227539062,
            "dy": 120.180419921875,
            "timestamp": 407
        },
        {
            "dx": 123.19149780273438,
            "dy": 119.84722900390625,
            "timestamp": 408
        },
        {
            "dx": 122.52545166015625,
            "dy": 119.5140380859375,
            "timestamp": 408
        },
        {
            "dx": 121.5263671875,
            "dy": 119.18084716796875,
            "timestamp": 408
        },
        {
            "dx": 120.52731323242188,
            "dy": 118.84762573242188,
            "timestamp": 408
        },
        {
            "dx": 119.86123657226562,
            "dy": 118.51446533203125,
            "timestamp": 408
        },
        {
            "dx": 118.86216735839844,
            "dy": 117.8480224609375,
            "timestamp": 409
        },
        {
            "dx": 118.19613647460938,
            "dy": 117.51486206054688,
            "timestamp": 444
        },
        {
            "dx": 117.19705200195312,
            "dy": 117.181640625,
            "timestamp": 445
        },
        {
            "dx": 116.53099060058594,
            "dy": 116.5152587890625,
            "timestamp": 445
        },
        {
            "dx": 115.86495971679688,
            "dy": 116.18206787109375,
            "timestamp": 445
        },
        {
            "dx": 115.19889831542969,
            "dy": 115.84884643554688,
            "timestamp": 445
        },
        {
            "dx": 114.5328369140625,
            "dy": 115.51568603515625,
            "timestamp": 445
        },
        {
            "dx": 113.86679077148438,
            "dy": 115.18246459960938,
            "timestamp": 446
        },
        {
            "dx": 113.53378295898438,
            "dy": 114.8492431640625,
            "timestamp": 446
        },
        {
            "dx": 113.20074462890625,
            "dy": 114.51608276367188,
            "timestamp": 446
        },
        {
            "dx": 112.86772155761719,
            "dy": 114.51608276367188,
            "timestamp": 446
        },
        {
            "dx": 112.20169067382812,
            "dy": 113.84967041015625,
            "timestamp": 484
        },
        {
            "dx": 111.86865234375,
            "dy": 113.84967041015625,
            "timestamp": 484
        },
        {
            "dx": 111.86865234375,
            "dy": 113.5164794921875,
            "timestamp": 484
        },
        {
            "dx": 111.20260620117188,
            "dy": 113.18328857421875,
            "timestamp": 485
        },
        {
            "dx": 110.86956787109375,
            "dy": 112.85006713867188,
            "timestamp": 485
        },
        {
            "dx": 110.86956787109375,
            "dy": 112.51690673828125,
            "timestamp": 485
        },
        {
            "dx": 110.53654479980469,
            "dy": 112.18368530273438,
            "timestamp": 485
        },
        {
            "dx": 110.53654479980469,
            "dy": 111.8504638671875,
            "timestamp": 485
        },
        {
            "dx": 110.20352172851562,
            "dy": 111.51730346679688,
            "timestamp": 485
        },
        {
            "dx": 109.87051391601562,
            "dy": 111.18408203125,
            "timestamp": 485
        },
        {
            "dx": 109.5374755859375,
            "dy": 111.18408203125,
            "timestamp": 486
        },
        {
            "dx": 109.5374755859375,
            "dy": 110.85089111328125,
            "timestamp": 522
        },
        {
            "dx": 109.20443725585938,
            "dy": 110.5177001953125,
            "timestamp": 523
        },
        {
            "dx": 108.87142944335938,
            "dy": 110.18450927734375,
            "timestamp": 523
        },
        {
            "dx": 108.53839111328125,
            "dy": 109.85128784179688,
            "timestamp": 524
        },
        {
            "dx": 108.53839111328125,
            "dy": 109.51812744140625,
            "timestamp": 524
        },
        {
            "dx": 108.53839111328125,
            "dy": 109.18490600585938,
            "timestamp": 524
        },
        {
            "dx": 108.20536804199219,
            "dy": 108.8516845703125,
            "timestamp": 524
        },
        {
            "dx": 108.20536804199219,
            "dy": 108.185302734375,
            "timestamp": 525
        },
        {
            "dx": 107.87234497070312,
            "dy": 108.185302734375,
            "timestamp": 525
        },
        {
            "dx": 0,
            "dy": 0,
            "timestamp": 557
        },
        {
            "dx": 153.82980346679688,
            "dy": 80.86309814453125,
            "timestamp": 971
        },
        {
            "dx": 154.828857421875,
            "dy": 80.86309814453125,
            "timestamp": 971
        },
        {
            "dx": 155.82794189453125,
            "dy": 81.1962890625,
            "timestamp": 972
        },
        {
            "dx": 157.4930877685547,
            "dy": 81.52947998046875,
            "timestamp": 972
        },
        {
            "dx": 159.15818786621094,
            "dy": 82.19586181640625,
            "timestamp": 1005
        },
        {
            "dx": 160.49029541015625,
            "dy": 82.86227416992188,
            "timestamp": 1006
        },
        {
            "dx": 161.48936462402344,
            "dy": 83.19549560546875,
            "timestamp": 1006
        },
        {
            "dx": 162.1554412841797,
            "dy": 83.52865600585938,
            "timestamp": 1006
        },
        {
            "dx": 163.15447998046875,
            "dy": 83.86187744140625,
            "timestamp": 1006
        },
        {
            "dx": 164.4866180419922,
            "dy": 84.195068359375,
            "timestamp": 1007
        },
        {
            "dx": 165.81869506835938,
            "dy": 84.8614501953125,
            "timestamp": 1007
        },
        {
            "dx": 167.1508026123047,
            "dy": 86.19427490234375,
            "timestamp": 1007
        },
        {
            "dx": 169.1489715576172,
            "dy": 87.19384765625,
            "timestamp": 1045
        },
        {
            "dx": 0,
            "dy": 0,
            "timestamp": 1049
        },
        {
            "dx": 187.13229370117188,
            "dy": 83.52865600585938,
            "timestamp": 1239
        },
        {
            "dx": 189.79649353027344,
            "dy": 84.195068359375,
            "timestamp": 1239
        },
        {
            "dx": 192.12767028808594,
            "dy": 84.8614501953125,
            "timestamp": 1240
        },
        {
            "dx": 194.45884704589844,
            "dy": 85.52783203125,
            "timestamp": 1240
        },
        {
            "dx": 196.45700073242188,
            "dy": 85.86105346679688,
            "timestamp": 1240
        },
        {
            "dx": 199.12118530273438,
            "dy": 86.52743530273438,
            "timestamp": 1272
        },
        {
            "dx": 202.4514617919922,
            "dy": 87.52703857421875,
            "timestamp": 1273
        },
        {
            "dx": 203.11749267578125,
            "dy": 87.8602294921875,
            "timestamp": 1273
        },
        {
            "dx": 202.7844696044922,
            "dy": 87.8602294921875,
            "timestamp": 1273
        },
        {
            "dx": 0,
            "dy": 0,
            "timestamp": 1275
        },
        {
            "dx": 177.14154052734375,
            "dy": 53.87408447265625,
            "timestamp": 1541
        },
        {
            "dx": 179.1396942138672,
            "dy": 54.207244873046875,
            "timestamp": 1541
        },
        {
            "dx": 181.80389404296875,
            "dy": 54.54046630859375,
            "timestamp": 1585
        },
        {
            "dx": 184.80111694335938,
            "dy": 55.5400390625,
            "timestamp": 1586
        },
        {
            "dx": 186.1332244873047,
            "dy": 55.87322998046875,
            "timestamp": 1586
        },
        {
            "dx": 0,
            "dy": 0,
            "timestamp": 1588
        }
    ]
]