[
    [
        {
            "dx": 211,
            "dy": 141.66668701171875,
            "timestamp": 0
        },
        {
            "dx": 211,
            "dy": 141,
            "timestamp": 24
        },
        {
            "dx": 211,
            "dy": 140.33334350585938,
            "timestamp": 25
        },
        {
            "dx": 211.66668701171875,
            "dy": 139.66668701171875,
            "timestamp": 25
        },
        {
            "dx": 211.66668701171875,
            "dy": 137.66668701171875,
            "timestamp": 25
        },
        {
            "dx": 212.33334350585938,
            "dy": 136.33334350585938,
            "timestamp": 46
        },
        {
            "dx": 213,
            "dy": 134.33334350585938,
            "timestamp": 46
        },
        {
            "dx": 213.66668701171875,
            "dy": 133,
            "timestamp": 46
        },
        {
            "dx": 215,
            "dy": 130.33334350585938,
            "timestamp": 63
        },
        {
            "dx": 216.33334350585938,
            "dy": 127.66668701171875,
            "timestamp": 63
        },
        {
            "dx": 217.66668701171875,
            "dy": 125.66668701171875,
            "timestamp": 63
        },
        {
            "dx": 219,
            "dy": 123,
            "timestamp": 80
        },
        {
            "dx": 221,
            "dy": 121.66668701171875,
            "timestamp": 80
        },
        {
            "dx": 223,
            "dy": 119.66668701171875,
            "timestamp": 80
        },
        {
            "dx": 224.33334350585938,
            "dy": 118.33334350585938,
            "timestamp": 98
        },
        {
            "dx": 225.66668701171875,
            "dy": 117,
            "timestamp": 98
        },
        {
            "dx": 227,
            "dy": 115.66668701171875,
            "timestamp": 114
        },
        {
            "dx": 228.33334350585938,
            "dy": 115,
            "timestamp": 115
        },
        {
            "dx": 230.33334350585938,
            "dy": 113.66668701171875,
            "timestamp": 115
        },
        {
            "dx": 231,
            "dy": 113,
            "timestamp": 115
        },
        {
            "dx": 232.33334350585938,
            "dy": 112.33334350585938,
            "timestamp": 136
        },
        {
            "dx": 234.33334350585938,
            "dy": 111.66668701171875,
            "timestamp": 136
        },
        {
            "dx": 236.33334350585938,
            "dy": 111.66668701171875,
            "timestamp": 152
        },
        {
            "dx": 241,
            "dy": 111,
            "timestamp": 153
        },
        {
            "dx": 238.33334350585938,
            "dy": 111,
            "timestamp": 153
        },
        {
            "dx": 243,
            "dy": 111,
            "timestamp": 153
        },
        {
            "dx": 245,
            "dy": 111.66668701171875,
            "timestamp": 169
        },
        {
            "dx": 247,
            "dy": 111.66668701171875,
            "timestamp": 169
        },
        {
            "dx": 249,
            "dy": 112.33334350585938,
            "timestamp": 187
        },
        {
            "dx": 251,
            "dy": 113,
            "timestamp": 187
        },
        {
            "dx": 253,
            "dy": 113.66668701171875,
            "timestamp": 205
        },
        {
            "dx": 254.33334350585938,
            "dy": 114.33334350585938,
            "timestamp": 205
        },
        {
            "dx": 256.3333435058594,
            "dy": 115,
            "timestamp": 205
        },
        {
            "dx": 257.66668701171875,
            "dy": 115,
            "timestamp": 205
        },
        {
            "dx": 258.3333435058594,
            "dy": 115.66668701171875,
            "timestamp": 234
        },
        {
            "dx": 259.66668701171875,
            "dy": 116.33334350585938,
            "timestamp": 235
        },
        {
            "dx": 260.3333435058594,
            "dy": 117,
            "timestamp": 235
        },
        {
            "dx": 261,
            "dy": 117,
            "timestamp": 236
        },
        {
            "dx": 261.66668701171875,
            "dy": 117.66668701171875,
            "timestamp": 264
        },
        {
            "dx": 262.3333435058594,
            "dy": 117.66668701171875,
            "timestamp": 265
        },
        {
            "dx": 263,
            "dy": 117.66668701171875,
            "timestamp": 266
        },
        {
            "dx": 263.66668701171875,
            "dy": 117.66668701171875,
            "timestamp": 266
        },
        {
            "dx": 263.66668701171875,
            "dy": 118.33334350585938,
            "timestamp": 266
        },
        {
            "dx": 264.3333435058594,
            "dy": 118.33334350585938,
            "timestamp": 293
        },
        {
            "dx": 265,
            "dy": 118.33334350585938,
            "timestamp": 294
        },
        {
            "dx": 265.66668701171875,
            "dy": 118.33334350585938,
            "timestamp": 294
        },
        {
            "dx": 266.3333435058594,
            "dy": 118.33334350585938,
            "timestamp": 317
        },
        {
            "dx": 267.66668701171875,
            "dy": 118.33334350585938,
            "timestamp": 318
        },
        {
            "dx": 268.3333435058594,
            "dy": 118.33334350585938,
            "timestamp": 334
        },
        {
            "dx": 269,
            "dy": 118.33334350585938,
            "timestamp": 351
        },
        {
            "dx": 268.3333435058594,
            "dy": 118.33334350585938,
            "timestamp": 454
        },
        {
            "dx": 268.3333435058594,
            "dy": 119,
            "timestamp": 470
        },
        {
            "dx": 267.66668701171875,
            "dy": 119.66668701171875,
            "timestamp": 470
        },
        {
            "dx": 266.3333435058594,
            "dy": 121,
            "timestamp": 486
        },
        {
            "dx": 265,
            "dy": 122.33334350585938,
            "timestamp": 486
        },
        {
            "dx": 263.66668701171875,
            "dy": 123.66668701171875,
            "timestamp": 502
        },
        {
            "dx": 262.3333435058594,
            "dy": 125,
            "timestamp": 503
        },
        {
            "dx": 261,
            "dy": 126.33334350585938,
            "timestamp": 518
        },
        {
            "dx": 259,
            "dy": 128.33334350585938,
            "timestamp": 519
        },
        {
            "dx": 257.66668701171875,
            "dy": 129.66668701171875,
            "timestamp": 519
        },
        {
            "dx": 256.3333435058594,
            "dy": 131,
            "timestamp": 519
        },
        {
            "dx": 254.33334350585938,
            "dy": 133.66668701171875,
            "timestamp": 534
        },
        {
            "dx": 253,
            "dy": 136.33334350585938,
            "timestamp": 535
        },
        {
            "dx": 251,
            "dy": 138.33334350585938,
            "timestamp": 551
        },
        {
            "dx": 249,
            "dy": 141,
            "timestamp": 552
        },
        {
            "dx": 246.33334350585938,
            "dy": 143.66668701171875,
            "timestamp": 567
        },
        {
            "dx": 243.66668701171875,
            "dy": 145.66668701171875,
            "timestamp": 568
        },
        {
            "dx": 241.66668701171875,
            "dy": 148.33334350585938,
            "timestamp": 568
        },
        {
            "dx": 239,
            "dy": 151,
            "timestamp": 585
        },
        {
            "dx": 237.66668701171875,
            "dy": 153,
            "timestamp": 585
        },
        {
            "dx": 236.33334350585938,
            "dy": 155,
            "timestamp": 585
        },
        {
            "dx": 235,
            "dy": 157,
            "timestamp": 602
        },
        {
            "dx": 233.66668701171875,
            "dy": 159,
            "timestamp": 602
        },
        {
            "dx": 231.66668701171875,
            "dy": 161,
            "timestamp": 618
        },
        {
            "dx": 229,
            "dy": 163,
            "timestamp": 619
        },
        {
            "dx": 227,
            "dy": 165,
            "timestamp": 619
        },
        {
            "dx": 224.33334350585938,
            "dy": 167,
            "timestamp": 634
        },
        {
            "dx": 222.33334350585938,
            "dy": 169,
            "timestamp": 635
        },
        {
            "dx": 220.33334350585938,
            "dy": 171,
            "timestamp": 635
        },
        {
            "dx": 218.33334350585938,
            "dy": 172.33334350585938,
            "timestamp": 651
        },
        {
            "dx": 217,
            "dy": 174.33334350585938,
            "timestamp": 652
        },
        {
            "dx": 215,
            "dy": 175.66668701171875,
            "timestamp": 668
        },
        {
            "dx": 213,
            "dy": 176.33334350585938,
            "timestamp": 669
        },
        {
            "dx": 211.66668701171875,
            "dy": 177.66668701171875,
            "timestamp": 669
        },
        {
            "dx": 210.33334350585938,
            "dy": 179,
            "timestamp": 688
        },
        {
            "dx": 209,
            "dy": 179.66668701171875,
            "timestamp": 689
        },
        {
            "dx": 208.33334350585938,
            "dy": 180.33334350585938,
            "timestamp": 689
        },
        {
            "dx": 207.66668701171875,
            "dy": 180.33334350585938,
            "timestamp": 705
        },
        {
            "dx": 207,
            "dy": 181,
            "timestamp": 705
        },
        {
            "dx": 206.33334350585938,
            "dy": 181.66668701171875,
            "timestamp": 705
        },
        {
            "dx": 205.66668701171875,
            "dy": 181.66668701171875,
            "timestamp": 722
        },
        {
            "dx": 205,
            "dy": 181.66668701171875,
            "timestamp": 722
        },
        {
            "dx": 204.33334350585938,
            "dy": 181.66668701171875,
            "timestamp": 739
        },
        {
            "dx": 204.33334350585938,
            "dy": 181,
            "timestamp": 755
        },
        {
            "dx": 204.33334350585938,
            "dy": 180.33334350585938,
            "timestamp": 772
        },
        {
            "dx": 203.66668701171875,
            "dy": 179,
            "timestamp": 772
        },
        {
            "dx": 203.66668701171875,
            "dy": 177.66668701171875,
            "timestamp": 772
        },
        {
            "dx": 203.66668701171875,
            "dy": 176.33334350585938,
            "timestamp": 772
        },
        {
            "dx": 203.66668701171875,
            "dy": 175,
            "timestamp": 792
        },
        {
            "dx": 204.33334350585938,
            "dy": 173.66668701171875,
            "timestamp": 792
        },
        {
            "dx": 204.33334350585938,
            "dy": 172.33334350585938,
            "timestamp": 809
        },
        {
            "dx": 204.33334350585938,
            "dy": 171,
            "timestamp": 809
        },
        {
            "dx": 205,
            "dy": 170.33334350585938,
            "timestamp": 809
        },
        {
            "dx": 205,
            "dy": 169,
            "timestamp": 809
        },
        {
            "dx": 205,
            "dy": 168.33334350585938,
            "timestamp": 825
        },
        {
            "dx": 205,
            "dy": 167.66668701171875,
            "timestamp": 826
        },
        {
            "dx": 205,
            "dy": 167,
            "timestamp": 842
        },
        {
            "dx": 205,
            "dy": 166.33334350585938,
            "timestamp": 859
        },
        {
            "dx": 204.33334350585938,
            "dy": 166.33334350585938,
            "timestamp": 884
        },
        {
            "dx": 204.33334350585938,
            "dy": 167,
            "timestamp": 901
        },
        {
            "dx": 203.66668701171875,
            "dy": 167,
            "timestamp": 901
        },
        {
            "dx": 203,
            "dy": 167.66668701171875,
            "timestamp": 918
        },
        {
            "dx": 201.66668701171875,
            "dy": 169,
            "timestamp": 919
        },
        {
            "dx": 200.33334350585938,
            "dy": 170.33334350585938,
            "timestamp": 936
        },
        {
            "dx": 199.66668701171875,
            "dy": 171.66668701171875,
            "timestamp": 936
        },
        {
            "dx": 197.66668701171875,
            "dy": 173.66668701171875,
            "timestamp": 936
        },
        {
            "dx": 195.66668701171875,
            "dy": 175.66668701171875,
            "timestamp": 936
        },
        {
            "dx": 193.66668701171875,
            "dy": 177.66668701171875,
            "timestamp": 952
        },
        {
            "dx": 191.66668701171875,
            "dy": 179.66668701171875,
            "timestamp": 953
        },
        {
            "dx": 189.66668701171875,
            "dy": 181.66668701171875,
            "timestamp": 969
        },
        {
            "dx": 187.66668701171875,
            "dy": 183,
            "timestamp": 970
        },
        {
            "dx": 186.33334350585938,
            "dy": 184.33334350585938,
            "timestamp": 986
        },
        {
            "dx": 181.66668701171875,
            "dy": 189,
            "timestamp": 987
        },
        {
            "dx": 183.66668701171875,
            "dy": 187,
            "timestamp": 987
        },
        {
            "dx": 185,
            "dy": 185.66668701171875,
            "timestamp": 987
        },
        {
            "dx": 180.33334350585938,
            "dy": 190.33334350585938,
            "timestamp": 1005
        },
        {
            "dx": 178.33334350585938,
            "dy": 191,
            "timestamp": 1005
        },
        {
            "dx": 177,
            "dy": 193,
            "timestamp": 1023
        },
        {
            "dx": 175,
            "dy": 193.66668701171875,
            "timestamp": 1023
        },
        {
            "dx": 173.66668701171875,
            "dy": 195,
            "timestamp": 1023
        },
        {
            "dx": 172.33334350585938,
            "dy": 196.33334350585938,
            "timestamp": 1023
        },
        {
            "dx": 170.33334350585938,
            "dy": 197,
            "timestamp": 1040
        },
        {
            "dx": 169,
            "dy": 197.66668701171875,
            "timestamp": 1040
        },
        {
            "dx": 167.66668701171875,
            "dy": 198.33334350585938,
            "timestamp": 1057
        },
        {
            "dx": 166.33334350585938,
            "dy": 199,
            "timestamp": 1057
        },
        {
            "dx": 165,
            "dy": 199.66668701171875,
            "timestamp": 1074
        },
        {
            "dx": 162.33334350585938,
            "dy": 200.33334350585938,
            "timestamp": 1075
        },
        {
            "dx": 159.66668701171875,
            "dy": 201,
            "timestamp": 1075
        },
        {
            "dx": 157,
            "dy": 201.66668701171875,
            "timestamp": 1075
        },
        {
            "dx": 155,
            "dy": 202.33334350585938,
            "timestamp": 1092
        },
        {
            "dx": 152.33334350585938,
            "dy": 203,
            "timestamp": 1092
        },
        {
            "dx": 150.33334350585938,
            "dy": 203.66668701171875,
            "timestamp": 1111
        },
        {
            "dx": 147,
            "dy": 204.33334350585938,
            "timestamp": 1111
        },
        {
            "dx": 144.33334350585938,
            "dy": 205,
            "timestamp": 1111
        },
        {
            "dx": 141.66668701171875,
            "dy": 205.66668701171875,
            "timestamp": 1112
        },
        {
            "dx": 138.33334350585938,
            "dy": 205.66668701171875,
            "timestamp": 1137
        },
        {
            "dx": 135.66668701171875,
            "dy": 206.33334350585938,
            "timestamp": 1138
        },
        {
            "dx": 132.33334350585938,
            "dy": 206.33334350585938,
            "timestamp": 1138
        },
        {
            "dx": 129,
            "dy": 206.33334350585938,
            "timestamp": 1139
        },
        {
            "dx": 126.33334350585938,
            "dy": 206.33334350585938,
            "timestamp": 1161
        },
        {
            "dx": 123.66668701171875,
            "dy": 206.33334350585938,
            "timestamp": 1161
        },
        {
            "dx": 121,
            "dy": 206.33334350585938,
            "timestamp": 1161
        },
        {
            "dx": 119,
            "dy": 206.33334350585938,
            "timestamp": 1178
        },
        {
            "dx": 117,
            "dy": 206.33334350585938,
            "timestamp": 1178
        },
        {
            "dx": 115.66668701171875,
            "dy": 205.66668701171875,
            "timestamp": 1179
        },
        {
            "dx": 113,
            "dy": 205.66668701171875,
            "timestamp": 1197
        },
        {
            "dx": 110.33334350585938,
            "dy": 205,
            "timestamp": 1197
        },
        {
            "dx": 107.66668701171875,
            "dy": 205,
            "timestamp": 1217
        },
        {
            "dx": 103.66668701171875,
            "dy": 204.33334350585938,
            "timestamp": 1217
        },
        {
            "dx": 101.66668701171875,
            "dy": 203.66668701171875,
            "timestamp": 1217
        },
        {
            "dx": 100.33334350585938,
            "dy": 203.66668701171875,
            "timestamp": 1217
        },
        {
            "dx": 98.33334350585938,
            "dy": 203,
            "timestamp": 1235
        },
        {
            "dx": 97,
            "dy": 202.33334350585938,
            "timestamp": 1235
        },
        {
            "dx": 95.66668701171875,
            "dy": 202.33334350585938,
            "timestamp": 1253
        },
        {
            "dx": 94.33334350585938,
            "dy": 201.66668701171875,
            "timestamp": 1258
        },
        {
            "dx": 93.66668701171875,
            "dy": 201.66668701171875,
            "timestamp": 1258
        },
        {
            "dx": 92.33334350585938,
            "dy": 201,
            "timestamp": 1258
        },
        {
            "dx": 91,
            "dy": 200.33334350585938,
            "timestamp": 1274
        },
        {
            "dx": 90.33334350585938,
            "dy": 199.66668701171875,
            "timestamp": 1275
        },
        {
            "dx": 89.66668701171875,
            "dy": 199,
            "timestamp": 1275
        },
        {
            "dx": 87,
            "dy": 196.33334350585938,
            "timestamp": 1292
        },
        {
            "dx": 88.33334350585938,
            "dy": 197.66668701171875,
            "timestamp": 1292
        },
        {
            "dx": 89,
            "dy": 198.33334350585938,
            "timestamp": 1292
        },
        {
            "dx": 86.33334350585938,
            "dy": 195,
            "timestamp": 1310
        },
        {
            "dx": 85.66667175292969,
            "dy": 194.33334350585938,
            "timestamp": 1311
        },
        {
            "dx": 85,
            "dy": 193,
            "timestamp": 1331
        },
        {
            "dx": 84.33334350585938,
            "dy": 191.66668701171875,
            "timestamp": 1331
        },
        {
            "dx": 83,
            "dy": 190.33334350585938,
            "timestamp": 1331
        },
        {
            "dx": 83,
            "dy": 189.66668701171875,
            "timestamp": 1331
        },
        {
            "dx": 82.33334350585938,
            "dy": 187.66668701171875,
            "timestamp": 1349
        },
        {
            "dx": 81.66667175292969,
            "dy": 186.33334350585938,
            "timestamp": 1350
        },
        {
            "dx": 81.66667175292969,
            "dy": 185,
            "timestamp": 1368
        },
        {
            "dx": 81,
            "dy": 183,
            "timestamp": 1368
        },
        {
            "dx": 81,
            "dy": 181,
            "timestamp": 1368
        },
        {
            "dx": 80.33334350585938,
            "dy": 179.66668701171875,
            "timestamp": 1368
        },
        {
            "dx": 80.33334350585938,
            "dy": 178.33334350585938,
            "timestamp": 1386
        },
        {
            "dx": 80.33334350585938,
            "dy": 176.33334350585938,
            "timestamp": 1386
        },
        {
            "dx": 80.33334350585938,
            "dy": 175.66668701171875,
            "timestamp": 1404
        },
        {
            "dx": 80.33334350585938,
            "dy": 174.33334350585938,
            "timestamp": 1404
        },
        {
            "dx": 80.33334350585938,
            "dy": 173.66668701171875,
            "timestamp": 1404
        },
        {
            "dx": 80.33334350585938,
            "dy": 173,
            "timestamp": 1404
        },
        {
            "dx": 80.33334350585938,
            "dy": 172.33334350585938,
            "timestamp": 1424
        },
        {
            "dx": 80.33334350585938,
            "dy": 171.66668701171875,
            "timestamp": 1425
        },
        {
            "dx": 0,
            "dy": 0,
            "timestamp": 1444
        },
        {
            "dx": 149,
            "dy": 229.66668701171875,
            "timestamp": 1903
        },
        {
            "dx": 148.33334350585938,
            "dy": 230.33334350585938,
            "timestamp": 1921
        },
        {
            "dx": 147.66668701171875,
            "dy": 231,
            "timestamp": 1922
        },
        {
            "dx": 147,
            "dy": 231,
            "timestamp": 1939
        },
        {
            "dx": 147,
            "dy": 231.66668701171875,
            "timestamp": 1939
        },
        {
            "dx": 146.33334350585938,
            "dy": 231.66668701171875,
            "timestamp": 1940
        },
        {
            "dx": 145.66668701171875,
            "dy": 231.66668701171875,
            "timestamp": 1957
        },
        {
            "dx": 145,
            "dy": 231.66668701171875,
            "timestamp": 1958
        },
        {
            "dx": 144.33334350585938,
            "dy": 231.66668701171875,
            "timestamp": 1975
        },
        {
            "dx": 143.66668701171875,
            "dy": 231.66668701171875,
            "timestamp": 1976
        },
        {
            "dx": 0,
            "dy": 0,
            "timestamp": 1998
        },
        {
            "dx": 265.66668701171875,
            "dy": 179,
            "timestamp": 2359
        },
        {
            "dx": 266.3333435058594,
            "dy": 179,
            "timestamp": 2388
        },
        {
            "dx": 267,
            "dy": 179,
            "timestamp": 2406
        },
        {
            "dx": 267,
            "dy": 179.66668701171875,
            "timestamp": 2447
        },
        {
            "dx": 266.3333435058594,
            "dy": 179.66668701171875,
            "timestamp": 2464
        },
        {
            "dx": 265.66668701171875,
            "dy": 180.33334350585938,
            "timestamp": 2464
        },
        {
            "dx": 265,
            "dy": 180.33334350585938,
            "timestamp": 2464
        },
        {
            "dx": 263.66668701171875,
            "dy": 181,
            "timestamp": 2482
        },
        {
            "dx": 262.3333435058594,
            "dy": 181,
            "timestamp": 2482
        },
        {
            "dx": 261,
            "dy": 181,
            "timestamp": 2502
        },
        {
            "dx": 260.3333435058594,
            "dy": 180.33334350585938,
            "timestamp": 2503
        },
        {
            "dx": 259,
            "dy": 180.33334350585938,
            "timestamp": 2503
        },
        {
            "dx": 258.3333435058594,
            "dy": 179.66668701171875,
            "timestamp": 2503
        },
        {
            "dx": 257.66668701171875,
            "dy": 179,
            "timestamp": 2522
        },
        {
            "dx": 258.3333435058594,
            "dy": 179,
            "timestamp": 2522
        },
        {
            "dx": 258.3333435058594,
            "dy": 178.33334350585938,
            "timestamp": 2540
        },
        {
            "dx": 0,
            "dy": 0,
            "timestamp": 2558
        }
    ],
    [
        {
            "dx": 218.43663024902344,
            "dy": 71.53353881835938,
            "timestamp": 0
        },
        {
            "dx": 219.76873779296875,
            "dy": 70.20074462890625,
            "timestamp": 1
        },
        {
            "dx": 221.100830078125,
            "dy": 68.86798095703125,
            "timestamp": 1
        },
        {
            "dx": 223.09898376464844,
            "dy": 67.53515625,
            "timestamp": 1
        },
        {
            "dx": 225.43016052246094,
            "dy": 65.86920166015625,
            "timestamp": 25
        },
        {
            "dx": 227.09527587890625,
            "dy": 64.86956787109375,
            "timestamp": 25
        },
        {
            "dx": 228.0943603515625,
            "dy": 64.20318603515625,
            "timestamp": 25
        },
        {
            "dx": 228.76043701171875,
            "dy": 64.20318603515625,
            "timestamp": 25
        },
        {
            "dx": 229.42645263671875,
            "dy": 63.8699951171875,
            "timestamp": 25
        },
        {
            "dx": 230.092529296875,
            "dy": 63.8699951171875,
            "timestamp": 26
        },
        {
            "dx": 230.75860595703125,
            "dy": 63.53680419921875,
            "timestamp": 55
        },
        {
            "dx": 231.42462158203125,
            "dy": 63.53680419921875,
            "timestamp": 55
        },
        {
            "dx": 232.09066772460938,
            "dy": 63.53680419921875,
            "timestamp": 55
        },
        {
            "dx": 232.7567138671875,
            "dy": 63.53680419921875,
            "timestamp": 55
        },
        {
            "dx": 233.75579833984375,
            "dy": 63.203582763671875,
            "timestamp": 55
        },
        {
            "dx": 234.7548828125,
            "dy": 63.203582763671875,
            "timestamp": 55
        },
        {
            "dx": 236.08697509765625,
            "dy": 63.203582763671875,
            "timestamp": 56
        },
        {
            "dx": 237.0860595703125,
            "dy": 63.203582763671875,
            "timestamp": 56
        },
        {
            "dx": 238.41815185546875,
            "dy": 63.203582763671875,
            "timestamp": 87
        },
        {
            "dx": 239.417236328125,
            "dy": 63.203582763671875,
            "timestamp": 88
        },
        {
            "dx": 240.083251953125,
            "dy": 63.203582763671875,
            "timestamp": 88
        },
        {
            "dx": 240.41632080078125,
            "dy": 63.203582763671875,
            "timestamp": 88
        },
        {
            "dx": 241.08233642578125,
            "dy": 63.53680419921875,
            "timestamp": 88
        },
        {
            "dx": 241.74838256835938,
            "dy": 63.53680419921875,
            "timestamp": 88
        },
        {
            "dx": 242.0814208984375,
            "dy": 63.8699951171875,
            "timestamp": 88
        },
        {
            "dx": 242.4144287109375,
            "dy": 64.20318603515625,
            "timestamp": 88
        },
        {
            "dx": 242.4144287109375,
            "dy": 64.536376953125,
            "timestamp": 118
        },
        {
            "dx": 242.74749755859375,
            "dy": 64.86956787109375,
            "timestamp": 118
        },
        {
            "dx": 243.08050537109375,
            "dy": 65.2027587890625,
            "timestamp": 118
        },
        {
            "dx": 243.08050537109375,
            "dy": 65.53598022460938,
            "timestamp": 118
        },
        {
            "dx": 243.08050537109375,
            "dy": 65.86920166015625,
            "timestamp": 118
        },
        {
            "dx": 243.41351318359375,
            "dy": 66.53558349609375,
            "timestamp": 118
        },
        {
            "dx": 243.41351318359375,
            "dy": 67.20196533203125,
            "timestamp": 118
        },
        {
            "dx": 243.41351318359375,
            "dy": 67.86834716796875,
            "timestamp": 118
        },
        {
            "dx": 243.41351318359375,
            "dy": 68.53475952148438,
            "timestamp": 145
        },
        {
            "dx": 243.41351318359375,
            "dy": 69.53436279296875,
            "timestamp": 145
        },
        {
            "dx": 243.41351318359375,
            "dy": 70.533935546875,
            "timestamp": 146
        },
        {
            "dx": 243.41351318359375,
            "dy": 71.53353881835938,
            "timestamp": 146
        },
        {
            "dx": 243.41351318359375,
            "dy": 72.8663330078125,
            "timestamp": 146
        },
        {
            "dx": 242.74749755859375,
            "dy": 74.19915771484375,
            "timestamp": 146
        },
        {
            "dx": 241.74838256835938,
            "dy": 75.8651123046875,
            "timestamp": 146
        },
        {
            "dx": 240.74932861328125,
            "dy": 77.19793701171875,
            "timestamp": 146
        },
        {
            "dx": 239.08419799804688,
            "dy": 78.8638916015625,
            "timestamp": 171
        },
        {
            "dx": 237.7520751953125,
            "dy": 80.19671630859375,
            "timestamp": 171
        },
        {
            "dx": 236.08697509765625,
            "dy": 82.529052734375,
            "timestamp": 172
        },
        {
            "dx": 234.42184448242188,
            "dy": 84.52825927734375,
            "timestamp": 172
        },
        {
            "dx": 232.7567138671875,
            "dy": 86.52743530273438,
            "timestamp": 172
        },
        {
            "dx": 230.75860595703125,
            "dy": 88.19345092773438,
            "timestamp": 172
        },
        {
            "dx": 229.09344482421875,
            "dy": 89.85943603515625,
            "timestamp": 172
        },
        {
            "dx": 227.09527587890625,
            "dy": 91.525390625,
            "timestamp": 197
        },
        {
            "dx": 225.43016052246094,
            "dy": 93.19140625,
            "timestamp": 197
        },
        {
            "dx": 223.09898376464844,
            "dy": 94.524169921875,
            "timestamp": 197
        },
        {
            "dx": 221.100830078125,
            "dy": 95.85699462890625,
            "timestamp": 197
        },
        {
            "dx": 219.1027069091797,
            "dy": 97.18978881835938,
            "timestamp": 197
        },
        {
            "dx": 216.7715301513672,
            "dy": 98.18939208984375,
            "timestamp": 197
        },
        {
            "dx": 214.7733612060547,
            "dy": 99.18896484375,
            "timestamp": 221
        },
        {
            "dx": 212.77520751953125,
            "dy": 100.18856811523438,
            "timestamp": 221
        },
        {
            "dx": 211.11009216308594,
            "dy": 101.18817138671875,
            "timestamp": 222
        },
        {
            "dx": 208.77891540527344,
            "dy": 102.187744140625,
            "timestamp": 222
        },
        {
            "dx": 207.1138153076172,
            "dy": 103.18734741210938,
            "timestamp": 222
        },
        {
            "dx": 205.1156463623047,
            "dy": 104.18695068359375,
            "timestamp": 222
        },
        {
            "dx": 203.11749267578125,
            "dy": 104.85333251953125,
            "timestamp": 222
        },
        {
            "dx": 201.11935424804688,
            "dy": 105.8529052734375,
            "timestamp": 254
        },
        {
            "dx": 199.45420837402344,
            "dy": 106.519287109375,
            "timestamp": 254
        },
        {
            "dx": 198.1221160888672,
            "dy": 107.51889038085938,
            "timestamp": 254
        },
        {
            "dx": 196.45700073242188,
            "dy": 107.85211181640625,
            "timestamp": 254
        },
        {
            "dx": 194.7918701171875,
            "dy": 108.185302734375,
            "timestamp": 254
        },
        {
            "dx": 193.1267547607422,
            "dy": 108.51849365234375,
            "timestamp": 254
        },
        {
            "dx": 192.12767028808594,
            "dy": 108.51849365234375,
            "timestamp": 254
        },
        {
            "dx": 191.46160888671875,
            "dy": 108.8516845703125,
            "timestamp": 255
        },
        {
            "dx": 190.4625701904297,
            "dy": 108.8516845703125,
            "timestamp": 284
        },
        {
            "dx": 189.46347045898438,
            "dy": 108.8516845703125,
            "timestamp": 284
        },
        {
            "dx": 188.7974090576172,
            "dy": 108.8516845703125,
            "timestamp": 284
        },
        {
            "dx": 188.4644012451172,
            "dy": 108.8516845703125,
            "timestamp": 284
        },
        {
            "dx": 188.1313934326172,
            "dy": 108.8516845703125,
            "timestamp": 284
        },
        {
            "dx": 187.46531677246094,
            "dy": 108.8516845703125,
            "timestamp": 284
        },
        {
            "dx": 186.79925537109375,
            "dy": 108.8516845703125,
            "timestamp": 284
        },
        {
            "dx": 186.4662322998047,
            "dy": 108.185302734375,
            "timestamp": 284
        },
        {
            "dx": 185.8002166748047,
            "dy": 107.85211181640625,
            "timestamp": 308
        },
        {
            "dx": 185.4671630859375,
            "dy": 107.51889038085938,
            "timestamp": 308
        },
        {
            "dx": 185.13414001464844,
            "dy": 106.85250854492188,
            "timestamp": 308
        },
        {
            "dx": 184.80111694335938,
            "dy": 106.519287109375,
            "timestamp": 308
        },
        {
            "dx": 184.80111694335938,
            "dy": 106.18612670898438,
            "timestamp": 308
        },
        {
            "dx": 184.46807861328125,
            "dy": 105.51971435546875,
            "timestamp": 309
        },
        {
            "dx": 184.46807861328125,
            "dy": 104.85333251953125,
            "timestamp": 332
        },
        {
            "dx": 184.46807861328125,
            "dy": 104.52011108398438,
            "timestamp": 332
        },
        {
            "dx": 184.46807861328125,
            "dy": 104.18695068359375,
            "timestamp": 333
        },
        {
            "dx": 184.46807861328125,
            "dy": 103.85372924804688,
            "timestamp": 333
        },
        {
            "dx": 184.46807861328125,
            "dy": 103.5205078125,
            "timestamp": 333
        },
        {
            "dx": 184.46807861328125,
            "dy": 103.18734741210938,
            "timestamp": 333
        },
        {
            "dx": 184.46807861328125,
            "dy": 102.8541259765625,
            "timestamp": 333
        },
        {
            "dx": 184.46807861328125,
            "dy": 102.52093505859375,
            "timestamp": 360
        },
        {
            "dx": 184.46807861328125,
            "dy": 102.187744140625,
            "timestamp": 362
        },
        {
            "dx": 184.46807861328125,
            "dy": 102.52093505859375,
            "timestamp": 468
        },
        {
            "dx": 184.13507080078125,
            "dy": 102.8541259765625,
            "timestamp": 469
        },
        {
            "dx": 183.8020477294922,
            "dy": 103.85372924804688,
            "timestamp": 493
        },
        {
            "dx": 182.80296325683594,
            "dy": 105.1865234375,
            "timestamp": 494
        },
        {
            "dx": 181.80389404296875,
            "dy": 106.519287109375,
            "timestamp": 494
        },
        {
            "dx": 181.1378631591797,
            "dy": 107.85211181640625,
            "timestamp": 494
        },
        {
            "dx": 180.47178649902344,
            "dy": 108.51849365234375,
            "timestamp": 494
        },
        {
            "dx": 179.80575561523438,
            "dy": 109.51812744140625,
            "timestamp": 494
        },
        {
            "dx": 178.8066864013672,
            "dy": 110.18450927734375,
            "timestamp": 522
        },
        {
            "dx": 178.14060974121094,
            "dy": 111.18408203125,
            "timestamp": 522
        },
        {
            "dx": 177.14154052734375,
            "dy": 112.18368530273438,
            "timestamp": 522
        },
        {
            "dx": 175.80943298339844,
            "dy": 113.18328857421875,
            "timestamp": 523
        },
        {
            "dx": 174.81036376953125,
            "dy": 113.84967041015625,
            "timestamp": 523
        },
        {
            "dx": 173.478271484375,
            "dy": 114.8492431640625,
            "timestamp": 523
        },
        {
            "dx": 171.8131561279297,
            "dy": 115.51568603515625,
            "timestamp": 523
        },
        {
            "dx": 170.81407165527344,
            "dy": 116.18206787109375,
            "timestamp": 523
        },
        {
            "dx": 169.4819793701172,
            "dy": 116.84844970703125,
            "timestamp": 549
        },
        {
            "dx": 168.14987182617188,
            "dy": 117.51486206054688,
            "timestamp": 549
        },
        {
            "dx": 166.8177947998047,
            "dy": 118.18124389648438,
            "timestamp": 549
        },
        {
            "dx": 165.48565673828125,
            "dy": 118.51446533203125,
            "timestamp": 550
        },
        {
            "dx": 163.82054138183594,
            "dy": 119.18084716796875,
            "timestamp": 550
        },
        {
            "dx": 162.1554412841797,
            "dy": 119.5140380859375,
            "timestamp": 550
        },
        {
            "dx": 160.82330322265625,
            "dy": 120.180419921875,
            "timestamp": 550
        },
        {
            "dx": 159.15818786621094,
            "dy": 120.51364135742188,
            "timestamp": 577
        },
        {
            "dx": 157.4930877685547,
            "dy": 121.18002319335938,
            "timestamp": 578
        },
        {
            "dx": 155.82794189453125,
            "dy": 121.51327514648438,
            "timestamp": 578
        },
        {
            "dx": 154.49583435058594,
            "dy": 121.84640502929688,
            "timestamp": 578
        },
        {
            "dx": 153.1637420654297,
            "dy": 122.17962646484375,
            "timestamp": 578
        },
        {
            "dx": 151.49862670898438,
            "dy": 122.5128173828125,
            "timestamp": 578
        },
        {
            "dx": 149.50047302246094,
            "dy": 122.84603881835938,
            "timestamp": 578
        },
        {
            "dx": 148.1683807373047,
            "dy": 123.17919921875,
            "timestamp": 602
        },
        {
            "dx": 146.83627319335938,
            "dy": 123.51242065429688,
            "timestamp": 603
        },
        {
            "dx": 145.171142578125,
            "dy": 123.8455810546875,
            "timestamp": 603
        },
        {
            "dx": 143.5060272216797,
            "dy": 123.8455810546875,
            "timestamp": 603
        },
        {
            "dx": 141.84088134765625,
            "dy": 123.8455810546875,
            "timestamp": 603
        },
        {
            "dx": 140.5087890625,
            "dy": 124.17880249023438,
            "timestamp": 603
        },
        {
            "dx": 139.17669677734375,
            "dy": 124.17880249023438,
            "timestamp": 603
        },
        {
            "dx": 137.51156616210938,
            "dy": 124.51205444335938,
            "timestamp": 627
        },
        {
            "dx": 135.846435546875,
            "dy": 124.51205444335938,
            "timestamp": 627
        },
        {
            "dx": 134.51434326171875,
            "dy": 124.51205444335938,
            "timestamp": 627
        },
        {
            "dx": 133.51528930664062,
            "dy": 124.84518432617188,
            "timestamp": 627
        },
        {
            "dx": 132.18316650390625,
            "dy": 124.84518432617188,
            "timestamp": 627
        },
        {
            "dx": 130.85107421875,
            "dy": 125.17840576171875,
            "timestamp": 627
        },
        {
            "dx": 129.5189666748047,
            "dy": 125.17840576171875,
            "timestamp": 627
        },
        {
            "dx": 128.5198974609375,
            "dy": 125.17840576171875,
            "timestamp": 650
        },
        {
            "dx": 127.52081298828125,
            "dy": 125.17840576171875,
            "timestamp": 650
        },
        {
            "dx": 126.188720703125,
            "dy": 125.17840576171875,
            "timestamp": 650
        },
        {
            "dx": 124.85662841796875,
            "dy": 125.17840576171875,
            "timestamp": 650
        },
        {
            "dx": 124.19058227539062,
            "dy": 125.17840576171875,
            "timestamp": 650
        },
        {
            "dx": 122.85848999023438,
            "dy": 125.17840576171875,
            "timestamp": 650
        },
        {
            "dx": 121.85940551757812,
            "dy": 125.17840576171875,
            "timestamp": 678
        },
        {
            "dx": 120.86032104492188,
            "dy": 125.17840576171875,
            "timestamp": 678
        },
        {
            "dx": 119.86123657226562,
            "dy": 125.17840576171875,
            "timestamp": 678
        },
        {
            "dx": 118.86216735839844,
            "dy": 125.17840576171875,
            "timestamp": 678
        },
        {
            "dx": 118.19613647460938,
            "dy": 125.17840576171875,
            "timestamp": 678
        },
        {
            "dx": 117.19705200195312,
            "dy": 125.17840576171875,
            "timestamp": 678
        },
        {
            "dx": 116.19796752929688,
            "dy": 125.17840576171875,
            "timestamp": 678
        },
        {
            "dx": 115.53192138671875,
            "dy": 125.17840576171875,
            "timestamp": 700
        },
        {
            "dx": 114.86587524414062,
            "dy": 124.84518432617188,
            "timestamp": 700
        },
        {
            "dx": 114.1998291015625,
            "dy": 124.51205444335938,
            "timestamp": 700
        },
        {
            "dx": 113.53378295898438,
            "dy": 124.51205444335938,
            "timestamp": 700
        },
        {
            "dx": 113.20074462890625,
            "dy": 124.17880249023438,
            "timestamp": 700
        },
        {
            "dx": 112.86772155761719,
            "dy": 124.17880249023438,
            "timestamp": 701
        },
        {
            "dx": 112.20169067382812,
            "dy": 123.8455810546875,
            "timestamp": 724
        },
        {
            "dx": 111.53561401367188,
            "dy": 123.51242065429688,
            "timestamp": 724
        },
        {
            "dx": 110.86956787109375,
            "dy": 123.17919921875,
            "timestamp": 724
        },
        {
            "dx": 110.53654479980469,
            "dy": 122.84603881835938,
            "timestamp": 725
        },
        {
            "dx": 110.20352172851562,
            "dy": 122.84603881835938,
            "timestamp": 725
        },
        {
            "dx": 0,
            "dy": 0,
            "timestamp": 754
        },
        {
            "dx": 161.48936462402344,
            "dy": 152.83383178710938,
            "timestamp": 1121
        },
        {
            "dx": 164.4866180419922,
            "dy": 152.16741943359375,
            "timestamp": 1122
        },
        {
            "dx": 167.1508026123047,
            "dy": 151.50106811523438,
            "timestamp": 1146
        },
        {
            "dx": 169.8149871826172,
            "dy": 150.83465576171875,
            "timestamp": 1147
        },
        {
            "dx": 172.47918701171875,
            "dy": 150.168212890625,
            "timestamp": 1147
        },
        {
            "dx": 175.14340209960938,
            "dy": 149.5018310546875,
            "timestamp": 1147
        },
        {
            "dx": 175.47642517089844,
            "dy": 149.16864013671875,
            "timestamp": 1147
        },
        {
            "dx": 0,
            "dy": 0,
            "timestamp": 1178
        },
        {
            "dx": 231.09161376953125,
            "dy": 123.51242065429688,
            "timestamp": 1389
        },
        {
            "dx": 235.087890625,
            "dy": 121.18002319335938,
            "timestamp": 1389
        },
        {
            "dx": 239.750244140625,
            "dy": 118.51446533203125,
            "timestamp": 1389
        },
        {
            "dx": 240.74932861328125,
            "dy": 118.18124389648438,
            "timestamp": 1389
        },
        {
            "dx": 241.41537475585938,
            "dy": 117.8480224609375,
            "timestamp": 1409
        },
        {
            "dx": 0,
            "dy": 0,
            "timestamp": 1410
        }
    ]
]