[
    [
        {
            "dx": 186.1332244873047,
            "dy": 79.86349487304688,
            "timestamp": 0
        },
        {
            "dx": 187.46531677246094,
            "dy": 75.8651123046875,
            "timestamp": 1
        },
        {
            "dx": 188.4644012451172,
            "dy": 73.19952392578125,
            "timestamp": 31
        },
        {
            "dx": 189.13043212890625,
            "dy": 71.20037841796875,
            "timestamp": 31
        },
        {
            "dx": 190.1295166015625,
            "dy": 69.201171875,
            "timestamp": 31
        },
        {
            "dx": 191.79464721679688,
            "dy": 66.8687744140625,
            "timestamp": 31
        },
        {
            "dx": 193.4597625732422,
            "dy": 64.536376953125,
            "timestamp": 31
        },
        {
            "dx": 195.4579315185547,
            "dy": 62.2039794921875,
            "timestamp": 31
        },
        {
            "dx": 197.4560546875,
            "dy": 59.87164306640625,
            "timestamp": 31
        },
        {
            "dx": 199.12118530273438,
            "dy": 58.20562744140625,
            "timestamp": 56
        },
        {
            "dx": 200.4532928466797,
            "dy": 56.87286376953125,
            "timestamp": 57
        },
        {
            "dx": 201.78538513183594,
            "dy": 55.87322998046875,
            "timestamp": 57
        },
        {
            "dx": 203.11749267578125,
            "dy": 54.8736572265625,
            "timestamp": 57
        },
        {
            "dx": 204.11656188964844,
            "dy": 54.207244873046875,
            "timestamp": 57
        },
        {
            "dx": 205.1156463623047,
            "dy": 53.87408447265625,
            "timestamp": 57
        },
        {
            "dx": 206.44773864746094,
            "dy": 53.54083251953125,
            "timestamp": 57
        },
        {
            "dx": 207.1138153076172,
            "dy": 53.2076416015625,
            "timestamp": 60
        },
        {
            "dx": 207.7798309326172,
            "dy": 52.87445068359375,
            "timestamp": 60
        },
        {
            "dx": 208.44589233398438,
            "dy": 52.87445068359375,
            "timestamp": 90
        },
        {
            "dx": 209.4449920654297,
            "dy": 52.87445068359375,
            "timestamp": 91
        },
        {
            "dx": 210.1110076904297,
            "dy": 52.87445068359375,
            "timestamp": 91
        },
        {
            "dx": 210.77706909179688,
            "dy": 52.87445068359375,
            "timestamp": 91
        },
        {
            "dx": 211.7761688232422,
            "dy": 52.87445068359375,
            "timestamp": 91
        },
        {
            "dx": 212.4421844482422,
            "dy": 52.87445068359375,
            "timestamp": 91
        },
        {
            "dx": 213.10824584960938,
            "dy": 52.87445068359375,
            "timestamp": 91
        },
        {
            "dx": 213.7742919921875,
            "dy": 52.87445068359375,
            "timestamp": 124
        },
        {
            "dx": 214.4403533935547,
            "dy": 52.87445068359375,
            "timestamp": 124
        },
        {
            "dx": 215.10638427734375,
            "dy": 53.2076416015625,
            "timestamp": 125
        },
        {
            "dx": 215.77244567871094,
            "dy": 53.54083251953125,
            "timestamp": 125
        },
        {
            "dx": 216.4384765625,
            "dy": 53.87408447265625,
            "timestamp": 125
        },
        {
            "dx": 216.7715301513672,
            "dy": 54.54046630859375,
            "timestamp": 125
        },
        {
            "dx": 217.43756103515625,
            "dy": 54.8736572265625,
            "timestamp": 125
        },
        {
            "dx": 217.77059936523438,
            "dy": 55.5400390625,
            "timestamp": 125
        },
        {
            "dx": 218.43663024902344,
            "dy": 55.87322998046875,
            "timestamp": 125
        },
        {
            "dx": 218.7696533203125,
            "dy": 56.539642333984375,
            "timestamp": 149
        },
        {
            "dx": 219.4357147216797,
            "dy": 57.206024169921875,
            "timestamp": 149
        },
        {
            "dx": 219.76873779296875,
            "dy": 57.8724365234375,
            "timestamp": 150
        },
        {
            "dx": 220.10177612304688,
            "dy": 58.538818359375,
            "timestamp": 150
        },
        {
            "dx": 220.76780700683594,
            "dy": 59.538421630859375,
            "timestamp": 150
        },
        {
            "dx": 221.4338836669922,
            "dy": 60.53802490234375,
            "timestamp": 150
        },
        {
            "dx": 221.7668914794922,
            "dy": 61.87078857421875,
            "timestamp": 150
        },
        {
            "dx": 222.09991455078125,
            "dy": 62.87042236328125,
            "timestamp": 175
        },
        {
            "dx": 222.43295288085938,
            "dy": 63.8699951171875,
            "timestamp": 176
        },
        {
            "dx": 222.76596069335938,
            "dy": 64.86956787109375,
            "timestamp": 176
        },
        {
            "dx": 223.09898376464844,
            "dy": 65.86920166015625,
            "timestamp": 176
        },
        {
            "dx": 223.4320068359375,
            "dy": 66.8687744140625,
            "timestamp": 176
        },
        {
            "dx": 223.4320068359375,
            "dy": 68.20159912109375,
            "timestamp": 176
        },
        {
            "dx": 223.7650604248047,
            "dy": 69.201171875,
            "timestamp": 176
        },
        {
            "dx": 223.7650604248047,
            "dy": 70.533935546875,
            "timestamp": 205
        },
        {
            "dx": 223.7650604248047,
            "dy": 72.199951171875,
            "timestamp": 206
        },
        {
            "dx": 223.7650604248047,
            "dy": 73.53271484375,
            "timestamp": 206
        },
        {
            "dx": 223.7650604248047,
            "dy": 75.19873046875,
            "timestamp": 206
        },
        {
            "dx": 223.7650604248047,
            "dy": 76.86468505859375,
            "timestamp": 206
        },
        {
            "dx": 223.7650604248047,
            "dy": 78.197509765625,
            "timestamp": 206
        },
        {
            "dx": 223.7650604248047,
            "dy": 80.19671630859375,
            "timestamp": 206
        },
        {
            "dx": 223.09898376464844,
            "dy": 81.8626708984375,
            "timestamp": 231
        },
        {
            "dx": 222.43295288085938,
            "dy": 83.52865600585938,
            "timestamp": 231
        },
        {
            "dx": 221.4338836669922,
            "dy": 85.86105346679688,
            "timestamp": 231
        },
        {
            "dx": 220.43478393554688,
            "dy": 87.8602294921875,
            "timestamp": 231
        },
        {
            "dx": 218.7696533203125,
            "dy": 89.85943603515625,
            "timestamp": 231
        },
        {
            "dx": 217.1045379638672,
            "dy": 91.525390625,
            "timestamp": 231
        },
        {
            "dx": 214.7733612060547,
            "dy": 93.19140625,
            "timestamp": 231
        },
        {
            "dx": 212.4421844482422,
            "dy": 95.19061279296875,
            "timestamp": 270
        },
        {
            "dx": 210.1110076904297,
            "dy": 96.52337646484375,
            "timestamp": 270
        },
        {
            "dx": 207.7798309326172,
            "dy": 97.85617065429688,
            "timestamp": 270
        },
        {
            "dx": 205.78167724609375,
            "dy": 99.18896484375,
            "timestamp": 270
        },
        {
            "dx": 203.78353881835938,
            "dy": 99.8553466796875,
            "timestamp": 271
        },
        {
            "dx": 201.78538513183594,
            "dy": 100.85494995117188,
            "timestamp": 271
        },
        {
            "dx": 199.7872314453125,
            "dy": 101.52133178710938,
            "timestamp": 271
        },
        {
            "dx": 197.7891082763672,
            "dy": 102.187744140625,
            "timestamp": 271
        },
        {
            "dx": 195.4579315185547,
            "dy": 102.8541259765625,
            "timestamp": 271
        },
        {
            "dx": 193.4597625732422,
            "dy": 102.8541259765625,
            "timestamp": 271
        },
        {
            "dx": 191.46160888671875,
            "dy": 103.18734741210938,
            "timestamp": 271
        },
        {
            "dx": 189.79649353027344,
            "dy": 103.18734741210938,
            "timestamp": 291
        },
        {
            "dx": 187.79833984375,
            "dy": 103.18734741210938,
            "timestamp": 295
        },
        {
            "dx": 186.1332244873047,
            "dy": 103.18734741210938,
            "timestamp": 295
        },
        {
            "dx": 184.46807861328125,
            "dy": 103.18734741210938,
            "timestamp": 295
        },
        {
            "dx": 182.80296325683594,
            "dy": 103.18734741210938,
            "timestamp": 296
        },
        {
            "dx": 181.1378631591797,
            "dy": 102.8541259765625,
            "timestamp": 316
        },
        {
            "dx": 180.13876342773438,
            "dy": 102.52093505859375,
            "timestamp": 316
        },
        {
            "dx": 178.8066864013672,
            "dy": 102.52093505859375,
            "timestamp": 316
        },
        {
            "dx": 177.80758666992188,
            "dy": 101.85455322265625,
            "timestamp": 316
        },
        {
            "dx": 176.8085174560547,
            "dy": 101.52133178710938,
            "timestamp": 316
        },
        {
            "dx": 175.80943298339844,
            "dy": 100.85494995117188,
            "timestamp": 317
        },
        {
            "dx": 175.14340209960938,
            "dy": 100.18856811523438,
            "timestamp": 317
        },
        {
            "dx": 174.4773406982422,
            "dy": 99.52215576171875,
            "timestamp": 338
        },
        {
            "dx": 173.478271484375,
            "dy": 99.18896484375,
            "timestamp": 339
        },
        {
            "dx": 172.81222534179688,
            "dy": 98.52255249023438,
            "timestamp": 340
        },
        {
            "dx": 172.47918701171875,
            "dy": 97.52294921875,
            "timestamp": 340
        },
        {
            "dx": 171.8131561279297,
            "dy": 96.8565673828125,
            "timestamp": 340
        },
        {
            "dx": 171.1470947265625,
            "dy": 95.85699462890625,
            "timestamp": 340
        },
        {
            "dx": 170.81407165527344,
            "dy": 94.85739135742188,
            "timestamp": 368
        },
        {
            "dx": 170.48104858398438,
            "dy": 93.8577880859375,
            "timestamp": 369
        },
        {
            "dx": 169.8149871826172,
            "dy": 92.85821533203125,
            "timestamp": 369
        },
        {
            "dx": 169.4819793701172,
            "dy": 91.85861206054688,
            "timestamp": 369
        },
        {
            "dx": 169.1489715576172,
            "dy": 91.19223022460938,
            "timestamp": 369
        },
        {
            "dx": 168.81591796875,
            "dy": 90.52581787109375,
            "timestamp": 369
        },
        {
            "dx": 168.14987182617188,
            "dy": 89.52621459960938,
            "timestamp": 369
        },
        {
            "dx": 167.81683349609375,
            "dy": 88.85983276367188,
            "timestamp": 369
        },
        {
            "dx": 167.1508026123047,
            "dy": 88.19345092773438,
            "timestamp": 393
        },
        {
            "dx": 166.4847412109375,
            "dy": 87.8602294921875,
            "timestamp": 393
        },
        {
            "dx": 165.81869506835938,
            "dy": 87.52703857421875,
            "timestamp": 393
        },
        {
            "dx": 165.1526336669922,
            "dy": 86.86065673828125,
            "timestamp": 393
        },
        {
            "dx": 164.4866180419922,
            "dy": 86.19427490234375,
            "timestamp": 393
        },
        {
            "dx": 163.82054138183594,
            "dy": 86.19427490234375,
            "timestamp": 393
        },
        {
            "dx": 163.15447998046875,
            "dy": 85.86105346679688,
            "timestamp": 423
        },
        {
            "dx": 162.82147216796875,
            "dy": 85.86105346679688,
            "timestamp": 423
        },
        {
            "dx": 162.1554412841797,
            "dy": 85.86105346679688,
            "timestamp": 423
        },
        {
            "dx": 161.48936462402344,
            "dy": 85.86105346679688,
            "timestamp": 423
        },
        {
            "dx": 161.15634155273438,
            "dy": 85.86105346679688,
            "timestamp": 423
        },
        {
            "dx": 160.82330322265625,
            "dy": 85.86105346679688,
            "timestamp": 423
        },
        {
            "dx": 160.1572723388672,
            "dy": 85.86105346679688,
            "timestamp": 423
        },
        {
            "dx": 159.8242645263672,
            "dy": 85.86105346679688,
            "timestamp": 423
        },
        {
            "dx": 158.82516479492188,
            "dy": 86.19427490234375,
            "timestamp": 449
        },
        {
            "dx": 157.8260955810547,
            "dy": 86.86065673828125,
            "timestamp": 449
        },
        {
            "dx": 156.49398803710938,
            "dy": 87.52703857421875,
            "timestamp": 449
        },
        {
            "dx": 155.1619110107422,
            "dy": 88.526611328125,
            "timestamp": 449
        },
        {
            "dx": 153.49676513671875,
            "dy": 89.85943603515625,
            "timestamp": 449
        },
        {
            "dx": 151.83164978027344,
            "dy": 90.8590087890625,
            "timestamp": 449
        },
        {
            "dx": 150.16650390625,
            "dy": 92.19183349609375,
            "timestamp": 449
        },
        {
            "dx": 149.16744995117188,
            "dy": 93.19140625,
            "timestamp": 449
        },
        {
            "dx": 147.8353729248047,
            "dy": 94.524169921875,
            "timestamp": 476
        },
        {
            "dx": 146.50323486328125,
            "dy": 96.190185546875,
            "timestamp": 477
        },
        {
            "dx": 144.83811950683594,
            "dy": 97.52294921875,
            "timestamp": 477
        },
        {
            "dx": 143.8390350341797,
            "dy": 98.85577392578125,
            "timestamp": 478
        },
        {
            "dx": 142.50694274902344,
            "dy": 100.18856811523438,
            "timestamp": 478
        },
        {
            "dx": 141.1748504638672,
            "dy": 101.85455322265625,
            "timestamp": 478
        },
        {
            "dx": 140.17576599121094,
            "dy": 103.18734741210938,
            "timestamp": 478
        },
        {
            "dx": 139.17669677734375,
            "dy": 104.52011108398438,
            "timestamp": 504
        },
        {
            "dx": 138.1776123046875,
            "dy": 106.18612670898438,
            "timestamp": 504
        },
        {
            "dx": 137.51156616210938,
            "dy": 107.85211181640625,
            "timestamp": 505
        },
        {
            "dx": 136.84552001953125,
            "dy": 109.51812744140625,
            "timestamp": 505
        },
        {
            "dx": 136.17947387695312,
            "dy": 110.85089111328125,
            "timestamp": 505
        },
        {
            "dx": 135.513427734375,
            "dy": 112.51690673828125,
            "timestamp": 505
        },
        {
            "dx": 135.18038940429688,
            "dy": 113.84967041015625,
            "timestamp": 505
        },
        {
            "dx": 134.84738159179688,
            "dy": 115.51568603515625,
            "timestamp": 529
        },
        {
            "dx": 134.51434326171875,
            "dy": 117.51486206054688,
            "timestamp": 533
        },
        {
            "dx": 134.1813201904297,
            "dy": 118.84762573242188,
            "timestamp": 534
        },
        {
            "dx": 134.1813201904297,
            "dy": 120.180419921875,
            "timestamp": 534
        },
        {
            "dx": 134.1813201904297,
            "dy": 121.84640502929688,
            "timestamp": 534
        },
        {
            "dx": 134.1813201904297,
            "dy": 123.17919921875,
            "timestamp": 534
        },
        {
            "dx": 134.1813201904297,
            "dy": 124.84518432617188,
            "timestamp": 560
        },
        {
            "dx": 134.51434326171875,
            "dy": 125.84481811523438,
            "timestamp": 560
        },
        {
            "dx": 135.18038940429688,
            "dy": 127.17758178710938,
            "timestamp": 560
        },
        {
            "dx": 136.17947387695312,
            "dy": 128.5103759765625,
            "timestamp": 560
        },
        {
            "dx": 136.84552001953125,
            "dy": 129.8431396484375,
            "timestamp": 560
        },
        {
            "dx": 137.84458923339844,
            "dy": 130.84274291992188,
            "timestamp": 560
        },
        {
            "dx": 139.17669677734375,
            "dy": 131.84237670898438,
            "timestamp": 560
        },
        {
            "dx": 140.17576599121094,
            "dy": 132.50875854492188,
            "timestamp": 561
        },
        {
            "dx": 141.1748504638672,
            "dy": 132.84197998046875,
            "timestamp": 561
        },
        {
            "dx": 141.84088134765625,
            "dy": 133.17514038085938,
            "timestamp": 594
        },
        {
            "dx": 142.8399658203125,
            "dy": 133.50839233398438,
            "timestamp": 595
        },
        {
            "dx": 143.5060272216797,
            "dy": 133.841552734375,
            "timestamp": 595
        },
        {
            "dx": 144.17205810546875,
            "dy": 134.17474365234375,
            "timestamp": 595
        },
        {
            "dx": 144.50509643554688,
            "dy": 134.17474365234375,
            "timestamp": 595
        },
        {
            "dx": 144.83811950683594,
            "dy": 134.17474365234375,
            "timestamp": 595
        },
        {
            "dx": 145.171142578125,
            "dy": 134.17474365234375,
            "timestamp": 595
        },
        {
            "dx": 145.171142578125,
            "dy": 134.5079345703125,
            "timestamp": 654
        },
        {
            "dx": 145.171142578125,
            "dy": 134.84115600585938,
            "timestamp": 654
        },
        {
            "dx": 144.83811950683594,
            "dy": 135.50753784179688,
            "timestamp": 674
        },
        {
            "dx": 144.17205810546875,
            "dy": 136.17391967773438,
            "timestamp": 674
        },
        {
            "dx": 142.8399658203125,
            "dy": 137.17352294921875,
            "timestamp": 674
        },
        {
            "dx": 141.84088134765625,
            "dy": 137.83993530273438,
            "timestamp": 674
        },
        {
            "dx": 140.5087890625,
            "dy": 138.83953857421875,
            "timestamp": 674
        },
        {
            "dx": 139.50973510742188,
            "dy": 139.839111328125,
            "timestamp": 700
        },
        {
            "dx": 138.51065063476562,
            "dy": 140.5054931640625,
            "timestamp": 700
        },
        {
            "dx": 137.51156616210938,
            "dy": 141.171875,
            "timestamp": 700
        },
        {
            "dx": 136.84552001953125,
            "dy": 142.17147827148438,
            "timestamp": 700
        },
        {
            "dx": 136.17947387695312,
            "dy": 143.17108154296875,
            "timestamp": 700
        },
        {
            "dx": 135.18038940429688,
            "dy": 143.83749389648438,
            "timestamp": 700
        },
        {
            "dx": 134.51434326171875,
            "dy": 144.83709716796875,
            "timestamp": 700
        },
        {
            "dx": 133.84829711914062,
            "dy": 146.16986083984375,
            "timestamp": 727
        },
        {
            "dx": 133.1822509765625,
            "dy": 147.16943359375,
            "timestamp": 728
        },
        {
            "dx": 132.51620483398438,
            "dy": 148.50228881835938,
            "timestamp": 728
        },
        {
            "dx": 131.8501434326172,
            "dy": 149.83505249023438,
            "timestamp": 728
        },
        {
            "dx": 131.51712036132812,
            "dy": 151.16781616210938,
            "timestamp": 729
        },
        {
            "dx": 131.18411254882812,
            "dy": 152.5006103515625,
            "timestamp": 730
        },
        {
            "dx": 131.18411254882812,
            "dy": 153.83343505859375,
            "timestamp": 730
        },
        {
            "dx": 130.51803588867188,
            "dy": 154.49984741210938,
            "timestamp": 755
        },
        {
            "dx": 130.18502807617188,
            "dy": 155.4993896484375,
            "timestamp": 755
        },
        {
            "dx": 129.85198974609375,
            "dy": 156.49899291992188,
            "timestamp": 756
        },
        {
            "dx": 129.85198974609375,
            "dy": 157.831787109375,
            "timestamp": 757
        },
        {
            "dx": 129.5189666748047,
            "dy": 158.83139038085938,
            "timestamp": 757
        },
        {
            "dx": 129.5189666748047,
            "dy": 160.1641845703125,
            "timestamp": 757
        },
        {
            "dx": 129.18594360351562,
            "dy": 161.4969482421875,
            "timestamp": 757
        },
        {
            "dx": 129.18594360351562,
            "dy": 162.82977294921875,
            "timestamp": 757
        },
        {
            "dx": 129.18594360351562,
            "dy": 164.4957275390625,
            "timestamp": 788
        },
        {
            "dx": 129.18594360351562,
            "dy": 165.82855224609375,
            "timestamp": 788
        },
        {
            "dx": 129.18594360351562,
            "dy": 166.828125,
            "timestamp": 788
        },
        {
            "dx": 128.85293579101562,
            "dy": 169.1605224609375,
            "timestamp": 788
        },
        {
            "dx": 128.85293579101562,
            "dy": 171.15975952148438,
            "timestamp": 788
        },
        {
            "dx": 128.85293579101562,
            "dy": 173.15890502929688,
            "timestamp": 788
        },
        {
            "dx": 128.85293579101562,
            "dy": 175.1580810546875,
            "timestamp": 790
        },
        {
            "dx": 128.85293579101562,
            "dy": 176.82406616210938,
            "timestamp": 790
        },
        {
            "dx": 128.85293579101562,
            "dy": 178.8232421875,
            "timestamp": 820
        },
        {
            "dx": 129.18594360351562,
            "dy": 181.1556396484375,
            "timestamp": 821
        },
        {
            "dx": 129.18594360351562,
            "dy": 183.15487670898438,
            "timestamp": 821
        },
        {
            "dx": 129.5189666748047,
            "dy": 185.15402221679688,
            "timestamp": 821
        },
        {
            "dx": 129.85198974609375,
            "dy": 186.82000732421875,
            "timestamp": 821
        },
        {
            "dx": 130.18502807617188,
            "dy": 188.48602294921875,
            "timestamp": 821
        },
        {
            "dx": 130.85107421875,
            "dy": 190.48519897460938,
            "timestamp": 821
        },
        {
            "dx": 131.18411254882812,
            "dy": 192.484375,
            "timestamp": 821
        },
        {
            "dx": 131.51712036132812,
            "dy": 194.48358154296875,
            "timestamp": 821
        },
        {
            "dx": 131.8501434326172,
            "dy": 197.14913940429688,
            "timestamp": 843
        },
        {
            "dx": 132.18316650390625,
            "dy": 199.814697265625,
            "timestamp": 844
        },
        {
            "dx": 132.51620483398438,
            "dy": 202.1470947265625,
            "timestamp": 845
        },
        {
            "dx": 132.84921264648438,
            "dy": 204.14633178710938,
            "timestamp": 845
        },
        {
            "dx": 132.84921264648438,
            "dy": 205.81234741210938,
            "timestamp": 845
        },
        {
            "dx": 133.1822509765625,
            "dy": 207.478271484375,
            "timestamp": 845
        },
        {
            "dx": 133.1822509765625,
            "dy": 208.81112670898438,
            "timestamp": 876
        },
        {
            "dx": 133.51528930664062,
            "dy": 209.8106689453125,
            "timestamp": 877
        },
        {
            "dx": 133.51528930664062,
            "dy": 210.81027221679688,
            "timestamp": 877
        },
        {
            "dx": 133.84829711914062,
            "dy": 211.80990600585938,
            "timestamp": 877
        },
        {
            "dx": 133.84829711914062,
            "dy": 212.47625732421875,
            "timestamp": 877
        },
        {
            "dx": 134.1813201904297,
            "dy": 213.475830078125,
            "timestamp": 877
        },
        {
            "dx": 134.51434326171875,
            "dy": 214.1422119140625,
            "timestamp": 877
        },
        {
            "dx": 134.51434326171875,
            "dy": 214.47543334960938,
            "timestamp": 877
        },
        {
            "dx": 134.84738159179688,
            "dy": 214.80868530273438,
            "timestamp": 900
        },
        {
            "dx": 0,
            "dy": 0,
            "timestamp": 901
        },
        {
            "dx": 150.8325653076172,
            "dy": 66.8687744140625,
            "timestamp": 1157
        },
        {
            "dx": 153.82980346679688,
            "dy": 66.20236206054688,
            "timestamp": 1157
        },
        {
            "dx": 156.16098022460938,
            "dy": 66.20236206054688,
            "timestamp": 1181
        },
        {
            "dx": 157.4930877685547,
            "dy": 65.86920166015625,
            "timestamp": 1183
        },
        {
            "dx": 159.15818786621094,
            "dy": 65.86920166015625,
            "timestamp": 1184
        },
        {
            "dx": 160.49029541015625,
            "dy": 65.86920166015625,
            "timestamp": 1184
        },
        {
            "dx": 162.1554412841797,
            "dy": 65.86920166015625,
            "timestamp": 1184
        },
        {
            "dx": 164.8196258544922,
            "dy": 65.86920166015625,
            "timestamp": 1214
        },
        {
            "dx": 166.4847412109375,
            "dy": 65.86920166015625,
            "timestamp": 1214
        },
        {
            "dx": 167.81683349609375,
            "dy": 65.86920166015625,
            "timestamp": 1214
        },
        {
            "dx": 169.1489715576172,
            "dy": 65.86920166015625,
            "timestamp": 1214
        },
        {
            "dx": 170.14801025390625,
            "dy": 65.86920166015625,
            "timestamp": 1214
        },
        {
            "dx": 171.1470947265625,
            "dy": 65.86920166015625,
            "timestamp": 1214
        },
        {
            "dx": 172.1461639404297,
            "dy": 66.53558349609375,
            "timestamp": 1214
        },
        {
            "dx": 173.478271484375,
            "dy": 66.8687744140625,
            "timestamp": 1214
        },
        {
            "dx": 0,
            "dy": 0,
            "timestamp": 1241
        },
        {
            "dx": 213.7742919921875,
            "dy": 40.21295166015625,
            "timestamp": 1408
        },
        {
            "dx": 217.77059936523438,
            "dy": 39.54656982421875,
            "timestamp": 1408
        },
        {
            "dx": 221.100830078125,
            "dy": 38.880126953125,
            "timestamp": 1429
        },
        {
            "dx": 223.4320068359375,
            "dy": 38.880126953125,
            "timestamp": 1429
        },
        {
            "dx": 225.09713745117188,
            "dy": 38.880126953125,
            "timestamp": 1429
        },
        {
            "dx": 226.42926025390625,
            "dy": 38.880126953125,
            "timestamp": 1430
        },
        {
            "dx": 227.42831420898438,
            "dy": 38.880126953125,
            "timestamp": 1430
        },
        {
            "dx": 228.76043701171875,
            "dy": 38.880126953125,
            "timestamp": 1453
        },
        {
            "dx": 229.42645263671875,
            "dy": 39.213348388671875,
            "timestamp": 1454
        },
        {
            "dx": 0,
            "dy": 0,
            "timestamp": 1455
        }
    ]
]