[
    [
        {
            "dx": 187.63636779785156,
            "dy": 90.65447998046875,
            "timestamp": 0
        },
        {
            "dx": 190.03622436523438,
            "dy": 88.32742309570312,
            "timestamp": 1
        },
        {
            "dx": 192.43646240234375,
            "dy": 86.39990234375,
            "timestamp": 2
        },
        {
            "dx": 194.9453125,
            "dy": 84.727294921875,
            "timestamp": 2
        },
        {
            "dx": 197.9272003173828,
            "dy": 83.09091186523438,
            "timestamp": 32
        },
        {
            "dx": 200.80007934570312,
            "dy": 81.81817626953125,
            "timestamp": 32
        },
        {
            "dx": 203.70916748046875,
            "dy": 80.8363037109375,
            "timestamp": 32
        },
        {
            "dx": 206.7635040283203,
            "dy": 79.85440063476562,
            "timestamp": 32
        },
        {
            "dx": 210.14561462402344,
            "dy": 78.98193359375,
            "timestamp": 32
        },
        {
            "dx": 213.7091827392578,
            "dy": 78.39990234375,
            "timestamp": 32
        },
        {
            "dx": 217.27272033691406,
            "dy": 78.21804809570312,
            "timestamp": 32
        },
        {
            "dx": 220.32740783691406,
            "dy": 78.10903930664062,
            "timestamp": 32
        },
        {
            "dx": 221.19993591308594,
            "dy": 78.10903930664062,
            "timestamp": 62
        },
        {
            "dx": 222.5454559326172,
            "dy": 78.21804809570312,
            "timestamp": 62
        },
        {
            "dx": 224.10902404785156,
            "dy": 78.29083251953125,
            "timestamp": 62
        },
        {
            "dx": 225.9272003173828,
            "dy": 78.58169555664062,
            "timestamp": 62
        },
        {
            "dx": 227.8544464111328,
            "dy": 78.87286376953125,
            "timestamp": 62
        },
        {
            "dx": 229.67259216308594,
            "dy": 79.27273559570312,
            "timestamp": 62
        },
        {
            "dx": 231.30894470214844,
            "dy": 79.672607421875,
            "timestamp": 62
        },
        {
            "dx": 232.7635040283203,
            "dy": 80.14559936523438,
            "timestamp": 81
        },
        {
            "dx": 234.00001525878906,
            "dy": 80.727294921875,
            "timestamp": 81
        },
        {
            "dx": 235.16371154785156,
            "dy": 81.3089599609375,
            "timestamp": 81
        },
        {
            "dx": 236.32740783691406,
            "dy": 82.18182373046875,
            "timestamp": 81
        },
        {
            "dx": 237.27272033691406,
            "dy": 83.16372680664062,
            "timestamp": 81
        },
        {
            "dx": 238.03623962402344,
            "dy": 84.14559936523438,
            "timestamp": 98
        },
        {
            "dx": 238.72727966308594,
            "dy": 85.12713623046875,
            "timestamp": 98
        },
        {
            "dx": 239.19993591308594,
            "dy": 86.29083251953125,
            "timestamp": 99
        },
        {
            "dx": 239.4907684326172,
            "dy": 87.34552001953125,
            "timestamp": 99
        },
        {
            "dx": 239.6001434326172,
            "dy": 88.50927734375,
            "timestamp": 116
        },
        {
            "dx": 239.6001434326172,
            "dy": 89.01812744140625,
            "timestamp": 116
        },
        {
            "dx": 239.09092712402344,
            "dy": 90.29083251953125,
            "timestamp": 116
        },
        {
            "dx": 237.9638214111328,
            "dy": 92.43643188476562,
            "timestamp": 116
        },
        {
            "dx": 236.3998565673828,
            "dy": 94.47265625,
            "timestamp": 134
        },
        {
            "dx": 234.3998565673828,
            "dy": 96.90908813476562,
            "timestamp": 134
        },
        {
            "dx": 231.7091827392578,
            "dy": 99.23651123046875,
            "timestamp": 134
        },
        {
            "dx": 229.0181121826172,
            "dy": 101.38174438476562,
            "timestamp": 134
        },
        {
            "dx": 225.4545440673828,
            "dy": 103.81817626953125,
            "timestamp": 134
        },
        {
            "dx": 221.67259216308594,
            "dy": 106.03622436523438,
            "timestamp": 152
        },
        {
            "dx": 218.14561462402344,
            "dy": 108.76348876953125,
            "timestamp": 152
        },
        {
            "dx": 214.6544952392578,
            "dy": 111.49078369140625,
            "timestamp": 152
        },
        {
            "dx": 210.72727966308594,
            "dy": 114.14559936523438,
            "timestamp": 152
        },
        {
            "dx": 206.7635040283203,
            "dy": 116.76348876953125,
            "timestamp": 172
        },
        {
            "dx": 202.83631896972656,
            "dy": 119.199951171875,
            "timestamp": 173
        },
        {
            "dx": 198.9818878173828,
            "dy": 121.52734375,
            "timestamp": 173
        },
        {
            "dx": 195.23651123046875,
            "dy": 123.96377563476562,
            "timestamp": 173
        },
        {
            "dx": 191.56356811523438,
            "dy": 126.39990234375,
            "timestamp": 173
        },
        {
            "dx": 188.10902404785156,
            "dy": 128.727294921875,
            "timestamp": 189
        },
        {
            "dx": 184.72727966308594,
            "dy": 130.87289428710938,
            "timestamp": 189
        },
        {
            "dx": 181.09091186523438,
            "dy": 133.60018920898438,
            "timestamp": 190
        },
        {
            "dx": 177.6001434326172,
            "dy": 136.03622436523438,
            "timestamp": 190
        },
        {
            "dx": 174.14559936523438,
            "dy": 138.29086303710938,
            "timestamp": 204
        },
        {
            "dx": 170.8728790283203,
            "dy": 140.50927734375,
            "timestamp": 205
        },
        {
            "dx": 167.89100646972656,
            "dy": 142.58169555664062,
            "timestamp": 205
        },
        {
            "dx": 165.30897521972656,
            "dy": 144.61825561523438,
            "timestamp": 205
        },
        {
            "dx": 162.8728790283203,
            "dy": 146.76351928710938,
            "timestamp": 233
        },
        {
            "dx": 160.47265625,
            "dy": 148.80007934570312,
            "timestamp": 233
        },
        {
            "dx": 158.18182373046875,
            "dy": 150.65447998046875,
            "timestamp": 233
        },
        {
            "dx": 156.14559936523438,
            "dy": 152.50927734375,
            "timestamp": 233
        },
        {
            "dx": 154.32742309570312,
            "dy": 154.254638671875,
            "timestamp": 233
        },
        {
            "dx": 153.4545440673828,
            "dy": 155.23651123046875,
            "timestamp": 233
        },
        {
            "dx": 152.21804809570312,
            "dy": 157.09091186523438,
            "timestamp": 233
        },
        {
            "dx": 150.8728790283203,
            "dy": 159.01815795898438,
            "timestamp": 251
        },
        {
            "dx": 149.70916748046875,
            "dy": 160.98193359375,
            "timestamp": 252
        },
        {
            "dx": 148.5454559326172,
            "dy": 162.8363037109375,
            "timestamp": 252
        },
        {
            "dx": 147.41835021972656,
            "dy": 164.3636474609375,
            "timestamp": 252
        },
        {
            "dx": 146.5454559326172,
            "dy": 166.03622436523438,
            "timestamp": 272
        },
        {
            "dx": 145.56356811523438,
            "dy": 167.781982421875,
            "timestamp": 272
        },
        {
            "dx": 144.72727966308594,
            "dy": 169.63638305664062,
            "timestamp": 272
        },
        {
            "dx": 143.74539184570312,
            "dy": 171.781982421875,
            "timestamp": 272
        },
        {
            "dx": 142.90908813476562,
            "dy": 173.92724609375,
            "timestamp": 272
        },
        {
            "dx": 142.03622436523438,
            "dy": 175.85440063476562,
            "timestamp": 289
        },
        {
            "dx": 141.16371154785156,
            "dy": 177.52734375,
            "timestamp": 289
        },
        {
            "dx": 140.3998565673828,
            "dy": 179.09091186523438,
            "timestamp": 289
        },
        {
            "dx": 139.4545440673828,
            "dy": 180.54547119140625,
            "timestamp": 289
        },
        {
            "dx": 138.3998565673828,
            "dy": 182.10903930664062,
            "timestamp": 289
        },
        {
            "dx": 137.1271514892578,
            "dy": 184.03622436523438,
            "timestamp": 306
        },
        {
            "dx": 135.7091827392578,
            "dy": 185.8909912109375,
            "timestamp": 306
        },
        {
            "dx": 133.6001434326172,
            "dy": 187.85440063476562,
            "timestamp": 306
        },
        {
            "dx": 131.38174438476562,
            "dy": 189.70916748046875,
            "timestamp": 306
        },
        {
            "dx": 129.27273559570312,
            "dy": 191.45455932617188,
            "timestamp": 323
        },
        {
            "dx": 126.98188781738281,
            "dy": 193.38174438476562,
            "timestamp": 324
        },
        {
            "dx": 124.18183898925781,
            "dy": 195.23651123046875,
            "timestamp": 324
        },
        {
            "dx": 121.23652648925781,
            "dy": 197.09091186523438,
            "timestamp": 324
        },
        {
            "dx": 118.254638671875,
            "dy": 199.0546875,
            "timestamp": 340
        },
        {
            "dx": 115.09091186523438,
            "dy": 200.98190307617188,
            "timestamp": 340
        },
        {
            "dx": 111.52734375,
            "dy": 202.8363037109375,
            "timestamp": 340
        },
        {
            "dx": 107.81819152832031,
            "dy": 204.69107055664062,
            "timestamp": 340
        },
        {
            "dx": 103.60014343261719,
            "dy": 206.43643188476562,
            "timestamp": 359
        },
        {
            "dx": 99.16371154785156,
            "dy": 208,
            "timestamp": 359
        },
        {
            "dx": 95.0546875,
            "dy": 210.03622436523438,
            "timestamp": 359
        },
        {
            "dx": 90.83628845214844,
            "dy": 212,
            "timestamp": 359
        },
        {
            "dx": 86.03622436523438,
            "dy": 213.63638305664062,
            "timestamp": 359
        },
        {
            "dx": 81.34552764892578,
            "dy": 215.199951171875,
            "timestamp": 377
        },
        {
            "dx": 76.43644714355469,
            "dy": 216.58169555664062,
            "timestamp": 378
        },
        {
            "dx": 72.14559936523438,
            "dy": 217.92721557617188,
            "timestamp": 378
        },
        {
            "dx": 67.81818389892578,
            "dy": 219.199951171875,
            "timestamp": 378
        },
        {
            "dx": 63.41832733154297,
            "dy": 220.3636474609375,
            "timestamp": 394
        },
        {
            "dx": 59.090911865234375,
            "dy": 221.23651123046875,
            "timestamp": 394
        },
        {
            "dx": 54.98188781738281,
            "dy": 221.92721557617188,
            "timestamp": 394
        },
        {
            "dx": 51.70915985107422,
            "dy": 222.50924682617188,
            "timestamp": 394
        },
        {
            "dx": 48.43644714355469,
            "dy": 222.90914916992188,
            "timestamp": 410
        },
        {
            "dx": 45.272727966308594,
            "dy": 223.27273559570312,
            "timestamp": 410
        },
        {
            "dx": 41.854408264160156,
            "dy": 223.672607421875,
            "timestamp": 411
        },
        {
            "dx": 38.58168029785156,
            "dy": 223.8909912109375,
            "timestamp": 411
        },
        {
            "dx": 35.30895233154297,
            "dy": 223.96383666992188,
            "timestamp": 426
        },
        {
            "dx": 32.145599365234375,
            "dy": 223.96383666992188,
            "timestamp": 427
        },
        {
            "dx": 29.672584533691406,
            "dy": 223.781982421875,
            "timestamp": 428
        },
        {
            "dx": 26.872879028320312,
            "dy": 223.38180541992188,
            "timestamp": 428
        },
        {
            "dx": 24,
            "dy": 222.69107055664062,
            "timestamp": 445
        },
        {
            "dx": 21.600143432617188,
            "dy": 221.92721557617188,
            "timestamp": 445
        },
        {
            "dx": 19.490768432617188,
            "dy": 221.0546875,
            "timestamp": 445
        },
        {
            "dx": 17.963775634765625,
            "dy": 220.07281494140625,
            "timestamp": 445
        },
        {
            "dx": 16.61825180053711,
            "dy": 218.80007934570312,
            "timestamp": 445
        },
        {
            "dx": 15.272727966308594,
            "dy": 216.9453125,
            "timestamp": 461
        },
        {
            "dx": 14.14559555053711,
            "dy": 214.61825561523438,
            "timestamp": 461
        },
        {
            "dx": 13.345531463623047,
            "dy": 211.8909912109375,
            "timestamp": 461
        },
        {
            "dx": 0,
            "dy": 0,
            "timestamp": 462
        },
        {
            "dx": 222.47267150878906,
            "dy": 43.63636779785156,
            "timestamp": 803
        },
        {
            "dx": 222.5454559326172,
            "dy": 44.618255615234375,
            "timestamp": 804
        },
        {
            "dx": 223.0181121826172,
            "dy": 46.3636474609375,
            "timestamp": 805
        },
        {
            "dx": 223.1271514892578,
            "dy": 47.12713623046875,
            "timestamp": 805
        },
        {
            "dx": 223.41831970214844,
            "dy": 48.218048095703125,
            "timestamp": 806
        },
        {
            "dx": 223.6001434326172,
            "dy": 48.90911865234375,
            "timestamp": 847
        },
        {
            "dx": 223.8181915283203,
            "dy": 49.38177490234375,
            "timestamp": 847
        },
        {
            "dx": 224.00001525878906,
            "dy": 49.85443115234375,
            "timestamp": 847
        },
        {
            "dx": 224.10902404785156,
            "dy": 50.25462341308594,
            "timestamp": 847
        },
        {
            "dx": 224.2908477783203,
            "dy": 50.65447998046875,
            "timestamp": 847
        },
        {
            "dx": 224.3998565673828,
            "dy": 51.0546875,
            "timestamp": 847
        },
        {
            "dx": 224.58168029785156,
            "dy": 51.4183349609375,
            "timestamp": 848
        },
        {
            "dx": 224.7635040283203,
            "dy": 51.81819152832031,
            "timestamp": 848
        },
        {
            "dx": 224.94532775878906,
            "dy": 52.218048095703125,
            "timestamp": 848
        },
        {
            "dx": 225.16371154785156,
            "dy": 52.58168029785156,
            "timestamp": 848
        },
        {
            "dx": 225.3455352783203,
            "dy": 52.87287902832031,
            "timestamp": 848
        },
        {
            "dx": 225.52735900878906,
            "dy": 53.38177490234375,
            "timestamp": 876
        },
        {
            "dx": 225.74537658691406,
            "dy": 53.67259216308594,
            "timestamp": 876
        },
        {
            "dx": 225.9272003173828,
            "dy": 53.96380615234375,
            "timestamp": 877
        },
        {
            "dx": 226.10902404785156,
            "dy": 54.43646240234375,
            "timestamp": 877
        },
        {
            "dx": 226.21803283691406,
            "dy": 54.8363037109375,
            "timestamp": 877
        },
        {
            "dx": 226.2908477783203,
            "dy": 55.23651123046875,
            "timestamp": 877
        },
        {
            "dx": 226.3998565673828,
            "dy": 55.60014343261719,
            "timestamp": 877
        },
        {
            "dx": 226.58168029785156,
            "dy": 55.8909912109375,
            "timestamp": 895
        },
        {
            "dx": 226.69105529785156,
            "dy": 56.10902404785156,
            "timestamp": 895
        },
        {
            "dx": 226.69105529785156,
            "dy": 56,
            "timestamp": 919
        },
        {
            "dx": 226.69105529785156,
            "dy": 55.81819152832031,
            "timestamp": 938
        },
        {
            "dx": 226.58168029785156,
            "dy": 55.60014343261719,
            "timestamp": 938
        },
        {
            "dx": 226.3998565673828,
            "dy": 55.3089599609375,
            "timestamp": 938
        },
        {
            "dx": 226.21803283691406,
            "dy": 55.01811218261719,
            "timestamp": 938
        },
        {
            "dx": 225.63636779785156,
            "dy": 54.65447998046875,
            "timestamp": 938
        },
        {
            "dx": 225.05470275878906,
            "dy": 54.25462341308594,
            "timestamp": 958
        },
        {
            "dx": 224.3998565673828,
            "dy": 54.07279968261719,
            "timestamp": 958
        },
        {
            "dx": 223.6001434326172,
            "dy": 54.07279968261719,
            "timestamp": 958
        },
        {
            "dx": 222.6544952392578,
            "dy": 54.145599365234375,
            "timestamp": 958
        },
        {
            "dx": 220.9091339111328,
            "dy": 54.65447998046875,
            "timestamp": 958
        },
        {
            "dx": 218.69105529785156,
            "dy": 55.52734375,
            "timestamp": 976
        },
        {
            "dx": 215.9272003173828,
            "dy": 57.090911865234375,
            "timestamp": 977
        },
        {
            "dx": 0,
            "dy": 0,
            "timestamp": 978
        }
    ],
    [
        {
            "dx": 167.20001220703125,
            "dy": 109.70001220703125,
            "timestamp": 0
        },
        {
            "dx": 166.4000244140625,
            "dy": 109.70001220703125,
            "timestamp": 19
        },
        {
            "dx": 166.4000244140625,
            "dy": 108.9000244140625,
            "timestamp": 19
        },
        {
            "dx": 165.60000610351562,
            "dy": 108.10000610351562,
            "timestamp": 35
        },
        {
            "dx": 165.60000610351562,
            "dy": 106.50003051757812,
            "timestamp": 36
        },
        {
            "dx": 165.60000610351562,
            "dy": 105.70001220703125,
            "timestamp": 36
        },
        {
            "dx": 165.60000610351562,
            "dy": 104.10000610351562,
            "timestamp": 52
        },
        {
            "dx": 165.60000610351562,
            "dy": 102.50003051757812,
            "timestamp": 52
        },
        {
            "dx": 166.4000244140625,
            "dy": 100.9000244140625,
            "timestamp": 52
        },
        {
            "dx": 166.4000244140625,
            "dy": 99.30001831054688,
            "timestamp": 68
        },
        {
            "dx": 167.20001220703125,
            "dy": 97.70001220703125,
            "timestamp": 68
        },
        {
            "dx": 168.80001831054688,
            "dy": 96.10000610351562,
            "timestamp": 83
        },
        {
            "dx": 168.80001831054688,
            "dy": 94.50003051757812,
            "timestamp": 83
        },
        {
            "dx": 169.60000610351562,
            "dy": 92.9000244140625,
            "timestamp": 100
        },
        {
            "dx": 170.4000244140625,
            "dy": 92.10000610351562,
            "timestamp": 100
        },
        {
            "dx": 172.00003051757812,
            "dy": 90.50003051757812,
            "timestamp": 100
        },
        {
            "dx": 173.60000610351562,
            "dy": 88.9000244140625,
            "timestamp": 115
        },
        {
            "dx": 174.4000244140625,
            "dy": 87.30001831054688,
            "timestamp": 116
        },
        {
            "dx": 176.00003051757812,
            "dy": 86.50003051757812,
            "timestamp": 116
        },
        {
            "dx": 178.4000244140625,
            "dy": 84.9000244140625,
            "timestamp": 134
        },
        {
            "dx": 180.80001831054688,
            "dy": 84.10000610351562,
            "timestamp": 134
        },
        {
            "dx": 184.00003051757812,
            "dy": 83.30001831054688,
            "timestamp": 151
        },
        {
            "dx": 187.20001220703125,
            "dy": 82.50003051757812,
            "timestamp": 151
        },
        {
            "dx": 192.00003051757812,
            "dy": 80.9000244140625,
            "timestamp": 151
        },
        {
            "dx": 196.80001831054688,
            "dy": 80.10000610351562,
            "timestamp": 152
        },
        {
            "dx": 205.60000610351562,
            "dy": 78.50003051757812,
            "timestamp": 167
        },
        {
            "dx": 201.60000610351562,
            "dy": 79.30001831054688,
            "timestamp": 167
        },
        {
            "dx": 211.20001220703125,
            "dy": 77.70001220703125,
            "timestamp": 184
        },
        {
            "dx": 217.60000610351562,
            "dy": 76.9000244140625,
            "timestamp": 184
        },
        {
            "dx": 221.60000610351562,
            "dy": 76.10002136230469,
            "timestamp": 200
        },
        {
            "dx": 225.60000610351562,
            "dy": 75.30001831054688,
            "timestamp": 201
        },
        {
            "dx": 228.00003051757812,
            "dy": 75.30001831054688,
            "timestamp": 201
        },
        {
            "dx": 228.80001831054688,
            "dy": 75.30001831054688,
            "timestamp": 201
        },
        {
            "dx": 230.4000244140625,
            "dy": 75.30001831054688,
            "timestamp": 217
        },
        {
            "dx": 231.20001220703125,
            "dy": 75.30001831054688,
            "timestamp": 217
        },
        {
            "dx": 232.00003051757812,
            "dy": 75.30001831054688,
            "timestamp": 249
        },
        {
            "dx": 232.80001831054688,
            "dy": 75.30001831054688,
            "timestamp": 249
        },
        {
            "dx": 233.60000610351562,
            "dy": 75.30001831054688,
            "timestamp": 249
        },
        {
            "dx": 234.4000244140625,
            "dy": 75.30001831054688,
            "timestamp": 250
        },
        {
            "dx": 233.60000610351562,
            "dy": 76.10002136230469,
            "timestamp": 329
        },
        {
            "dx": 231.20001220703125,
            "dy": 79.30001831054688,
            "timestamp": 352
        },
        {
            "dx": 232.80001831054688,
            "dy": 77.70001220703125,
            "timestamp": 352
        },
        {
            "dx": 229.60000610351562,
            "dy": 80.9000244140625,
            "timestamp": 353
        },
        {
            "dx": 228.00003051757812,
            "dy": 83.30001831054688,
            "timestamp": 353
        },
        {
            "dx": 225.60000610351562,
            "dy": 85.70001220703125,
            "timestamp": 368
        },
        {
            "dx": 223.20001220703125,
            "dy": 88.9000244140625,
            "timestamp": 369
        },
        {
            "dx": 220.80001831054688,
            "dy": 92.10000610351562,
            "timestamp": 385
        },
        {
            "dx": 219.20001220703125,
            "dy": 94.50003051757812,
            "timestamp": 385
        },
        {
            "dx": 216.80001831054688,
            "dy": 98.50003051757812,
            "timestamp": 401
        },
        {
            "dx": 215.20001220703125,
            "dy": 102.50003051757812,
            "timestamp": 402
        },
        {
            "dx": 212.80001831054688,
            "dy": 106.50003051757812,
            "timestamp": 402
        },
        {
            "dx": 210.4000244140625,
            "dy": 109.70001220703125,
            "timestamp": 417
        },
        {
            "dx": 207.20001220703125,
            "dy": 112.9000244140625,
            "timestamp": 417
        },
        {
            "dx": 204.00003051757812,
            "dy": 116.9000244140625,
            "timestamp": 417
        },
        {
            "dx": 201.60000610351562,
            "dy": 120.9000244140625,
            "timestamp": 432
        },
        {
            "dx": 199.20001220703125,
            "dy": 124.10000610351562,
            "timestamp": 433
        },
        {
            "dx": 196.80001831054688,
            "dy": 127.30001831054688,
            "timestamp": 452
        },
        {
            "dx": 194.4000244140625,
            "dy": 130.50003051757812,
            "timestamp": 453
        },
        {
            "dx": 192.00003051757812,
            "dy": 133.70001220703125,
            "timestamp": 453
        },
        {
            "dx": 188.80001831054688,
            "dy": 136.9000244140625,
            "timestamp": 470
        },
        {
            "dx": 185.60000610351562,
            "dy": 139.30001831054688,
            "timestamp": 470
        },
        {
            "dx": 183.20001220703125,
            "dy": 142.50003051757812,
            "timestamp": 471
        },
        {
            "dx": 180.80001831054688,
            "dy": 144.10000610351562,
            "timestamp": 493
        },
        {
            "dx": 179.20001220703125,
            "dy": 145.70001220703125,
            "timestamp": 493
        },
        {
            "dx": 176.80001831054688,
            "dy": 147.30001831054688,
            "timestamp": 493
        },
        {
            "dx": 176.00003051757812,
            "dy": 148.10000610351562,
            "timestamp": 493
        },
        {
            "dx": 172.00003051757812,
            "dy": 150.50003051757812,
            "timestamp": 509
        },
        {
            "dx": 174.4000244140625,
            "dy": 149.70001220703125,
            "timestamp": 509
        },
        {
            "dx": 170.4000244140625,
            "dy": 151.30001831054688,
            "timestamp": 525
        },
        {
            "dx": 168.80001831054688,
            "dy": 152.10000610351562,
            "timestamp": 525
        },
        {
            "dx": 167.20001220703125,
            "dy": 152.10000610351562,
            "timestamp": 541
        },
        {
            "dx": 165.60000610351562,
            "dy": 152.9000244140625,
            "timestamp": 542
        },
        {
            "dx": 163.20001220703125,
            "dy": 152.9000244140625,
            "timestamp": 542
        },
        {
            "dx": 160.80001831054688,
            "dy": 152.9000244140625,
            "timestamp": 542
        },
        {
            "dx": 159.20001220703125,
            "dy": 152.10000610351562,
            "timestamp": 557
        },
        {
            "dx": 156.00003051757812,
            "dy": 151.30001831054688,
            "timestamp": 558
        },
        {
            "dx": 153.60000610351562,
            "dy": 150.50003051757812,
            "timestamp": 575
        },
        {
            "dx": 152.00003051757812,
            "dy": 148.9000244140625,
            "timestamp": 576
        },
        {
            "dx": 151.20001220703125,
            "dy": 148.10000610351562,
            "timestamp": 592
        },
        {
            "dx": 149.60000610351562,
            "dy": 147.30001831054688,
            "timestamp": 592
        },
        {
            "dx": 148.80001831054688,
            "dy": 146.50003051757812,
            "timestamp": 593
        },
        {
            "dx": 148.00003051757812,
            "dy": 145.70001220703125,
            "timestamp": 593
        },
        {
            "dx": 147.20001220703125,
            "dy": 145.70001220703125,
            "timestamp": 608
        },
        {
            "dx": 146.4000244140625,
            "dy": 145.70001220703125,
            "timestamp": 609
        },
        {
            "dx": 145.60000610351562,
            "dy": 144.9000244140625,
            "timestamp": 625
        },
        {
            "dx": 145.60000610351562,
            "dy": 144.10000610351562,
            "timestamp": 641
        },
        {
            "dx": 145.60000610351562,
            "dy": 144.9000244140625,
            "timestamp": 678
        },
        {
            "dx": 145.60000610351562,
            "dy": 145.70001220703125,
            "timestamp": 695
        },
        {
            "dx": 145.60000610351562,
            "dy": 147.30001831054688,
            "timestamp": 695
        },
        {
            "dx": 145.60000610351562,
            "dy": 148.10000610351562,
            "timestamp": 695
        },
        {
            "dx": 145.60000610351562,
            "dy": 150.50003051757812,
            "timestamp": 711
        },
        {
            "dx": 145.60000610351562,
            "dy": 152.9000244140625,
            "timestamp": 712
        },
        {
            "dx": 145.60000610351562,
            "dy": 156.10000610351562,
            "timestamp": 728
        },
        {
            "dx": 144.80001831054688,
            "dy": 160.10000610351562,
            "timestamp": 729
        },
        {
            "dx": 144.00003051757812,
            "dy": 164.10000610351562,
            "timestamp": 729
        },
        {
            "dx": 142.4000244140625,
            "dy": 173.70001220703125,
            "timestamp": 745
        },
        {
            "dx": 143.20001220703125,
            "dy": 168.9000244140625,
            "timestamp": 745
        },
        {
            "dx": 141.60000610351562,
            "dy": 180.10000610351562,
            "timestamp": 746
        },
        {
            "dx": 140.00003051757812,
            "dy": 184.9000244140625,
            "timestamp": 762
        },
        {
            "dx": 138.4000244140625,
            "dy": 189.70001220703125,
            "timestamp": 762
        },
        {
            "dx": 136.80001831054688,
            "dy": 196.10000610351562,
            "timestamp": 778
        },
        {
            "dx": 134.4000244140625,
            "dy": 203.30001831054688,
            "timestamp": 779
        },
        {
            "dx": 132.80001831054688,
            "dy": 208.10000610351562,
            "timestamp": 796
        },
        {
            "dx": 132.00003051757812,
            "dy": 212.10000610351562,
            "timestamp": 797
        },
        {
            "dx": 129.60000610351562,
            "dy": 217.70001220703125,
            "timestamp": 797
        },
        {
            "dx": 128.00003051757812,
            "dy": 223.30001831054688,
            "timestamp": 797
        },
        {
            "dx": 125.60000610351562,
            "dy": 228.9000244140625,
            "timestamp": 816
        },
        {
            "dx": 123.20001220703125,
            "dy": 233.70001220703125,
            "timestamp": 817
        },
        {
            "dx": 120.80001831054688,
            "dy": 238.50003051757812,
            "timestamp": 833
        },
        {
            "dx": 118.4000244140625,
            "dy": 243.30001831054688,
            "timestamp": 834
        },
        {
            "dx": 116.00003051757812,
            "dy": 247.30007934570312,
            "timestamp": 834
        },
        {
            "dx": 114.4000244140625,
            "dy": 251.30007934570312,
            "timestamp": 834
        },
        {
            "dx": 112.80001831054688,
            "dy": 253.70001220703125,
            "timestamp": 850
        },
        {
            "dx": 111.20001220703125,
            "dy": 255.30007934570312,
            "timestamp": 851
        },
        {
            "dx": 110.4000244140625,
            "dy": 257.70001220703125,
            "timestamp": 867
        },
        {
            "dx": 108.80001831054688,
            "dy": 260.1000061035156,
            "timestamp": 868
        },
        {
            "dx": 0,
            "dy": 0,
            "timestamp": 884
        },
        {
            "dx": 211.20001220703125,
            "dy": 40.10002136230469,
            "timestamp": 1283
        },
        {
            "dx": 210.4000244140625,
            "dy": 40.10002136230469,
            "timestamp": 1318
        },
        {
            "dx": 211.20001220703125,
            "dy": 40.10002136230469,
            "timestamp": 1355
        },
        {
            "dx": 212.00003051757812,
            "dy": 40.10002136230469,
            "timestamp": 1381
        },
        {
            "dx": 212.00003051757812,
            "dy": 40.90000915527344,
            "timestamp": 1481
        },
        {
            "dx": 0,
            "dy": 0,
            "timestamp": 1516
        }
    ],
    [
        {
            "dx": 222.09991455078125,
            "dy": 58.87200927734375,
            "timestamp": 0
        },
        {
            "dx": 223.4320068359375,
            "dy": 56.87286376953125,
            "timestamp": 20
        },
        {
            "dx": 224.76409912109375,
            "dy": 55.5400390625,
            "timestamp": 20
        },
        {
            "dx": 226.42926025390625,
            "dy": 54.207244873046875,
            "timestamp": 20
        },
        {
            "dx": 228.0943603515625,
            "dy": 52.87445068359375,
            "timestamp": 20
        },
        {
            "dx": 229.75949096679688,
            "dy": 51.8748779296875,
            "timestamp": 20
        },
        {
            "dx": 232.4237060546875,
            "dy": 50.54205322265625,
            "timestamp": 49
        },
        {
            "dx": 234.08880615234375,
            "dy": 49.54248046875,
            "timestamp": 49
        },
        {
            "dx": 235.4208984375,
            "dy": 49.20928955078125,
            "timestamp": 49
        },
        {
            "dx": 236.41998291015625,
            "dy": 49.20928955078125,
            "timestamp": 50
        },
        {
            "dx": 237.4190673828125,
            "dy": 48.8760986328125,
            "timestamp": 50
        },
        {
            "dx": 238.75115966796875,
            "dy": 48.8760986328125,
            "timestamp": 50
        },
        {
            "dx": 240.083251953125,
            "dy": 48.8760986328125,
            "timestamp": 50
        },
        {
            "dx": 241.08233642578125,
            "dy": 48.8760986328125,
            "timestamp": 51
        },
        {
            "dx": 242.0814208984375,
            "dy": 48.8760986328125,
            "timestamp": 80
        },
        {
            "dx": 243.08050537109375,
            "dy": 48.8760986328125,
            "timestamp": 80
        },
        {
            "dx": 244.41259765625,
            "dy": 48.8760986328125,
            "timestamp": 80
        },
        {
            "dx": 245.41168212890625,
            "dy": 48.8760986328125,
            "timestamp": 80
        },
        {
            "dx": 246.41073608398438,
            "dy": 48.8760986328125,
            "timestamp": 80
        },
        {
            "dx": 247.40985107421875,
            "dy": 48.8760986328125,
            "timestamp": 80
        },
        {
            "dx": 248.40887451171875,
            "dy": 48.8760986328125,
            "timestamp": 80
        },
        {
            "dx": 249.407958984375,
            "dy": 48.8760986328125,
            "timestamp": 80
        },
        {
            "dx": 250.07403564453125,
            "dy": 48.8760986328125,
            "timestamp": 107
        },
        {
            "dx": 250.74005126953125,
            "dy": 48.8760986328125,
            "timestamp": 108
        },
        {
            "dx": 251.4061279296875,
            "dy": 48.8760986328125,
            "timestamp": 108
        },
        {
            "dx": 252.07220458984375,
            "dy": 48.8760986328125,
            "timestamp": 108
        },
        {
            "dx": 252.40521240234375,
            "dy": 48.8760986328125,
            "timestamp": 108
        },
        {
            "dx": 253.07122802734375,
            "dy": 48.8760986328125,
            "timestamp": 108
        },
        {
            "dx": 253.40426635742188,
            "dy": 48.8760986328125,
            "timestamp": 108
        },
        {
            "dx": 253.7373046875,
            "dy": 48.8760986328125,
            "timestamp": 133
        },
        {
            "dx": 254.0703125,
            "dy": 48.8760986328125,
            "timestamp": 134
        },
        {
            "dx": 254.40338134765625,
            "dy": 48.8760986328125,
            "timestamp": 134
        },
        {
            "dx": 254.73638916015625,
            "dy": 48.8760986328125,
            "timestamp": 134
        },
        {
            "dx": 255.06939697265625,
            "dy": 48.8760986328125,
            "timestamp": 134
        },
        {
            "dx": 255.06939697265625,
            "dy": 49.20928955078125,
            "timestamp": 134
        },
        {
            "dx": 255.40240478515625,
            "dy": 49.20928955078125,
            "timestamp": 134
        },
        {
            "dx": 255.73544311523438,
            "dy": 49.20928955078125,
            "timestamp": 158
        },
        {
            "dx": 256.0684814453125,
            "dy": 49.54248046875,
            "timestamp": 158
        },
        {
            "dx": 256.4014892578125,
            "dy": 49.54248046875,
            "timestamp": 159
        },
        {
            "dx": 256.7344970703125,
            "dy": 49.87567138671875,
            "timestamp": 159
        },
        {
            "dx": 257.06756591796875,
            "dy": 49.87567138671875,
            "timestamp": 159
        },
        {
            "dx": 257.40057373046875,
            "dy": 50.2088623046875,
            "timestamp": 159
        },
        {
            "dx": 257.73358154296875,
            "dy": 50.54205322265625,
            "timestamp": 159
        },
        {
            "dx": 258.0666198730469,
            "dy": 50.87530517578125,
            "timestamp": 183
        },
        {
            "dx": 258.399658203125,
            "dy": 51.208465576171875,
            "timestamp": 183
        },
        {
            "dx": 258.732666015625,
            "dy": 51.54168701171875,
            "timestamp": 183
        },
        {
            "dx": 259.065673828125,
            "dy": 51.8748779296875,
            "timestamp": 183
        },
        {
            "dx": 259.065673828125,
            "dy": 52.20806884765625,
            "timestamp": 206
        },
        {
            "dx": 259.39874267578125,
            "dy": 52.20806884765625,
            "timestamp": 206
        },
        {
            "dx": 259.39874267578125,
            "dy": 52.541259765625,
            "timestamp": 206
        },
        {
            "dx": 259.39874267578125,
            "dy": 52.87445068359375,
            "timestamp": 206
        },
        {
            "dx": 259.39874267578125,
            "dy": 53.2076416015625,
            "timestamp": 236
        },
        {
            "dx": 259.39874267578125,
            "dy": 53.54083251953125,
            "timestamp": 236
        },
        {
            "dx": 259.39874267578125,
            "dy": 53.87408447265625,
            "timestamp": 236
        },
        {
            "dx": 259.39874267578125,
            "dy": 54.54046630859375,
            "timestamp": 236
        },
        {
            "dx": 259.39874267578125,
            "dy": 55.20684814453125,
            "timestamp": 236
        },
        {
            "dx": 259.39874267578125,
            "dy": 56.2064208984375,
            "timestamp": 236
        },
        {
            "dx": 259.39874267578125,
            "dy": 56.87286376953125,
            "timestamp": 236
        },
        {
            "dx": 259.39874267578125,
            "dy": 58.20562744140625,
            "timestamp": 236
        },
        {
            "dx": 259.39874267578125,
            "dy": 59.538421630859375,
            "timestamp": 261
        },
        {
            "dx": 259.065673828125,
            "dy": 61.20440673828125,
            "timestamp": 262
        },
        {
            "dx": 258.399658203125,
            "dy": 62.537200927734375,
            "timestamp": 263
        },
        {
            "dx": 257.73358154296875,
            "dy": 63.53680419921875,
            "timestamp": 263
        },
        {
            "dx": 257.06756591796875,
            "dy": 64.86956787109375,
            "timestamp": 263
        },
        {
            "dx": 256.4014892578125,
            "dy": 66.20236206054688,
            "timestamp": 263
        },
        {
            "dx": 255.40240478515625,
            "dy": 67.53515625,
            "timestamp": 285
        },
        {
            "dx": 254.40338134765625,
            "dy": 68.86798095703125,
            "timestamp": 285
        },
        {
            "dx": 253.40426635742188,
            "dy": 70.20074462890625,
            "timestamp": 288
        },
        {
            "dx": 252.40521240234375,
            "dy": 71.53353881835938,
            "timestamp": 289
        },
        {
            "dx": 251.07308959960938,
            "dy": 72.8663330078125,
            "timestamp": 289
        },
        {
            "dx": 250.07403564453125,
            "dy": 74.19915771484375,
            "timestamp": 289
        },
        {
            "dx": 249.074951171875,
            "dy": 75.53192138671875,
            "timestamp": 289
        },
        {
            "dx": 248.07586669921875,
            "dy": 76.531494140625,
            "timestamp": 309
        },
        {
            "dx": 246.7437744140625,
            "dy": 78.197509765625,
            "timestamp": 310
        },
        {
            "dx": 245.74468994140625,
            "dy": 79.19708251953125,
            "timestamp": 310
        },
        {
            "dx": 244.74560546875,
            "dy": 80.52987670898438,
            "timestamp": 310
        },
        {
            "dx": 243.41351318359375,
            "dy": 82.529052734375,
            "timestamp": 310
        },
        {
            "dx": 242.74749755859375,
            "dy": 84.52825927734375,
            "timestamp": 310
        },
        {
            "dx": 241.41537475585938,
            "dy": 86.19427490234375,
            "timestamp": 310
        },
        {
            "dx": 240.74932861328125,
            "dy": 87.8602294921875,
            "timestamp": 332
        },
        {
            "dx": 239.750244140625,
            "dy": 89.52621459960938,
            "timestamp": 332
        },
        {
            "dx": 239.08419799804688,
            "dy": 90.8590087890625,
            "timestamp": 332
        },
        {
            "dx": 238.08514404296875,
            "dy": 92.85821533203125,
            "timestamp": 332
        },
        {
            "dx": 237.0860595703125,
            "dy": 94.19100952148438,
            "timestamp": 332
        },
        {
            "dx": 236.41998291015625,
            "dy": 95.85699462890625,
            "timestamp": 332
        },
        {
            "dx": 236.08697509765625,
            "dy": 96.8565673828125,
            "timestamp": 355
        },
        {
            "dx": 235.4208984375,
            "dy": 98.18939208984375,
            "timestamp": 356
        },
        {
            "dx": 235.4208984375,
            "dy": 99.18896484375,
            "timestamp": 356
        },
        {
            "dx": 235.087890625,
            "dy": 99.8553466796875,
            "timestamp": 356
        },
        {
            "dx": 234.7548828125,
            "dy": 100.85494995117188,
            "timestamp": 356
        },
        {
            "dx": 234.42184448242188,
            "dy": 101.52133178710938,
            "timestamp": 356
        },
        {
            "dx": 234.42184448242188,
            "dy": 102.187744140625,
            "timestamp": 383
        },
        {
            "dx": 234.42184448242188,
            "dy": 102.52093505859375,
            "timestamp": 384
        },
        {
            "dx": 234.42184448242188,
            "dy": 103.18734741210938,
            "timestamp": 384
        },
        {
            "dx": 234.42184448242188,
            "dy": 103.5205078125,
            "timestamp": 385
        },
        {
            "dx": 234.08880615234375,
            "dy": 103.85372924804688,
            "timestamp": 385
        },
        {
            "dx": 234.08880615234375,
            "dy": 104.18695068359375,
            "timestamp": 405
        },
        {
            "dx": 234.08880615234375,
            "dy": 104.52011108398438,
            "timestamp": 405
        },
        {
            "dx": 234.08880615234375,
            "dy": 104.85333251953125,
            "timestamp": 437
        },
        {
            "dx": 233.75579833984375,
            "dy": 104.85333251953125,
            "timestamp": 457
        },
        {
            "dx": 233.42279052734375,
            "dy": 104.85333251953125,
            "timestamp": 457
        },
        {
            "dx": 233.42279052734375,
            "dy": 105.1865234375,
            "timestamp": 457
        },
        {
            "dx": 233.08978271484375,
            "dy": 105.1865234375,
            "timestamp": 457
        },
        {
            "dx": 233.08978271484375,
            "dy": 105.51971435546875,
            "timestamp": 478
        },
        {
            "dx": 232.7567138671875,
            "dy": 105.51971435546875,
            "timestamp": 480
        },
        {
            "dx": 232.4237060546875,
            "dy": 105.51971435546875,
            "timestamp": 481
        },
        {
            "dx": 232.09066772460938,
            "dy": 105.8529052734375,
            "timestamp": 481
        },
        {
            "dx": 230.75860595703125,
            "dy": 105.8529052734375,
            "timestamp": 481
        },
        {
            "dx": 228.76043701171875,
            "dy": 105.8529052734375,
            "timestamp": 507
        },
        {
            "dx": 226.76226806640625,
            "dy": 105.8529052734375,
            "timestamp": 508
        },
        {
            "dx": 225.09713745117188,
            "dy": 106.18612670898438,
            "timestamp": 509
        },
        {
            "dx": 223.4320068359375,
            "dy": 106.18612670898438,
            "timestamp": 509
        },
        {
            "dx": 222.09991455078125,
            "dy": 106.18612670898438,
            "timestamp": 509
        },
        {
            "dx": 220.43478393554688,
            "dy": 106.519287109375,
            "timestamp": 509
        },
        {
            "dx": 219.1027069091797,
            "dy": 106.519287109375,
            "timestamp": 509
        },
        {
            "dx": 217.77059936523438,
            "dy": 106.519287109375,
            "timestamp": 509
        },
        {
            "dx": 216.7715301513672,
            "dy": 106.519287109375,
            "timestamp": 543
        },
        {
            "dx": 215.77244567871094,
            "dy": 106.519287109375,
            "timestamp": 543
        },
        {
            "dx": 214.4403533935547,
            "dy": 106.519287109375,
            "timestamp": 544
        },
        {
            "dx": 212.77520751953125,
            "dy": 106.519287109375,
            "timestamp": 544
        },
        {
            "dx": 211.7761688232422,
            "dy": 106.519287109375,
            "timestamp": 544
        },
        {
            "dx": 210.44403076171875,
            "dy": 106.519287109375,
            "timestamp": 544
        },
        {
            "dx": 209.1119384765625,
            "dy": 106.85250854492188,
            "timestamp": 544
        },
        {
            "dx": 207.7798309326172,
            "dy": 107.18572998046875,
            "timestamp": 544
        },
        {
            "dx": 206.11471557617188,
            "dy": 107.51889038085938,
            "timestamp": 544
        },
        {
            "dx": 204.7826385498047,
            "dy": 107.85211181640625,
            "timestamp": 544
        },
        {
            "dx": 203.78353881835938,
            "dy": 108.185302734375,
            "timestamp": 570
        },
        {
            "dx": 202.7844696044922,
            "dy": 108.51849365234375,
            "timestamp": 571
        },
        {
            "dx": 201.78538513183594,
            "dy": 108.8516845703125,
            "timestamp": 571
        },
        {
            "dx": 201.11935424804688,
            "dy": 109.51812744140625,
            "timestamp": 571
        },
        {
            "dx": 200.1202850341797,
            "dy": 109.85128784179688,
            "timestamp": 571
        },
        {
            "dx": 199.12118530273438,
            "dy": 110.18450927734375,
            "timestamp": 571
        },
        {
            "dx": 198.1221160888672,
            "dy": 110.5177001953125,
            "timestamp": 595
        },
        {
            "dx": 197.4560546875,
            "dy": 111.18408203125,
            "timestamp": 596
        },
        {
            "dx": 196.45700073242188,
            "dy": 111.51730346679688,
            "timestamp": 597
        },
        {
            "dx": 195.4579315185547,
            "dy": 112.18368530273438,
            "timestamp": 597
        },
        {
            "dx": 194.7918701171875,
            "dy": 112.51690673828125,
            "timestamp": 599
        },
        {
            "dx": 193.79278564453125,
            "dy": 113.18328857421875,
            "timestamp": 600
        },
        {
            "dx": 192.793701171875,
            "dy": 113.84967041015625,
            "timestamp": 600
        },
        {
            "dx": 192.12767028808594,
            "dy": 114.8492431640625,
            "timestamp": 621
        },
        {
            "dx": 191.46160888671875,
            "dy": 115.84884643554688,
            "timestamp": 621
        },
        {
            "dx": 190.4625701904297,
            "dy": 116.5152587890625,
            "timestamp": 621
        },
        {
            "dx": 189.46347045898438,
            "dy": 117.8480224609375,
            "timestamp": 621
        },
        {
            "dx": 188.7974090576172,
            "dy": 119.18084716796875,
            "timestamp": 621
        },
        {
            "dx": 188.1313934326172,
            "dy": 120.180419921875,
            "timestamp": 621
        },
        {
            "dx": 187.13229370117188,
            "dy": 121.51327514648438,
            "timestamp": 621
        },
        {
            "dx": 186.4662322998047,
            "dy": 122.84603881835938,
            "timestamp": 645
        },
        {
            "dx": 185.8002166748047,
            "dy": 124.17880249023438,
            "timestamp": 645
        },
        {
            "dx": 184.80111694335938,
            "dy": 125.5115966796875,
            "timestamp": 645
        },
        {
            "dx": 184.13507080078125,
            "dy": 126.8443603515625,
            "timestamp": 645
        },
        {
            "dx": 183.135986328125,
            "dy": 128.84359741210938,
            "timestamp": 645
        },
        {
            "dx": 182.13690185546875,
            "dy": 130.84274291992188,
            "timestamp": 645
        },
        {
            "dx": 181.1378631591797,
            "dy": 132.50875854492188,
            "timestamp": 645
        },
        {
            "dx": 180.13876342773438,
            "dy": 134.17474365234375,
            "timestamp": 670
        },
        {
            "dx": 179.1396942138672,
            "dy": 136.17391967773438,
            "timestamp": 671
        },
        {
            "dx": 177.80758666992188,
            "dy": 138.173095703125,
            "timestamp": 672
        },
        {
            "dx": 176.4755096435547,
            "dy": 140.17230224609375,
            "timestamp": 672
        },
        {
            "dx": 175.14340209960938,
            "dy": 142.17147827148438,
            "timestamp": 672
        },
        {
            "dx": 173.811279296875,
            "dy": 144.170654296875,
            "timestamp": 672
        },
        {
            "dx": 172.47918701171875,
            "dy": 146.5030517578125,
            "timestamp": 694
        },
        {
            "dx": 171.1470947265625,
            "dy": 148.16903686523438,
            "timestamp": 695
        },
        {
            "dx": 170.14801025390625,
            "dy": 149.5018310546875,
            "timestamp": 695
        },
        {
            "dx": 168.81591796875,
            "dy": 150.50143432617188,
            "timestamp": 695
        },
        {
            "dx": 167.4838104248047,
            "dy": 152.16741943359375,
            "timestamp": 695
        },
        {
            "dx": 166.4847412109375,
            "dy": 153.83343505859375,
            "timestamp": 695
        },
        {
            "dx": 165.48565673828125,
            "dy": 155.4993896484375,
            "timestamp": 695
        },
        {
            "dx": 164.4866180419922,
            "dy": 156.83221435546875,
            "timestamp": 727
        },
        {
            "dx": 163.15447998046875,
            "dy": 158.16500854492188,
            "timestamp": 728
        },
        {
            "dx": 162.1554412841797,
            "dy": 159.49777221679688,
            "timestamp": 728
        },
        {
            "dx": 161.15634155273438,
            "dy": 161.16378784179688,
            "timestamp": 728
        },
        {
            "dx": 160.49029541015625,
            "dy": 162.49655151367188,
            "timestamp": 728
        },
        {
            "dx": 159.4912109375,
            "dy": 163.49618530273438,
            "timestamp": 728
        },
        {
            "dx": 158.49215698242188,
            "dy": 164.82894897460938,
            "timestamp": 728
        },
        {
            "dx": 157.8260955810547,
            "dy": 166.1617431640625,
            "timestamp": 728
        },
        {
            "dx": 156.82701110839844,
            "dy": 167.4945068359375,
            "timestamp": 753
        },
        {
            "dx": 156.16098022460938,
            "dy": 168.82733154296875,
            "timestamp": 754
        },
        {
            "dx": 155.1619110107422,
            "dy": 170.4932861328125,
            "timestamp": 754
        },
        {
            "dx": 154.49583435058594,
            "dy": 171.82611083984375,
            "timestamp": 754
        },
        {
            "dx": 153.49676513671875,
            "dy": 173.82528686523438,
            "timestamp": 754
        },
        {
            "dx": 152.8307342529297,
            "dy": 175.49130249023438,
            "timestamp": 755
        },
        {
            "dx": 152.1646728515625,
            "dy": 177.15731811523438,
            "timestamp": 755
        },
        {
            "dx": 151.49862670898438,
            "dy": 178.49008178710938,
            "timestamp": 782
        },
        {
            "dx": 151.16558837890625,
            "dy": 179.15646362304688,
            "timestamp": 783
        },
        {
            "dx": 0,
            "dy": 0,
            "timestamp": 784
        },
        {
            "dx": 238.08514404296875,
            "dy": 37.21417236328125,
            "timestamp": 1189
        },
        {
            "dx": 238.41815185546875,
            "dy": 37.21417236328125,
            "timestamp": 1189
        },
        {
            "dx": 239.417236328125,
            "dy": 37.21417236328125,
            "timestamp": 1212
        },
        {
            "dx": 240.41632080078125,
            "dy": 36.880950927734375,
            "timestamp": 1213
        },
        {
            "dx": 241.74838256835938,
            "dy": 36.880950927734375,
            "timestamp": 1213
        },
        {
            "dx": 243.08050537109375,
            "dy": 36.880950927734375,
            "timestamp": 1213
        },
        {
            "dx": 244.07955932617188,
            "dy": 36.880950927734375,
            "timestamp": 1213
        },
        {
            "dx": 245.74468994140625,
            "dy": 36.880950927734375,
            "timestamp": 1213
        },
        {
            "dx": 247.0767822265625,
            "dy": 36.880950927734375,
            "timestamp": 1240
        },
        {
            "dx": 0,
            "dy": 0,
            "timestamp": 1242
        }
    ]
]