[
    [
        {
            "dx": 216.10546875,
            "dy": 82.86227416992188,
            "timestamp": 0
        },
        {
            "dx": 219.1027069091797,
            "dy": 83.86187744140625,
            "timestamp": 0
        },
        {
            "dx": 221.4338836669922,
            "dy": 84.8614501953125,
            "timestamp": 0
        },
        {
            "dx": 223.09898376464844,
            "dy": 85.52783203125,
            "timestamp": 26
        },
        {
            "dx": 224.76409912109375,
            "dy": 86.19427490234375,
            "timestamp": 26
        },
        {
            "dx": 226.09625244140625,
            "dy": 87.19384765625,
            "timestamp": 26
        },
        {
            "dx": 227.42831420898438,
            "dy": 87.8602294921875,
            "timestamp": 27
        },
        {
            "dx": 229.75949096679688,
            "dy": 89.52621459960938,
            "timestamp": 27
        },
        {
            "dx": 230.75860595703125,
            "dy": 90.192626953125,
            "timestamp": 27
        },
        {
            "dx": 231.42462158203125,
            "dy": 90.8590087890625,
            "timestamp": 27
        },
        {
            "dx": 231.75762939453125,
            "dy": 91.19223022460938,
            "timestamp": 57
        },
        {
            "dx": 232.09066772460938,
            "dy": 91.525390625,
            "timestamp": 57
        },
        {
            "dx": 232.09066772460938,
            "dy": 91.85861206054688,
            "timestamp": 57
        },
        {
            "dx": 232.09066772460938,
            "dy": 92.19183349609375,
            "timestamp": 57
        },
        {
            "dx": 232.09066772460938,
            "dy": 92.52499389648438,
            "timestamp": 83
        },
        {
            "dx": 232.09066772460938,
            "dy": 92.85821533203125,
            "timestamp": 83
        },
        {
            "dx": 232.09066772460938,
            "dy": 93.19140625,
            "timestamp": 83
        },
        {
            "dx": 232.09066772460938,
            "dy": 93.52459716796875,
            "timestamp": 83
        },
        {
            "dx": 232.09066772460938,
            "dy": 94.19100952148438,
            "timestamp": 109
        },
        {
            "dx": 230.425537109375,
            "dy": 95.85699462890625,
            "timestamp": 109
        },
        {
            "dx": 228.0943603515625,
            "dy": 97.85617065429688,
            "timestamp": 109
        },
        {
            "dx": 225.43016052246094,
            "dy": 99.8553466796875,
            "timestamp": 109
        },
        {
            "dx": 222.43295288085938,
            "dy": 102.8541259765625,
            "timestamp": 110
        },
        {
            "dx": 219.1027069091797,
            "dy": 105.8529052734375,
            "timestamp": 110
        },
        {
            "dx": 215.43942260742188,
            "dy": 108.185302734375,
            "timestamp": 110
        },
        {
            "dx": 212.1091766357422,
            "dy": 111.18408203125,
            "timestamp": 140
        },
        {
            "dx": 208.77891540527344,
            "dy": 113.84967041015625,
            "timestamp": 140
        },
        {
            "dx": 206.11471557617188,
            "dy": 116.18206787109375,
            "timestamp": 140
        },
        {
            "dx": 202.7844696044922,
            "dy": 118.84762573242188,
            "timestamp": 140
        },
        {
            "dx": 200.1202850341797,
            "dy": 121.51327514648438,
            "timestamp": 140
        },
        {
            "dx": 197.4560546875,
            "dy": 124.17880249023438,
            "timestamp": 141
        },
        {
            "dx": 194.7918701171875,
            "dy": 126.8443603515625,
            "timestamp": 141
        },
        {
            "dx": 192.460693359375,
            "dy": 128.84359741210938,
            "timestamp": 141
        },
        {
            "dx": 190.4625701904297,
            "dy": 130.50961303710938,
            "timestamp": 174
        },
        {
            "dx": 188.4644012451172,
            "dy": 132.175537109375,
            "timestamp": 174
        },
        {
            "dx": 186.79925537109375,
            "dy": 133.50839233398438,
            "timestamp": 174
        },
        {
            "dx": 185.13414001464844,
            "dy": 135.17431640625,
            "timestamp": 174
        },
        {
            "dx": 183.8020477294922,
            "dy": 136.50717163085938,
            "timestamp": 174
        },
        {
            "dx": 182.46994018554688,
            "dy": 137.5067138671875,
            "timestamp": 175
        },
        {
            "dx": 181.80389404296875,
            "dy": 138.50631713867188,
            "timestamp": 175
        },
        {
            "dx": 180.8048095703125,
            "dy": 139.839111328125,
            "timestamp": 201
        },
        {
            "dx": 179.47271728515625,
            "dy": 140.83871459960938,
            "timestamp": 201
        },
        {
            "dx": 178.8066864013672,
            "dy": 141.50509643554688,
            "timestamp": 202
        },
        {
            "dx": 178.14060974121094,
            "dy": 141.83831787109375,
            "timestamp": 202
        },
        {
            "dx": 177.80758666992188,
            "dy": 142.17147827148438,
            "timestamp": 202
        },
        {
            "dx": 177.47457885742188,
            "dy": 142.17147827148438,
            "timestamp": 202
        },
        {
            "dx": 0,
            "dy": 0,
            "timestamp": 226
        },
        {
            "dx": 195.4579315185547,
            "dy": 63.8699951171875,
            "timestamp": 452
        },
        {
            "dx": 192.793701171875,
            "dy": 65.86920166015625,
            "timestamp": 452
        },
        {
            "dx": 190.7955780029297,
            "dy": 67.53515625,
            "timestamp": 452
        },
        {
            "dx": 188.7974090576172,
            "dy": 68.86798095703125,
            "timestamp": 478
        },
        {
            "dx": 186.79925537109375,
            "dy": 70.533935546875,
            "timestamp": 478
        },
        {
            "dx": 184.80111694335938,
            "dy": 72.199951171875,
            "timestamp": 478
        },
        {
            "dx": 182.80296325683594,
            "dy": 73.53271484375,
            "timestamp": 479
        },
        {
            "dx": 179.80575561523438,
            "dy": 75.8651123046875,
            "timestamp": 480
        },
        {
            "dx": 177.47457885742188,
            "dy": 77.53109741210938,
            "timestamp": 480
        },
        {
            "dx": 175.80943298339844,
            "dy": 79.19708251953125,
            "timestamp": 487
        },
        {
            "dx": 173.811279296875,
            "dy": 80.52987670898438,
            "timestamp": 487
        },
        {
            "dx": 172.47918701171875,
            "dy": 81.52947998046875,
            "timestamp": 522
        },
        {
            "dx": 171.4801025390625,
            "dy": 82.19586181640625,
            "timestamp": 523
        },
        {
            "dx": 170.14801025390625,
            "dy": 82.86227416992188,
            "timestamp": 523
        },
        {
            "dx": 169.1489715576172,
            "dy": 83.52865600585938,
            "timestamp": 523
        },
        {
            "dx": 167.81683349609375,
            "dy": 84.195068359375,
            "timestamp": 523
        },
        {
            "dx": 166.8177947998047,
            "dy": 84.8614501953125,
            "timestamp": 523
        },
        {
            "dx": 165.81869506835938,
            "dy": 85.52783203125,
            "timestamp": 523
        },
        {
            "dx": 165.1526336669922,
            "dy": 85.86105346679688,
            "timestamp": 523
        },
        {
            "dx": 164.8196258544922,
            "dy": 86.19427490234375,
            "timestamp": 523
        },
        {
            "dx": 164.4866180419922,
            "dy": 86.52743530273438,
            "timestamp": 524
        },
        {
            "dx": 164.153564453125,
            "dy": 86.86065673828125,
            "timestamp": 545
        },
        {
            "dx": 163.82054138183594,
            "dy": 86.86065673828125,
            "timestamp": 545
        },
        {
            "dx": 163.48751831054688,
            "dy": 86.86065673828125,
            "timestamp": 546
        },
        {
            "dx": 163.48751831054688,
            "dy": 86.52743530273438,
            "timestamp": 603
        },
        {
            "dx": 163.48751831054688,
            "dy": 85.86105346679688,
            "timestamp": 603
        },
        {
            "dx": 164.153564453125,
            "dy": 85.52783203125,
            "timestamp": 603
        },
        {
            "dx": 164.8196258544922,
            "dy": 85.19464111328125,
            "timestamp": 603
        },
        {
            "dx": 166.15171813964844,
            "dy": 84.52825927734375,
            "timestamp": 604
        },
        {
            "dx": 167.4838104248047,
            "dy": 84.195068359375,
            "timestamp": 622
        },
        {
            "dx": 168.81591796875,
            "dy": 84.195068359375,
            "timestamp": 623
        },
        {
            "dx": 170.14801025390625,
            "dy": 83.86187744140625,
            "timestamp": 623
        },
        {
            "dx": 171.4801025390625,
            "dy": 83.86187744140625,
            "timestamp": 623
        },
        {
            "dx": 172.81222534179688,
            "dy": 83.52865600585938,
            "timestamp": 623
        },
        {
            "dx": 174.1443328857422,
            "dy": 83.52865600585938,
            "timestamp": 650
        },
        {
            "dx": 175.14340209960938,
            "dy": 83.52865600585938,
            "timestamp": 650
        },
        {
            "dx": 176.4755096435547,
            "dy": 83.52865600585938,
            "timestamp": 651
        },
        {
            "dx": 177.80758666992188,
            "dy": 83.52865600585938,
            "timestamp": 651
        },
        {
            "dx": 178.8066864013672,
            "dy": 83.52865600585938,
            "timestamp": 651
        },
        {
            "dx": 179.80575561523438,
            "dy": 83.52865600585938,
            "timestamp": 651
        },
        {
            "dx": 180.8048095703125,
            "dy": 83.52865600585938,
            "timestamp": 651
        },
        {
            "dx": 181.1378631591797,
            "dy": 83.52865600585938,
            "timestamp": 689
        },
        {
            "dx": 181.80389404296875,
            "dy": 83.52865600585938,
            "timestamp": 690
        },
        {
            "dx": 182.13690185546875,
            "dy": 83.52865600585938,
            "timestamp": 690
        },
        {
            "dx": 182.46994018554688,
            "dy": 83.52865600585938,
            "timestamp": 690
        },
        {
            "dx": 182.80296325683594,
            "dy": 83.52865600585938,
            "timestamp": 690
        },
        {
            "dx": 183.135986328125,
            "dy": 83.86187744140625,
            "timestamp": 690
        },
        {
            "dx": 183.135986328125,
            "dy": 84.195068359375,
            "timestamp": 690
        },
        {
            "dx": 183.4690399169922,
            "dy": 84.52825927734375,
            "timestamp": 690
        },
        {
            "dx": 183.4690399169922,
            "dy": 85.52783203125,
            "timestamp": 690
        },
        {
            "dx": 183.4690399169922,
            "dy": 85.86105346679688,
            "timestamp": 690
        },
        {
            "dx": 183.8020477294922,
            "dy": 86.52743530273438,
            "timestamp": 717
        },
        {
            "dx": 183.8020477294922,
            "dy": 87.19384765625,
            "timestamp": 717
        },
        {
            "dx": 183.8020477294922,
            "dy": 87.8602294921875,
            "timestamp": 717
        },
        {
            "dx": 183.8020477294922,
            "dy": 88.526611328125,
            "timestamp": 717
        },
        {
            "dx": 183.8020477294922,
            "dy": 89.52621459960938,
            "timestamp": 717
        },
        {
            "dx": 183.4690399169922,
            "dy": 90.52581787109375,
            "timestamp": 717
        },
        {
            "dx": 182.80296325683594,
            "dy": 91.525390625,
            "timestamp": 717
        },
        {
            "dx": 182.13690185546875,
            "dy": 92.52499389648438,
            "timestamp": 746
        },
        {
            "dx": 181.4708709716797,
            "dy": 93.52459716796875,
            "timestamp": 746
        },
        {
            "dx": 180.8048095703125,
            "dy": 94.19100952148438,
            "timestamp": 746
        },
        {
            "dx": 179.80575561523438,
            "dy": 94.85739135742188,
            "timestamp": 747
        },
        {
            "dx": 178.8066864013672,
            "dy": 95.52377319335938,
            "timestamp": 747
        },
        {
            "dx": 177.80758666992188,
            "dy": 96.52337646484375,
            "timestamp": 747
        },
        {
            "dx": 176.8085174560547,
            "dy": 97.18978881835938,
            "timestamp": 748
        },
        {
            "dx": 175.80943298339844,
            "dy": 97.85617065429688,
            "timestamp": 772
        },
        {
            "dx": 174.81036376953125,
            "dy": 98.18939208984375,
            "timestamp": 776
        },
        {
            "dx": 173.811279296875,
            "dy": 98.85577392578125,
            "timestamp": 776
        },
        {
            "dx": 172.81222534179688,
            "dy": 99.18896484375,
            "timestamp": 776
        },
        {
            "dx": 171.8131561279297,
            "dy": 99.52215576171875,
            "timestamp": 777
        },
        {
            "dx": 171.1470947265625,
            "dy": 99.52215576171875,
            "timestamp": 777
        },
        {
            "dx": 169.8149871826172,
            "dy": 99.52215576171875,
            "timestamp": 777
        },
        {
            "dx": 168.81591796875,
            "dy": 99.8553466796875,
            "timestamp": 801
        },
        {
            "dx": 167.4838104248047,
            "dy": 99.8553466796875,
            "timestamp": 801
        },
        {
            "dx": 166.15171813964844,
            "dy": 99.8553466796875,
            "timestamp": 802
        },
        {
            "dx": 164.8196258544922,
            "dy": 99.8553466796875,
            "timestamp": 802
        },
        {
            "dx": 163.48751831054688,
            "dy": 99.8553466796875,
            "timestamp": 802
        },
        {
            "dx": 162.1554412841797,
            "dy": 99.8553466796875,
            "timestamp": 802
        },
        {
            "dx": 160.82330322265625,
            "dy": 99.8553466796875,
            "timestamp": 802
        },
        {
            "dx": 159.4912109375,
            "dy": 99.8553466796875,
            "timestamp": 802
        },
        {
            "dx": 158.15911865234375,
            "dy": 99.52215576171875,
            "timestamp": 833
        },
        {
            "dx": 156.82701110839844,
            "dy": 99.52215576171875,
            "timestamp": 834
        },
        {
            "dx": 155.4949188232422,
            "dy": 98.85577392578125,
            "timestamp": 834
        },
        {
            "dx": 154.49583435058594,
            "dy": 98.52255249023438,
            "timestamp": 834
        },
        {
            "dx": 153.49676513671875,
            "dy": 98.18939208984375,
            "timestamp": 835
        },
        {
            "dx": 152.8307342529297,
            "dy": 97.85617065429688,
            "timestamp": 835
        },
        {
            "dx": 151.83164978027344,
            "dy": 97.52294921875,
            "timestamp": 835
        },
        {
            "dx": 150.8325653076172,
            "dy": 96.8565673828125,
            "timestamp": 835
        },
        {
            "dx": 150.16650390625,
            "dy": 95.85699462890625,
            "timestamp": 858
        },
        {
            "dx": 149.50047302246094,
            "dy": 95.52377319335938,
            "timestamp": 859
        },
        {
            "dx": 149.16744995117188,
            "dy": 94.85739135742188,
            "timestamp": 859
        },
        {
            "dx": 148.83441162109375,
            "dy": 94.19100952148438,
            "timestamp": 860
        },
        {
            "dx": 148.5013885498047,
            "dy": 93.52459716796875,
            "timestamp": 860
        },
        {
            "dx": 148.1683807373047,
            "dy": 92.85821533203125,
            "timestamp": 860
        },
        {
            "dx": 148.1683807373047,
            "dy": 92.19183349609375,
            "timestamp": 860
        },
        {
            "dx": 147.8353729248047,
            "dy": 91.525390625,
            "timestamp": 887
        },
        {
            "dx": 147.8353729248047,
            "dy": 90.8590087890625,
            "timestamp": 887
        },
        {
            "dx": 147.8353729248047,
            "dy": 89.85943603515625,
            "timestamp": 887
        },
        {
            "dx": 147.8353729248047,
            "dy": 89.19305419921875,
            "timestamp": 887
        },
        {
            "dx": 147.8353729248047,
            "dy": 87.8602294921875,
            "timestamp": 887
        },
        {
            "dx": 147.8353729248047,
            "dy": 86.52743530273438,
            "timestamp": 887
        },
        {
            "dx": 148.1683807373047,
            "dy": 84.8614501953125,
            "timestamp": 887
        },
        {
            "dx": 148.83441162109375,
            "dy": 83.52865600585938,
            "timestamp": 887
        },
        {
            "dx": 149.50047302246094,
            "dy": 82.19586181640625,
            "timestamp": 920
        },
        {
            "dx": 150.16650390625,
            "dy": 80.52987670898438,
            "timestamp": 921
        },
        {
            "dx": 151.16558837890625,
            "dy": 79.19708251953125,
            "timestamp": 921
        },
        {
            "dx": 152.1646728515625,
            "dy": 77.86431884765625,
            "timestamp": 921
        },
        {
            "dx": 153.1637420654297,
            "dy": 76.531494140625,
            "timestamp": 921
        },
        {
            "dx": 154.16282653808594,
            "dy": 75.19873046875,
            "timestamp": 921
        },
        {
            "dx": 155.1619110107422,
            "dy": 74.19915771484375,
            "timestamp": 921
        },
        {
            "dx": 156.16098022460938,
            "dy": 73.19952392578125,
            "timestamp": 921
        },
        {
            "dx": 157.1600341796875,
            "dy": 72.53314208984375,
            "timestamp": 946
        },
        {
            "dx": 158.49215698242188,
            "dy": 71.53353881835938,
            "timestamp": 946
        },
        {
            "dx": 159.4912109375,
            "dy": 70.86712646484375,
            "timestamp": 947
        },
        {
            "dx": 160.49029541015625,
            "dy": 70.20074462890625,
            "timestamp": 947
        },
        {
            "dx": 161.8223876953125,
            "dy": 69.53436279296875,
            "timestamp": 947
        },
        {
            "dx": 162.82147216796875,
            "dy": 69.201171875,
            "timestamp": 947
        },
        {
            "dx": 163.82054138183594,
            "dy": 68.86798095703125,
            "timestamp": 947
        },
        {
            "dx": 164.153564453125,
            "dy": 68.86798095703125,
            "timestamp": 973
        },
        {
            "dx": 164.8196258544922,
            "dy": 68.86798095703125,
            "timestamp": 973
        },
        {
            "dx": 165.1526336669922,
            "dy": 68.86798095703125,
            "timestamp": 974
        },
        {
            "dx": 165.48565673828125,
            "dy": 68.86798095703125,
            "timestamp": 974
        },
        {
            "dx": 165.81869506835938,
            "dy": 68.86798095703125,
            "timestamp": 975
        },
        {
            "dx": 166.15171813964844,
            "dy": 69.201171875,
            "timestamp": 1010
        },
        {
            "dx": 166.15171813964844,
            "dy": 69.53436279296875,
            "timestamp": 1011
        },
        {
            "dx": 166.4847412109375,
            "dy": 70.20074462890625,
            "timestamp": 1011
        },
        {
            "dx": 166.4847412109375,
            "dy": 71.20037841796875,
            "timestamp": 1011
        },
        {
            "dx": 166.4847412109375,
            "dy": 72.53314208984375,
            "timestamp": 1011
        },
        {
            "dx": 166.4847412109375,
            "dy": 73.86590576171875,
            "timestamp": 1011
        },
        {
            "dx": 166.4847412109375,
            "dy": 75.19873046875,
            "timestamp": 1011
        },
        {
            "dx": 166.4847412109375,
            "dy": 76.86468505859375,
            "timestamp": 1011
        },
        {
            "dx": 166.15171813964844,
            "dy": 78.8638916015625,
            "timestamp": 1034
        },
        {
            "dx": 165.1526336669922,
            "dy": 80.86309814453125,
            "timestamp": 1035
        },
        {
            "dx": 164.153564453125,
            "dy": 83.19549560546875,
            "timestamp": 1035
        },
        {
            "dx": 163.15447998046875,
            "dy": 85.52783203125,
            "timestamp": 1035
        },
        {
            "dx": 161.48936462402344,
            "dy": 87.8602294921875,
            "timestamp": 1035
        },
        {
            "dx": 159.8242645263672,
            "dy": 90.192626953125,
            "timestamp": 1035
        },
        {
            "dx": 158.15911865234375,
            "dy": 92.19183349609375,
            "timestamp": 1035
        },
        {
            "dx": 156.49398803710938,
            "dy": 94.524169921875,
            "timestamp": 1061
        },
        {
            "dx": 154.828857421875,
            "dy": 96.8565673828125,
            "timestamp": 1062
        },
        {
            "dx": 152.8307342529297,
            "dy": 99.18896484375,
            "timestamp": 1063
        },
        {
            "dx": 150.8325653076172,
            "dy": 101.18817138671875,
            "timestamp": 1064
        },
        {
            "dx": 148.83441162109375,
            "dy": 102.8541259765625,
            "timestamp": 1065
        },
        {
            "dx": 146.83627319335938,
            "dy": 104.85333251953125,
            "timestamp": 1065
        },
        {
            "dx": 144.50509643554688,
            "dy": 106.85250854492188,
            "timestamp": 1065
        },
        {
            "dx": 142.17391967773438,
            "dy": 108.8516845703125,
            "timestamp": 1091
        },
        {
            "dx": 139.50973510742188,
            "dy": 110.85089111328125,
            "timestamp": 1091
        },
        {
            "dx": 137.17855834960938,
            "dy": 112.51690673828125,
            "timestamp": 1091
        },
        {
            "dx": 134.84738159179688,
            "dy": 114.51608276367188,
            "timestamp": 1091
        },
        {
            "dx": 132.18316650390625,
            "dy": 116.18206787109375,
            "timestamp": 1091
        },
        {
            "dx": 129.5189666748047,
            "dy": 117.8480224609375,
            "timestamp": 1091
        },
        {
            "dx": 127.52081298828125,
            "dy": 119.18084716796875,
            "timestamp": 1091
        },
        {
            "dx": 125.18963623046875,
            "dy": 120.51364135742188,
            "timestamp": 1091
        },
        {
            "dx": 123.19149780273438,
            "dy": 121.84640502929688,
            "timestamp": 1118
        },
        {
            "dx": 120.86032104492188,
            "dy": 122.84603881835938,
            "timestamp": 1118
        },
        {
            "dx": 118.86216735839844,
            "dy": 123.51242065429688,
            "timestamp": 1118
        },
        {
            "dx": 117.19705200195312,
            "dy": 124.51205444335938,
            "timestamp": 1118
        },
        {
            "dx": 115.53192138671875,
            "dy": 125.17840576171875,
            "timestamp": 1119
        },
        {
            "dx": 113.53378295898438,
            "dy": 126.177978515625,
            "timestamp": 1119
        },
        {
            "dx": 111.86865234375,
            "dy": 126.8443603515625,
            "timestamp": 1119
        },
        {
            "dx": 110.53654479980469,
            "dy": 127.17758178710938,
            "timestamp": 1147
        },
        {
            "dx": 109.5374755859375,
            "dy": 127.51083374023438,
            "timestamp": 1147
        },
        {
            "dx": 108.53839111328125,
            "dy": 127.84396362304688,
            "timestamp": 1148
        },
        {
            "dx": 107.53933715820312,
            "dy": 128.17718505859375,
            "timestamp": 1148
        },
        {
            "dx": 106.87327575683594,
            "dy": 128.17718505859375,
            "timestamp": 1148
        },
        {
            "dx": 106.54025268554688,
            "dy": 128.17718505859375,
            "timestamp": 1148
        },
        {
            "dx": 106.20721435546875,
            "dy": 128.17718505859375,
            "timestamp": 1148
        },
        {
            "dx": 105.87419128417969,
            "dy": 128.17718505859375,
            "timestamp": 1148
        },
        {
            "dx": 105.54116821289062,
            "dy": 128.17718505859375,
            "timestamp": 1171
        },
        {
            "dx": 105.54116821289062,
            "dy": 127.84396362304688,
            "timestamp": 1203
        },
        {
            "dx": 105.54116821289062,
            "dy": 127.51083374023438,
            "timestamp": 1204
        },
        {
            "dx": 105.54116821289062,
            "dy": 126.8443603515625,
            "timestamp": 1205
        },
        {
            "dx": 105.54116821289062,
            "dy": 126.51119995117188,
            "timestamp": 1205
        },
        {
            "dx": 105.54116821289062,
            "dy": 126.177978515625,
            "timestamp": 1205
        },
        {
            "dx": 105.87419128417969,
            "dy": 125.17840576171875,
            "timestamp": 1205
        },
        {
            "dx": 106.54025268554688,
            "dy": 123.8455810546875,
            "timestamp": 1205
        },
        {
            "dx": 107.87234497070312,
            "dy": 122.17962646484375,
            "timestamp": 1236
        },
        {
            "dx": 109.20443725585938,
            "dy": 120.51364135742188,
            "timestamp": 1237
        },
        {
            "dx": 110.86956787109375,
            "dy": 119.18084716796875,
            "timestamp": 1237
        },
        {
            "dx": 112.53469848632812,
            "dy": 118.18124389648438,
            "timestamp": 1237
        },
        {
            "dx": 114.1998291015625,
            "dy": 116.84844970703125,
            "timestamp": 1237
        },
        {
            "dx": 115.86495971679688,
            "dy": 116.18206787109375,
            "timestamp": 1237
        },
        {
            "dx": 117.53007507324219,
            "dy": 115.51568603515625,
            "timestamp": 1237
        },
        {
            "dx": 119.1951904296875,
            "dy": 114.8492431640625,
            "timestamp": 1237
        },
        {
            "dx": 120.86032104492188,
            "dy": 114.182861328125,
            "timestamp": 1237
        },
        {
            "dx": 121.85940551757812,
            "dy": 113.84967041015625,
            "timestamp": 1264
        },
        {
            "dx": 123.19149780273438,
            "dy": 113.84967041015625,
            "timestamp": 1264
        },
        {
            "dx": 124.19058227539062,
            "dy": 113.84967041015625,
            "timestamp": 1264
        },
        {
            "dx": 124.85662841796875,
            "dy": 113.84967041015625,
            "timestamp": 1264
        },
        {
            "dx": 125.52267456054688,
            "dy": 113.84967041015625,
            "timestamp": 1264
        },
        {
            "dx": 126.188720703125,
            "dy": 113.84967041015625,
            "timestamp": 1264
        },
        {
            "dx": 126.85476684570312,
            "dy": 113.84967041015625,
            "timestamp": 1264
        },
        {
            "dx": 127.18778991699219,
            "dy": 113.84967041015625,
            "timestamp": 1291
        },
        {
            "dx": 127.52081298828125,
            "dy": 114.182861328125,
            "timestamp": 1292
        },
        {
            "dx": 127.52081298828125,
            "dy": 114.51608276367188,
            "timestamp": 1292
        },
        {
            "dx": 127.85385131835938,
            "dy": 115.51568603515625,
            "timestamp": 1292
        },
        {
            "dx": 128.18687438964844,
            "dy": 116.5152587890625,
            "timestamp": 1319
        },
        {
            "dx": 128.18687438964844,
            "dy": 117.8480224609375,
            "timestamp": 1319
        },
        {
            "dx": 128.5198974609375,
            "dy": 119.18084716796875,
            "timestamp": 1319
        },
        {
            "dx": 128.5198974609375,
            "dy": 120.8468017578125,
            "timestamp": 1319
        },
        {
            "dx": 128.5198974609375,
            "dy": 122.84603881835938,
            "timestamp": 1319
        },
        {
            "dx": 128.5198974609375,
            "dy": 124.84518432617188,
            "timestamp": 1319
        },
        {
            "dx": 128.5198974609375,
            "dy": 127.51083374023438,
            "timestamp": 1319
        },
        {
            "dx": 128.18687438964844,
            "dy": 129.8431396484375,
            "timestamp": 1348
        },
        {
            "dx": 127.52081298828125,
            "dy": 131.5091552734375,
            "timestamp": 1349
        },
        {
            "dx": 126.85476684570312,
            "dy": 134.17474365234375,
            "timestamp": 1349
        },
        {
            "dx": 125.85569763183594,
            "dy": 137.17352294921875,
            "timestamp": 1349
        },
        {
            "dx": 124.19058227539062,
            "dy": 140.5054931640625,
            "timestamp": 1349
        },
        {
            "dx": 122.52545166015625,
            "dy": 143.5042724609375,
            "timestamp": 1349
        },
        {
            "dx": 120.86032104492188,
            "dy": 146.83627319335938,
            "timestamp": 1349
        },
        {
            "dx": 119.1951904296875,
            "dy": 150.83465576171875,
            "timestamp": 1349
        },
        {
            "dx": 117.19705200195312,
            "dy": 154.49984741210938,
            "timestamp": 1378
        },
        {
            "dx": 115.19889831542969,
            "dy": 158.16500854492188,
            "timestamp": 1379
        },
        {
            "dx": 113.53378295898438,
            "dy": 161.83016967773438,
            "timestamp": 1379
        },
        {
            "dx": 111.86865234375,
            "dy": 165.16220092773438,
            "timestamp": 1380
        },
        {
            "dx": 109.87051391601562,
            "dy": 168.16098022460938,
            "timestamp": 1380
        },
        {
            "dx": 108.53839111328125,
            "dy": 170.4932861328125,
            "timestamp": 1380
        },
        {
            "dx": 107.206298828125,
            "dy": 173.4920654296875,
            "timestamp": 1380
        },
        {
            "dx": 105.54116821289062,
            "dy": 176.15768432617188,
            "timestamp": 1380
        },
        {
            "dx": 103.87603759765625,
            "dy": 178.8232421875,
            "timestamp": 1407
        },
        {
            "dx": 102.5439453125,
            "dy": 181.1556396484375,
            "timestamp": 1409
        },
        {
            "dx": 101.54489135742188,
            "dy": 183.82122802734375,
            "timestamp": 1409
        },
        {
            "dx": 100.2127685546875,
            "dy": 185.82040405273438,
            "timestamp": 1409
        },
        {
            "dx": 99.54672241210938,
            "dy": 187.819580078125,
            "timestamp": 1409
        },
        {
            "dx": 98.88067626953125,
            "dy": 189.81878662109375,
            "timestamp": 1409
        },
        {
            "dx": 0,
            "dy": 0,
            "timestamp": 1439
        }
    ]
]