[
    [
        {
            "dx": 223.52735900878906,
            "dy": 127.27273559570312,
            "timestamp": 0
        },
        {
            "dx": 225.3455352783203,
            "dy": 128.3636474609375,
            "timestamp": 27
        },
        {
            "dx": 226.9818878173828,
            "dy": 129.4183349609375,
            "timestamp": 27
        },
        {
            "dx": 228.72727966308594,
            "dy": 130.69107055664062,
            "timestamp": 28
        },
        {
            "dx": 230.36363220214844,
            "dy": 131.96377563476562,
            "timestamp": 29
        },
        {
            "dx": 231.78196716308594,
            "dy": 133.12713623046875,
            "timestamp": 30
        },
        {
            "dx": 233.2365264892578,
            "dy": 134.29086303710938,
            "timestamp": 30
        },
        {
            "dx": 234.7635040283203,
            "dy": 135.672607421875,
            "timestamp": 58
        },
        {
            "dx": 236.21803283691406,
            "dy": 137.01815795898438,
            "timestamp": 58
        },
        {
            "dx": 237.8544464111328,
            "dy": 138.58169555664062,
            "timestamp": 59
        },
        {
            "dx": 239.4907684326172,
            "dy": 140.14559936523438,
            "timestamp": 59
        },
        {
            "dx": 240.83628845214844,
            "dy": 141.60018920898438,
            "timestamp": 59
        },
        {
            "dx": 242.1818389892578,
            "dy": 143.23651123046875,
            "timestamp": 59
        },
        {
            "dx": 243.7091827392578,
            "dy": 145.09091186523438,
            "timestamp": 59
        },
        {
            "dx": 244.8728790283203,
            "dy": 146.8363037109375,
            "timestamp": 59
        },
        {
            "dx": 245.8544464111328,
            "dy": 148.39990234375,
            "timestamp": 60
        },
        {
            "dx": 246.72727966308594,
            "dy": 149.96377563476562,
            "timestamp": 83
        },
        {
            "dx": 247.3817901611328,
            "dy": 151.52734375,
            "timestamp": 84
        },
        {
            "dx": 247.8544464111328,
            "dy": 153.199951171875,
            "timestamp": 84
        },
        {
            "dx": 248.72727966308594,
            "dy": 155.01815795898438,
            "timestamp": 84
        },
        {
            "dx": 249.0181121826172,
            "dy": 156.98193359375,
            "timestamp": 84
        },
        {
            "dx": 249.19993591308594,
            "dy": 158.90908813476562,
            "timestamp": 106
        },
        {
            "dx": 249.41831970214844,
            "dy": 160.18182373046875,
            "timestamp": 107
        },
        {
            "dx": 249.30894470214844,
            "dy": 161.56356811523438,
            "timestamp": 107
        },
        {
            "dx": 249.0181121826172,
            "dy": 163.781982421875,
            "timestamp": 107
        },
        {
            "dx": 248.4364776611328,
            "dy": 166.61825561523438,
            "timestamp": 107
        },
        {
            "dx": 247.67259216308594,
            "dy": 169.52734375,
            "timestamp": 108
        },
        {
            "dx": 246.14561462402344,
            "dy": 172.76351928710938,
            "timestamp": 130
        },
        {
            "dx": 244.58168029785156,
            "dy": 175.781982421875,
            "timestamp": 131
        },
        {
            "dx": 242.94532775878906,
            "dy": 178.58169555664062,
            "timestamp": 131
        },
        {
            "dx": 241.0181121826172,
            "dy": 181.23651123046875,
            "timestamp": 131
        },
        {
            "dx": 239.30894470214844,
            "dy": 183.96377563476562,
            "timestamp": 132
        },
        {
            "dx": 237.09092712402344,
            "dy": 186.98190307617188,
            "timestamp": 132
        },
        {
            "dx": 234.8728790283203,
            "dy": 190,
            "timestamp": 152
        },
        {
            "dx": 232.47267150878906,
            "dy": 192.90908813476562,
            "timestamp": 152
        },
        {
            "dx": 229.8544464111328,
            "dy": 195.8182373046875,
            "timestamp": 152
        },
        {
            "dx": 226.3998565673828,
            "dy": 198.9453125,
            "timestamp": 152
        },
        {
            "dx": 223.1271514892578,
            "dy": 202.07281494140625,
            "timestamp": 153
        },
        {
            "dx": 219.74537658691406,
            "dy": 204.98190307617188,
            "timestamp": 172
        },
        {
            "dx": 216.3998565673828,
            "dy": 207.70916748046875,
            "timestamp": 172
        },
        {
            "dx": 213.2365264892578,
            "dy": 210.727294921875,
            "timestamp": 172
        },
        {
            "dx": 209.74537658691406,
            "dy": 213.92721557617188,
            "timestamp": 172
        },
        {
            "dx": 205.41835021972656,
            "dy": 217.3455810546875,
            "timestamp": 172
        },
        {
            "dx": 201.19993591308594,
            "dy": 220.7635498046875,
            "timestamp": 190
        },
        {
            "dx": 196.8728790283203,
            "dy": 224.07281494140625,
            "timestamp": 190
        },
        {
            "dx": 192.90911865234375,
            "dy": 227.27273559570312,
            "timestamp": 191
        },
        {
            "dx": 188.8728790283203,
            "dy": 230.21804809570312,
            "timestamp": 191
        },
        {
            "dx": 185.12713623046875,
            "dy": 232.727294921875,
            "timestamp": 191
        },
        {
            "dx": 0,
            "dy": 0,
            "timestamp": 208
        },
        {
            "dx": 184.0727996826172,
            "dy": 104.50927734375,
            "timestamp": 462
        },
        {
            "dx": 182.90911865234375,
            "dy": 102.254638671875,
            "timestamp": 463
        },
        {
            "dx": 181.16371154785156,
            "dy": 99.52734375,
            "timestamp": 463
        },
        {
            "dx": 179.74539184570312,
            "dy": 96.90908813476562,
            "timestamp": 488
        },
        {
            "dx": 178.10902404785156,
            "dy": 93.8909912109375,
            "timestamp": 488
        },
        {
            "dx": 176.7635040283203,
            "dy": 91.34552001953125,
            "timestamp": 488
        },
        {
            "dx": 175.6001434326172,
            "dy": 89.01812744140625,
            "timestamp": 488
        },
        {
            "dx": 174.03622436523438,
            "dy": 86.58169555664062,
            "timestamp": 488
        },
        {
            "dx": 172.69105529785156,
            "dy": 84.254638671875,
            "timestamp": 488
        },
        {
            "dx": 171.4545440673828,
            "dy": 82,
            "timestamp": 512
        },
        {
            "dx": 170.2908477783203,
            "dy": 79.96377563476562,
            "timestamp": 512
        },
        {
            "dx": 169.12713623046875,
            "dy": 78.10903930664062,
            "timestamp": 512
        },
        {
            "dx": 168.18182373046875,
            "dy": 76.3636474609375,
            "timestamp": 512
        },
        {
            "dx": 167.12713623046875,
            "dy": 74.90908813476562,
            "timestamp": 512
        },
        {
            "dx": 166.65447998046875,
            "dy": 74.21804809570312,
            "timestamp": 512
        },
        {
            "dx": 165.96380615234375,
            "dy": 73.52734375,
            "timestamp": 538
        },
        {
            "dx": 165.09091186523438,
            "dy": 72.8363037109375,
            "timestamp": 538
        },
        {
            "dx": 164.21804809570312,
            "dy": 72.254638671875,
            "timestamp": 539
        },
        {
            "dx": 163.38177490234375,
            "dy": 71.781982421875,
            "timestamp": 539
        },
        {
            "dx": 162.5092315673828,
            "dy": 71.38174438476562,
            "timestamp": 539
        },
        {
            "dx": 161.4545440673828,
            "dy": 71.09091186523438,
            "timestamp": 539
        },
        {
            "dx": 160.18182373046875,
            "dy": 71.01812744140625,
            "timestamp": 559
        },
        {
            "dx": 158.83631896972656,
            "dy": 71.01812744140625,
            "timestamp": 559
        },
        {
            "dx": 156.43643188476562,
            "dy": 71.3089599609375,
            "timestamp": 559
        },
        {
            "dx": 154.21804809570312,
            "dy": 71.781982421875,
            "timestamp": 559
        },
        {
            "dx": 151.8181915283203,
            "dy": 72.9453125,
            "timestamp": 559
        },
        {
            "dx": 149.52734375,
            "dy": 74.10903930664062,
            "timestamp": 579
        },
        {
            "dx": 147.30897521972656,
            "dy": 75.56356811523438,
            "timestamp": 579
        },
        {
            "dx": 145.30897521972656,
            "dy": 77.12713623046875,
            "timestamp": 579
        },
        {
            "dx": 143.56356811523438,
            "dy": 78.98193359375,
            "timestamp": 579
        },
        {
            "dx": 141.85440063476562,
            "dy": 81.3089599609375,
            "timestamp": 579
        },
        {
            "dx": 140.21804809570312,
            "dy": 83.85440063476562,
            "timestamp": 598
        },
        {
            "dx": 138.69105529785156,
            "dy": 86.39990234375,
            "timestamp": 599
        },
        {
            "dx": 137.2365264892578,
            "dy": 88.90908813476562,
            "timestamp": 599
        },
        {
            "dx": 135.8181915283203,
            "dy": 91.56356811523438,
            "timestamp": 599
        },
        {
            "dx": 134.254638671875,
            "dy": 94.58169555664062,
            "timestamp": 599
        },
        {
            "dx": 133.0181121826172,
            "dy": 97.49078369140625,
            "timestamp": 615
        },
        {
            "dx": 131.85440063476562,
            "dy": 100.21804809570312,
            "timestamp": 616
        },
        {
            "dx": 130.80007934570312,
            "dy": 102.65447998046875,
            "timestamp": 616
        },
        {
            "dx": 130.14559936523438,
            "dy": 105.74539184570312,
            "timestamp": 616
        },
        {
            "dx": 129.4907684326172,
            "dy": 108.58169555664062,
            "timestamp": 634
        },
        {
            "dx": 129.09091186523438,
            "dy": 111.199951171875,
            "timestamp": 634
        },
        {
            "dx": 128.69105529785156,
            "dy": 112.98193359375,
            "timestamp": 634
        },
        {
            "dx": 128.69105529785156,
            "dy": 114.90908813476562,
            "timestamp": 634
        },
        {
            "dx": 128.80007934570312,
            "dy": 116.9453125,
            "timestamp": 650
        },
        {
            "dx": 129.27273559570312,
            "dy": 119.3089599609375,
            "timestamp": 651
        },
        {
            "dx": 129.96377563476562,
            "dy": 121.74539184570312,
            "timestamp": 651
        },
        {
            "dx": 130.727294921875,
            "dy": 123.96377563476562,
            "timestamp": 651
        },
        {
            "dx": 131.672607421875,
            "dy": 126,
            "timestamp": 651
        },
        {
            "dx": 132.727294921875,
            "dy": 127.96377563476562,
            "timestamp": 668
        },
        {
            "dx": 133.96377563476562,
            "dy": 129.92724609375,
            "timestamp": 668
        },
        {
            "dx": 135.2365264892578,
            "dy": 131.56356811523438,
            "timestamp": 668
        },
        {
            "dx": 136.6544952392578,
            "dy": 133.60018920898438,
            "timestamp": 668
        },
        {
            "dx": 138.10902404785156,
            "dy": 135.45458984375,
            "timestamp": 686
        },
        {
            "dx": 139.63636779785156,
            "dy": 137.3089599609375,
            "timestamp": 687
        },
        {
            "dx": 141.16371154785156,
            "dy": 139.27273559570312,
            "timestamp": 687
        },
        {
            "dx": 143.38174438476562,
            "dy": 141.49081420898438,
            "timestamp": 687
        },
        {
            "dx": 145.38174438476562,
            "dy": 143.74539184570312,
            "timestamp": 704
        },
        {
            "dx": 147.30897521972656,
            "dy": 145.96377563476562,
            "timestamp": 704
        },
        {
            "dx": 149.30897521972656,
            "dy": 148.39990234375,
            "timestamp": 704
        },
        {
            "dx": 151.16371154785156,
            "dy": 150.76351928710938,
            "timestamp": 704
        },
        {
            "dx": 152.9818878173828,
            "dy": 153.27273559570312,
            "timestamp": 704
        },
        {
            "dx": 154.5092315673828,
            "dy": 155.70916748046875,
            "timestamp": 722
        },
        {
            "dx": 155.85440063476562,
            "dy": 158.14559936523438,
            "timestamp": 722
        },
        {
            "dx": 157.12713623046875,
            "dy": 160.69107055664062,
            "timestamp": 722
        },
        {
            "dx": 158.18182373046875,
            "dy": 163.3089599609375,
            "timestamp": 722
        },
        {
            "dx": 159.3455352783203,
            "dy": 166.32742309570312,
            "timestamp": 739
        },
        {
            "dx": 160.3998565673828,
            "dy": 169.52734375,
            "timestamp": 739
        },
        {
            "dx": 161.0546875,
            "dy": 172.65447998046875,
            "timestamp": 739
        },
        {
            "dx": 161.8181915283203,
            "dy": 175.672607421875,
            "timestamp": 739
        },
        {
            "dx": 162.32742309570312,
            "dy": 178.58169555664062,
            "timestamp": 756
        },
        {
            "dx": 162.58168029785156,
            "dy": 181.60015869140625,
            "timestamp": 756
        },
        {
            "dx": 162.58168029785156,
            "dy": 184.61825561523438,
            "timestamp": 756
        },
        {
            "dx": 162.58168029785156,
            "dy": 186.98190307617188,
            "timestamp": 756
        },
        {
            "dx": 162.21804809570312,
            "dy": 190.7635498046875,
            "timestamp": 771
        },
        {
            "dx": 161.74539184570312,
            "dy": 194.58169555664062,
            "timestamp": 772
        },
        {
            "dx": 161.0546875,
            "dy": 198.47265625,
            "timestamp": 772
        },
        {
            "dx": 160.18182373046875,
            "dy": 201.96377563476562,
            "timestamp": 772
        },
        {
            "dx": 159.23651123046875,
            "dy": 205.16372680664062,
            "timestamp": 787
        },
        {
            "dx": 158.0727996826172,
            "dy": 208.69107055664062,
            "timestamp": 787
        },
        {
            "dx": 156.61825561523438,
            "dy": 212.10903930664062,
            "timestamp": 787
        },
        {
            "dx": 154.61825561523438,
            "dy": 215.60015869140625,
            "timestamp": 787
        },
        {
            "dx": 152.58168029785156,
            "dy": 218.80007934570312,
            "timestamp": 803
        },
        {
            "dx": 150.58168029785156,
            "dy": 221.74539184570312,
            "timestamp": 803
        },
        {
            "dx": 148.18182373046875,
            "dy": 224.7635498046875,
            "timestamp": 803
        },
        {
            "dx": 145.67259216308594,
            "dy": 227.27273559570312,
            "timestamp": 803
        },
        {
            "dx": 143.38174438476562,
            "dy": 229.52734375,
            "timestamp": 819
        },
        {
            "dx": 141.09091186523438,
            "dy": 231.74539184570312,
            "timestamp": 819
        },
        {
            "dx": 138.69105529785156,
            "dy": 233.4183349609375,
            "timestamp": 819
        },
        {
            "dx": 136.1818389892578,
            "dy": 235.27273559570312,
            "timestamp": 819
        },
        {
            "dx": 133.6001434326172,
            "dy": 237.199951171875,
            "timestamp": 835
        },
        {
            "dx": 129.672607421875,
            "dy": 239.16372680664062,
            "timestamp": 835
        },
        {
            "dx": 125.92720031738281,
            "dy": 240.90914916992188,
            "timestamp": 835
        },
        {
            "dx": 122.65449523925781,
            "dy": 242.3636474609375,
            "timestamp": 835
        },
        {
            "dx": 119.96377563476562,
            "dy": 243.52734375,
            "timestamp": 851
        },
        {
            "dx": 117.199951171875,
            "dy": 244.50924682617188,
            "timestamp": 852
        },
        {
            "dx": 114.43643188476562,
            "dy": 245.38180541992188,
            "timestamp": 852
        },
        {
            "dx": 111.27273559570312,
            "dy": 246.07281494140625,
            "timestamp": 852
        },
        {
            "dx": 108.36363220214844,
            "dy": 246.54547119140625,
            "timestamp": 868
        },
        {
            "dx": 105.60014343261719,
            "dy": 246.7635498046875,
            "timestamp": 868
        },
        {
            "dx": 103.38174438476562,
            "dy": 246.7635498046875,
            "timestamp": 868
        },
        {
            "dx": 100.90908813476562,
            "dy": 246.65447998046875,
            "timestamp": 868
        },
        {
            "dx": 97.81819152832031,
            "dy": 246.18182373046875,
            "timestamp": 883
        },
        {
            "dx": 95.16371154785156,
            "dy": 245.60015869140625,
            "timestamp": 884
        },
        {
            "dx": 92.54545593261719,
            "dy": 244.80007934570312,
            "timestamp": 884
        },
        {
            "dx": 90.14559936523438,
            "dy": 244.03622436523438,
            "timestamp": 884
        },
        {
            "dx": 87.96377563476562,
            "dy": 243.0546875,
            "timestamp": 900
        },
        {
            "dx": 85.45454406738281,
            "dy": 242,
            "timestamp": 900
        },
        {
            "dx": 83.0546875,
            "dy": 240.90914916992188,
            "timestamp": 900
        },
        {
            "dx": 80.76349639892578,
            "dy": 239.56356811523438,
            "timestamp": 900
        },
        {
            "dx": 78.54545593261719,
            "dy": 238.2908935546875,
            "timestamp": 918
        },
        {
            "dx": 76.14559936523438,
            "dy": 236.90914916992188,
            "timestamp": 918
        },
        {
            "dx": 74.03622436523438,
            "dy": 235.56356811523438,
            "timestamp": 918
        },
        {
            "dx": 72.14559936523438,
            "dy": 234,
            "timestamp": 919
        },
        {
            "dx": 70.39985656738281,
            "dy": 232.43649291992188,
            "timestamp": 935
        },
        {
            "dx": 69.0546875,
            "dy": 230.80007934570312,
            "timestamp": 935
        },
        {
            "dx": 67.52734375,
            "dy": 228.9453125,
            "timestamp": 935
        },
        {
            "dx": 66.18183135986328,
            "dy": 226.98190307617188,
            "timestamp": 935
        },
        {
            "dx": 64.9453125,
            "dy": 224.8363037109375,
            "timestamp": 951
        },
        {
            "dx": 63.89098358154297,
            "dy": 222.61825561523438,
            "timestamp": 951
        },
        {
            "dx": 62.83629608154297,
            "dy": 220.3636474609375,
            "timestamp": 951
        },
        {
            "dx": 61.89098358154297,
            "dy": 217.85440063476562,
            "timestamp": 951
        },
        {
            "dx": 60.83629608154297,
            "dy": 214.8363037109375,
            "timestamp": 969
        },
        {
            "dx": 59.96379089355469,
            "dy": 211.70916748046875,
            "timestamp": 970
        },
        {
            "dx": 59.090911865234375,
            "dy": 208.10903930664062,
            "timestamp": 970
        },
        {
            "dx": 58.727272033691406,
            "dy": 204.21804809570312,
            "timestamp": 970
        },
        {
            "dx": 58.618255615234375,
            "dy": 200.21804809570312,
            "timestamp": 970
        },
        {
            "dx": 58.327415466308594,
            "dy": 195.8182373046875,
            "timestamp": 990
        },
        {
            "dx": 58.43644714355469,
            "dy": 191.45455932617188,
            "timestamp": 990
        },
        {
            "dx": 58.727272033691406,
            "dy": 186.98190307617188,
            "timestamp": 990
        },
        {
            "dx": 59.272727966308594,
            "dy": 182,
            "timestamp": 990
        },
        {
            "dx": 59.96379089355469,
            "dy": 177.23651123046875,
            "timestamp": 1011
        },
        {
            "dx": 60.727272033691406,
            "dy": 172.76351928710938,
            "timestamp": 1011
        },
        {
            "dx": 61.49076843261719,
            "dy": 168.47265625,
            "timestamp": 1012
        },
        {
            "dx": 62.36363983154297,
            "dy": 164.3636474609375,
            "timestamp": 1012
        },
        {
            "dx": 63.23651885986328,
            "dy": 160.39990234375,
            "timestamp": 1012
        },
        {
            "dx": 65.81818389892578,
            "dy": 155.81820678710938,
            "timestamp": 1012
        },
        {
            "dx": 67.16371154785156,
            "dy": 151.34555053710938,
            "timestamp": 1028
        },
        {
            "dx": 68.69105529785156,
            "dy": 147.63638305664062,
            "timestamp": 1028
        },
        {
            "dx": 70.2180404663086,
            "dy": 144.32742309570312,
            "timestamp": 1029
        },
        {
            "dx": 72.7272720336914,
            "dy": 139.85440063476562,
            "timestamp": 1029
        },
        {
            "dx": 75.38175964355469,
            "dy": 135.85440063476562,
            "timestamp": 1045
        },
        {
            "dx": 78.47265625,
            "dy": 132.03622436523438,
            "timestamp": 1045
        },
        {
            "dx": 82.39985656738281,
            "dy": 127.85440063476562,
            "timestamp": 1045
        },
        {
            "dx": 86.32742309570312,
            "dy": 123.96377563476562,
            "timestamp": 1046
        },
        {
            "dx": 90.43643188476562,
            "dy": 120.47265625,
            "timestamp": 1063
        },
        {
            "dx": 96.87287902832031,
            "dy": 115.781982421875,
            "timestamp": 1063
        },
        {
            "dx": 102.54545593261719,
            "dy": 111.49078369140625,
            "timestamp": 1063
        },
        {
            "dx": 107.70918273925781,
            "dy": 107.81817626953125,
            "timestamp": 1064
        },
        {
            "dx": 0,
            "dy": 0,
            "timestamp": 1080
        }
    ],
    [
        {
            "dx": 209.1119384765625,
            "dy": 66.8687744140625,
            "timestamp": 0
        },
        {
            "dx": 212.77520751953125,
            "dy": 67.53515625,
            "timestamp": 1
        },
        {
            "dx": 215.10638427734375,
            "dy": 68.20159912109375,
            "timestamp": 1
        },
        {
            "dx": 216.7715301513672,
            "dy": 68.53475952148438,
            "timestamp": 21
        },
        {
            "dx": 218.10362243652344,
            "dy": 69.201171875,
            "timestamp": 21
        },
        {
            "dx": 219.76873779296875,
            "dy": 69.8675537109375,
            "timestamp": 21
        },
        {
            "dx": 221.100830078125,
            "dy": 70.533935546875,
            "timestamp": 21
        },
        {
            "dx": 223.4320068359375,
            "dy": 71.53353881835938,
            "timestamp": 21
        },
        {
            "dx": 225.09713745117188,
            "dy": 72.53314208984375,
            "timestamp": 21
        },
        {
            "dx": 225.76318359375,
            "dy": 73.53271484375,
            "timestamp": 46
        },
        {
            "dx": 226.42926025390625,
            "dy": 74.19915771484375,
            "timestamp": 46
        },
        {
            "dx": 227.09527587890625,
            "dy": 74.53231811523438,
            "timestamp": 46
        },
        {
            "dx": 227.42831420898438,
            "dy": 75.19873046875,
            "timestamp": 46
        },
        {
            "dx": 227.7613525390625,
            "dy": 75.8651123046875,
            "timestamp": 46
        },
        {
            "dx": 227.7613525390625,
            "dy": 76.531494140625,
            "timestamp": 47
        },
        {
            "dx": 228.0943603515625,
            "dy": 76.86468505859375,
            "timestamp": 72
        },
        {
            "dx": 228.0943603515625,
            "dy": 77.53109741210938,
            "timestamp": 72
        },
        {
            "dx": 228.0943603515625,
            "dy": 78.197509765625,
            "timestamp": 72
        },
        {
            "dx": 228.42742919921875,
            "dy": 78.53070068359375,
            "timestamp": 72
        },
        {
            "dx": 228.42742919921875,
            "dy": 79.19708251953125,
            "timestamp": 72
        },
        {
            "dx": 228.42742919921875,
            "dy": 80.19671630859375,
            "timestamp": 72
        },
        {
            "dx": 228.42742919921875,
            "dy": 81.52947998046875,
            "timestamp": 72
        },
        {
            "dx": 228.42742919921875,
            "dy": 83.19549560546875,
            "timestamp": 97
        },
        {
            "dx": 227.7613525390625,
            "dy": 84.8614501953125,
            "timestamp": 97
        },
        {
            "dx": 227.42831420898438,
            "dy": 86.19427490234375,
            "timestamp": 97
        },
        {
            "dx": 226.42926025390625,
            "dy": 87.8602294921875,
            "timestamp": 97
        },
        {
            "dx": 225.43016052246094,
            "dy": 89.19305419921875,
            "timestamp": 97
        },
        {
            "dx": 224.0980682373047,
            "dy": 90.52581787109375,
            "timestamp": 97
        },
        {
            "dx": 222.76596069335938,
            "dy": 92.52499389648438,
            "timestamp": 97
        },
        {
            "dx": 221.100830078125,
            "dy": 93.8577880859375,
            "timestamp": 122
        },
        {
            "dx": 219.76873779296875,
            "dy": 95.19061279296875,
            "timestamp": 122
        },
        {
            "dx": 218.10362243652344,
            "dy": 96.52337646484375,
            "timestamp": 122
        },
        {
            "dx": 216.4384765625,
            "dy": 97.85617065429688,
            "timestamp": 122
        },
        {
            "dx": 214.7733612060547,
            "dy": 99.18896484375,
            "timestamp": 122
        },
        {
            "dx": 213.10824584960938,
            "dy": 100.521728515625,
            "timestamp": 122
        },
        {
            "dx": 211.443115234375,
            "dy": 101.85455322265625,
            "timestamp": 149
        },
        {
            "dx": 210.1110076904297,
            "dy": 102.52093505859375,
            "timestamp": 149
        },
        {
            "dx": 208.77891540527344,
            "dy": 103.85372924804688,
            "timestamp": 149
        },
        {
            "dx": 207.4468231201172,
            "dy": 104.85333251953125,
            "timestamp": 149
        },
        {
            "dx": 205.78167724609375,
            "dy": 106.519287109375,
            "timestamp": 149
        },
        {
            "dx": 204.4495849609375,
            "dy": 107.85211181640625,
            "timestamp": 149
        },
        {
            "dx": 202.7844696044922,
            "dy": 108.8516845703125,
            "timestamp": 149
        },
        {
            "dx": 201.78538513183594,
            "dy": 109.85128784179688,
            "timestamp": 174
        },
        {
            "dx": 200.4532928466797,
            "dy": 110.85089111328125,
            "timestamp": 174
        },
        {
            "dx": 199.12118530273438,
            "dy": 111.8504638671875,
            "timestamp": 174
        },
        {
            "dx": 197.7891082763672,
            "dy": 112.85006713867188,
            "timestamp": 174
        },
        {
            "dx": 196.45700073242188,
            "dy": 113.84967041015625,
            "timestamp": 174
        },
        {
            "dx": 195.4579315185547,
            "dy": 114.51608276367188,
            "timestamp": 174
        },
        {
            "dx": 194.45884704589844,
            "dy": 115.51568603515625,
            "timestamp": 174
        },
        {
            "dx": 193.4597625732422,
            "dy": 116.18206787109375,
            "timestamp": 200
        },
        {
            "dx": 192.460693359375,
            "dy": 116.84844970703125,
            "timestamp": 201
        },
        {
            "dx": 191.79464721679688,
            "dy": 117.8480224609375,
            "timestamp": 201
        },
        {
            "dx": 191.1285858154297,
            "dy": 118.18124389648438,
            "timestamp": 201
        },
        {
            "dx": 190.4625701904297,
            "dy": 118.51446533203125,
            "timestamp": 201
        },
        {
            "dx": 190.1295166015625,
            "dy": 118.84762573242188,
            "timestamp": 201
        },
        {
            "dx": 189.79649353027344,
            "dy": 119.18084716796875,
            "timestamp": 201
        },
        {
            "dx": 189.46347045898438,
            "dy": 119.5140380859375,
            "timestamp": 228
        },
        {
            "dx": 189.13043212890625,
            "dy": 119.5140380859375,
            "timestamp": 228
        },
        {
            "dx": 189.13043212890625,
            "dy": 119.84722900390625,
            "timestamp": 228
        },
        {
            "dx": 188.7974090576172,
            "dy": 119.84722900390625,
            "timestamp": 228
        },
        {
            "dx": 188.7974090576172,
            "dy": 120.180419921875,
            "timestamp": 228
        },
        {
            "dx": 188.4644012451172,
            "dy": 120.180419921875,
            "timestamp": 252
        },
        {
            "dx": 188.1313934326172,
            "dy": 120.180419921875,
            "timestamp": 253
        },
        {
            "dx": 0,
            "dy": 0,
            "timestamp": 277
        },
        {
            "dx": 167.4838104248047,
            "dy": 63.8699951171875,
            "timestamp": 553
        },
        {
            "dx": 164.4866180419922,
            "dy": 64.86956787109375,
            "timestamp": 553
        },
        {
            "dx": 162.1554412841797,
            "dy": 65.53598022460938,
            "timestamp": 553
        },
        {
            "dx": 160.82330322265625,
            "dy": 66.20236206054688,
            "timestamp": 575
        },
        {
            "dx": 159.15818786621094,
            "dy": 66.53558349609375,
            "timestamp": 575
        },
        {
            "dx": 157.8260955810547,
            "dy": 67.20196533203125,
            "timestamp": 576
        },
        {
            "dx": 156.49398803710938,
            "dy": 68.20159912109375,
            "timestamp": 576
        },
        {
            "dx": 154.16282653808594,
            "dy": 69.53436279296875,
            "timestamp": 576
        },
        {
            "dx": 152.8307342529297,
            "dy": 70.533935546875,
            "timestamp": 604
        },
        {
            "dx": 152.1646728515625,
            "dy": 70.86712646484375,
            "timestamp": 605
        },
        {
            "dx": 151.83164978027344,
            "dy": 71.53353881835938,
            "timestamp": 605
        },
        {
            "dx": 151.16558837890625,
            "dy": 71.86676025390625,
            "timestamp": 605
        },
        {
            "dx": 150.8325653076172,
            "dy": 72.199951171875,
            "timestamp": 605
        },
        {
            "dx": 150.8325653076172,
            "dy": 72.53314208984375,
            "timestamp": 605
        },
        {
            "dx": 150.4995574951172,
            "dy": 72.8663330078125,
            "timestamp": 606
        },
        {
            "dx": 150.16650390625,
            "dy": 73.19952392578125,
            "timestamp": 606
        },
        {
            "dx": 150.16650390625,
            "dy": 73.53271484375,
            "timestamp": 612
        },
        {
            "dx": 149.83349609375,
            "dy": 73.53271484375,
            "timestamp": 634
        },
        {
            "dx": 149.83349609375,
            "dy": 73.86590576171875,
            "timestamp": 635
        },
        {
            "dx": 149.83349609375,
            "dy": 74.19915771484375,
            "timestamp": 636
        },
        {
            "dx": 149.83349609375,
            "dy": 74.53231811523438,
            "timestamp": 636
        },
        {
            "dx": 149.83349609375,
            "dy": 74.86553955078125,
            "timestamp": 661
        },
        {
            "dx": 149.83349609375,
            "dy": 75.53192138671875,
            "timestamp": 661
        },
        {
            "dx": 149.83349609375,
            "dy": 76.19830322265625,
            "timestamp": 661
        },
        {
            "dx": 150.16650390625,
            "dy": 76.86468505859375,
            "timestamp": 661
        },
        {
            "dx": 150.8325653076172,
            "dy": 77.86431884765625,
            "timestamp": 661
        },
        {
            "dx": 151.49862670898438,
            "dy": 78.8638916015625,
            "timestamp": 661
        },
        {
            "dx": 152.1646728515625,
            "dy": 79.5302734375,
            "timestamp": 661
        },
        {
            "dx": 153.49676513671875,
            "dy": 80.19671630859375,
            "timestamp": 686
        },
        {
            "dx": 154.828857421875,
            "dy": 81.1962890625,
            "timestamp": 686
        },
        {
            "dx": 156.49398803710938,
            "dy": 82.19586181640625,
            "timestamp": 686
        },
        {
            "dx": 157.8260955810547,
            "dy": 83.19549560546875,
            "timestamp": 686
        },
        {
            "dx": 159.4912109375,
            "dy": 84.195068359375,
            "timestamp": 686
        },
        {
            "dx": 161.48936462402344,
            "dy": 85.52783203125,
            "timestamp": 686
        },
        {
            "dx": 163.15447998046875,
            "dy": 86.52743530273438,
            "timestamp": 686
        },
        {
            "dx": 164.8196258544922,
            "dy": 87.19384765625,
            "timestamp": 710
        },
        {
            "dx": 166.4847412109375,
            "dy": 87.8602294921875,
            "timestamp": 711
        },
        {
            "dx": 167.81683349609375,
            "dy": 88.85983276367188,
            "timestamp": 711
        },
        {
            "dx": 168.81591796875,
            "dy": 89.52621459960938,
            "timestamp": 711
        },
        {
            "dx": 169.8149871826172,
            "dy": 90.192626953125,
            "timestamp": 712
        },
        {
            "dx": 170.81407165527344,
            "dy": 91.19223022460938,
            "timestamp": 712
        },
        {
            "dx": 171.4801025390625,
            "dy": 91.85861206054688,
            "timestamp": 740
        },
        {
            "dx": 172.1461639404297,
            "dy": 92.52499389648438,
            "timestamp": 741
        },
        {
            "dx": 172.81222534179688,
            "dy": 93.19140625,
            "timestamp": 741
        },
        {
            "dx": 173.14524841308594,
            "dy": 93.8577880859375,
            "timestamp": 741
        },
        {
            "dx": 173.478271484375,
            "dy": 94.85739135742188,
            "timestamp": 741
        },
        {
            "dx": 173.811279296875,
            "dy": 95.52377319335938,
            "timestamp": 741
        },
        {
            "dx": 174.1443328857422,
            "dy": 95.85699462890625,
            "timestamp": 741
        },
        {
            "dx": 174.1443328857422,
            "dy": 96.52337646484375,
            "timestamp": 741
        },
        {
            "dx": 174.1443328857422,
            "dy": 97.18978881835938,
            "timestamp": 768
        },
        {
            "dx": 174.4773406982422,
            "dy": 98.18939208984375,
            "timestamp": 769
        },
        {
            "dx": 174.4773406982422,
            "dy": 99.18896484375,
            "timestamp": 770
        },
        {
            "dx": 174.4773406982422,
            "dy": 100.521728515625,
            "timestamp": 770
        },
        {
            "dx": 174.4773406982422,
            "dy": 101.85455322265625,
            "timestamp": 770
        },
        {
            "dx": 174.1443328857422,
            "dy": 103.18734741210938,
            "timestamp": 770
        },
        {
            "dx": 173.14524841308594,
            "dy": 105.1865234375,
            "timestamp": 770
        },
        {
            "dx": 172.1461639404297,
            "dy": 107.18572998046875,
            "timestamp": 771
        },
        {
            "dx": 171.1470947265625,
            "dy": 108.8516845703125,
            "timestamp": 795
        },
        {
            "dx": 169.8149871826172,
            "dy": 110.5177001953125,
            "timestamp": 796
        },
        {
            "dx": 168.14987182617188,
            "dy": 112.18368530273438,
            "timestamp": 796
        },
        {
            "dx": 166.4847412109375,
            "dy": 114.182861328125,
            "timestamp": 796
        },
        {
            "dx": 164.4866180419922,
            "dy": 116.18206787109375,
            "timestamp": 796
        },
        {
            "dx": 162.4884490966797,
            "dy": 118.18124389648438,
            "timestamp": 796
        },
        {
            "dx": 160.49029541015625,
            "dy": 120.180419921875,
            "timestamp": 796
        },
        {
            "dx": 158.82516479492188,
            "dy": 121.51327514648438,
            "timestamp": 822
        },
        {
            "dx": 156.49398803710938,
            "dy": 123.51242065429688,
            "timestamp": 822
        },
        {
            "dx": 154.49583435058594,
            "dy": 125.17840576171875,
            "timestamp": 822
        },
        {
            "dx": 152.1646728515625,
            "dy": 126.8443603515625,
            "timestamp": 822
        },
        {
            "dx": 150.16650390625,
            "dy": 128.5103759765625,
            "timestamp": 822
        },
        {
            "dx": 148.1683807373047,
            "dy": 129.8431396484375,
            "timestamp": 822
        },
        {
            "dx": 146.1702117919922,
            "dy": 130.84274291992188,
            "timestamp": 822
        },
        {
            "dx": 144.17205810546875,
            "dy": 132.175537109375,
            "timestamp": 852
        },
        {
            "dx": 142.17391967773438,
            "dy": 132.84197998046875,
            "timestamp": 853
        },
        {
            "dx": 140.5087890625,
            "dy": 133.50839233398438,
            "timestamp": 853
        },
        {
            "dx": 138.8436737060547,
            "dy": 134.5079345703125,
            "timestamp": 853
        },
        {
            "dx": 137.17855834960938,
            "dy": 135.17431640625,
            "timestamp": 853
        },
        {
            "dx": 135.513427734375,
            "dy": 135.50753784179688,
            "timestamp": 853
        },
        {
            "dx": 134.1813201904297,
            "dy": 136.17391967773438,
            "timestamp": 853
        },
        {
            "dx": 133.1822509765625,
            "dy": 136.50717163085938,
            "timestamp": 853
        },
        {
            "dx": 131.8501434326172,
            "dy": 136.84033203125,
            "timestamp": 880
        },
        {
            "dx": 130.51803588867188,
            "dy": 137.17352294921875,
            "timestamp": 880
        },
        {
            "dx": 129.18594360351562,
            "dy": 137.17352294921875,
            "timestamp": 880
        },
        {
            "dx": 128.18687438964844,
            "dy": 137.5067138671875,
            "timestamp": 880
        },
        {
            "dx": 127.52081298828125,
            "dy": 137.5067138671875,
            "timestamp": 880
        },
        {
            "dx": 126.52175903320312,
            "dy": 137.5067138671875,
            "timestamp": 881
        },
        {
            "dx": 125.85569763183594,
            "dy": 137.5067138671875,
            "timestamp": 881
        },
        {
            "dx": 125.18963623046875,
            "dy": 137.5067138671875,
            "timestamp": 905
        },
        {
            "dx": 124.52359008789062,
            "dy": 137.5067138671875,
            "timestamp": 905
        },
        {
            "dx": 123.8575439453125,
            "dy": 137.5067138671875,
            "timestamp": 905
        },
        {
            "dx": 123.52452087402344,
            "dy": 137.5067138671875,
            "timestamp": 905
        },
        {
            "dx": 122.85848999023438,
            "dy": 137.5067138671875,
            "timestamp": 906
        },
        {
            "dx": 122.52545166015625,
            "dy": 137.5067138671875,
            "timestamp": 906
        },
        {
            "dx": 121.85940551757812,
            "dy": 137.17352294921875,
            "timestamp": 906
        },
        {
            "dx": 121.19334411621094,
            "dy": 136.84033203125,
            "timestamp": 932
        },
        {
            "dx": 120.86032104492188,
            "dy": 136.50717163085938,
            "timestamp": 932
        },
        {
            "dx": 120.52731323242188,
            "dy": 136.17391967773438,
            "timestamp": 933
        },
        {
            "dx": 120.19427490234375,
            "dy": 135.84075927734375,
            "timestamp": 933
        },
        {
            "dx": 119.86123657226562,
            "dy": 135.17431640625,
            "timestamp": 933
        },
        {
            "dx": 119.52822875976562,
            "dy": 134.84115600585938,
            "timestamp": 933
        },
        {
            "dx": 119.52822875976562,
            "dy": 134.17474365234375,
            "timestamp": 934
        },
        {
            "dx": 119.1951904296875,
            "dy": 133.841552734375,
            "timestamp": 960
        },
        {
            "dx": 119.1951904296875,
            "dy": 133.17514038085938,
            "timestamp": 960
        },
        {
            "dx": 118.86216735839844,
            "dy": 132.50875854492188,
            "timestamp": 960
        },
        {
            "dx": 118.52914428710938,
            "dy": 131.5091552734375,
            "timestamp": 960
        },
        {
            "dx": 118.52914428710938,
            "dy": 130.50961303710938,
            "timestamp": 960
        },
        {
            "dx": 118.52914428710938,
            "dy": 129.8431396484375,
            "timestamp": 960
        },
        {
            "dx": 118.52914428710938,
            "dy": 128.5103759765625,
            "timestamp": 960
        },
        {
            "dx": 118.52914428710938,
            "dy": 127.51083374023438,
            "timestamp": 960
        },
        {
            "dx": 118.52914428710938,
            "dy": 126.177978515625,
            "timestamp": 987
        },
        {
            "dx": 118.52914428710938,
            "dy": 125.17840576171875,
            "timestamp": 988
        },
        {
            "dx": 118.52914428710938,
            "dy": 123.8455810546875,
            "timestamp": 988
        },
        {
            "dx": 118.52914428710938,
            "dy": 122.5128173828125,
            "timestamp": 988
        },
        {
            "dx": 118.52914428710938,
            "dy": 121.18002319335938,
            "timestamp": 989
        },
        {
            "dx": 118.86216735839844,
            "dy": 119.5140380859375,
            "timestamp": 989
        },
        {
            "dx": 119.1951904296875,
            "dy": 118.18124389648438,
            "timestamp": 989
        },
        {
            "dx": 119.86123657226562,
            "dy": 116.5152587890625,
            "timestamp": 1019
        },
        {
            "dx": 120.52731323242188,
            "dy": 115.18246459960938,
            "timestamp": 1019
        },
        {
            "dx": 121.19334411621094,
            "dy": 113.5164794921875,
            "timestamp": 1019
        },
        {
            "dx": 121.5263671875,
            "dy": 112.18368530273438,
            "timestamp": 1019
        },
        {
            "dx": 122.19241333007812,
            "dy": 111.18408203125,
            "timestamp": 1019
        },
        {
            "dx": 122.52545166015625,
            "dy": 109.85128784179688,
            "timestamp": 1019
        },
        {
            "dx": 123.52452087402344,
            "dy": 108.185302734375,
            "timestamp": 1019
        },
        {
            "dx": 124.19058227539062,
            "dy": 106.85250854492188,
            "timestamp": 1019
        },
        {
            "dx": 124.85662841796875,
            "dy": 105.8529052734375,
            "timestamp": 1044
        },
        {
            "dx": 125.52267456054688,
            "dy": 104.52011108398438,
            "timestamp": 1044
        },
        {
            "dx": 126.188720703125,
            "dy": 103.5205078125,
            "timestamp": 1044
        },
        {
            "dx": 126.85476684570312,
            "dy": 102.187744140625,
            "timestamp": 1044
        },
        {
            "dx": 127.85385131835938,
            "dy": 100.85494995117188,
            "timestamp": 1044
        },
        {
            "dx": 128.5198974609375,
            "dy": 99.8553466796875,
            "timestamp": 1044
        },
        {
            "dx": 129.5189666748047,
            "dy": 98.85577392578125,
            "timestamp": 1044
        },
        {
            "dx": 130.18502807617188,
            "dy": 97.52294921875,
            "timestamp": 1070
        },
        {
            "dx": 130.85107421875,
            "dy": 96.52337646484375,
            "timestamp": 1071
        },
        {
            "dx": 131.8501434326172,
            "dy": 95.19061279296875,
            "timestamp": 1071
        },
        {
            "dx": 132.84921264648438,
            "dy": 94.19100952148438,
            "timestamp": 1071
        },
        {
            "dx": 133.84829711914062,
            "dy": 93.19140625,
            "timestamp": 1071
        },
        {
            "dx": 134.51434326171875,
            "dy": 92.19183349609375,
            "timestamp": 1071
        },
        {
            "dx": 135.18038940429688,
            "dy": 91.525390625,
            "timestamp": 1071
        },
        {
            "dx": 135.846435546875,
            "dy": 90.8590087890625,
            "timestamp": 1099
        },
        {
            "dx": 136.5124969482422,
            "dy": 90.52581787109375,
            "timestamp": 1100
        },
        {
            "dx": 137.17855834960938,
            "dy": 90.192626953125,
            "timestamp": 1100
        },
        {
            "dx": 137.51156616210938,
            "dy": 89.52621459960938,
            "timestamp": 1101
        },
        {
            "dx": 137.84458923339844,
            "dy": 89.52621459960938,
            "timestamp": 1101
        },
        {
            "dx": 138.1776123046875,
            "dy": 89.52621459960938,
            "timestamp": 1101
        },
        {
            "dx": 138.51065063476562,
            "dy": 89.52621459960938,
            "timestamp": 1101
        },
        {
            "dx": 138.51065063476562,
            "dy": 89.19305419921875,
            "timestamp": 1130
        },
        {
            "dx": 138.8436737060547,
            "dy": 89.19305419921875,
            "timestamp": 1130
        },
        {
            "dx": 138.8436737060547,
            "dy": 89.85943603515625,
            "timestamp": 1160
        },
        {
            "dx": 138.8436737060547,
            "dy": 90.192626953125,
            "timestamp": 1161
        },
        {
            "dx": 0,
            "dy": 0,
            "timestamp": 1162
        }
    ]
]