[
    [
        {
            "dx": 165.22885131835938,
            "dy": 78.33090209960938,
            "timestamp": 0
        },
        {
            "dx": 165.22885131835938,
            "dy": 78.33090209960938,
            "timestamp": 33
        },
        {
            "dx": 165.72816467285156,
            "dy": 79.33029174804688,
            "timestamp": 67
        },
        {
            "dx": 166.72677612304688,
            "dy": 80.82937622070312,
            "timestamp": 76
        },
        {
            "dx": 169.2233123779297,
            "dy": 84.32723999023438,
            "timestamp": 83
        },
        {
            "dx": 172.21914672851562,
            "dy": 87.82510375976562,
            "timestamp": 93
        },
        {
            "dx": 176.71290588378906,
            "dy": 92.82205200195312,
            "timestamp": 100
        },
        {
            "dx": 181.70596313476562,
            "dy": 98.81838989257812,
            "timestamp": 109
        },
        {
            "dx": 187.19833374023438,
            "dy": 105.81414794921875,
            "timestamp": 117
        },
        {
            "dx": 192.6907196044922,
            "dy": 113.3095703125,
            "timestamp": 126
        },
        {
            "dx": 197.68377685546875,
            "dy": 120.80499267578125,
            "timestamp": 134
        },
        {
            "dx": 202.67684936523438,
            "dy": 128.3004150390625,
            "timestamp": 142
        },
        {
            "dx": 205.17337036132812,
            "dy": 133.29736328125,
            "timestamp": 150
        },
        {
            "dx": 208.16921997070312,
            "dy": 138.79403686523438,
            "timestamp": 159
        },
        {
            "dx": 210.16644287109375,
            "dy": 143.79098510742188,
            "timestamp": 167
        },
        {
            "dx": 212.16366577148438,
            "dy": 148.78793334960938,
            "timestamp": 176
        },
        {
            "dx": 213.1622772216797,
            "dy": 152.28579711914062,
            "timestamp": 184
        },
        {
            "dx": 214.6602020263672,
            "dy": 155.78366088867188,
            "timestamp": 193
        },
        {
            "dx": 215.1595001220703,
            "dy": 158.78182983398438,
            "timestamp": 201
        },
        {
            "dx": 216.15811157226562,
            "dy": 161.28030395507812,
            "timestamp": 210
        },
        {
            "dx": 216.15811157226562,
            "dy": 163.27908325195312,
            "timestamp": 217
        },
        {
            "dx": 216.6574249267578,
            "dy": 165.77755737304688,
            "timestamp": 226
        },
        {
            "dx": 216.6574249267578,
            "dy": 166.77694702148438,
            "timestamp": 234
        },
        {
            "dx": 216.6574249267578,
            "dy": 168.27603149414062,
            "timestamp": 243
        },
        {
            "dx": 216.15811157226562,
            "dy": 169.27545166015625,
            "timestamp": 251
        },
        {
            "dx": 215.6588134765625,
            "dy": 170.27484130859375,
            "timestamp": 260
        },
        {
            "dx": 213.66159057617188,
            "dy": 170.7745361328125,
            "timestamp": 267
        },
        {
            "dx": 212.16366577148438,
            "dy": 171.77392578125,
            "timestamp": 276
        },
        {
            "dx": 208.66851806640625,
            "dy": 172.7733154296875,
            "timestamp": 284
        },
        {
            "dx": 205.17337036132812,
            "dy": 173.772705078125,
            "timestamp": 293
        },
        {
            "dx": 199.18170166015625,
            "dy": 175.27178955078125,
            "timestamp": 301
        },
        {
            "dx": 193.1900177001953,
            "dy": 177.27056884765625,
            "timestamp": 310
        },
        {
            "dx": 186.19972229003906,
            "dy": 179.26934814453125,
            "timestamp": 318
        },
        {
            "dx": 179.708740234375,
            "dy": 181.767822265625,
            "timestamp": 327
        },
        {
            "dx": 172.21914672851562,
            "dy": 184.26629638671875,
            "timestamp": 334
        },
        {
            "dx": 164.72955322265625,
            "dy": 186.7647705078125,
            "timestamp": 343
        },
        {
            "dx": 158.23855590820312,
            "dy": 188.7635498046875,
            "timestamp": 351
        },
        {
            "dx": 152.24688720703125,
            "dy": 190.7623291015625,
            "timestamp": 360
        },
        {
            "dx": 146.7545166015625,
            "dy": 192.26141357421875,
            "timestamp": 368
        },
        {
            "dx": 141.76144409179688,
            "dy": 193.760498046875,
            "timestamp": 377
        },
        {
            "dx": 138.26629638671875,
            "dy": 194.7598876953125,
            "timestamp": 385
        },
        {
            "dx": 135.2704620361328,
            "dy": 195.75927734375,
            "timestamp": 394
        },
        {
            "dx": 133.2732391357422,
            "dy": 196.25897216796875,
            "timestamp": 401
        },
        {
            "dx": 131.27601623535156,
            "dy": 196.7586669921875,
            "timestamp": 410
        },
        {
            "dx": 129.77809143066406,
            "dy": 196.7586669921875,
            "timestamp": 418
        },
        {
            "dx": 128.77947998046875,
            "dy": 197.25836181640625,
            "timestamp": 427
        },
        {
            "dx": 128.28016662597656,
            "dy": 197.25836181640625,
            "timestamp": 435
        },
        {
            "dx": 127.78086853027344,
            "dy": 197.25836181640625,
            "timestamp": 444
        },
        {
            "dx": 127.28155517578125,
            "dy": 196.7586669921875,
            "timestamp": 451
        },
        {
            "dx": 127.28155517578125,
            "dy": 196.25897216796875,
            "timestamp": 468
        },
        {
            "dx": 127.28155517578125,
            "dy": 195.75927734375,
            "timestamp": 485
        },
        {
            "dx": 127.28155517578125,
            "dy": 195.25958251953125,
            "timestamp": 494
        },
        {
            "dx": 0.0,
            "dy": 0.0,
            "timestamp": 501
        },
        {
            "dx": 154.74342346191406,
            "dy": 47.84947204589844,
            "timestamp": 803
        },
        {
            "dx": 154.74342346191406,
            "dy": 47.84947204589844,
            "timestamp": 853
        },
        {
            "dx": 154.74342346191406,
            "dy": 47.84947204589844,
            "timestamp": 904
        },
        {
            "dx": 0.0,
            "dy": 0.0,
            "timestamp": 920
        }
    ],
    [
        {
            "dx": 200.99999999999997,
            "dy": 141.99999999999994,
            "timestamp": 0
        },
        {
            "dx": 195.99999999999997,
            "dy": 156.99999999999994,
            "timestamp": 22
        },
        {
            "dx": 186.99999999999997,
            "dy": 175.99999999999994,
            "timestamp": 54
        },
        {
            "dx": 174.99999999999997,
            "dy": 191.99999999999994,
            "timestamp": 55
        },
        {
            "dx": 164.99999999999997,
            "dy": 203.99999999999994,
            "timestamp": 82
        },
        {
            "dx": 141.99999999999997,
            "dy": 224.99999999999994,
            "timestamp": 106
        },
        {
            "dx": 141.99999999999997,
            "dy": 224.99999999999994,
            "timestamp": 106
        },
        {
            "dx": 0,
            "dy": 0,
            "timestamp": 107
        },
        {
            "dx": 0,
            "dy": 0,
            "timestamp": 287
        },
        {
            "dx": 0,
            "dy": 0,
            "timestamp": 1324
        },
        {
            "dx": 197.99999999999997,
            "dy": 110.99999999999994,
            "timestamp": 1764
        },
        {
            "dx": 203.99999999999997,
            "dy": 108.99999999999994,
            "timestamp": 1782
        },
        {
            "dx": 207.99999999999997,
            "dy": 105.99999999999994,
            "timestamp": 1820
        },
        {
            "dx": 209.99999999999997,
            "dy": 101.99999999999994,
            "timestamp": 1820
        },
        {
            "dx": 211.99999999999997,
            "dy": 95.99999999999994,
            "timestamp": 1840
        },
        {
            "dx": 211.99999999999997,
            "dy": 91.99999999999994,
            "timestamp": 1868
        },
        {
            "dx": 209.99999999999997,
            "dy": 88.99999999999994,
            "timestamp": 1868
        },
        {
            "dx": 207.99999999999997,
            "dy": 86.99999999999994,
            "timestamp": 1891
        },
        {
            "dx": 200.99999999999997,
            "dy": 86.99999999999994,
            "timestamp": 1922
        },
        {
            "dx": 199.99999999999994,
            "dy": 88.99999999999994,
            "timestamp": 1948
        },
        {
            "dx": 0,
            "dy": 0,
            "timestamp": 1950
        }
    ],
    [
        {
            "dx": 190.52899169921875,
            "dy": 148.62164306640625,
            "timestamp": 0
        },
        {
            "dx": 190.52899169921875,
            "dy": 148.0941162109375,
            "timestamp": 41
        },
        {
            "dx": 190.17742919921875,
            "dy": 147.7425537109375,
            "timestamp": 41
        },
        {
            "dx": 189.82583618164062,
            "dy": 147.50814819335938,
            "timestamp": 77
        },
        {
            "dx": 189.76718139648438,
            "dy": 147.33233642578125,
            "timestamp": 78
        },
        {
            "dx": 189.76718139648438,
            "dy": 147.7425537109375,
            "timestamp": 115
        },
        {
            "dx": 189.76718139648438,
            "dy": 149.20761108398438,
            "timestamp": 149
        },
        {
            "dx": 189.5327911376953,
            "dy": 151.72763061523438,
            "timestamp": 150
        },
        {
            "dx": 188.94683837890625,
            "dy": 156.2401123046875,
            "timestamp": 150
        },
        {
            "dx": 188.00921630859375,
            "dy": 162.27627563476562,
            "timestamp": 179
        },
        {
            "dx": 187.30599975585938,
            "dy": 168.48837280273438,
            "timestamp": 206
        },
        {
            "dx": 186.8372344970703,
            "dy": 173.0594482421875,
            "timestamp": 207
        },
        {
            "dx": 186.25125122070312,
            "dy": 176.39984130859375,
            "timestamp": 234
        },
        {
            "dx": 185.72381591796875,
            "dy": 178.7440185546875,
            "timestamp": 235
        },
        {
            "dx": 185.2550506591797,
            "dy": 179.62313842773438,
            "timestamp": 263
        },
        {
            "dx": 184.6690216064453,
            "dy": 180.0919189453125,
            "timestamp": 288
        },
        {
            "dx": 183.02825927734375,
            "dy": 180.56072998046875,
            "timestamp": 289
        },
        {
            "dx": 179.9224395751953,
            "dy": 181.85000610351562,
            "timestamp": 314
        },
        {
            "dx": 175.76190185546875,
            "dy": 183.84262084960938,
            "timestamp": 315
        },
        {
            "dx": 171.24969482421875,
            "dy": 186.01089477539062,
            "timestamp": 339
        },
        {
            "dx": 167.5579376220703,
            "dy": 188.12069702148438,
            "timestamp": 363
        },
        {
            "dx": 164.92095947265625,
            "dy": 189.5858154296875,
            "timestamp": 388
        },
        {
            "dx": 163.39732360839844,
            "dy": 190.34759521484375,
            "timestamp": 389
        },
        {
            "dx": 163.28012084960938,
            "dy": 190.34759521484375,
            "timestamp": 389
        },
        {
            "dx": 0,
            "dy": 0,
            "timestamp": 390
        },
        {
            "dx": 188.47799682617188,
            "dy": 119.7298583984375,
            "timestamp": 798
        },
        {
            "dx": 188.06781005859375,
            "dy": 121.31210327148438,
            "timestamp": 831
        },
        {
            "dx": 187.95062255859375,
            "dy": 122.4256591796875,
            "timestamp": 864
        },
        {
            "dx": 188.41940307617188,
            "dy": 123.12881469726562,
            "timestamp": 864
        },
        {
            "dx": 189.4156036376953,
            "dy": 123.24603271484375,
            "timestamp": 894
        },
        {
            "dx": 190.0016326904297,
            "dy": 122.7772216796875,
            "timestamp": 895
        },
        {
            "dx": 189.9430389404297,
            "dy": 121.95672607421875,
            "timestamp": 920
        },
        {
            "dx": 188.8296356201172,
            "dy": 121.07772827148438,
            "timestamp": 920
        },
        {
            "dx": 187.71624755859375,
            "dy": 120.90194702148438,
            "timestamp": 946
        },
        {
            "dx": 187.5990447998047,
            "dy": 121.01913452148438,
            "timestamp": 946
        },
        {
            "dx": 0,
            "dy": 0,
            "timestamp": 948
        }
    ],
    [
        {
            "dx": 187.8181915283203,
            "dy": 141.49081420898438,
            "timestamp": 0
        },
        {
            "dx": 187.3455352783203,
            "dy": 144.50927734375,
            "timestamp": 1
        },
        {
            "dx": 186.9453125,
            "dy": 147.63638305664062,
            "timestamp": 2
        },
        {
            "dx": 186.65447998046875,
            "dy": 151.0546875,
            "timestamp": 2
        },
        {
            "dx": 186.2908477783203,
            "dy": 154.3636474609375,
            "timestamp": 3
        },
        {
            "dx": 186.0727996826172,
            "dy": 157.56356811523438,
            "timestamp": 28
        },
        {
            "dx": 185.89100646972656,
            "dy": 160.87289428710938,
            "timestamp": 28
        },
        {
            "dx": 185.78196716308594,
            "dy": 164.29086303710938,
            "timestamp": 28
        },
        {
            "dx": 185.70916748046875,
            "dy": 167.8909912109375,
            "timestamp": 28
        },
        {
            "dx": 185.6001434326172,
            "dy": 171.3089599609375,
            "timestamp": 28
        },
        {
            "dx": 185.4907684326172,
            "dy": 174.50927734375,
            "timestamp": 28
        },
        {
            "dx": 185.4907684326172,
            "dy": 177.52734375,
            "timestamp": 28
        },
        {
            "dx": 185.4907684326172,
            "dy": 180.65447998046875,
            "timestamp": 53
        },
        {
            "dx": 185.41835021972656,
            "dy": 183.27273559570312,
            "timestamp": 53
        },
        {
            "dx": 185.41835021972656,
            "dy": 185.60015869140625,
            "timestamp": 53
        },
        {
            "dx": 185.30897521972656,
            "dy": 187.85440063476562,
            "timestamp": 53
        },
        {
            "dx": 185.30897521972656,
            "dy": 190.07281494140625,
            "timestamp": 53
        },
        {
            "dx": 185.30897521972656,
            "dy": 190.65447998046875,
            "timestamp": 53
        },
        {
            "dx": 185.19993591308594,
            "dy": 191.45455932617188,
            "timestamp": 75
        },
        {
            "dx": 185.0181121826172,
            "dy": 192.43643188476562,
            "timestamp": 75
        },
        {
            "dx": 184.83631896972656,
            "dy": 193.60015869140625,
            "timestamp": 75
        },
        {
            "dx": 184.5454559326172,
            "dy": 194.65447998046875,
            "timestamp": 75
        },
        {
            "dx": 184.25462341308594,
            "dy": 195.92721557617188,
            "timestamp": 76
        },
        {
            "dx": 183.85443115234375,
            "dy": 197.09091186523438,
            "timestamp": 76
        },
        {
            "dx": 183.19993591308594,
            "dy": 198.3636474609375,
            "timestamp": 96
        },
        {
            "dx": 182.72727966308594,
            "dy": 199.4183349609375,
            "timestamp": 96
        },
        {
            "dx": 181.74539184570312,
            "dy": 200.80007934570312,
            "timestamp": 96
        },
        {
            "dx": 180.69105529785156,
            "dy": 202.07281494140625,
            "timestamp": 98
        },
        {
            "dx": 179.23651123046875,
            "dy": 203.52734375,
            "timestamp": 98
        },
        {
            "dx": 177.0181121826172,
            "dy": 205.09091186523438,
            "timestamp": 113
        },
        {
            "dx": 175.0181121826172,
            "dy": 206.54547119140625,
            "timestamp": 114
        },
        {
            "dx": 172.9818878173828,
            "dy": 207.8182373046875,
            "timestamp": 114
        },
        {
            "dx": 171.16371154785156,
            "dy": 209.38174438476562,
            "timestamp": 114
        },
        {
            "dx": 169.12713623046875,
            "dy": 210.8363037109375,
            "timestamp": 131
        },
        {
            "dx": 166.9453125,
            "dy": 212.39987182617188,
            "timestamp": 132
        },
        {
            "dx": 164.32742309570312,
            "dy": 214.32742309570312,
            "timestamp": 132
        },
        {
            "dx": 161.63636779785156,
            "dy": 216.2908935546875,
            "timestamp": 132
        },
        {
            "dx": 158.18182373046875,
            "dy": 218.50924682617188,
            "timestamp": 148
        },
        {
            "dx": 154.90908813476562,
            "dy": 220.8729248046875,
            "timestamp": 148
        },
        {
            "dx": 150.8728790283203,
            "dy": 223.199951171875,
            "timestamp": 148
        },
        {
            "dx": 147.19993591308594,
            "dy": 225.70916748046875,
            "timestamp": 148
        },
        {
            "dx": 143.4545440673828,
            "dy": 228.07281494140625,
            "timestamp": 148
        },
        {
            "dx": 139.8181915283203,
            "dy": 230.2908935546875,
            "timestamp": 166
        },
        {
            "dx": 136.6544952392578,
            "dy": 232.8363037109375,
            "timestamp": 166
        },
        {
            "dx": 132.0727996826172,
            "dy": 235.56356811523438,
            "timestamp": 166
        },
        {
            "dx": 127.74539184570312,
            "dy": 238.07281494140625,
            "timestamp": 166
        },
        {
            "dx": 123.52734375,
            "dy": 240.32742309570312,
            "timestamp": 184
        },
        {
            "dx": 119.70918273925781,
            "dy": 242.58169555664062,
            "timestamp": 184
        },
        {
            "dx": 115.96377563476562,
            "dy": 244.80007934570312,
            "timestamp": 184
        },
        {
            "dx": 112.69105529785156,
            "dy": 246.8363037109375,
            "timestamp": 184
        },
        {
            "dx": 109.52734375,
            "dy": 248.98190307617188,
            "timestamp": 202
        },
        {
            "dx": 106.07279968261719,
            "dy": 251.12713623046875,
            "timestamp": 202
        },
        {
            "dx": 101.85440063476562,
            "dy": 253.56356811523438,
            "timestamp": 202
        },
        {
            "dx": 98.10902404785156,
            "dy": 256.1090393066406,
            "timestamp": 202
        },
        {
            "dx": 94.76350402832031,
            "dy": 258.4364929199219,
            "timestamp": 220
        },
        {
            "dx": 91.78196716308594,
            "dy": 260.7635498046875,
            "timestamp": 221
        },
        {
            "dx": 89.38174438476562,
            "dy": 262.727294921875,
            "timestamp": 221
        },
        {
            "dx": 87.09091186523438,
            "dy": 264.2908935546875,
            "timestamp": 221
        },
        {
            "dx": 84.80007934570312,
            "dy": 265.3455810546875,
            "timestamp": 221
        },
        {
            "dx": 0,
            "dy": 0,
            "timestamp": 222
        },
        {
            "dx": 181.9272003173828,
            "dy": 96.39990234375,
            "timestamp": 508
        },
        {
            "dx": 182.03622436523438,
            "dy": 97.199951171875,
            "timestamp": 574
        },
        {
            "dx": 182.14559936523438,
            "dy": 97.96377563476562,
            "timestamp": 603
        },
        {
            "dx": 182.43646240234375,
            "dy": 99.12713623046875,
            "timestamp": 603
        },
        {
            "dx": 182.61825561523438,
            "dy": 99.92724609375,
            "timestamp": 603
        },
        {
            "dx": 182.80007934570312,
            "dy": 100.61825561523438,
            "timestamp": 603
        },
        {
            "dx": 183.27273559570312,
            "dy": 101.49078369140625,
            "timestamp": 603
        },
        {
            "dx": 183.38177490234375,
            "dy": 101.85440063476562,
            "timestamp": 603
        },
        {
            "dx": 183.56356811523438,
            "dy": 102.3636474609375,
            "timestamp": 631
        },
        {
            "dx": 183.78196716308594,
            "dy": 102.727294921875,
            "timestamp": 631
        },
        {
            "dx": 183.96380615234375,
            "dy": 103.01812744140625,
            "timestamp": 631
        },
        {
            "dx": 184.36366271972656,
            "dy": 103.63638305664062,
            "timestamp": 632
        },
        {
            "dx": 184.65447998046875,
            "dy": 104,
            "timestamp": 632
        },
        {
            "dx": 184.83631896972656,
            "dy": 104.29083251953125,
            "timestamp": 633
        },
        {
            "dx": 185.0181121826172,
            "dy": 104.58169555664062,
            "timestamp": 634
        },
        {
            "dx": 185.30897521972656,
            "dy": 104.87286376953125,
            "timestamp": 656
        },
        {
            "dx": 185.6001434326172,
            "dy": 105.16372680664062,
            "timestamp": 656
        },
        {
            "dx": 185.89100646972656,
            "dy": 105.38174438476562,
            "timestamp": 656
        },
        {
            "dx": 186.18182373046875,
            "dy": 105.56356811523438,
            "timestamp": 656
        },
        {
            "dx": 186.47265625,
            "dy": 105.74539184570312,
            "timestamp": 656
        },
        {
            "dx": 186.7635040283203,
            "dy": 105.96377563476562,
            "timestamp": 656
        },
        {
            "dx": 187.0546875,
            "dy": 106.14559936523438,
            "timestamp": 656
        },
        {
            "dx": 187.3455352783203,
            "dy": 106.3636474609375,
            "timestamp": 679
        },
        {
            "dx": 187.63636779785156,
            "dy": 106.54547119140625,
            "timestamp": 679
        },
        {
            "dx": 187.9272003173828,
            "dy": 106.727294921875,
            "timestamp": 679
        },
        {
            "dx": 188.18182373046875,
            "dy": 106.8363037109375,
            "timestamp": 680
        },
        {
            "dx": 188.3998565673828,
            "dy": 106.9453125,
            "timestamp": 680
        },
        {
            "dx": 188.58168029785156,
            "dy": 107.01812744140625,
            "timestamp": 698
        },
        {
            "dx": 188.7635040283203,
            "dy": 107.12713623046875,
            "timestamp": 698
        },
        {
            "dx": 188.9818878173828,
            "dy": 107.12713623046875,
            "timestamp": 698
        },
        {
            "dx": 189.16371154785156,
            "dy": 107.12713623046875,
            "timestamp": 698
        },
        {
            "dx": 189.3455352783203,
            "dy": 107.12713623046875,
            "timestamp": 698
        },
        {
            "dx": 189.52734375,
            "dy": 107.12713623046875,
            "timestamp": 718
        },
        {
            "dx": 189.63636779785156,
            "dy": 107.12713623046875,
            "timestamp": 718
        },
        {
            "dx": 189.8181915283203,
            "dy": 107.12713623046875,
            "timestamp": 718
        },
        {
            "dx": 190.10902404785156,
            "dy": 107.01812744140625,
            "timestamp": 718
        },
        {
            "dx": 190.5092315673828,
            "dy": 106.727294921875,
            "timestamp": 718
        },
        {
            "dx": 191.4545440673828,
            "dy": 106.03622436523438,
            "timestamp": 734
        },
        {
            "dx": 192.5454559326172,
            "dy": 105.16372680664062,
            "timestamp": 734
        },
        {
            "dx": 193.38177490234375,
            "dy": 104.29083251953125,
            "timestamp": 734
        },
        {
            "dx": 194.0727996826172,
            "dy": 103.34552001953125,
            "timestamp": 734
        },
        {
            "dx": 194.72727966308594,
            "dy": 102.254638671875,
            "timestamp": 750
        },
        {
            "dx": 195.41835021972656,
            "dy": 101.199951171875,
            "timestamp": 750
        },
        {
            "dx": 196,
            "dy": 100.21804809570312,
            "timestamp": 750
        },
        {
            "dx": 196.47265625,
            "dy": 99.23651123046875,
            "timestamp": 750
        },
        {
            "dx": 196.7635040283203,
            "dy": 98.47265625,
            "timestamp": 767
        },
        {
            "dx": 196.9453125,
            "dy": 97.781982421875,
            "timestamp": 767
        },
        {
            "dx": 197.23651123046875,
            "dy": 97.09091186523438,
            "timestamp": 767
        },
        {
            "dx": 197.4545440673828,
            "dy": 96.32742309570312,
            "timestamp": 767
        },
        {
            "dx": 197.70916748046875,
            "dy": 95.52734375,
            "timestamp": 784
        },
        {
            "dx": 197.9272003173828,
            "dy": 94.76348876953125,
            "timestamp": 784
        },
        {
            "dx": 198.10902404785156,
            "dy": 94.07281494140625,
            "timestamp": 784
        },
        {
            "dx": 198.21804809570312,
            "dy": 93.38174438476562,
            "timestamp": 784
        },
        {
            "dx": 198.2908477783203,
            "dy": 92.727294921875,
            "timestamp": 800
        },
        {
            "dx": 198.2908477783203,
            "dy": 92.03622436523438,
            "timestamp": 800
        },
        {
            "dx": 198.2908477783203,
            "dy": 91.34552001953125,
            "timestamp": 800
        },
        {
            "dx": 198.2908477783203,
            "dy": 90.76348876953125,
            "timestamp": 801
        },
        {
            "dx": 198.2908477783203,
            "dy": 90.18182373046875,
            "timestamp": 817
        },
        {
            "dx": 198.21804809570312,
            "dy": 89.70916748046875,
            "timestamp": 818
        },
        {
            "dx": 198.10902404785156,
            "dy": 89.199951171875,
            "timestamp": 818
        },
        {
            "dx": 198,
            "dy": 88.8363037109375,
            "timestamp": 818
        },
        {
            "dx": 197.9272003173828,
            "dy": 88.50927734375,
            "timestamp": 834
        },
        {
            "dx": 197.70916748046875,
            "dy": 88.21804809570312,
            "timestamp": 834
        },
        {
            "dx": 197.52734375,
            "dy": 88.03622436523438,
            "timestamp": 834
        },
        {
            "dx": 197.23651123046875,
            "dy": 87.85440063476562,
            "timestamp": 834
        },
        {
            "dx": 196.9453125,
            "dy": 87.74539184570312,
            "timestamp": 850
        },
        {
            "dx": 196.47265625,
            "dy": 87.56356811523438,
            "timestamp": 851
        },
        {
            "dx": 196,
            "dy": 87.56356811523438,
            "timestamp": 851
        },
        {
            "dx": 195.41835021972656,
            "dy": 87.56356811523438,
            "timestamp": 851
        },
        {
            "dx": 194.43646240234375,
            "dy": 87.74539184570312,
            "timestamp": 870
        },
        {
            "dx": 192.72727966308594,
            "dy": 88.32742309570312,
            "timestamp": 871
        },
        {
            "dx": 190.69105529785156,
            "dy": 89.199951171875,
            "timestamp": 871
        },
        {
            "dx": 188.7635040283203,
            "dy": 90.07281494140625,
            "timestamp": 871
        },
        {
            "dx": 186.65447998046875,
            "dy": 91.23651123046875,
            "timestamp": 871
        },
        {
            "dx": 184.36366271972656,
            "dy": 92.61825561523438,
            "timestamp": 887
        },
        {
            "dx": 181.74539184570312,
            "dy": 93.96377563476562,
            "timestamp": 887
        },
        {
            "dx": 179.52734375,
            "dy": 95.52734375,
            "timestamp": 887
        },
        {
            "dx": 177.0181121826172,
            "dy": 97.49078369140625,
            "timestamp": 887
        },
        {
            "dx": 174.61825561523438,
            "dy": 99.70916748046875,
            "timestamp": 904
        },
        {
            "dx": 172.32742309570312,
            "dy": 102.254638671875,
            "timestamp": 904
        },
        {
            "dx": 170.21804809570312,
            "dy": 104.80007934570312,
            "timestamp": 904
        },
        {
            "dx": 168,
            "dy": 108.10903930664062,
            "timestamp": 904
        },
        {
            "dx": 165.78196716308594,
            "dy": 111.70916748046875,
            "timestamp": 922
        },
        {
            "dx": 163.56356811523438,
            "dy": 115.8909912109375,
            "timestamp": 922
        },
        {
            "dx": 161.16371154785156,
            "dy": 120.3636474609375,
            "timestamp": 922
        },
        {
            "dx": 159.23651123046875,
            "dy": 126.10903930664062,
            "timestamp": 922
        },
        {
            "dx": 0,
            "dy": 0,
            "timestamp": 923
        }
    ],
    [
        {
            "dx": 212,
            "dy": 101,
            "timestamp": 0
        },
        {
            "dx": 212,
            "dy": 102,
            "timestamp": 19
        },
        {
            "dx": 213,
            "dy": 104,
            "timestamp": 19
        },
        {
            "dx": 213,
            "dy": 108,
            "timestamp": 19
        },
        {
            "dx": 213,
            "dy": 110,
            "timestamp": 37
        },
        {
            "dx": 214,
            "dy": 113,
            "timestamp": 37
        },
        {
            "dx": 216,
            "dy": 117,
            "timestamp": 37
        },
        {
            "dx": 217,
            "dy": 121,
            "timestamp": 55
        },
        {
            "dx": 219,
            "dy": 126,
            "timestamp": 55
        },
        {
            "dx": 222,
            "dy": 131,
            "timestamp": 55
        },
        {
            "dx": 225,
            "dy": 134,
            "timestamp": 73
        },
        {
            "dx": 228,
            "dy": 137,
            "timestamp": 73
        },
        {
            "dx": 230,
            "dy": 140,
            "timestamp": 91
        },
        {
            "dx": 233,
            "dy": 143,
            "timestamp": 91
        },
        {
            "dx": 235,
            "dy": 146,
            "timestamp": 91
        },
        {
            "dx": 237,
            "dy": 149,
            "timestamp": 91
        },
        {
            "dx": 239,
            "dy": 152,
            "timestamp": 110
        },
        {
            "dx": 240,
            "dy": 154,
            "timestamp": 110
        },
        {
            "dx": 242,
            "dy": 156,
            "timestamp": 129
        },
        {
            "dx": 243,
            "dy": 157,
            "timestamp": 130
        },
        {
            "dx": 244,
            "dy": 159,
            "timestamp": 130
        },
        {
            "dx": 245,
            "dy": 160,
            "timestamp": 130
        },
        {
            "dx": 246,
            "dy": 161,
            "timestamp": 148
        },
        {
            "dx": 246,
            "dy": 162,
            "timestamp": 148
        },
        {
            "dx": 247,
            "dy": 163,
            "timestamp": 167
        },
        {
            "dx": 247,
            "dy": 165,
            "timestamp": 167
        },
        {
            "dx": 247,
            "dy": 166,
            "timestamp": 167
        },
        {
            "dx": 245,
            "dy": 172,
            "timestamp": 185
        },
        {
            "dx": 246,
            "dy": 168,
            "timestamp": 185
        },
        {
            "dx": 242,
            "dy": 175,
            "timestamp": 203
        },
        {
            "dx": 238,
            "dy": 179,
            "timestamp": 203
        },
        {
            "dx": 232,
            "dy": 185,
            "timestamp": 203
        },
        {
            "dx": 224,
            "dy": 191,
            "timestamp": 203
        },
        {
            "dx": 215,
            "dy": 197,
            "timestamp": 221
        },
        {
            "dx": 205,
            "dy": 203,
            "timestamp": 221
        },
        {
            "dx": 197,
            "dy": 207,
            "timestamp": 255
        },
        {
            "dx": 190,
            "dy": 210,
            "timestamp": 257
        },
        {
            "dx": 182,
            "dy": 215,
            "timestamp": 257
        },
        {
            "dx": 174,
            "dy": 220,
            "timestamp": 257
        },
        {
            "dx": 168,
            "dy": 224,
            "timestamp": 257
        },
        {
            "dx": 162,
            "dy": 227,
            "timestamp": 280
        },
        {
            "dx": 156,
            "dy": 229,
            "timestamp": 281
        },
        {
            "dx": 150,
            "dy": 232,
            "timestamp": 281
        },
        {
            "dx": 145,
            "dy": 234,
            "timestamp": 281
        },
        {
            "dx": 141,
            "dy": 236,
            "timestamp": 281
        },
        {
            "dx": 138,
            "dy": 237,
            "timestamp": 298
        },
        {
            "dx": 135,
            "dy": 238,
            "timestamp": 298
        },
        {
            "dx": 134,
            "dy": 239,
            "timestamp": 316
        },
        {
            "dx": 135,
            "dy": 238,
            "timestamp": 316
        },
        {
            "dx": 0,
            "dy": 0,
            "timestamp": 317
        },
        {
            "dx": 0,
            "dy": 0,
            "timestamp": 598
        },
        {
            "dx": 182,
            "dy": 61,
            "timestamp": 1147
        },
        {
            "dx": 182,
            "dy": 60,
            "timestamp": 1166
        },
        {
            "dx": 184,
            "dy": 59,
            "timestamp": 1183
        },
        {
            "dx": 186,
            "dy": 58,
            "timestamp": 1183
        },
        {
            "dx": 188,
            "dy": 57,
            "timestamp": 1201
        },
        {
            "dx": 199,
            "dy": 55,
            "timestamp": 1201
        },
        {
            "dx": 194,
            "dy": 56,
            "timestamp": 1201
        },
        {
            "dx": 190,
            "dy": 57,
            "timestamp": 1201
        },
        {
            "dx": 204,
            "dy": 55,
            "timestamp": 1218
        },
        {
            "dx": 208,
            "dy": 55,
            "timestamp": 1218
        },
        {
            "dx": 214,
            "dy": 56,
            "timestamp": 1235
        },
        {
            "dx": 220,
            "dy": 56,
            "timestamp": 1236
        },
        {
            "dx": 223,
            "dy": 56,
            "timestamp": 1236
        },
        {
            "dx": 225,
            "dy": 57,
            "timestamp": 1252
        },
        {
            "dx": 226,
            "dy": 57,
            "timestamp": 1253
        },
        {
            "dx": 227,
            "dy": 58,
            "timestamp": 1253
        },
        {
            "dx": 228,
            "dy": 59,
            "timestamp": 1271
        },
        {
            "dx": 228,
            "dy": 60,
            "timestamp": 1289
        },
        {
            "dx": 227,
            "dy": 61,
            "timestamp": 1289
        },
        {
            "dx": 226,
            "dy": 61,
            "timestamp": 1289
        },
        {
            "dx": 225,
            "dy": 62,
            "timestamp": 1306
        },
        {
            "dx": 224,
            "dy": 63,
            "timestamp": 1306
        },
        {
            "dx": 223,
            "dy": 64,
            "timestamp": 1324
        },
        {
            "dx": 221,
            "dy": 65,
            "timestamp": 1325
        },
        {
            "dx": 219,
            "dy": 66,
            "timestamp": 1325
        },
        {
            "dx": 217,
            "dy": 67,
            "timestamp": 1342
        },
        {
            "dx": 215,
            "dy": 67,
            "timestamp": 1342
        },
        {
            "dx": 213,
            "dy": 67,
            "timestamp": 1342
        },
        {
            "dx": 212,
            "dy": 67,
            "timestamp": 1359
        },
        {
            "dx": 210,
            "dy": 67,
            "timestamp": 1359
        },
        {
            "dx": 209,
            "dy": 67,
            "timestamp": 1378
        },
        {
            "dx": 208,
            "dy": 67,
            "timestamp": 1378
        },
        {
            "dx": 207,
            "dy": 66,
            "timestamp": 1378
        },
        {
            "dx": 207,
            "dy": 65,
            "timestamp": 1396
        },
        {
            "dx": 0,
            "dy": 0,
            "timestamp": 1413
        }
    ],
    [
        {
            "dx": 164,
            "dy": 120,
            "timestamp": 0
        },
        {
            "dx": 163.6666717529297,
            "dy": 124,
            "timestamp": 41
        },
        {
            "dx": 162.6666717529297,
            "dy": 128.66668701171875,
            "timestamp": 42
        },
        {
            "dx": 161.6666717529297,
            "dy": 133.66668701171875,
            "timestamp": 42
        },
        {
            "dx": 160.6666717529297,
            "dy": 139.33334350585938,
            "timestamp": 42
        },
        {
            "dx": 159.33334350585938,
            "dy": 145,
            "timestamp": 42
        },
        {
            "dx": 157.6666717529297,
            "dy": 151.33334350585938,
            "timestamp": 76
        },
        {
            "dx": 156,
            "dy": 156.66668701171875,
            "timestamp": 77
        },
        {
            "dx": 152.33334350585938,
            "dy": 164.33334350585938,
            "timestamp": 77
        },
        {
            "dx": 149.33334350585938,
            "dy": 171,
            "timestamp": 77
        },
        {
            "dx": 146.33334350585938,
            "dy": 176.66668701171875,
            "timestamp": 107
        },
        {
            "dx": 143.33334350585938,
            "dy": 183,
            "timestamp": 108
        },
        {
            "dx": 141.33334350585938,
            "dy": 187.66668701171875,
            "timestamp": 108
        },
        {
            "dx": 139,
            "dy": 192.66668701171875,
            "timestamp": 108
        },
        {
            "dx": 137.33334350585938,
            "dy": 197,
            "timestamp": 134
        },
        {
            "dx": 135.6666717529297,
            "dy": 200,
            "timestamp": 135
        },
        {
            "dx": 134.6666717529297,
            "dy": 202,
            "timestamp": 135
        },
        {
            "dx": 133.33334350585938,
            "dy": 204.33334350585938,
            "timestamp": 169
        },
        {
            "dx": 132,
            "dy": 206,
            "timestamp": 169
        },
        {
            "dx": 130.33334350585938,
            "dy": 207,
            "timestamp": 170
        },
        {
            "dx": 0,
            "dy": 0,
            "timestamp": 171
        },
        {
            "dx": 167,
            "dy": 87.33334350585938,
            "timestamp": 474
        },
        {
            "dx": 167,
            "dy": 87.33334350585938,
            "timestamp": 528
        },
        {
            "dx": 0,
            "dy": 0,
            "timestamp": 552
        }
    ],
    [
        {
            "dx": 178.4736328125,
            "dy": 90.8590087890625,
            "timestamp": 0
        },
        {
            "dx": 180.13876342773438,
            "dy": 94.85739135742188,
            "timestamp": 25
        },
        {
            "dx": 181.80389404296875,
            "dy": 99.18896484375,
            "timestamp": 26
        },
        {
            "dx": 182.80296325683594,
            "dy": 102.52093505859375,
            "timestamp": 26
        },
        {
            "dx": 183.8020477294922,
            "dy": 105.1865234375,
            "timestamp": 26
        },
        {
            "dx": 184.80111694335938,
            "dy": 107.51889038085938,
            "timestamp": 26
        },
        {
            "dx": 185.8002166748047,
            "dy": 109.51812744140625,
            "timestamp": 51
        },
        {
            "dx": 186.4662322998047,
            "dy": 111.51730346679688,
            "timestamp": 51
        },
        {
            "dx": 187.79833984375,
            "dy": 114.8492431640625,
            "timestamp": 51
        },
        {
            "dx": 188.4644012451172,
            "dy": 116.84844970703125,
            "timestamp": 52
        },
        {
            "dx": 189.13043212890625,
            "dy": 118.18124389648438,
            "timestamp": 52
        },
        {
            "dx": 189.79649353027344,
            "dy": 119.5140380859375,
            "timestamp": 52
        },
        {
            "dx": 190.4625701904297,
            "dy": 120.8468017578125,
            "timestamp": 52
        },
        {
            "dx": 190.7955780029297,
            "dy": 121.84640502929688,
            "timestamp": 52
        },
        {
            "dx": 191.46160888671875,
            "dy": 122.84603881835938,
            "timestamp": 82
        },
        {
            "dx": 191.46160888671875,
            "dy": 123.8455810546875,
            "timestamp": 83
        },
        {
            "dx": 191.79464721679688,
            "dy": 124.84518432617188,
            "timestamp": 83
        },
        {
            "dx": 192.12767028808594,
            "dy": 125.5115966796875,
            "timestamp": 83
        },
        {
            "dx": 192.460693359375,
            "dy": 126.177978515625,
            "timestamp": 83
        },
        {
            "dx": 192.460693359375,
            "dy": 126.8443603515625,
            "timestamp": 83
        },
        {
            "dx": 192.793701171875,
            "dy": 127.17758178710938,
            "timestamp": 83
        },
        {
            "dx": 192.793701171875,
            "dy": 127.84396362304688,
            "timestamp": 83
        },
        {
            "dx": 193.1267547607422,
            "dy": 128.5103759765625,
            "timestamp": 115
        },
        {
            "dx": 193.1267547607422,
            "dy": 128.84359741210938,
            "timestamp": 116
        },
        {
            "dx": 193.1267547607422,
            "dy": 129.1767578125,
            "timestamp": 116
        },
        {
            "dx": 193.1267547607422,
            "dy": 129.8431396484375,
            "timestamp": 116
        },
        {
            "dx": 193.4597625732422,
            "dy": 130.50961303710938,
            "timestamp": 116
        },
        {
            "dx": 193.4597625732422,
            "dy": 131.17596435546875,
            "timestamp": 116
        },
        {
            "dx": 193.4597625732422,
            "dy": 131.84237670898438,
            "timestamp": 116
        },
        {
            "dx": 193.4597625732422,
            "dy": 132.175537109375,
            "timestamp": 116
        },
        {
            "dx": 193.4597625732422,
            "dy": 132.50875854492188,
            "timestamp": 146
        },
        {
            "dx": 193.4597625732422,
            "dy": 132.84197998046875,
            "timestamp": 147
        },
        {
            "dx": 193.4597625732422,
            "dy": 133.17514038085938,
            "timestamp": 147
        },
        {
            "dx": 193.4597625732422,
            "dy": 133.841552734375,
            "timestamp": 147
        },
        {
            "dx": 193.4597625732422,
            "dy": 134.17474365234375,
            "timestamp": 147
        },
        {
            "dx": 193.4597625732422,
            "dy": 134.84115600585938,
            "timestamp": 147
        },
        {
            "dx": 193.4597625732422,
            "dy": 135.17431640625,
            "timestamp": 147
        },
        {
            "dx": 193.4597625732422,
            "dy": 135.84075927734375,
            "timestamp": 147
        },
        {
            "dx": 193.4597625732422,
            "dy": 136.17391967773438,
            "timestamp": 170
        },
        {
            "dx": 193.4597625732422,
            "dy": 136.50717163085938,
            "timestamp": 170
        },
        {
            "dx": 193.4597625732422,
            "dy": 137.17352294921875,
            "timestamp": 170
        },
        {
            "dx": 193.4597625732422,
            "dy": 137.5067138671875,
            "timestamp": 170
        },
        {
            "dx": 193.4597625732422,
            "dy": 138.173095703125,
            "timestamp": 170
        },
        {
            "dx": 193.4597625732422,
            "dy": 138.50631713867188,
            "timestamp": 170
        },
        {
            "dx": 193.1267547607422,
            "dy": 138.83953857421875,
            "timestamp": 201
        },
        {
            "dx": 192.793701171875,
            "dy": 139.17269897460938,
            "timestamp": 204
        },
        {
            "dx": 192.460693359375,
            "dy": 139.50595092773438,
            "timestamp": 205
        },
        {
            "dx": 192.12767028808594,
            "dy": 139.839111328125,
            "timestamp": 205
        },
        {
            "dx": 191.46160888671875,
            "dy": 140.17230224609375,
            "timestamp": 205
        },
        {
            "dx": 191.1285858154297,
            "dy": 140.83871459960938,
            "timestamp": 205
        },
        {
            "dx": 190.4625701904297,
            "dy": 141.171875,
            "timestamp": 205
        },
        {
            "dx": 189.46347045898438,
            "dy": 141.83831787109375,
            "timestamp": 205
        },
        {
            "dx": 188.4644012451172,
            "dy": 142.50473022460938,
            "timestamp": 227
        },
        {
            "dx": 187.46531677246094,
            "dy": 143.17108154296875,
            "timestamp": 228
        },
        {
            "dx": 186.4662322998047,
            "dy": 143.83749389648438,
            "timestamp": 229
        },
        {
            "dx": 185.13414001464844,
            "dy": 144.50387573242188,
            "timestamp": 229
        },
        {
            "dx": 184.13507080078125,
            "dy": 145.50350952148438,
            "timestamp": 229
        },
        {
            "dx": 182.46994018554688,
            "dy": 146.5030517578125,
            "timestamp": 229
        },
        {
            "dx": 181.1378631591797,
            "dy": 147.50265502929688,
            "timestamp": 229
        },
        {
            "dx": 179.1396942138672,
            "dy": 148.50228881835938,
            "timestamp": 269
        },
        {
            "dx": 177.14154052734375,
            "dy": 150.168212890625,
            "timestamp": 269
        },
        {
            "dx": 175.14340209960938,
            "dy": 151.834228515625,
            "timestamp": 269
        },
        {
            "dx": 173.14524841308594,
            "dy": 153.1669921875,
            "timestamp": 269
        },
        {
            "dx": 171.1470947265625,
            "dy": 154.16659545898438,
            "timestamp": 269
        },
        {
            "dx": 169.1489715576172,
            "dy": 155.16619873046875,
            "timestamp": 269
        },
        {
            "dx": 167.1508026123047,
            "dy": 155.83261108398438,
            "timestamp": 269
        },
        {
            "dx": 165.48565673828125,
            "dy": 156.83221435546875,
            "timestamp": 269
        },
        {
            "dx": 163.82054138183594,
            "dy": 157.831787109375,
            "timestamp": 269
        },
        {
            "dx": 162.1554412841797,
            "dy": 158.4981689453125,
            "timestamp": 269
        },
        {
            "dx": 160.82330322265625,
            "dy": 159.49777221679688,
            "timestamp": 269
        },
        {
            "dx": 159.15818786621094,
            "dy": 160.49740600585938,
            "timestamp": 269
        },
        {
            "dx": 157.4930877685547,
            "dy": 161.16378784179688,
            "timestamp": 290
        },
        {
            "dx": 156.16098022460938,
            "dy": 162.16342163085938,
            "timestamp": 292
        },
        {
            "dx": 154.828857421875,
            "dy": 162.82977294921875,
            "timestamp": 292
        },
        {
            "dx": 153.49676513671875,
            "dy": 163.49618530273438,
            "timestamp": 292
        },
        {
            "dx": 152.1646728515625,
            "dy": 164.16256713867188,
            "timestamp": 292
        },
        {
            "dx": 150.8325653076172,
            "dy": 164.82894897460938,
            "timestamp": 322
        },
        {
            "dx": 150.16650390625,
            "dy": 165.49533081054688,
            "timestamp": 323
        },
        {
            "dx": 149.16744995117188,
            "dy": 165.82855224609375,
            "timestamp": 323
        },
        {
            "dx": 148.1683807373047,
            "dy": 165.82855224609375,
            "timestamp": 323
        },
        {
            "dx": 147.5023193359375,
            "dy": 166.1617431640625,
            "timestamp": 323
        },
        {
            "dx": 146.83627319335938,
            "dy": 166.49496459960938,
            "timestamp": 323
        },
        {
            "dx": 146.50323486328125,
            "dy": 166.828125,
            "timestamp": 323
        },
        {
            "dx": 146.1702117919922,
            "dy": 166.828125,
            "timestamp": 323
        },
        {
            "dx": 145.8372039794922,
            "dy": 166.828125,
            "timestamp": 343
        },
        {
            "dx": 146.1702117919922,
            "dy": 165.49533081054688,
            "timestamp": 380
        },
        {
            "dx": 146.83627319335938,
            "dy": 163.49618530273438,
            "timestamp": 399
        },
        {
            "dx": 147.5023193359375,
            "dy": 162.49655151367188,
            "timestamp": 401
        },
        {
            "dx": 0,
            "dy": 0,
            "timestamp": 402
        },
        {
            "dx": 151.83164978027344,
            "dy": 71.53353881835938,
            "timestamp": 687
        },
        {
            "dx": 152.4976806640625,
            "dy": 70.86712646484375,
            "timestamp": 687
        },
        {
            "dx": 153.82980346679688,
            "dy": 69.8675537109375,
            "timestamp": 726
        },
        {
            "dx": 155.4949188232422,
            "dy": 68.86798095703125,
            "timestamp": 726
        },
        {
            "dx": 156.82701110839844,
            "dy": 68.20159912109375,
            "timestamp": 726
        },
        {
            "dx": 158.15911865234375,
            "dy": 67.53515625,
            "timestamp": 726
        },
        {
            "dx": 159.15818786621094,
            "dy": 66.8687744140625,
            "timestamp": 726
        },
        {
            "dx": 161.15634155273438,
            "dy": 65.86920166015625,
            "timestamp": 726
        },
        {
            "dx": 162.4884490966797,
            "dy": 65.2027587890625,
            "timestamp": 727
        },
        {
            "dx": 163.15447998046875,
            "dy": 64.86956787109375,
            "timestamp": 727
        },
        {
            "dx": 163.48751831054688,
            "dy": 64.86956787109375,
            "timestamp": 727
        },
        {
            "dx": 163.82054138183594,
            "dy": 64.86956787109375,
            "timestamp": 729
        },
        {
            "dx": 164.153564453125,
            "dy": 64.536376953125,
            "timestamp": 730
        },
        {
            "dx": 164.4866180419922,
            "dy": 64.536376953125,
            "timestamp": 771
        },
        {
            "dx": 164.8196258544922,
            "dy": 64.536376953125,
            "timestamp": 771
        },
        {
            "dx": 165.1526336669922,
            "dy": 64.536376953125,
            "timestamp": 771
        },
        {
            "dx": 166.15171813964844,
            "dy": 64.536376953125,
            "timestamp": 796
        },
        {
            "dx": 167.81683349609375,
            "dy": 64.86956787109375,
            "timestamp": 796
        },
        {
            "dx": 168.48289489746094,
            "dy": 64.86956787109375,
            "timestamp": 796
        },
        {
            "dx": 0,
            "dy": 0,
            "timestamp": 797
        }
    ]
]