[
    [
        {
            "dx": 244.41259765625,
            "dy": 54.8736572265625,
            "timestamp": 0
        },
        {
            "dx": 244.74560546875,
            "dy": 58.87200927734375,
            "timestamp": 17
        },
        {
            "dx": 245.07867431640625,
            "dy": 63.203582763671875,
            "timestamp": 18
        },
        {
            "dx": 245.07867431640625,
            "dy": 65.86920166015625,
            "timestamp": 18
        },
        {
            "dx": 245.41168212890625,
            "dy": 68.53475952148438,
            "timestamp": 18
        },
        {
            "dx": 245.41168212890625,
            "dy": 70.86712646484375,
            "timestamp": 18
        },
        {
            "dx": 245.41168212890625,
            "dy": 72.8663330078125,
            "timestamp": 42
        },
        {
            "dx": 245.41168212890625,
            "dy": 74.86553955078125,
            "timestamp": 43
        },
        {
            "dx": 245.41168212890625,
            "dy": 78.197509765625,
            "timestamp": 43
        },
        {
            "dx": 245.74468994140625,
            "dy": 80.19671630859375,
            "timestamp": 43
        },
        {
            "dx": 245.74468994140625,
            "dy": 81.8626708984375,
            "timestamp": 43
        },
        {
            "dx": 245.74468994140625,
            "dy": 83.86187744140625,
            "timestamp": 43
        },
        {
            "dx": 245.74468994140625,
            "dy": 85.86105346679688,
            "timestamp": 44
        },
        {
            "dx": 245.74468994140625,
            "dy": 86.86065673828125,
            "timestamp": 70
        },
        {
            "dx": 245.74468994140625,
            "dy": 87.8602294921875,
            "timestamp": 71
        },
        {
            "dx": 245.74468994140625,
            "dy": 88.526611328125,
            "timestamp": 71
        },
        {
            "dx": 245.74468994140625,
            "dy": 89.52621459960938,
            "timestamp": 71
        },
        {
            "dx": 245.74468994140625,
            "dy": 90.192626953125,
            "timestamp": 71
        },
        {
            "dx": 245.74468994140625,
            "dy": 90.52581787109375,
            "timestamp": 71
        },
        {
            "dx": 245.74468994140625,
            "dy": 90.8590087890625,
            "timestamp": 71
        },
        {
            "dx": 245.74468994140625,
            "dy": 91.19223022460938,
            "timestamp": 94
        },
        {
            "dx": 245.74468994140625,
            "dy": 91.525390625,
            "timestamp": 94
        },
        {
            "dx": 245.74468994140625,
            "dy": 91.85861206054688,
            "timestamp": 118
        },
        {
            "dx": 245.74468994140625,
            "dy": 92.19183349609375,
            "timestamp": 142
        },
        {
            "dx": 245.74468994140625,
            "dy": 92.52499389648438,
            "timestamp": 142
        },
        {
            "dx": 245.41168212890625,
            "dy": 92.52499389648438,
            "timestamp": 142
        },
        {
            "dx": 245.41168212890625,
            "dy": 92.85821533203125,
            "timestamp": 166
        },
        {
            "dx": 245.07867431640625,
            "dy": 92.85821533203125,
            "timestamp": 169
        },
        {
            "dx": 244.74560546875,
            "dy": 93.19140625,
            "timestamp": 170
        },
        {
            "dx": 244.41259765625,
            "dy": 93.52459716796875,
            "timestamp": 170
        },
        {
            "dx": 243.74655151367188,
            "dy": 93.8577880859375,
            "timestamp": 170
        },
        {
            "dx": 242.74749755859375,
            "dy": 94.524169921875,
            "timestamp": 170
        },
        {
            "dx": 241.08233642578125,
            "dy": 95.52377319335938,
            "timestamp": 197
        },
        {
            "dx": 239.417236328125,
            "dy": 96.190185546875,
            "timestamp": 197
        },
        {
            "dx": 237.7520751953125,
            "dy": 96.8565673828125,
            "timestamp": 197
        },
        {
            "dx": 236.08697509765625,
            "dy": 97.85617065429688,
            "timestamp": 197
        },
        {
            "dx": 234.7548828125,
            "dy": 98.85577392578125,
            "timestamp": 197
        },
        {
            "dx": 233.08978271484375,
            "dy": 99.52215576171875,
            "timestamp": 197
        },
        {
            "dx": 231.75762939453125,
            "dy": 100.521728515625,
            "timestamp": 198
        },
        {
            "dx": 230.092529296875,
            "dy": 101.18817138671875,
            "timestamp": 198
        },
        {
            "dx": 228.42742919921875,
            "dy": 102.52093505859375,
            "timestamp": 220
        },
        {
            "dx": 227.09527587890625,
            "dy": 103.18734741210938,
            "timestamp": 220
        },
        {
            "dx": 225.43016052246094,
            "dy": 104.18695068359375,
            "timestamp": 220
        },
        {
            "dx": 223.4320068359375,
            "dy": 105.8529052734375,
            "timestamp": 220
        },
        {
            "dx": 221.7668914794922,
            "dy": 107.18572998046875,
            "timestamp": 220
        },
        {
            "dx": 220.10177612304688,
            "dy": 108.185302734375,
            "timestamp": 220
        },
        {
            "dx": 218.43663024902344,
            "dy": 109.18490600585938,
            "timestamp": 220
        },
        {
            "dx": 216.7715301513672,
            "dy": 109.85128784179688,
            "timestamp": 247
        },
        {
            "dx": 215.43942260742188,
            "dy": 110.5177001953125,
            "timestamp": 247
        },
        {
            "dx": 214.1072998046875,
            "dy": 111.18408203125,
            "timestamp": 247
        },
        {
            "dx": 213.10824584960938,
            "dy": 111.8504638671875,
            "timestamp": 247
        },
        {
            "dx": 212.1091766357422,
            "dy": 112.18368530273438,
            "timestamp": 247
        },
        {
            "dx": 211.11009216308594,
            "dy": 112.85006713867188,
            "timestamp": 247
        },
        {
            "dx": 210.44403076171875,
            "dy": 113.5164794921875,
            "timestamp": 247
        },
        {
            "dx": 209.7779998779297,
            "dy": 113.84967041015625,
            "timestamp": 270
        },
        {
            "dx": 209.1119384765625,
            "dy": 114.51608276367188,
            "timestamp": 271
        },
        {
            "dx": 208.44589233398438,
            "dy": 114.8492431640625,
            "timestamp": 271
        },
        {
            "dx": 207.7798309326172,
            "dy": 114.8492431640625,
            "timestamp": 271
        },
        {
            "dx": 207.4468231201172,
            "dy": 115.18246459960938,
            "timestamp": 271
        },
        {
            "dx": 207.4468231201172,
            "dy": 115.51568603515625,
            "timestamp": 271
        },
        {
            "dx": 207.1138153076172,
            "dy": 115.51568603515625,
            "timestamp": 292
        },
        {
            "dx": 206.78076171875,
            "dy": 115.51568603515625,
            "timestamp": 292
        },
        {
            "dx": 206.44773864746094,
            "dy": 115.51568603515625,
            "timestamp": 314
        },
        {
            "dx": 206.44773864746094,
            "dy": 115.84884643554688,
            "timestamp": 314
        },
        {
            "dx": 0,
            "dy": 0,
            "timestamp": 336
        },
        {
            "dx": 194.12582397460938,
            "dy": 72.199951171875,
            "timestamp": 568
        },
        {
            "dx": 194.12582397460938,
            "dy": 74.53231811523438,
            "timestamp": 568
        },
        {
            "dx": 194.12582397460938,
            "dy": 76.531494140625,
            "timestamp": 569
        },
        {
            "dx": 194.12582397460938,
            "dy": 78.197509765625,
            "timestamp": 569
        },
        {
            "dx": 194.12582397460938,
            "dy": 80.52987670898438,
            "timestamp": 569
        },
        {
            "dx": 194.12582397460938,
            "dy": 83.86187744140625,
            "timestamp": 601
        },
        {
            "dx": 194.12582397460938,
            "dy": 86.52743530273438,
            "timestamp": 601
        },
        {
            "dx": 194.12582397460938,
            "dy": 88.19345092773438,
            "timestamp": 601
        },
        {
            "dx": 194.12582397460938,
            "dy": 89.52621459960938,
            "timestamp": 601
        },
        {
            "dx": 194.12582397460938,
            "dy": 91.19223022460938,
            "timestamp": 601
        },
        {
            "dx": 194.12582397460938,
            "dy": 92.19183349609375,
            "timestamp": 601
        },
        {
            "dx": 194.12582397460938,
            "dy": 93.52459716796875,
            "timestamp": 601
        },
        {
            "dx": 194.12582397460938,
            "dy": 94.524169921875,
            "timestamp": 601
        },
        {
            "dx": 194.12582397460938,
            "dy": 95.19061279296875,
            "timestamp": 603
        },
        {
            "dx": 194.12582397460938,
            "dy": 95.85699462890625,
            "timestamp": 636
        },
        {
            "dx": 194.12582397460938,
            "dy": 96.52337646484375,
            "timestamp": 637
        },
        {
            "dx": 194.12582397460938,
            "dy": 97.18978881835938,
            "timestamp": 637
        },
        {
            "dx": 194.12582397460938,
            "dy": 97.52294921875,
            "timestamp": 637
        },
        {
            "dx": 194.12582397460938,
            "dy": 97.85617065429688,
            "timestamp": 637
        },
        {
            "dx": 194.12582397460938,
            "dy": 98.18939208984375,
            "timestamp": 637
        },
        {
            "dx": 194.12582397460938,
            "dy": 98.52255249023438,
            "timestamp": 638
        },
        {
            "dx": 194.12582397460938,
            "dy": 98.85577392578125,
            "timestamp": 679
        },
        {
            "dx": 194.12582397460938,
            "dy": 99.18896484375,
            "timestamp": 703
        },
        {
            "dx": 193.79278564453125,
            "dy": 99.52215576171875,
            "timestamp": 704
        },
        {
            "dx": 193.79278564453125,
            "dy": 99.8553466796875,
            "timestamp": 704
        },
        {
            "dx": 193.1267547607422,
            "dy": 99.8553466796875,
            "timestamp": 730
        },
        {
            "dx": 192.793701171875,
            "dy": 100.18856811523438,
            "timestamp": 730
        },
        {
            "dx": 192.460693359375,
            "dy": 100.521728515625,
            "timestamp": 730
        },
        {
            "dx": 192.12767028808594,
            "dy": 100.85494995117188,
            "timestamp": 731
        },
        {
            "dx": 191.46160888671875,
            "dy": 101.52133178710938,
            "timestamp": 731
        },
        {
            "dx": 190.7955780029297,
            "dy": 101.85455322265625,
            "timestamp": 731
        },
        {
            "dx": 189.79649353027344,
            "dy": 102.52093505859375,
            "timestamp": 731
        },
        {
            "dx": 188.7974090576172,
            "dy": 103.18734741210938,
            "timestamp": 755
        },
        {
            "dx": 187.79833984375,
            "dy": 104.18695068359375,
            "timestamp": 755
        },
        {
            "dx": 186.4662322998047,
            "dy": 104.85333251953125,
            "timestamp": 755
        },
        {
            "dx": 185.13414001464844,
            "dy": 105.51971435546875,
            "timestamp": 755
        },
        {
            "dx": 184.13507080078125,
            "dy": 106.519287109375,
            "timestamp": 755
        },
        {
            "dx": 182.80296325683594,
            "dy": 107.51889038085938,
            "timestamp": 755
        },
        {
            "dx": 181.80389404296875,
            "dy": 108.51849365234375,
            "timestamp": 779
        },
        {
            "dx": 180.8048095703125,
            "dy": 109.18490600585938,
            "timestamp": 779
        },
        {
            "dx": 179.80575561523438,
            "dy": 110.18450927734375,
            "timestamp": 779
        },
        {
            "dx": 178.4736328125,
            "dy": 110.85089111328125,
            "timestamp": 779
        },
        {
            "dx": 177.47457885742188,
            "dy": 111.8504638671875,
            "timestamp": 779
        },
        {
            "dx": 176.1424560546875,
            "dy": 112.51690673828125,
            "timestamp": 779
        },
        {
            "dx": 174.81036376953125,
            "dy": 113.5164794921875,
            "timestamp": 803
        },
        {
            "dx": 173.478271484375,
            "dy": 114.51608276367188,
            "timestamp": 803
        },
        {
            "dx": 172.1461639404297,
            "dy": 115.51568603515625,
            "timestamp": 803
        },
        {
            "dx": 170.81407165527344,
            "dy": 116.18206787109375,
            "timestamp": 803
        },
        {
            "dx": 169.4819793701172,
            "dy": 117.181640625,
            "timestamp": 803
        },
        {
            "dx": 168.14987182617188,
            "dy": 117.8480224609375,
            "timestamp": 804
        },
        {
            "dx": 167.4838104248047,
            "dy": 118.51446533203125,
            "timestamp": 804
        },
        {
            "dx": 166.4847412109375,
            "dy": 118.84762573242188,
            "timestamp": 827
        },
        {
            "dx": 165.81869506835938,
            "dy": 119.5140380859375,
            "timestamp": 827
        },
        {
            "dx": 164.8196258544922,
            "dy": 120.180419921875,
            "timestamp": 827
        },
        {
            "dx": 164.4866180419922,
            "dy": 120.51364135742188,
            "timestamp": 828
        },
        {
            "dx": 163.82054138183594,
            "dy": 120.8468017578125,
            "timestamp": 828
        },
        {
            "dx": 163.48751831054688,
            "dy": 121.18002319335938,
            "timestamp": 828
        },
        {
            "dx": 163.15447998046875,
            "dy": 121.18002319335938,
            "timestamp": 854
        },
        {
            "dx": 162.82147216796875,
            "dy": 121.51327514648438,
            "timestamp": 854
        },
        {
            "dx": 0,
            "dy": 0,
            "timestamp": 876
        },
        {
            "dx": 236.41998291015625,
            "dy": 33.215789794921875,
            "timestamp": 1221
        },
        {
            "dx": 237.7520751953125,
            "dy": 33.215789794921875,
            "timestamp": 1221
        },
        {
            "dx": 239.08419799804688,
            "dy": 33.215789794921875,
            "timestamp": 1247
        },
        {
            "dx": 240.41632080078125,
            "dy": 32.882568359375,
            "timestamp": 1247
        },
        {
            "dx": 242.0814208984375,
            "dy": 32.882568359375,
            "timestamp": 1248
        },
        {
            "dx": 245.07867431640625,
            "dy": 32.21617126464844,
            "timestamp": 1248
        },
        {
            "dx": 246.7437744140625,
            "dy": 32.21617126464844,
            "timestamp": 1248
        },
        {
            "dx": 247.74285888671875,
            "dy": 32.21617126464844,
            "timestamp": 1248
        },
        {
            "dx": 248.40887451171875,
            "dy": 32.21617126464844,
            "timestamp": 1248
        },
        {
            "dx": 249.74102783203125,
            "dy": 32.21617126464844,
            "timestamp": 1279
        },
        {
            "dx": 250.74005126953125,
            "dy": 32.21617126464844,
            "timestamp": 1280
        },
        {
            "dx": 251.7391357421875,
            "dy": 32.21617126464844,
            "timestamp": 1280
        },
        {
            "dx": 252.73822021484375,
            "dy": 32.21617126464844,
            "timestamp": 1280
        },
        {
            "dx": 253.40426635742188,
            "dy": 32.21617126464844,
            "timestamp": 1280
        },
        {
            "dx": 254.40338134765625,
            "dy": 32.21617126464844,
            "timestamp": 1280
        },
        {
            "dx": 255.40240478515625,
            "dy": 32.21617126464844,
            "timestamp": 1280
        },
        {
            "dx": 256.4014892578125,
            "dy": 32.21617126464844,
            "timestamp": 1280
        },
        {
            "dx": 257.40057373046875,
            "dy": 32.21617126464844,
            "timestamp": 1280
        },
        {
            "dx": 258.732666015625,
            "dy": 32.21617126464844,
            "timestamp": 1282
        },
        {
            "dx": 260.06475830078125,
            "dy": 32.54937744140625,
            "timestamp": 1309
        },
        {
            "dx": 260.7308349609375,
            "dy": 32.882568359375,
            "timestamp": 1309
        },
        {
            "dx": 0,
            "dy": 0,
            "timestamp": 1311
        }
    ],
    [
        {
            "dx": 149.6666717529297,
            "dy": 51,
            "timestamp": 0
        },
        {
            "dx": 149.6666717529297,
            "dy": 51.66668701171875,
            "timestamp": 35
        },
        {
            "dx": 149.6666717529297,
            "dy": 52.333343505859375,
            "timestamp": 36
        },
        {
            "dx": 149.6666717529297,
            "dy": 53,
            "timestamp": 72
        },
        {
            "dx": 149.6666717529297,
            "dy": 53.66668701171875,
            "timestamp": 73
        },
        {
            "dx": 149.6666717529297,
            "dy": 54.333343505859375,
            "timestamp": 74
        },
        {
            "dx": 149.6666717529297,
            "dy": 55.66668701171875,
            "timestamp": 74
        },
        {
            "dx": 149.6666717529297,
            "dy": 57.66668701171875,
            "timestamp": 115
        },
        {
            "dx": 149.6666717529297,
            "dy": 59,
            "timestamp": 116
        },
        {
            "dx": 149.6666717529297,
            "dy": 63.66668701171875,
            "timestamp": 116
        },
        {
            "dx": 149.6666717529297,
            "dy": 65,
            "timestamp": 117
        },
        {
            "dx": 149.6666717529297,
            "dy": 69.66668701171875,
            "timestamp": 117
        },
        {
            "dx": 149,
            "dy": 73,
            "timestamp": 118
        },
        {
            "dx": 148.33334350585938,
            "dy": 83.66668701171875,
            "timestamp": 119
        },
        {
            "dx": 148.33334350585938,
            "dy": 81,
            "timestamp": 119
        },
        {
            "dx": 147,
            "dy": 92.33334350585938,
            "timestamp": 120
        },
        {
            "dx": 146.33334350585938,
            "dy": 95.66668701171875,
            "timestamp": 121
        },
        {
            "dx": 146.33334350585938,
            "dy": 106.33334350585938,
            "timestamp": 169
        },
        {
            "dx": 145.6666717529297,
            "dy": 111.66668701171875,
            "timestamp": 170
        },
        {
            "dx": 145.6666717529297,
            "dy": 122.33334350585938,
            "timestamp": 171
        },
        {
            "dx": 145.6666717529297,
            "dy": 126.33334350585938,
            "timestamp": 171
        },
        {
            "dx": 145.6666717529297,
            "dy": 137,
            "timestamp": 172
        },
        {
            "dx": 145.6666717529297,
            "dy": 141,
            "timestamp": 172
        },
        {
            "dx": 145.6666717529297,
            "dy": 149,
            "timestamp": 173
        },
        {
            "dx": 145.6666717529297,
            "dy": 151,
            "timestamp": 174
        },
        {
            "dx": 145.6666717529297,
            "dy": 158.33334350585938,
            "timestamp": 174
        },
        {
            "dx": 145.6666717529297,
            "dy": 161,
            "timestamp": 175
        },
        {
            "dx": 145.6666717529297,
            "dy": 165.66668701171875,
            "timestamp": 176
        },
        {
            "dx": 145.6666717529297,
            "dy": 167.66668701171875,
            "timestamp": 176
        },
        {
            "dx": 145.6666717529297,
            "dy": 174.33334350585938,
            "timestamp": 214
        },
        {
            "dx": 145.6666717529297,
            "dy": 175.66668701171875,
            "timestamp": 215
        },
        {
            "dx": 145.6666717529297,
            "dy": 181.66668701171875,
            "timestamp": 215
        },
        {
            "dx": 145.6666717529297,
            "dy": 183.66668701171875,
            "timestamp": 215
        },
        {
            "dx": 145.6666717529297,
            "dy": 187,
            "timestamp": 216
        },
        {
            "dx": 145.6666717529297,
            "dy": 189.66668701171875,
            "timestamp": 216
        },
        {
            "dx": 145.6666717529297,
            "dy": 193,
            "timestamp": 216
        },
        {
            "dx": 145.6666717529297,
            "dy": 194.33334350585938,
            "timestamp": 217
        },
        {
            "dx": 145.6666717529297,
            "dy": 197.66668701171875,
            "timestamp": 217
        },
        {
            "dx": 145.6666717529297,
            "dy": 198.33334350585938,
            "timestamp": 218
        },
        {
            "dx": 145.6666717529297,
            "dy": 200.33334350585938,
            "timestamp": 246
        },
        {
            "dx": 145.6666717529297,
            "dy": 201.66668701171875,
            "timestamp": 247
        },
        {
            "dx": 145,
            "dy": 203.66668701171875,
            "timestamp": 247
        },
        {
            "dx": 145,
            "dy": 204.33334350585938,
            "timestamp": 248
        },
        {
            "dx": 0,
            "dy": 0,
            "timestamp": 249
        }
    ]
]