[
    [
        {
            "dx": 274.3333435058594,
            "dy": 84.33334350585938,
            "timestamp": 0
        },
        {
            "dx": 273.66668701171875,
            "dy": 85,
            "timestamp": 37
        },
        {
            "dx": 273.66668701171875,
            "dy": 85.66668701171875,
            "timestamp": 37
        },
        {
            "dx": 273,
            "dy": 87.66668701171875,
            "timestamp": 37
        },
        {
            "dx": 272.3333435058594,
            "dy": 89,
            "timestamp": 37
        },
        {
            "dx": 271.66668701171875,
            "dy": 90.33334350585938,
            "timestamp": 38
        },
        {
            "dx": 270.3333435058594,
            "dy": 92.33334350585938,
            "timestamp": 38
        },
        {
            "dx": 269,
            "dy": 94.33334350585938,
            "timestamp": 38
        },
        {
            "dx": 268.3333435058594,
            "dy": 95.66668701171875,
            "timestamp": 53
        },
        {
            "dx": 266.3333435058594,
            "dy": 97.66668701171875,
            "timestamp": 53
        },
        {
            "dx": 265,
            "dy": 99,
            "timestamp": 69
        },
        {
            "dx": 263.66668701171875,
            "dy": 100.33334350585938,
            "timestamp": 69
        },
        {
            "dx": 262.3333435058594,
            "dy": 101.66668701171875,
            "timestamp": 84
        },
        {
            "dx": 261.66668701171875,
            "dy": 103,
            "timestamp": 84
        },
        {
            "dx": 259,
            "dy": 105,
            "timestamp": 101
        },
        {
            "dx": 259.66668701171875,
            "dy": 104.33334350585938,
            "timestamp": 101
        },
        {
            "dx": 260.3333435058594,
            "dy": 103.66668701171875,
            "timestamp": 101
        },
        {
            "dx": 258.3333435058594,
            "dy": 105.66668701171875,
            "timestamp": 101
        },
        {
            "dx": 257.66668701171875,
            "dy": 105.66668701171875,
            "timestamp": 117
        },
        {
            "dx": 256.3333435058594,
            "dy": 106.33334350585938,
            "timestamp": 117
        },
        {
            "dx": 255.66668701171875,
            "dy": 106.33334350585938,
            "timestamp": 134
        },
        {
            "dx": 255,
            "dy": 106.33334350585938,
            "timestamp": 135
        },
        {
            "dx": 254.33334350585938,
            "dy": 105.66668701171875,
            "timestamp": 153
        },
        {
            "dx": 253.66668701171875,
            "dy": 105.66668701171875,
            "timestamp": 153
        },
        {
            "dx": 253,
            "dy": 105,
            "timestamp": 153
        },
        {
            "dx": 252.33334350585938,
            "dy": 104.33334350585938,
            "timestamp": 176
        },
        {
            "dx": 251.66668701171875,
            "dy": 104.33334350585938,
            "timestamp": 177
        },
        {
            "dx": 251,
            "dy": 103.66668701171875,
            "timestamp": 177
        },
        {
            "dx": 250.33334350585938,
            "dy": 103,
            "timestamp": 192
        },
        {
            "dx": 249.66668701171875,
            "dy": 102.33334350585938,
            "timestamp": 208
        },
        {
            "dx": 249,
            "dy": 101.66668701171875,
            "timestamp": 233
        },
        {
            "dx": 249,
            "dy": 102.33334350585938,
            "timestamp": 267
        },
        {
            "dx": 248.33334350585938,
            "dy": 102.33334350585938,
            "timestamp": 283
        },
        {
            "dx": 247.66668701171875,
            "dy": 103,
            "timestamp": 284
        },
        {
            "dx": 246.33334350585938,
            "dy": 104.33334350585938,
            "timestamp": 300
        },
        {
            "dx": 245.66668701171875,
            "dy": 105.66668701171875,
            "timestamp": 301
        },
        {
            "dx": 243.66668701171875,
            "dy": 107.66668701171875,
            "timestamp": 301
        },
        {
            "dx": 242.33334350585938,
            "dy": 109.66668701171875,
            "timestamp": 317
        },
        {
            "dx": 241,
            "dy": 111,
            "timestamp": 317
        },
        {
            "dx": 239,
            "dy": 113.66668701171875,
            "timestamp": 317
        },
        {
            "dx": 237.66668701171875,
            "dy": 115.66668701171875,
            "timestamp": 333
        },
        {
            "dx": 235.66668701171875,
            "dy": 117.66668701171875,
            "timestamp": 333
        },
        {
            "dx": 234.33334350585938,
            "dy": 119.66668701171875,
            "timestamp": 350
        },
        {
            "dx": 233.66668701171875,
            "dy": 121.66668701171875,
            "timestamp": 350
        },
        {
            "dx": 232.33334350585938,
            "dy": 123,
            "timestamp": 367
        },
        {
            "dx": 231,
            "dy": 124.33334350585938,
            "timestamp": 367
        },
        {
            "dx": 229.66668701171875,
            "dy": 125,
            "timestamp": 367
        },
        {
            "dx": 229,
            "dy": 125.66668701171875,
            "timestamp": 367
        },
        {
            "dx": 228.33334350585938,
            "dy": 125.66668701171875,
            "timestamp": 383
        },
        {
            "dx": 227.66668701171875,
            "dy": 126.33334350585938,
            "timestamp": 384
        },
        {
            "dx": 227,
            "dy": 126.33334350585938,
            "timestamp": 400
        },
        {
            "dx": 226.33334350585938,
            "dy": 126.33334350585938,
            "timestamp": 400
        },
        {
            "dx": 225.66668701171875,
            "dy": 126.33334350585938,
            "timestamp": 417
        },
        {
            "dx": 225,
            "dy": 126.33334350585938,
            "timestamp": 417
        },
        {
            "dx": 224.33334350585938,
            "dy": 125.66668701171875,
            "timestamp": 417
        },
        {
            "dx": 224.33334350585938,
            "dy": 125,
            "timestamp": 433
        },
        {
            "dx": 223.66668701171875,
            "dy": 124.33334350585938,
            "timestamp": 434
        },
        {
            "dx": 223,
            "dy": 123.66668701171875,
            "timestamp": 450
        },
        {
            "dx": 223,
            "dy": 122.33334350585938,
            "timestamp": 450
        },
        {
            "dx": 222.33334350585938,
            "dy": 121.66668701171875,
            "timestamp": 467
        },
        {
            "dx": 222.33334350585938,
            "dy": 121,
            "timestamp": 468
        },
        {
            "dx": 221.66668701171875,
            "dy": 119.66668701171875,
            "timestamp": 468
        },
        {
            "dx": 221.66668701171875,
            "dy": 119,
            "timestamp": 468
        },
        {
            "dx": 221.66668701171875,
            "dy": 118.33334350585938,
            "timestamp": 484
        },
        {
            "dx": 221,
            "dy": 117.66668701171875,
            "timestamp": 504
        },
        {
            "dx": 221.66668701171875,
            "dy": 117.66668701171875,
            "timestamp": 504
        },
        {
            "dx": 221,
            "dy": 117,
            "timestamp": 504
        },
        {
            "dx": 220.33334350585938,
            "dy": 116.33334350585938,
            "timestamp": 533
        },
        {
            "dx": 220.33334350585938,
            "dy": 117,
            "timestamp": 567
        },
        {
            "dx": 220.33334350585938,
            "dy": 117.66668701171875,
            "timestamp": 568
        },
        {
            "dx": 219.66668701171875,
            "dy": 118.33334350585938,
            "timestamp": 568
        },
        {
            "dx": 219.66668701171875,
            "dy": 119.66668701171875,
            "timestamp": 589
        },
        {
            "dx": 219,
            "dy": 121.66668701171875,
            "timestamp": 590
        },
        {
            "dx": 218.33334350585938,
            "dy": 123.66668701171875,
            "timestamp": 609
        },
        {
            "dx": 217.66668701171875,
            "dy": 125.66668701171875,
            "timestamp": 609
        },
        {
            "dx": 217,
            "dy": 127.66668701171875,
            "timestamp": 609
        },
        {
            "dx": 216.33334350585938,
            "dy": 130.33334350585938,
            "timestamp": 610
        },
        {
            "dx": 215.66668701171875,
            "dy": 133,
            "timestamp": 627
        },
        {
            "dx": 215,
            "dy": 137,
            "timestamp": 628
        },
        {
            "dx": 214.33334350585938,
            "dy": 139.66668701171875,
            "timestamp": 628
        },
        {
            "dx": 212.33334350585938,
            "dy": 142.33334350585938,
            "timestamp": 643
        },
        {
            "dx": 208.33334350585938,
            "dy": 148.33334350585938,
            "timestamp": 643
        },
        {
            "dx": 210.33334350585938,
            "dy": 145.66668701171875,
            "timestamp": 643
        },
        {
            "dx": 206.33334350585938,
            "dy": 151.66668701171875,
            "timestamp": 658
        },
        {
            "dx": 204.33334350585938,
            "dy": 155,
            "timestamp": 658
        },
        {
            "dx": 202.33334350585938,
            "dy": 157.66668701171875,
            "timestamp": 674
        },
        {
            "dx": 201,
            "dy": 159,
            "timestamp": 674
        },
        {
            "dx": 199,
            "dy": 161,
            "timestamp": 689
        },
        {
            "dx": 196.33334350585938,
            "dy": 163,
            "timestamp": 690
        },
        {
            "dx": 193.66668701171875,
            "dy": 165,
            "timestamp": 705
        },
        {
            "dx": 191.66668701171875,
            "dy": 166.33334350585938,
            "timestamp": 705
        },
        {
            "dx": 189,
            "dy": 167.66668701171875,
            "timestamp": 705
        },
        {
            "dx": 187.66668701171875,
            "dy": 168.33334350585938,
            "timestamp": 722
        },
        {
            "dx": 185.66668701171875,
            "dy": 169,
            "timestamp": 722
        },
        {
            "dx": 184.33334350585938,
            "dy": 170.33334350585938,
            "timestamp": 722
        },
        {
            "dx": 182.33334350585938,
            "dy": 170.33334350585938,
            "timestamp": 738
        },
        {
            "dx": 180.33334350585938,
            "dy": 170.33334350585938,
            "timestamp": 738
        },
        {
            "dx": 176.33334350585938,
            "dy": 170.33334350585938,
            "timestamp": 753
        },
        {
            "dx": 178.33334350585938,
            "dy": 170.33334350585938,
            "timestamp": 753
        },
        {
            "dx": 174.33334350585938,
            "dy": 169.66668701171875,
            "timestamp": 769
        },
        {
            "dx": 173,
            "dy": 169,
            "timestamp": 770
        },
        {
            "dx": 171.66668701171875,
            "dy": 169,
            "timestamp": 770
        },
        {
            "dx": 170.33334350585938,
            "dy": 168.33334350585938,
            "timestamp": 770
        },
        {
            "dx": 169.66668701171875,
            "dy": 167.66668701171875,
            "timestamp": 786
        },
        {
            "dx": 169,
            "dy": 167,
            "timestamp": 786
        },
        {
            "dx": 168.33334350585938,
            "dy": 167,
            "timestamp": 802
        },
        {
            "dx": 168.33334350585938,
            "dy": 166.33334350585938,
            "timestamp": 803
        },
        {
            "dx": 167.66668701171875,
            "dy": 166.33334350585938,
            "timestamp": 819
        },
        {
            "dx": 167,
            "dy": 165.66668701171875,
            "timestamp": 819
        },
        {
            "dx": 167,
            "dy": 165,
            "timestamp": 819
        },
        {
            "dx": 166.33334350585938,
            "dy": 165,
            "timestamp": 819
        },
        {
            "dx": 165.66668701171875,
            "dy": 164.33334350585938,
            "timestamp": 850
        },
        {
            "dx": 165,
            "dy": 164.33334350585938,
            "timestamp": 883
        },
        {
            "dx": 163.66668701171875,
            "dy": 165.66668701171875,
            "timestamp": 900
        },
        {
            "dx": 164.33334350585938,
            "dy": 165,
            "timestamp": 900
        },
        {
            "dx": 163,
            "dy": 166.33334350585938,
            "timestamp": 900
        },
        {
            "dx": 162.33334350585938,
            "dy": 167.66668701171875,
            "timestamp": 916
        },
        {
            "dx": 161,
            "dy": 170.33334350585938,
            "timestamp": 917
        },
        {
            "dx": 159.66668701171875,
            "dy": 172.33334350585938,
            "timestamp": 933
        },
        {
            "dx": 159,
            "dy": 175.66668701171875,
            "timestamp": 934
        },
        {
            "dx": 157.66668701171875,
            "dy": 178.33334350585938,
            "timestamp": 934
        },
        {
            "dx": 157,
            "dy": 181.66668701171875,
            "timestamp": 934
        },
        {
            "dx": 155.66668701171875,
            "dy": 185.66668701171875,
            "timestamp": 951
        },
        {
            "dx": 154.33334350585938,
            "dy": 189.66668701171875,
            "timestamp": 951
        },
        {
            "dx": 153.66668701171875,
            "dy": 193.66668701171875,
            "timestamp": 968
        },
        {
            "dx": 152.33334350585938,
            "dy": 196.33334350585938,
            "timestamp": 968
        },
        {
            "dx": 151.66668701171875,
            "dy": 201,
            "timestamp": 984
        },
        {
            "dx": 150.33334350585938,
            "dy": 206.33334350585938,
            "timestamp": 985
        },
        {
            "dx": 149,
            "dy": 211,
            "timestamp": 985
        },
        {
            "dx": 147.66668701171875,
            "dy": 215,
            "timestamp": 985
        },
        {
            "dx": 145,
            "dy": 226.33334350585938,
            "timestamp": 1001
        },
        {
            "dx": 146.33334350585938,
            "dy": 219.66668701171875,
            "timestamp": 1001
        },
        {
            "dx": 143.66668701171875,
            "dy": 231,
            "timestamp": 1018
        },
        {
            "dx": 141.66668701171875,
            "dy": 235.66668701171875,
            "timestamp": 1018
        },
        {
            "dx": 139.66668701171875,
            "dy": 240.33334350585938,
            "timestamp": 1034
        },
        {
            "dx": 138.33334350585938,
            "dy": 246.33334350585938,
            "timestamp": 1035
        },
        {
            "dx": 135.66668701171875,
            "dy": 252.33334350585938,
            "timestamp": 1035
        },
        {
            "dx": 133,
            "dy": 259,
            "timestamp": 1035
        },
        {
            "dx": 130.33334350585938,
            "dy": 265,
            "timestamp": 1053
        },
        {
            "dx": 127.66668701171875,
            "dy": 269,
            "timestamp": 1053
        },
        {
            "dx": 123.66668701171875,
            "dy": 275,
            "timestamp": 1072
        },
        {
            "dx": 119.66668701171875,
            "dy": 281,
            "timestamp": 1072
        },
        {
            "dx": 117,
            "dy": 286.3333435058594,
            "timestamp": 1072
        },
        {
            "dx": 114.33334350585938,
            "dy": 290.3333435058594,
            "timestamp": 1072
        },
        {
            "dx": 111.66668701171875,
            "dy": 294.3333740234375,
            "timestamp": 1089
        },
        {
            "dx": 109.66668701171875,
            "dy": 298.3333740234375,
            "timestamp": 1089
        },
        {
            "dx": 0,
            "dy": 0,
            "timestamp": 1105
        }
    ],
    [
        {
            "dx": 224.1818389892578,
            "dy": 67.781982421875,
            "timestamp": 0
        },
        {
            "dx": 223.6001434326172,
            "dy": 70.39990234375,
            "timestamp": 0
        },
        {
            "dx": 223.1271514892578,
            "dy": 72.76348876953125,
            "timestamp": 25
        },
        {
            "dx": 222.7635040283203,
            "dy": 76.254638671875,
            "timestamp": 25
        },
        {
            "dx": 222.25462341308594,
            "dy": 79.38174438476562,
            "timestamp": 25
        },
        {
            "dx": 222.0727996826172,
            "dy": 82,
            "timestamp": 25
        },
        {
            "dx": 221.67259216308594,
            "dy": 84.32742309570312,
            "timestamp": 25
        },
        {
            "dx": 221.3817901611328,
            "dy": 86.39990234375,
            "timestamp": 25
        },
        {
            "dx": 221.1271514892578,
            "dy": 88.21804809570312,
            "timestamp": 50
        },
        {
            "dx": 221.1271514892578,
            "dy": 90.9453125,
            "timestamp": 51
        },
        {
            "dx": 220.72727966308594,
            "dy": 92.727294921875,
            "timestamp": 51
        },
        {
            "dx": 220.4364776611328,
            "dy": 94.07281494140625,
            "timestamp": 51
        },
        {
            "dx": 220.32740783691406,
            "dy": 94.87286376953125,
            "timestamp": 51
        },
        {
            "dx": 220.25462341308594,
            "dy": 95.45458984375,
            "timestamp": 51
        },
        {
            "dx": 220.14561462402344,
            "dy": 95.81817626953125,
            "timestamp": 52
        },
        {
            "dx": 220.03623962402344,
            "dy": 96.21804809570312,
            "timestamp": 78
        },
        {
            "dx": 219.9638214111328,
            "dy": 96.50927734375,
            "timestamp": 78
        },
        {
            "dx": 219.8544464111328,
            "dy": 96.69107055664062,
            "timestamp": 78
        },
        {
            "dx": 219.8544464111328,
            "dy": 96.90908813476562,
            "timestamp": 78
        },
        {
            "dx": 219.74537658691406,
            "dy": 97.09091186523438,
            "timestamp": 78
        },
        {
            "dx": 219.67259216308594,
            "dy": 97.199951171875,
            "timestamp": 79
        },
        {
            "dx": 219.56358337402344,
            "dy": 97.27273559570312,
            "timestamp": 101
        },
        {
            "dx": 219.3817901611328,
            "dy": 97.27273559570312,
            "timestamp": 101
        },
        {
            "dx": 219.19993591308594,
            "dy": 97.27273559570312,
            "timestamp": 101
        },
        {
            "dx": 218.9091339111328,
            "dy": 97.27273559570312,
            "timestamp": 101
        },
        {
            "dx": 218.61827087402344,
            "dy": 97.27273559570312,
            "timestamp": 101
        },
        {
            "dx": 218.32740783691406,
            "dy": 97.27273559570312,
            "timestamp": 123
        },
        {
            "dx": 217.9272003173828,
            "dy": 97.27273559570312,
            "timestamp": 124
        },
        {
            "dx": 217.4545440673828,
            "dy": 97.199951171875,
            "timestamp": 125
        },
        {
            "dx": 216.7635040283203,
            "dy": 96.98193359375,
            "timestamp": 125
        },
        {
            "dx": 216.10902404785156,
            "dy": 96.80007934570312,
            "timestamp": 125
        },
        {
            "dx": 215.41831970214844,
            "dy": 96.50927734375,
            "timestamp": 125
        },
        {
            "dx": 214.7635040283203,
            "dy": 96.10903930664062,
            "timestamp": 145
        },
        {
            "dx": 214.1818389892578,
            "dy": 95.63638305664062,
            "timestamp": 146
        },
        {
            "dx": 213.4907684326172,
            "dy": 95.16372680664062,
            "timestamp": 146
        },
        {
            "dx": 212.94532775878906,
            "dy": 94.65447998046875,
            "timestamp": 146
        },
        {
            "dx": 212.36363220214844,
            "dy": 94.18182373046875,
            "timestamp": 146
        },
        {
            "dx": 212.0727996826172,
            "dy": 93.8909912109375,
            "timestamp": 167
        },
        {
            "dx": 211.78196716308594,
            "dy": 93.672607421875,
            "timestamp": 168
        },
        {
            "dx": 211.4907684326172,
            "dy": 93.49078369140625,
            "timestamp": 168
        },
        {
            "dx": 211.19993591308594,
            "dy": 93.3089599609375,
            "timestamp": 168
        },
        {
            "dx": 210.9091339111328,
            "dy": 93.09091186523438,
            "timestamp": 168
        },
        {
            "dx": 210.72727966308594,
            "dy": 93.01812744140625,
            "timestamp": 168
        },
        {
            "dx": 210.61827087402344,
            "dy": 92.90908813476562,
            "timestamp": 188
        },
        {
            "dx": 210.5092315673828,
            "dy": 92.90908813476562,
            "timestamp": 189
        },
        {
            "dx": 210.4364776611328,
            "dy": 92.90908813476562,
            "timestamp": 189
        },
        {
            "dx": 210.32740783691406,
            "dy": 92.90908813476562,
            "timestamp": 189
        },
        {
            "dx": 210.21803283691406,
            "dy": 92.90908813476562,
            "timestamp": 209
        },
        {
            "dx": 210.14561462402344,
            "dy": 92.90908813476562,
            "timestamp": 209
        },
        {
            "dx": 210.03623962402344,
            "dy": 92.90908813476562,
            "timestamp": 209
        },
        {
            "dx": 209.8544464111328,
            "dy": 93.01812744140625,
            "timestamp": 210
        },
        {
            "dx": 209.4545440673828,
            "dy": 93.199951171875,
            "timestamp": 210
        },
        {
            "dx": 208.8728790283203,
            "dy": 93.49078369140625,
            "timestamp": 234
        },
        {
            "dx": 208.21804809570312,
            "dy": 94.07281494140625,
            "timestamp": 234
        },
        {
            "dx": 207.16371154785156,
            "dy": 95.0546875,
            "timestamp": 234
        },
        {
            "dx": 206.10902404785156,
            "dy": 95.92724609375,
            "timestamp": 234
        },
        {
            "dx": 205.12713623046875,
            "dy": 96.90908813476562,
            "timestamp": 234
        },
        {
            "dx": 203.89100646972656,
            "dy": 97.96377563476562,
            "timestamp": 234
        },
        {
            "dx": 202.83631896972656,
            "dy": 99.0546875,
            "timestamp": 254
        },
        {
            "dx": 201.85443115234375,
            "dy": 100,
            "timestamp": 254
        },
        {
            "dx": 200.32742309570312,
            "dy": 101.49078369140625,
            "timestamp": 254
        },
        {
            "dx": 198.9818878173828,
            "dy": 102.727294921875,
            "timestamp": 254
        },
        {
            "dx": 197.8181915283203,
            "dy": 103.81817626953125,
            "timestamp": 254
        },
        {
            "dx": 196.58168029785156,
            "dy": 104.98193359375,
            "timestamp": 275
        },
        {
            "dx": 195.23651123046875,
            "dy": 105.96377563476562,
            "timestamp": 276
        },
        {
            "dx": 194.0727996826172,
            "dy": 106.9453125,
            "timestamp": 276
        },
        {
            "dx": 192.90911865234375,
            "dy": 107.8909912109375,
            "timestamp": 276
        },
        {
            "dx": 191.74539184570312,
            "dy": 109.0546875,
            "timestamp": 276
        },
        {
            "dx": 190.5092315673828,
            "dy": 109.96377563476562,
            "timestamp": 296
        },
        {
            "dx": 189.27273559570312,
            "dy": 110.90908813476562,
            "timestamp": 296
        },
        {
            "dx": 187.9272003173828,
            "dy": 111.70916748046875,
            "timestamp": 296
        },
        {
            "dx": 186.5454559326172,
            "dy": 112.29083251953125,
            "timestamp": 296
        },
        {
            "dx": 185.30897521972656,
            "dy": 112.87286376953125,
            "timestamp": 296
        },
        {
            "dx": 184.36366271972656,
            "dy": 113.27273559570312,
            "timestamp": 316
        },
        {
            "dx": 183.67259216308594,
            "dy": 113.45458984375,
            "timestamp": 317
        },
        {
            "dx": 182.72727966308594,
            "dy": 113.56356811523438,
            "timestamp": 317
        },
        {
            "dx": 181.74539184570312,
            "dy": 113.63638305664062,
            "timestamp": 317
        },
        {
            "dx": 180.69105529785156,
            "dy": 113.63638305664062,
            "timestamp": 317
        },
        {
            "dx": 179.74539184570312,
            "dy": 113.63638305664062,
            "timestamp": 337
        },
        {
            "dx": 178.8728790283203,
            "dy": 113.63638305664062,
            "timestamp": 338
        },
        {
            "dx": 177.6001434326172,
            "dy": 113.45458984375,
            "timestamp": 338
        },
        {
            "dx": 176.25462341308594,
            "dy": 112.98193359375,
            "timestamp": 338
        },
        {
            "dx": 175.0181121826172,
            "dy": 112.47265625,
            "timestamp": 338
        },
        {
            "dx": 173.96380615234375,
            "dy": 112,
            "timestamp": 359
        },
        {
            "dx": 173.09091186523438,
            "dy": 111.4183349609375,
            "timestamp": 359
        },
        {
            "dx": 172.32742309570312,
            "dy": 110.90908813476562,
            "timestamp": 359
        },
        {
            "dx": 171.74539184570312,
            "dy": 110.54547119140625,
            "timestamp": 359
        },
        {
            "dx": 171.3455352783203,
            "dy": 110.14559936523438,
            "timestamp": 360
        },
        {
            "dx": 170.9818878173828,
            "dy": 109.74539184570312,
            "timestamp": 380
        },
        {
            "dx": 170.58168029785156,
            "dy": 109.38174438476562,
            "timestamp": 380
        },
        {
            "dx": 170.3998565673828,
            "dy": 109.0546875,
            "timestamp": 380
        },
        {
            "dx": 170.10902404785156,
            "dy": 108.76348876953125,
            "timestamp": 380
        },
        {
            "dx": 169.9272003173828,
            "dy": 108.47265625,
            "timestamp": 380
        },
        {
            "dx": 169.63636779785156,
            "dy": 108.18182373046875,
            "timestamp": 380
        },
        {
            "dx": 169.3455352783203,
            "dy": 107.8909912109375,
            "timestamp": 400
        },
        {
            "dx": 169.12713623046875,
            "dy": 107.70916748046875,
            "timestamp": 400
        },
        {
            "dx": 168.9453125,
            "dy": 107.52734375,
            "timestamp": 401
        },
        {
            "dx": 168.7635040283203,
            "dy": 107.4183349609375,
            "timestamp": 401
        },
        {
            "dx": 168.7635040283203,
            "dy": 107.3089599609375,
            "timestamp": 401
        },
        {
            "dx": 168.65447998046875,
            "dy": 107.3089599609375,
            "timestamp": 434
        },
        {
            "dx": 168.47265625,
            "dy": 107.52734375,
            "timestamp": 457
        },
        {
            "dx": 168.18182373046875,
            "dy": 107.81817626953125,
            "timestamp": 457
        },
        {
            "dx": 167.78196716308594,
            "dy": 108.29083251953125,
            "timestamp": 457
        },
        {
            "dx": 167.30897521972656,
            "dy": 108.87286376953125,
            "timestamp": 457
        },
        {
            "dx": 166.72727966308594,
            "dy": 109.56356811523438,
            "timestamp": 458
        },
        {
            "dx": 165.85443115234375,
            "dy": 110.54547119140625,
            "timestamp": 458
        },
        {
            "dx": 165.0181121826172,
            "dy": 111.4183349609375,
            "timestamp": 479
        },
        {
            "dx": 164.14559936523438,
            "dy": 112.29083251953125,
            "timestamp": 479
        },
        {
            "dx": 163.16371154785156,
            "dy": 113.16372680664062,
            "timestamp": 479
        },
        {
            "dx": 161.9272003173828,
            "dy": 114.32742309570312,
            "timestamp": 479
        },
        {
            "dx": 160.7635040283203,
            "dy": 115.3089599609375,
            "timestamp": 480
        },
        {
            "dx": 159.52734375,
            "dy": 116.18182373046875,
            "timestamp": 500
        },
        {
            "dx": 157.41835021972656,
            "dy": 117.34552001953125,
            "timestamp": 500
        },
        {
            "dx": 155.4907684326172,
            "dy": 118.43643188476562,
            "timestamp": 500
        },
        {
            "dx": 153.63636779785156,
            "dy": 119.49078369140625,
            "timestamp": 501
        },
        {
            "dx": 152,
            "dy": 120.254638671875,
            "timestamp": 501
        },
        {
            "dx": 149.89100646972656,
            "dy": 121.23651123046875,
            "timestamp": 522
        },
        {
            "dx": 147.96377563476562,
            "dy": 122.32742309570312,
            "timestamp": 522
        },
        {
            "dx": 145.96377563476562,
            "dy": 123.38174438476562,
            "timestamp": 523
        },
        {
            "dx": 143.96377563476562,
            "dy": 124.54547119140625,
            "timestamp": 523
        },
        {
            "dx": 141.9272003173828,
            "dy": 125.63638305664062,
            "timestamp": 523
        },
        {
            "dx": 139.9272003173828,
            "dy": 126.80007934570312,
            "timestamp": 543
        },
        {
            "dx": 137.7091827392578,
            "dy": 127.96377563476562,
            "timestamp": 543
        },
        {
            "dx": 135.52734375,
            "dy": 129.01812744140625,
            "timestamp": 543
        },
        {
            "dx": 133.3089599609375,
            "dy": 130.39990234375,
            "timestamp": 543
        },
        {
            "dx": 131.09091186523438,
            "dy": 131.45458984375,
            "timestamp": 543
        },
        {
            "dx": 128.90908813476562,
            "dy": 133.01815795898438,
            "timestamp": 543
        },
        {
            "dx": 126.80007934570312,
            "dy": 134.47265625,
            "timestamp": 565
        },
        {
            "dx": 124.58168029785156,
            "dy": 135.85440063476562,
            "timestamp": 565
        },
        {
            "dx": 122.58168029785156,
            "dy": 137.3089599609375,
            "timestamp": 565
        },
        {
            "dx": 120.76350402832031,
            "dy": 138.76351928710938,
            "timestamp": 565
        },
        {
            "dx": 118.90908813476562,
            "dy": 140.21804809570312,
            "timestamp": 566
        },
        {
            "dx": 117.199951171875,
            "dy": 141.70916748046875,
            "timestamp": 587
        },
        {
            "dx": 115.67259216308594,
            "dy": 143.23651123046875,
            "timestamp": 587
        },
        {
            "dx": 114.43643188476562,
            "dy": 144.50927734375,
            "timestamp": 587
        },
        {
            "dx": 113.27273559570312,
            "dy": 145.8909912109375,
            "timestamp": 588
        },
        {
            "dx": 111.81819152832031,
            "dy": 147.63638305664062,
            "timestamp": 588
        },
        {
            "dx": 110.21804809570312,
            "dy": 149.38174438476562,
            "timestamp": 609
        },
        {
            "dx": 108.65449523925781,
            "dy": 150.9453125,
            "timestamp": 609
        },
        {
            "dx": 107.30894470214844,
            "dy": 152.69107055664062,
            "timestamp": 609
        },
        {
            "dx": 106,
            "dy": 154.43643188476562,
            "timestamp": 609
        },
        {
            "dx": 104.83628845214844,
            "dy": 156.39990234375,
            "timestamp": 610
        },
        {
            "dx": 103.78196716308594,
            "dy": 158.32742309570312,
            "timestamp": 610
        },
        {
            "dx": 102.83628845214844,
            "dy": 160.29086303710938,
            "timestamp": 631
        },
        {
            "dx": 101.78196716308594,
            "dy": 162.03622436523438,
            "timestamp": 631
        },
        {
            "dx": 100.80007934570312,
            "dy": 163.781982421875,
            "timestamp": 631
        },
        {
            "dx": 100.03622436523438,
            "dy": 165.56356811523438,
            "timestamp": 631
        },
        {
            "dx": 99.16371154785156,
            "dy": 167.3089599609375,
            "timestamp": 631
        },
        {
            "dx": 98.32742309570312,
            "dy": 169.0546875,
            "timestamp": 654
        },
        {
            "dx": 97.0546875,
            "dy": 171.199951171875,
            "timestamp": 654
        },
        {
            "dx": 95.70918273925781,
            "dy": 173.34555053710938,
            "timestamp": 654
        },
        {
            "dx": 94.58168029785156,
            "dy": 175.49081420898438,
            "timestamp": 654
        },
        {
            "dx": 93.41831970214844,
            "dy": 177.52734375,
            "timestamp": 654
        },
        {
            "dx": 92.25462341308594,
            "dy": 179.781982421875,
            "timestamp": 654
        },
        {
            "dx": 91.12715148925781,
            "dy": 181.8909912109375,
            "timestamp": 679
        },
        {
            "dx": 89.89097595214844,
            "dy": 183.85440063476562,
            "timestamp": 679
        },
        {
            "dx": 88.54545593261719,
            "dy": 185.8182373046875,
            "timestamp": 679
        },
        {
            "dx": 86.50923156738281,
            "dy": 187.92721557617188,
            "timestamp": 679
        },
        {
            "dx": 84.39985656738281,
            "dy": 190.18182373046875,
            "timestamp": 679
        },
        {
            "dx": 82.29084777832031,
            "dy": 192.21804809570312,
            "timestamp": 680
        },
        {
            "dx": 80.18183135986328,
            "dy": 194.2908935546875,
            "timestamp": 698
        },
        {
            "dx": 77.7819595336914,
            "dy": 196.32742309570312,
            "timestamp": 698
        },
        {
            "dx": 74.54545593261719,
            "dy": 198.54547119140625,
            "timestamp": 699
        },
        {
            "dx": 71.6725845336914,
            "dy": 200.80007934570312,
            "timestamp": 699
        },
        {
            "dx": 68.87287139892578,
            "dy": 202.9453125,
            "timestamp": 699
        },
        {
            "dx": 66.18183135986328,
            "dy": 204.80007934570312,
            "timestamp": 718
        },
        {
            "dx": 63.781959533691406,
            "dy": 206.8363037109375,
            "timestamp": 718
        },
        {
            "dx": 60.727272033691406,
            "dy": 209.27273559570312,
            "timestamp": 718
        },
        {
            "dx": 57.38175964355469,
            "dy": 211.60015869140625,
            "timestamp": 718
        },
        {
            "dx": 54.10902404785156,
            "dy": 213.74539184570312,
            "timestamp": 735
        },
        {
            "dx": 50.76349639892578,
            "dy": 215.70916748046875,
            "timestamp": 736
        },
        {
            "dx": 47.60014343261719,
            "dy": 217.52734375,
            "timestamp": 736
        },
        {
            "dx": 44.618263244628906,
            "dy": 219.49078369140625,
            "timestamp": 736
        },
        {
            "dx": 40.87287902832031,
            "dy": 222.10903930664062,
            "timestamp": 736
        },
        {
            "dx": 37.12712860107422,
            "dy": 224.47265625,
            "timestamp": 754
        },
        {
            "dx": 33.41832733154297,
            "dy": 226.80007934570312,
            "timestamp": 754
        },
        {
            "dx": 29.272727966308594,
            "dy": 229.01812744140625,
            "timestamp": 754
        },
        {
            "dx": 25.52734375,
            "dy": 231.16372680664062,
            "timestamp": 754
        },
        {
            "dx": 22.18181610107422,
            "dy": 233.70916748046875,
            "timestamp": 770
        },
        {
            "dx": 18.545455932617188,
            "dy": 236.43649291992188,
            "timestamp": 771
        },
        {
            "dx": 14.800071716308594,
            "dy": 239.85446166992188,
            "timestamp": 771
        },
        {
            "dx": 9.927200317382812,
            "dy": 243.74539184570312,
            "timestamp": 771
        },
        {
            "dx": 5.12713623046875,
            "dy": 247.45455932617188,
            "timestamp": 787
        },
        {
            "dx": 0.8000717163085938,
            "dy": 251.0546875,
            "timestamp": 787
        },
        {
            "dx": 0,
            "dy": 0,
            "timestamp": 788
        }
    ],
    [
        {
            "dx": 221.7668914794922,
            "dy": 58.87200927734375,
            "timestamp": 0
        },
        {
            "dx": 220.76780700683594,
            "dy": 61.87078857421875,
            "timestamp": 0
        },
        {
            "dx": 219.4357147216797,
            "dy": 63.8699951171875,
            "timestamp": 0
        },
        {
            "dx": 218.43663024902344,
            "dy": 65.86920166015625,
            "timestamp": 0
        },
        {
            "dx": 217.43756103515625,
            "dy": 67.53515625,
            "timestamp": 26
        },
        {
            "dx": 216.10546875,
            "dy": 69.201171875,
            "timestamp": 26
        },
        {
            "dx": 214.7733612060547,
            "dy": 70.533935546875,
            "timestamp": 26
        },
        {
            "dx": 212.77520751953125,
            "dy": 72.8663330078125,
            "timestamp": 27
        },
        {
            "dx": 211.11009216308594,
            "dy": 74.53231811523438,
            "timestamp": 27
        },
        {
            "dx": 210.1110076904297,
            "dy": 75.53192138671875,
            "timestamp": 27
        },
        {
            "dx": 209.1119384765625,
            "dy": 76.19830322265625,
            "timestamp": 56
        },
        {
            "dx": 208.44589233398438,
            "dy": 76.86468505859375,
            "timestamp": 56
        },
        {
            "dx": 207.4468231201172,
            "dy": 77.53109741210938,
            "timestamp": 56
        },
        {
            "dx": 206.78076171875,
            "dy": 77.86431884765625,
            "timestamp": 56
        },
        {
            "dx": 206.11471557617188,
            "dy": 78.197509765625,
            "timestamp": 56
        },
        {
            "dx": 205.44866943359375,
            "dy": 78.53070068359375,
            "timestamp": 56
        },
        {
            "dx": 204.7826385498047,
            "dy": 78.53070068359375,
            "timestamp": 56
        },
        {
            "dx": 204.4495849609375,
            "dy": 78.8638916015625,
            "timestamp": 56
        },
        {
            "dx": 203.78353881835938,
            "dy": 78.8638916015625,
            "timestamp": 82
        },
        {
            "dx": 203.45050048828125,
            "dy": 78.8638916015625,
            "timestamp": 82
        },
        {
            "dx": 203.11749267578125,
            "dy": 78.8638916015625,
            "timestamp": 82
        },
        {
            "dx": 202.4514617919922,
            "dy": 78.8638916015625,
            "timestamp": 82
        },
        {
            "dx": 202.118408203125,
            "dy": 78.8638916015625,
            "timestamp": 82
        },
        {
            "dx": 201.78538513183594,
            "dy": 78.8638916015625,
            "timestamp": 82
        },
        {
            "dx": 201.45236206054688,
            "dy": 78.8638916015625,
            "timestamp": 111
        },
        {
            "dx": 201.11935424804688,
            "dy": 78.8638916015625,
            "timestamp": 111
        },
        {
            "dx": 200.78631591796875,
            "dy": 78.8638916015625,
            "timestamp": 111
        },
        {
            "dx": 200.4532928466797,
            "dy": 78.8638916015625,
            "timestamp": 111
        },
        {
            "dx": 200.1202850341797,
            "dy": 78.8638916015625,
            "timestamp": 111
        },
        {
            "dx": 199.45420837402344,
            "dy": 78.53070068359375,
            "timestamp": 111
        },
        {
            "dx": 199.45420837402344,
            "dy": 78.197509765625,
            "timestamp": 111
        },
        {
            "dx": 199.12118530273438,
            "dy": 77.86431884765625,
            "timestamp": 136
        },
        {
            "dx": 198.78817749023438,
            "dy": 77.86431884765625,
            "timestamp": 137
        },
        {
            "dx": 198.78817749023438,
            "dy": 77.53109741210938,
            "timestamp": 137
        },
        {
            "dx": 198.45513916015625,
            "dy": 77.19793701171875,
            "timestamp": 137
        },
        {
            "dx": 198.45513916015625,
            "dy": 76.86468505859375,
            "timestamp": 137
        },
        {
            "dx": 198.1221160888672,
            "dy": 76.86468505859375,
            "timestamp": 137
        },
        {
            "dx": 198.1221160888672,
            "dy": 76.531494140625,
            "timestamp": 137
        },
        {
            "dx": 198.1221160888672,
            "dy": 76.19830322265625,
            "timestamp": 159
        },
        {
            "dx": 197.7891082763672,
            "dy": 75.8651123046875,
            "timestamp": 159
        },
        {
            "dx": 197.7891082763672,
            "dy": 75.53192138671875,
            "timestamp": 160
        },
        {
            "dx": 197.4560546875,
            "dy": 75.53192138671875,
            "timestamp": 182
        },
        {
            "dx": 197.4560546875,
            "dy": 75.19873046875,
            "timestamp": 182
        },
        {
            "dx": 197.12303161621094,
            "dy": 75.19873046875,
            "timestamp": 220
        },
        {
            "dx": 196.79002380371094,
            "dy": 75.19873046875,
            "timestamp": 243
        },
        {
            "dx": 196.45700073242188,
            "dy": 75.19873046875,
            "timestamp": 265
        },
        {
            "dx": 196.12396240234375,
            "dy": 75.53192138671875,
            "timestamp": 266
        },
        {
            "dx": 195.7909393310547,
            "dy": 75.53192138671875,
            "timestamp": 266
        },
        {
            "dx": 195.1248779296875,
            "dy": 76.531494140625,
            "timestamp": 290
        },
        {
            "dx": 194.12582397460938,
            "dy": 77.53109741210938,
            "timestamp": 291
        },
        {
            "dx": 192.793701171875,
            "dy": 78.53070068359375,
            "timestamp": 291
        },
        {
            "dx": 191.79464721679688,
            "dy": 79.19708251953125,
            "timestamp": 291
        },
        {
            "dx": 190.7955780029297,
            "dy": 79.86349487304688,
            "timestamp": 291
        },
        {
            "dx": 190.1295166015625,
            "dy": 80.52987670898438,
            "timestamp": 291
        },
        {
            "dx": 189.46347045898438,
            "dy": 81.1962890625,
            "timestamp": 319
        },
        {
            "dx": 189.13043212890625,
            "dy": 81.52947998046875,
            "timestamp": 320
        },
        {
            "dx": 188.4644012451172,
            "dy": 81.8626708984375,
            "timestamp": 320
        },
        {
            "dx": 187.79833984375,
            "dy": 82.529052734375,
            "timestamp": 320
        },
        {
            "dx": 187.13229370117188,
            "dy": 83.19549560546875,
            "timestamp": 320
        },
        {
            "dx": 186.4662322998047,
            "dy": 84.195068359375,
            "timestamp": 320
        },
        {
            "dx": 185.8002166748047,
            "dy": 84.8614501953125,
            "timestamp": 320
        },
        {
            "dx": 185.13414001464844,
            "dy": 85.52783203125,
            "timestamp": 347
        },
        {
            "dx": 184.80111694335938,
            "dy": 86.19427490234375,
            "timestamp": 348
        },
        {
            "dx": 184.13507080078125,
            "dy": 86.52743530273438,
            "timestamp": 348
        },
        {
            "dx": 183.8020477294922,
            "dy": 86.86065673828125,
            "timestamp": 348
        },
        {
            "dx": 183.4690399169922,
            "dy": 87.19384765625,
            "timestamp": 348
        },
        {
            "dx": 182.80296325683594,
            "dy": 87.8602294921875,
            "timestamp": 348
        },
        {
            "dx": 182.46994018554688,
            "dy": 87.8602294921875,
            "timestamp": 348
        },
        {
            "dx": 181.80389404296875,
            "dy": 88.19345092773438,
            "timestamp": 348
        },
        {
            "dx": 181.1378631591797,
            "dy": 88.526611328125,
            "timestamp": 370
        },
        {
            "dx": 180.8048095703125,
            "dy": 88.85983276367188,
            "timestamp": 370
        },
        {
            "dx": 180.47178649902344,
            "dy": 88.85983276367188,
            "timestamp": 370
        },
        {
            "dx": 180.13876342773438,
            "dy": 88.85983276367188,
            "timestamp": 370
        },
        {
            "dx": 179.80575561523438,
            "dy": 88.85983276367188,
            "timestamp": 370
        },
        {
            "dx": 179.47271728515625,
            "dy": 88.85983276367188,
            "timestamp": 392
        },
        {
            "dx": 179.1396942138672,
            "dy": 88.85983276367188,
            "timestamp": 393
        },
        {
            "dx": 178.8066864013672,
            "dy": 88.85983276367188,
            "timestamp": 393
        },
        {
            "dx": 178.4736328125,
            "dy": 88.85983276367188,
            "timestamp": 415
        },
        {
            "dx": 178.14060974121094,
            "dy": 88.85983276367188,
            "timestamp": 416
        },
        {
            "dx": 177.47457885742188,
            "dy": 88.85983276367188,
            "timestamp": 416
        },
        {
            "dx": 177.14154052734375,
            "dy": 88.526611328125,
            "timestamp": 416
        },
        {
            "dx": 176.8085174560547,
            "dy": 88.19345092773438,
            "timestamp": 417
        },
        {
            "dx": 176.4755096435547,
            "dy": 87.8602294921875,
            "timestamp": 446
        },
        {
            "dx": 176.1424560546875,
            "dy": 87.8602294921875,
            "timestamp": 446
        },
        {
            "dx": 175.80943298339844,
            "dy": 87.52703857421875,
            "timestamp": 447
        },
        {
            "dx": 175.80943298339844,
            "dy": 87.19384765625,
            "timestamp": 447
        },
        {
            "dx": 175.80943298339844,
            "dy": 86.86065673828125,
            "timestamp": 447
        },
        {
            "dx": 175.47642517089844,
            "dy": 86.86065673828125,
            "timestamp": 447
        },
        {
            "dx": 175.14340209960938,
            "dy": 86.86065673828125,
            "timestamp": 485
        },
        {
            "dx": 174.4773406982422,
            "dy": 87.19384765625,
            "timestamp": 502
        },
        {
            "dx": 173.811279296875,
            "dy": 87.8602294921875,
            "timestamp": 503
        },
        {
            "dx": 172.81222534179688,
            "dy": 88.526611328125,
            "timestamp": 528
        },
        {
            "dx": 171.8131561279297,
            "dy": 89.52621459960938,
            "timestamp": 529
        },
        {
            "dx": 171.1470947265625,
            "dy": 89.85943603515625,
            "timestamp": 529
        },
        {
            "dx": 170.14801025390625,
            "dy": 90.8590087890625,
            "timestamp": 529
        },
        {
            "dx": 169.4819793701172,
            "dy": 91.525390625,
            "timestamp": 529
        },
        {
            "dx": 168.81591796875,
            "dy": 92.19183349609375,
            "timestamp": 529
        },
        {
            "dx": 168.48289489746094,
            "dy": 92.52499389648438,
            "timestamp": 555
        },
        {
            "dx": 167.81683349609375,
            "dy": 93.19140625,
            "timestamp": 555
        },
        {
            "dx": 166.8177947998047,
            "dy": 93.8577880859375,
            "timestamp": 555
        },
        {
            "dx": 166.15171813964844,
            "dy": 94.524169921875,
            "timestamp": 555
        },
        {
            "dx": 165.48565673828125,
            "dy": 95.19061279296875,
            "timestamp": 555
        },
        {
            "dx": 164.8196258544922,
            "dy": 95.52377319335938,
            "timestamp": 556
        },
        {
            "dx": 164.153564453125,
            "dy": 96.190185546875,
            "timestamp": 556
        },
        {
            "dx": 163.15447998046875,
            "dy": 96.52337646484375,
            "timestamp": 556
        },
        {
            "dx": 162.4884490966797,
            "dy": 96.8565673828125,
            "timestamp": 581
        },
        {
            "dx": 161.8223876953125,
            "dy": 97.52294921875,
            "timestamp": 582
        },
        {
            "dx": 161.15634155273438,
            "dy": 97.85617065429688,
            "timestamp": 582
        },
        {
            "dx": 160.49029541015625,
            "dy": 98.18939208984375,
            "timestamp": 583
        },
        {
            "dx": 159.8242645263672,
            "dy": 98.52255249023438,
            "timestamp": 583
        },
        {
            "dx": 159.4912109375,
            "dy": 98.52255249023438,
            "timestamp": 583
        },
        {
            "dx": 158.82516479492188,
            "dy": 98.85577392578125,
            "timestamp": 604
        },
        {
            "dx": 158.49215698242188,
            "dy": 99.18896484375,
            "timestamp": 604
        },
        {
            "dx": 157.8260955810547,
            "dy": 99.18896484375,
            "timestamp": 604
        },
        {
            "dx": 157.4930877685547,
            "dy": 99.52215576171875,
            "timestamp": 604
        },
        {
            "dx": 156.82701110839844,
            "dy": 99.52215576171875,
            "timestamp": 604
        },
        {
            "dx": 156.49398803710938,
            "dy": 99.8553466796875,
            "timestamp": 604
        },
        {
            "dx": 155.82794189453125,
            "dy": 99.8553466796875,
            "timestamp": 604
        },
        {
            "dx": 155.1619110107422,
            "dy": 100.18856811523438,
            "timestamp": 632
        },
        {
            "dx": 154.16282653808594,
            "dy": 100.18856811523438,
            "timestamp": 633
        },
        {
            "dx": 153.49676513671875,
            "dy": 100.18856811523438,
            "timestamp": 633
        },
        {
            "dx": 152.8307342529297,
            "dy": 100.521728515625,
            "timestamp": 633
        },
        {
            "dx": 152.1646728515625,
            "dy": 100.85494995117188,
            "timestamp": 633
        },
        {
            "dx": 151.49862670898438,
            "dy": 101.18817138671875,
            "timestamp": 633
        },
        {
            "dx": 150.4995574951172,
            "dy": 101.52133178710938,
            "timestamp": 633
        },
        {
            "dx": 149.83349609375,
            "dy": 101.52133178710938,
            "timestamp": 660
        },
        {
            "dx": 149.16744995117188,
            "dy": 101.85455322265625,
            "timestamp": 660
        },
        {
            "dx": 148.5013885498047,
            "dy": 102.187744140625,
            "timestamp": 660
        },
        {
            "dx": 147.5023193359375,
            "dy": 102.52093505859375,
            "timestamp": 660
        },
        {
            "dx": 146.83627319335938,
            "dy": 102.52093505859375,
            "timestamp": 660
        },
        {
            "dx": 146.1702117919922,
            "dy": 103.18734741210938,
            "timestamp": 660
        },
        {
            "dx": 145.171142578125,
            "dy": 103.5205078125,
            "timestamp": 661
        },
        {
            "dx": 144.50509643554688,
            "dy": 103.85372924804688,
            "timestamp": 687
        },
        {
            "dx": 143.8390350341797,
            "dy": 104.18695068359375,
            "timestamp": 687
        },
        {
            "dx": 143.1730194091797,
            "dy": 104.52011108398438,
            "timestamp": 687
        },
        {
            "dx": 142.17391967773438,
            "dy": 104.85333251953125,
            "timestamp": 687
        },
        {
            "dx": 141.50787353515625,
            "dy": 105.51971435546875,
            "timestamp": 688
        },
        {
            "dx": 140.5087890625,
            "dy": 106.18612670898438,
            "timestamp": 688
        },
        {
            "dx": 139.84274291992188,
            "dy": 106.519287109375,
            "timestamp": 688
        },
        {
            "dx": 139.17669677734375,
            "dy": 107.51889038085938,
            "timestamp": 711
        },
        {
            "dx": 138.51065063476562,
            "dy": 108.51849365234375,
            "timestamp": 712
        },
        {
            "dx": 137.84458923339844,
            "dy": 109.18490600585938,
            "timestamp": 712
        },
        {
            "dx": 136.84552001953125,
            "dy": 109.85128784179688,
            "timestamp": 712
        },
        {
            "dx": 136.17947387695312,
            "dy": 110.5177001953125,
            "timestamp": 712
        },
        {
            "dx": 135.18038940429688,
            "dy": 111.51730346679688,
            "timestamp": 712
        },
        {
            "dx": 134.1813201904297,
            "dy": 112.51690673828125,
            "timestamp": 712
        },
        {
            "dx": 133.1822509765625,
            "dy": 113.84967041015625,
            "timestamp": 738
        },
        {
            "dx": 132.18316650390625,
            "dy": 114.8492431640625,
            "timestamp": 739
        },
        {
            "dx": 131.51712036132812,
            "dy": 116.18206787109375,
            "timestamp": 739
        },
        {
            "dx": 130.51803588867188,
            "dy": 117.51486206054688,
            "timestamp": 739
        },
        {
            "dx": 129.18594360351562,
            "dy": 118.84762573242188,
            "timestamp": 739
        },
        {
            "dx": 128.18687438964844,
            "dy": 120.51364135742188,
            "timestamp": 739
        },
        {
            "dx": 127.18778991699219,
            "dy": 121.84640502929688,
            "timestamp": 739
        },
        {
            "dx": 126.188720703125,
            "dy": 123.17919921875,
            "timestamp": 764
        },
        {
            "dx": 124.85662841796875,
            "dy": 124.51205444335938,
            "timestamp": 765
        },
        {
            "dx": 123.8575439453125,
            "dy": 126.177978515625,
            "timestamp": 765
        },
        {
            "dx": 122.85848999023438,
            "dy": 127.51083374023438,
            "timestamp": 765
        },
        {
            "dx": 121.5263671875,
            "dy": 129.1767578125,
            "timestamp": 765
        },
        {
            "dx": 120.52731323242188,
            "dy": 131.17596435546875,
            "timestamp": 765
        },
        {
            "dx": 119.1951904296875,
            "dy": 132.84197998046875,
            "timestamp": 765
        },
        {
            "dx": 117.86309814453125,
            "dy": 134.5079345703125,
            "timestamp": 787
        },
        {
            "dx": 116.53099060058594,
            "dy": 136.17391967773438,
            "timestamp": 787
        },
        {
            "dx": 115.19889831542969,
            "dy": 138.173095703125,
            "timestamp": 787
        },
        {
            "dx": 113.53378295898438,
            "dy": 140.17230224609375,
            "timestamp": 787
        },
        {
            "dx": 111.86865234375,
            "dy": 142.50473022460938,
            "timestamp": 787
        },
        {
            "dx": 110.53654479980469,
            "dy": 144.50387573242188,
            "timestamp": 787
        },
        {
            "dx": 109.20443725585938,
            "dy": 147.50265502929688,
            "timestamp": 813
        },
        {
            "dx": 107.206298828125,
            "dy": 150.50143432617188,
            "timestamp": 813
        },
        {
            "dx": 105.20816040039062,
            "dy": 153.50021362304688,
            "timestamp": 813
        },
        {
            "dx": 103.20999145507812,
            "dy": 156.16586303710938,
            "timestamp": 813
        },
        {
            "dx": 101.21185302734375,
            "dy": 159.16464233398438,
            "timestamp": 813
        },
        {
            "dx": 99.21371459960938,
            "dy": 162.16342163085938,
            "timestamp": 814
        },
        {
            "dx": 97.54856872558594,
            "dy": 164.82894897460938,
            "timestamp": 844
        },
        {
            "dx": 97.21554565429688,
            "dy": 165.16220092773438,
            "timestamp": 845
        },
        {
            "dx": 0,
            "dy": 0,
            "timestamp": 850
        }
    ]
]