[
    [
        {
            "dx": 234.10902404785156,
            "dy": 74.90908813476562,
            "timestamp": 0
        },
        {
            "dx": 233.41831970214844,
            "dy": 77.52734375,
            "timestamp": 1
        },
        {
            "dx": 232.5454559326172,
            "dy": 80.14559936523438,
            "timestamp": 26
        },
        {
            "dx": 231.7091827392578,
            "dy": 82.69107055664062,
            "timestamp": 26
        },
        {
            "dx": 230.36363220214844,
            "dy": 85.49078369140625,
            "timestamp": 27
        },
        {
            "dx": 228.14561462402344,
            "dy": 88.43643188476562,
            "timestamp": 27
        },
        {
            "dx": 227.09092712402344,
            "dy": 90.3636474609375,
            "timestamp": 27
        },
        {
            "dx": 225.8181915283203,
            "dy": 92.21804809570312,
            "timestamp": 27
        },
        {
            "dx": 224.6544952392578,
            "dy": 93.672607421875,
            "timestamp": 27
        },
        {
            "dx": 224.00001525878906,
            "dy": 94.65447998046875,
            "timestamp": 53
        },
        {
            "dx": 222.83628845214844,
            "dy": 95.74539184570312,
            "timestamp": 53
        },
        {
            "dx": 221.78196716308594,
            "dy": 96.61825561523438,
            "timestamp": 53
        },
        {
            "dx": 221.19993591308594,
            "dy": 96.98193359375,
            "timestamp": 53
        },
        {
            "dx": 220.5454559326172,
            "dy": 97.49078369140625,
            "timestamp": 53
        },
        {
            "dx": 219.74537658691406,
            "dy": 97.8909912109375,
            "timestamp": 53
        },
        {
            "dx": 218.9818878173828,
            "dy": 98.18182373046875,
            "timestamp": 54
        },
        {
            "dx": 218.21803283691406,
            "dy": 98.254638671875,
            "timestamp": 76
        },
        {
            "dx": 217.4545440673828,
            "dy": 98.254638671875,
            "timestamp": 76
        },
        {
            "dx": 217.16371154785156,
            "dy": 98.254638671875,
            "timestamp": 76
        },
        {
            "dx": 216.7635040283203,
            "dy": 98.18182373046875,
            "timestamp": 76
        },
        {
            "dx": 216.21803283691406,
            "dy": 97.8909912109375,
            "timestamp": 76
        },
        {
            "dx": 215.63636779785156,
            "dy": 97.60015869140625,
            "timestamp": 95
        },
        {
            "dx": 215.1271514892578,
            "dy": 97.09091186523438,
            "timestamp": 95
        },
        {
            "dx": 214.6544952392578,
            "dy": 96.61825561523438,
            "timestamp": 95
        },
        {
            "dx": 214.2908477783203,
            "dy": 96.10903930664062,
            "timestamp": 95
        },
        {
            "dx": 213.89097595214844,
            "dy": 95.52734375,
            "timestamp": 116
        },
        {
            "dx": 213.6001434326172,
            "dy": 94.9453125,
            "timestamp": 116
        },
        {
            "dx": 213.41831970214844,
            "dy": 94.58169555664062,
            "timestamp": 116
        },
        {
            "dx": 213.2365264892578,
            "dy": 94.18182373046875,
            "timestamp": 116
        },
        {
            "dx": 213.1271514892578,
            "dy": 93.781982421875,
            "timestamp": 116
        },
        {
            "dx": 212.94532775878906,
            "dy": 93.38174438476562,
            "timestamp": 116
        },
        {
            "dx": 212.83628845214844,
            "dy": 93.01812744140625,
            "timestamp": 133
        },
        {
            "dx": 212.6544952392578,
            "dy": 92.727294921875,
            "timestamp": 133
        },
        {
            "dx": 212.5454559326172,
            "dy": 92.43643188476562,
            "timestamp": 134
        },
        {
            "dx": 212.36363220214844,
            "dy": 92.14559936523438,
            "timestamp": 134
        },
        {
            "dx": 212.25462341308594,
            "dy": 91.92724609375,
            "timestamp": 149
        },
        {
            "dx": 212.14561462402344,
            "dy": 91.92724609375,
            "timestamp": 184
        },
        {
            "dx": 212.0727996826172,
            "dy": 91.92724609375,
            "timestamp": 184
        },
        {
            "dx": 211.9638214111328,
            "dy": 91.92724609375,
            "timestamp": 201
        },
        {
            "dx": 211.67259216308594,
            "dy": 91.92724609375,
            "timestamp": 201
        },
        {
            "dx": 211.19993591308594,
            "dy": 91.92724609375,
            "timestamp": 201
        },
        {
            "dx": 209.4545440673828,
            "dy": 91.92724609375,
            "timestamp": 201
        },
        {
            "dx": 208.3998565673828,
            "dy": 91.92724609375,
            "timestamp": 217
        },
        {
            "dx": 207.0546875,
            "dy": 91.92724609375,
            "timestamp": 218
        },
        {
            "dx": 206.2908477783203,
            "dy": 91.92724609375,
            "timestamp": 218
        },
        {
            "dx": 205.3455352783203,
            "dy": 91.92724609375,
            "timestamp": 218
        },
        {
            "dx": 203.6001434326172,
            "dy": 91.92724609375,
            "timestamp": 234
        },
        {
            "dx": 201.96380615234375,
            "dy": 91.92724609375,
            "timestamp": 234
        },
        {
            "dx": 200.32742309570312,
            "dy": 91.92724609375,
            "timestamp": 234
        },
        {
            "dx": 198.10902404785156,
            "dy": 92.03622436523438,
            "timestamp": 234
        },
        {
            "dx": 195.8181915283203,
            "dy": 92.43643188476562,
            "timestamp": 234
        },
        {
            "dx": 193.0181121826172,
            "dy": 92.90908813476562,
            "timestamp": 250
        },
        {
            "dx": 190.21804809570312,
            "dy": 93.49078369140625,
            "timestamp": 251
        },
        {
            "dx": 187.3455352783203,
            "dy": 94.254638671875,
            "timestamp": 251
        },
        {
            "dx": 183.78196716308594,
            "dy": 95.23651123046875,
            "timestamp": 251
        },
        {
            "dx": 180.2908477783203,
            "dy": 96.32742309570312,
            "timestamp": 267
        },
        {
            "dx": 176.65447998046875,
            "dy": 97.672607421875,
            "timestamp": 267
        },
        {
            "dx": 173.09091186523438,
            "dy": 99.0546875,
            "timestamp": 267
        },
        {
            "dx": 169.8181915283203,
            "dy": 100.39990234375,
            "timestamp": 267
        },
        {
            "dx": 166.65447998046875,
            "dy": 101.781982421875,
            "timestamp": 284
        },
        {
            "dx": 163.85443115234375,
            "dy": 103.12713623046875,
            "timestamp": 284
        },
        {
            "dx": 161.0546875,
            "dy": 104.69107055664062,
            "timestamp": 284
        },
        {
            "dx": 157.4907684326172,
            "dy": 106.65447998046875,
            "timestamp": 284
        },
        {
            "dx": 154.43643188476562,
            "dy": 108.69107055664062,
            "timestamp": 300
        },
        {
            "dx": 151.63636779785156,
            "dy": 110.61825561523438,
            "timestamp": 301
        },
        {
            "dx": 149.0181121826172,
            "dy": 112.29083251953125,
            "timestamp": 301
        },
        {
            "dx": 146.61825561523438,
            "dy": 113.92724609375,
            "timestamp": 301
        },
        {
            "dx": 144.72727966308594,
            "dy": 115.781982421875,
            "timestamp": 342
        },
        {
            "dx": 142.90908813476562,
            "dy": 117.63638305664062,
            "timestamp": 343
        },
        {
            "dx": 141.16371154785156,
            "dy": 119.38174438476562,
            "timestamp": 343
        },
        {
            "dx": 139.74539184570312,
            "dy": 121.34552001953125,
            "timestamp": 343
        },
        {
            "dx": 138.3998565673828,
            "dy": 123.27273559570312,
            "timestamp": 343
        },
        {
            "dx": 137.2365264892578,
            "dy": 125.23651123046875,
            "timestamp": 343
        },
        {
            "dx": 136.47265625,
            "dy": 127.09091186523438,
            "timestamp": 343
        },
        {
            "dx": 136.1818389892578,
            "dy": 127.781982421875,
            "timestamp": 343
        },
        {
            "dx": 135.8181915283203,
            "dy": 129.01812744140625,
            "timestamp": 343
        },
        {
            "dx": 135.52734375,
            "dy": 130.50927734375,
            "timestamp": 344
        },
        {
            "dx": 135.3089599609375,
            "dy": 132.32742309570312,
            "timestamp": 372
        },
        {
            "dx": 135.2365264892578,
            "dy": 134.10903930664062,
            "timestamp": 372
        },
        {
            "dx": 135.1271514892578,
            "dy": 135.74539184570312,
            "timestamp": 372
        },
        {
            "dx": 135.1271514892578,
            "dy": 137.3089599609375,
            "timestamp": 373
        },
        {
            "dx": 135.1271514892578,
            "dy": 138.07284545898438,
            "timestamp": 373
        },
        {
            "dx": 135.3089599609375,
            "dy": 139.16372680664062,
            "timestamp": 373
        },
        {
            "dx": 135.7091827392578,
            "dy": 140.61825561523438,
            "timestamp": 373
        },
        {
            "dx": 136.2908477783203,
            "dy": 142.07284545898438,
            "timestamp": 406
        },
        {
            "dx": 137.0546875,
            "dy": 143.74539184570312,
            "timestamp": 407
        },
        {
            "dx": 137.9272003173828,
            "dy": 145.199951171875,
            "timestamp": 407
        },
        {
            "dx": 139.16371154785156,
            "dy": 146.47265625,
            "timestamp": 407
        },
        {
            "dx": 141.09091186523438,
            "dy": 147.81820678710938,
            "timestamp": 407
        },
        {
            "dx": 143.19993591308594,
            "dy": 148.98193359375,
            "timestamp": 407
        },
        {
            "dx": 144.90908813476562,
            "dy": 149.85440063476562,
            "timestamp": 408
        },
        {
            "dx": 147.41835021972656,
            "dy": 150.65447998046875,
            "timestamp": 408
        },
        {
            "dx": 150.0727996826172,
            "dy": 151.4183349609375,
            "timestamp": 426
        },
        {
            "dx": 152.80007934570312,
            "dy": 152.10903930664062,
            "timestamp": 426
        },
        {
            "dx": 155.56356811523438,
            "dy": 152.80007934570312,
            "timestamp": 426
        },
        {
            "dx": 158.25462341308594,
            "dy": 153.27273559570312,
            "timestamp": 427
        },
        {
            "dx": 160.8728790283203,
            "dy": 153.781982421875,
            "timestamp": 427
        },
        {
            "dx": 164.5092315673828,
            "dy": 154.3636474609375,
            "timestamp": 427
        },
        {
            "dx": 167.89100646972656,
            "dy": 154.8363037109375,
            "timestamp": 442
        },
        {
            "dx": 171.0546875,
            "dy": 155.3089599609375,
            "timestamp": 442
        },
        {
            "dx": 173.96380615234375,
            "dy": 155.8909912109375,
            "timestamp": 442
        },
        {
            "dx": 176.7635040283203,
            "dy": 156.69107055664062,
            "timestamp": 442
        },
        {
            "dx": 179.16371154785156,
            "dy": 157.56356811523438,
            "timestamp": 457
        },
        {
            "dx": 181.38177490234375,
            "dy": 158.32742309570312,
            "timestamp": 457
        },
        {
            "dx": 183.19993591308594,
            "dy": 159.4183349609375,
            "timestamp": 457
        },
        {
            "dx": 184.83631896972656,
            "dy": 160.58169555664062,
            "timestamp": 475
        },
        {
            "dx": 186.5454559326172,
            "dy": 161.85440063476562,
            "timestamp": 475
        },
        {
            "dx": 188,
            "dy": 163.3089599609375,
            "timestamp": 475
        },
        {
            "dx": 189.52734375,
            "dy": 164.87289428710938,
            "timestamp": 475
        },
        {
            "dx": 190.90911865234375,
            "dy": 166.50927734375,
            "timestamp": 475
        },
        {
            "dx": 192.03622436523438,
            "dy": 168.3636474609375,
            "timestamp": 490
        },
        {
            "dx": 193.0181121826172,
            "dy": 170.39990234375,
            "timestamp": 490
        },
        {
            "dx": 193.38177490234375,
            "dy": 172.76351928710938,
            "timestamp": 490
        },
        {
            "dx": 193.4907684326172,
            "dy": 175.199951171875,
            "timestamp": 505
        },
        {
            "dx": 193.4907684326172,
            "dy": 177.70916748046875,
            "timestamp": 506
        },
        {
            "dx": 193.6001434326172,
            "dy": 180.9453125,
            "timestamp": 506
        },
        {
            "dx": 193.30897521972656,
            "dy": 184.43643188476562,
            "timestamp": 506
        },
        {
            "dx": 192.5454559326172,
            "dy": 188.32742309570312,
            "timestamp": 522
        },
        {
            "dx": 191.56356811523438,
            "dy": 192.32742309570312,
            "timestamp": 522
        },
        {
            "dx": 190.21804809570312,
            "dy": 196.50924682617188,
            "timestamp": 522
        },
        {
            "dx": 188.58168029785156,
            "dy": 200.32742309570312,
            "timestamp": 522
        },
        {
            "dx": 186.7635040283203,
            "dy": 203.92721557617188,
            "timestamp": 540
        },
        {
            "dx": 184.83631896972656,
            "dy": 207.60015869140625,
            "timestamp": 540
        },
        {
            "dx": 182.32742309570312,
            "dy": 211.199951171875,
            "timestamp": 540
        },
        {
            "dx": 179.74539184570312,
            "dy": 214.61825561523438,
            "timestamp": 540
        },
        {
            "dx": 177.0181121826172,
            "dy": 217.74539184570312,
            "timestamp": 556
        },
        {
            "dx": 173.74539184570312,
            "dy": 220.7635498046875,
            "timestamp": 556
        },
        {
            "dx": 170.7635040283203,
            "dy": 223.60015869140625,
            "timestamp": 556
        },
        {
            "dx": 167.6001434326172,
            "dy": 226.10903930664062,
            "timestamp": 557
        },
        {
            "dx": 164.61825561523438,
            "dy": 228.07281494140625,
            "timestamp": 557
        },
        {
            "dx": 161.63636779785156,
            "dy": 230,
            "timestamp": 573
        },
        {
            "dx": 158.83631896972656,
            "dy": 231.27273559570312,
            "timestamp": 573
        },
        {
            "dx": 155.38174438476562,
            "dy": 232.65447998046875,
            "timestamp": 573
        },
        {
            "dx": 151.41835021972656,
            "dy": 233.70916748046875,
            "timestamp": 588
        },
        {
            "dx": 147.78196716308594,
            "dy": 234.7635498046875,
            "timestamp": 589
        },
        {
            "dx": 143.67259216308594,
            "dy": 236.14559936523438,
            "timestamp": 589
        },
        {
            "dx": 140.10902404785156,
            "dy": 237.3089599609375,
            "timestamp": 589
        },
        {
            "dx": 136.47265625,
            "dy": 238.39987182617188,
            "timestamp": 604
        },
        {
            "dx": 132.727294921875,
            "dy": 239.16372680664062,
            "timestamp": 605
        },
        {
            "dx": 128.14559936523438,
            "dy": 239.74539184570312,
            "timestamp": 605
        },
        {
            "dx": 124,
            "dy": 240.32742309570312,
            "timestamp": 605
        },
        {
            "dx": 119.8909912109375,
            "dy": 240.61825561523438,
            "timestamp": 620
        },
        {
            "dx": 115.74539184570312,
            "dy": 240.80007934570312,
            "timestamp": 620
        },
        {
            "dx": 112.21804809570312,
            "dy": 240.90914916992188,
            "timestamp": 620
        },
        {
            "dx": 108.18183898925781,
            "dy": 240.90914916992188,
            "timestamp": 620
        },
        {
            "dx": 103.60014343261719,
            "dy": 240.727294921875,
            "timestamp": 636
        },
        {
            "dx": 99.38174438476562,
            "dy": 240.21804809570312,
            "timestamp": 636
        },
        {
            "dx": 95.34553527832031,
            "dy": 239.27273559570312,
            "timestamp": 636
        },
        {
            "dx": 91.70918273925781,
            "dy": 238.2908935546875,
            "timestamp": 636
        },
        {
            "dx": 88.03622436523438,
            "dy": 237.12713623046875,
            "timestamp": 652
        },
        {
            "dx": 84.50923156738281,
            "dy": 235.672607421875,
            "timestamp": 652
        },
        {
            "dx": 81.0546875,
            "dy": 234.2908935546875,
            "timestamp": 652
        },
        {
            "dx": 77.30895233154297,
            "dy": 232.54547119140625,
            "timestamp": 652
        },
        {
            "dx": 74.14559936523438,
            "dy": 230.58169555664062,
            "timestamp": 670
        },
        {
            "dx": 71.16371154785156,
            "dy": 228.54547119140625,
            "timestamp": 670
        },
        {
            "dx": 68.50923156738281,
            "dy": 226.50924682617188,
            "timestamp": 670
        },
        {
            "dx": 66.10902404785156,
            "dy": 224.3636474609375,
            "timestamp": 670
        },
        {
            "dx": 64,
            "dy": 222.10903930664062,
            "timestamp": 686
        },
        {
            "dx": 62.36363983154297,
            "dy": 220.18182373046875,
            "timestamp": 686
        },
        {
            "dx": 60.90910339355469,
            "dy": 218.03622436523438,
            "timestamp": 687
        },
        {
            "dx": 59.49076843261719,
            "dy": 216.07281494140625,
            "timestamp": 687
        },
        {
            "dx": 58.218040466308594,
            "dy": 213.92721557617188,
            "timestamp": 703
        },
        {
            "dx": 57.16371154785156,
            "dy": 211.8182373046875,
            "timestamp": 703
        },
        {
            "dx": 56.327415466308594,
            "dy": 209.56356811523438,
            "timestamp": 703
        },
        {
            "dx": 55.745384216308594,
            "dy": 207.3089599609375,
            "timestamp": 704
        },
        {
            "dx": 55.272727966308594,
            "dy": 204.50924682617188,
            "timestamp": 719
        },
        {
            "dx": 54.98188781738281,
            "dy": 201.49078369140625,
            "timestamp": 720
        },
        {
            "dx": 54.98188781738281,
            "dy": 198.3636474609375,
            "timestamp": 720
        },
        {
            "dx": 55.34552764892578,
            "dy": 194.18182373046875,
            "timestamp": 720
        },
        {
            "dx": 55.92720031738281,
            "dy": 189.8909912109375,
            "timestamp": 735
        },
        {
            "dx": 57.38175964355469,
            "dy": 184.727294921875,
            "timestamp": 736
        },
        {
            "dx": 59.01811218261719,
            "dy": 179.16372680664062,
            "timestamp": 736
        },
        {
            "dx": 61.01811218261719,
            "dy": 173.92724609375,
            "timestamp": 736
        },
        {
            "dx": 63.01811218261719,
            "dy": 168.29086303710938,
            "timestamp": 752
        },
        {
            "dx": 65.41832733154297,
            "dy": 162.8363037109375,
            "timestamp": 752
        },
        {
            "dx": 68.39985656738281,
            "dy": 157.27273559570312,
            "timestamp": 753
        },
        {
            "dx": 70.8000717163086,
            "dy": 152.10903930664062,
            "timestamp": 753
        },
        {
            "dx": 73.6725845336914,
            "dy": 148.03622436523438,
            "timestamp": 769
        },
        {
            "dx": 77.70917510986328,
            "dy": 142.29086303710938,
            "timestamp": 769
        },
        {
            "dx": 81.0546875,
            "dy": 137.49081420898438,
            "timestamp": 769
        },
        {
            "dx": 84.21804809570312,
            "dy": 133.12713623046875,
            "timestamp": 769
        },
        {
            "dx": 87.56356811523438,
            "dy": 129.01812744140625,
            "timestamp": 787
        },
        {
            "dx": 90.9453125,
            "dy": 125.34552001953125,
            "timestamp": 787
        },
        {
            "dx": 94,
            "dy": 123.09091186523438,
            "timestamp": 787
        },
        {
            "dx": 97.81819152832031,
            "dy": 120.54547119140625,
            "timestamp": 787
        },
        {
            "dx": 101.56356811523438,
            "dy": 118.21804809570312,
            "timestamp": 787
        },
        {
            "dx": 105.19993591308594,
            "dy": 115.4183349609375,
            "timestamp": 805
        },
        {
            "dx": 108.9453125,
            "dy": 112.87286376953125,
            "timestamp": 806
        },
        {
            "dx": 113.45454406738281,
            "dy": 109.96377563476562,
            "timestamp": 806
        },
        {
            "dx": 0,
            "dy": 0,
            "timestamp": 807
        },
        {
            "dx": 262.00001525878906,
            "dy": 76.43643188476562,
            "timestamp": 1323
        },
        {
            "dx": 261.2365264892578,
            "dy": 78.29083251953125,
            "timestamp": 1324
        },
        {
            "dx": 260.36363220214844,
            "dy": 79.96377563476562,
            "timestamp": 1366
        },
        {
            "dx": 259.7091827392578,
            "dy": 81.4183349609375,
            "timestamp": 1367
        },
        {
            "dx": 259.1271514892578,
            "dy": 82.58169555664062,
            "timestamp": 1367
        },
        {
            "dx": 258.4364776611328,
            "dy": 83.74539184570312,
            "timestamp": 1367
        },
        {
            "dx": 257.78196716308594,
            "dy": 84.90908813476562,
            "timestamp": 1367
        },
        {
            "dx": 257.09092712402344,
            "dy": 86,
            "timestamp": 1367
        },
        {
            "dx": 256.4364776611328,
            "dy": 86.87286376953125,
            "timestamp": 1367
        },
        {
            "dx": 255.9638214111328,
            "dy": 87.45458984375,
            "timestamp": 1367
        },
        {
            "dx": 254.9818878173828,
            "dy": 88.32742309570312,
            "timestamp": 1367
        },
        {
            "dx": 254.10902404785156,
            "dy": 89.12713623046875,
            "timestamp": 1367
        },
        {
            "dx": 253.2365264892578,
            "dy": 89.8909912109375,
            "timestamp": 1367
        },
        {
            "dx": 252.2908477783203,
            "dy": 90.58169555664062,
            "timestamp": 1390
        },
        {
            "dx": 251.52735900878906,
            "dy": 91.0546875,
            "timestamp": 1390
        },
        {
            "dx": 250.36363220214844,
            "dy": 91.63638305664062,
            "timestamp": 1390
        },
        {
            "dx": 249.19993591308594,
            "dy": 92.14559936523438,
            "timestamp": 1391
        },
        {
            "dx": 248.0727996826172,
            "dy": 92.61825561523438,
            "timestamp": 1391
        },
        {
            "dx": 246.9091339111328,
            "dy": 93.01812744140625,
            "timestamp": 1391
        },
        {
            "dx": 245.8544464111328,
            "dy": 93.38174438476562,
            "timestamp": 1412
        },
        {
            "dx": 244.5092315673828,
            "dy": 93.96377563476562,
            "timestamp": 1412
        },
        {
            "dx": 243.16371154785156,
            "dy": 94.47265625,
            "timestamp": 1413
        },
        {
            "dx": 241.52735900878906,
            "dy": 95.0546875,
            "timestamp": 1413
        },
        {
            "dx": 239.67259216308594,
            "dy": 95.74539184570312,
            "timestamp": 1413
        },
        {
            "dx": 237.8544464111328,
            "dy": 96.39990234375,
            "timestamp": 1413
        },
        {
            "dx": 235.8181915283203,
            "dy": 97.09091186523438,
            "timestamp": 1433
        },
        {
            "dx": 233.9272003173828,
            "dy": 97.781982421875,
            "timestamp": 1433
        },
        {
            "dx": 232.00001525878906,
            "dy": 98.3636474609375,
            "timestamp": 1433
        },
        {
            "dx": 230.36363220214844,
            "dy": 99.0546875,
            "timestamp": 1433
        },
        {
            "dx": 227.8544464111328,
            "dy": 99.70916748046875,
            "timestamp": 1433
        },
        {
            "dx": 0,
            "dy": 0,
            "timestamp": 1453
        }
    ],
    [
        {
            "dx": 231.09161376953125,
            "dy": 38.2137451171875,
            "timestamp": 0
        },
        {
            "dx": 230.425537109375,
            "dy": 39.54656982421875,
            "timestamp": 0
        },
        {
            "dx": 229.75949096679688,
            "dy": 41.2125244140625,
            "timestamp": 28
        },
        {
            "dx": 228.0943603515625,
            "dy": 43.544921875,
            "timestamp": 28
        },
        {
            "dx": 226.76226806640625,
            "dy": 45.210906982421875,
            "timestamp": 28
        },
        {
            "dx": 226.09625244140625,
            "dy": 46.21051025390625,
            "timestamp": 28
        },
        {
            "dx": 225.43016052246094,
            "dy": 47.2100830078125,
            "timestamp": 28
        },
        {
            "dx": 225.09713745117188,
            "dy": 47.87652587890625,
            "timestamp": 29
        },
        {
            "dx": 224.43109130859375,
            "dy": 48.54290771484375,
            "timestamp": 29
        },
        {
            "dx": 223.7650604248047,
            "dy": 49.20928955078125,
            "timestamp": 29
        },
        {
            "dx": 223.4320068359375,
            "dy": 49.87567138671875,
            "timestamp": 57
        },
        {
            "dx": 222.76596069335938,
            "dy": 50.2088623046875,
            "timestamp": 57
        },
        {
            "dx": 222.09991455078125,
            "dy": 50.87530517578125,
            "timestamp": 57
        },
        {
            "dx": 221.7668914794922,
            "dy": 50.87530517578125,
            "timestamp": 57
        },
        {
            "dx": 221.4338836669922,
            "dy": 51.208465576171875,
            "timestamp": 57
        },
        {
            "dx": 221.100830078125,
            "dy": 51.208465576171875,
            "timestamp": 57
        },
        {
            "dx": 220.76780700683594,
            "dy": 51.54168701171875,
            "timestamp": 58
        },
        {
            "dx": 220.43478393554688,
            "dy": 51.54168701171875,
            "timestamp": 83
        },
        {
            "dx": 220.10177612304688,
            "dy": 51.54168701171875,
            "timestamp": 83
        },
        {
            "dx": 219.76873779296875,
            "dy": 51.54168701171875,
            "timestamp": 109
        },
        {
            "dx": 219.4357147216797,
            "dy": 51.54168701171875,
            "timestamp": 109
        },
        {
            "dx": 219.1027069091797,
            "dy": 51.54168701171875,
            "timestamp": 109
        },
        {
            "dx": 218.43663024902344,
            "dy": 51.208465576171875,
            "timestamp": 134
        },
        {
            "dx": 218.10362243652344,
            "dy": 50.87530517578125,
            "timestamp": 134
        },
        {
            "dx": 217.43756103515625,
            "dy": 50.54205322265625,
            "timestamp": 134
        },
        {
            "dx": 217.1045379638672,
            "dy": 49.87567138671875,
            "timestamp": 134
        },
        {
            "dx": 216.7715301513672,
            "dy": 49.54248046875,
            "timestamp": 134
        },
        {
            "dx": 216.4384765625,
            "dy": 48.8760986328125,
            "timestamp": 134
        },
        {
            "dx": 216.10546875,
            "dy": 48.54290771484375,
            "timestamp": 134
        },
        {
            "dx": 215.77244567871094,
            "dy": 47.87652587890625,
            "timestamp": 159
        },
        {
            "dx": 215.43942260742188,
            "dy": 47.54327392578125,
            "timestamp": 159
        },
        {
            "dx": 215.10638427734375,
            "dy": 47.2100830078125,
            "timestamp": 159
        },
        {
            "dx": 215.10638427734375,
            "dy": 46.87689208984375,
            "timestamp": 159
        },
        {
            "dx": 214.7733612060547,
            "dy": 46.87689208984375,
            "timestamp": 159
        },
        {
            "dx": 214.7733612060547,
            "dy": 46.543701171875,
            "timestamp": 159
        },
        {
            "dx": 214.4403533935547,
            "dy": 46.543701171875,
            "timestamp": 181
        },
        {
            "dx": 214.4403533935547,
            "dy": 46.21051025390625,
            "timestamp": 181
        },
        {
            "dx": 214.1072998046875,
            "dy": 46.21051025390625,
            "timestamp": 205
        },
        {
            "dx": 213.7742919921875,
            "dy": 46.21051025390625,
            "timestamp": 247
        },
        {
            "dx": 213.44126892089844,
            "dy": 46.543701171875,
            "timestamp": 262
        },
        {
            "dx": 212.77520751953125,
            "dy": 47.2100830078125,
            "timestamp": 262
        },
        {
            "dx": 211.7761688232422,
            "dy": 48.209686279296875,
            "timestamp": 262
        },
        {
            "dx": 211.11009216308594,
            "dy": 48.8760986328125,
            "timestamp": 262
        },
        {
            "dx": 210.1110076904297,
            "dy": 49.87567138671875,
            "timestamp": 282
        },
        {
            "dx": 209.4449920654297,
            "dy": 51.208465576171875,
            "timestamp": 283
        },
        {
            "dx": 208.77891540527344,
            "dy": 52.20806884765625,
            "timestamp": 283
        },
        {
            "dx": 208.11285400390625,
            "dy": 53.2076416015625,
            "timestamp": 283
        },
        {
            "dx": 207.1138153076172,
            "dy": 54.207244873046875,
            "timestamp": 283
        },
        {
            "dx": 206.44773864746094,
            "dy": 55.20684814453125,
            "timestamp": 304
        },
        {
            "dx": 205.78167724609375,
            "dy": 56.2064208984375,
            "timestamp": 305
        },
        {
            "dx": 204.7826385498047,
            "dy": 57.206024169921875,
            "timestamp": 305
        },
        {
            "dx": 203.78353881835938,
            "dy": 58.20562744140625,
            "timestamp": 305
        },
        {
            "dx": 203.11749267578125,
            "dy": 59.538421630859375,
            "timestamp": 305
        },
        {
            "dx": 202.118408203125,
            "dy": 60.8712158203125,
            "timestamp": 305
        },
        {
            "dx": 201.45236206054688,
            "dy": 61.87078857421875,
            "timestamp": 329
        },
        {
            "dx": 200.78631591796875,
            "dy": 62.537200927734375,
            "timestamp": 330
        },
        {
            "dx": 199.7872314453125,
            "dy": 63.53680419921875,
            "timestamp": 330
        },
        {
            "dx": 199.12118530273438,
            "dy": 63.8699951171875,
            "timestamp": 330
        },
        {
            "dx": 198.1221160888672,
            "dy": 64.536376953125,
            "timestamp": 330
        },
        {
            "dx": 197.4560546875,
            "dy": 64.86956787109375,
            "timestamp": 330
        },
        {
            "dx": 196.45700073242188,
            "dy": 65.2027587890625,
            "timestamp": 330
        },
        {
            "dx": 195.7909393310547,
            "dy": 65.2027587890625,
            "timestamp": 351
        },
        {
            "dx": 195.1248779296875,
            "dy": 65.53598022460938,
            "timestamp": 352
        },
        {
            "dx": 194.45884704589844,
            "dy": 65.53598022460938,
            "timestamp": 353
        },
        {
            "dx": 193.79278564453125,
            "dy": 65.53598022460938,
            "timestamp": 353
        },
        {
            "dx": 193.1267547607422,
            "dy": 65.53598022460938,
            "timestamp": 353
        },
        {
            "dx": 192.460693359375,
            "dy": 65.53598022460938,
            "timestamp": 354
        },
        {
            "dx": 192.12767028808594,
            "dy": 65.53598022460938,
            "timestamp": 378
        },
        {
            "dx": 191.46160888671875,
            "dy": 65.53598022460938,
            "timestamp": 378
        },
        {
            "dx": 190.7955780029297,
            "dy": 65.53598022460938,
            "timestamp": 378
        },
        {
            "dx": 190.1295166015625,
            "dy": 65.53598022460938,
            "timestamp": 378
        },
        {
            "dx": 189.79649353027344,
            "dy": 65.53598022460938,
            "timestamp": 378
        },
        {
            "dx": 189.13043212890625,
            "dy": 65.53598022460938,
            "timestamp": 378
        },
        {
            "dx": 188.7974090576172,
            "dy": 65.53598022460938,
            "timestamp": 378
        },
        {
            "dx": 188.1313934326172,
            "dy": 65.53598022460938,
            "timestamp": 406
        },
        {
            "dx": 187.46531677246094,
            "dy": 65.53598022460938,
            "timestamp": 407
        },
        {
            "dx": 187.13229370117188,
            "dy": 65.53598022460938,
            "timestamp": 407
        },
        {
            "dx": 186.79925537109375,
            "dy": 65.53598022460938,
            "timestamp": 407
        },
        {
            "dx": 186.4662322998047,
            "dy": 65.53598022460938,
            "timestamp": 407
        },
        {
            "dx": 186.1332244873047,
            "dy": 65.53598022460938,
            "timestamp": 407
        },
        {
            "dx": 185.8002166748047,
            "dy": 65.53598022460938,
            "timestamp": 407
        },
        {
            "dx": 185.4671630859375,
            "dy": 65.53598022460938,
            "timestamp": 431
        },
        {
            "dx": 185.13414001464844,
            "dy": 65.53598022460938,
            "timestamp": 431
        },
        {
            "dx": 184.80111694335938,
            "dy": 65.53598022460938,
            "timestamp": 431
        },
        {
            "dx": 184.46807861328125,
            "dy": 65.53598022460938,
            "timestamp": 431
        },
        {
            "dx": 184.13507080078125,
            "dy": 65.53598022460938,
            "timestamp": 452
        },
        {
            "dx": 183.8020477294922,
            "dy": 65.53598022460938,
            "timestamp": 453
        },
        {
            "dx": 183.4690399169922,
            "dy": 65.86920166015625,
            "timestamp": 453
        },
        {
            "dx": 182.80296325683594,
            "dy": 66.20236206054688,
            "timestamp": 453
        },
        {
            "dx": 182.13690185546875,
            "dy": 66.8687744140625,
            "timestamp": 453
        },
        {
            "dx": 181.80389404296875,
            "dy": 67.53515625,
            "timestamp": 453
        },
        {
            "dx": 181.1378631591797,
            "dy": 67.86834716796875,
            "timestamp": 474
        },
        {
            "dx": 180.47178649902344,
            "dy": 68.86798095703125,
            "timestamp": 475
        },
        {
            "dx": 180.13876342773438,
            "dy": 69.201171875,
            "timestamp": 475
        },
        {
            "dx": 179.80575561523438,
            "dy": 69.8675537109375,
            "timestamp": 475
        },
        {
            "dx": 179.1396942138672,
            "dy": 70.86712646484375,
            "timestamp": 475
        },
        {
            "dx": 178.8066864013672,
            "dy": 71.53353881835938,
            "timestamp": 475
        },
        {
            "dx": 178.4736328125,
            "dy": 72.199951171875,
            "timestamp": 496
        },
        {
            "dx": 178.4736328125,
            "dy": 72.8663330078125,
            "timestamp": 497
        },
        {
            "dx": 178.14060974121094,
            "dy": 73.53271484375,
            "timestamp": 497
        },
        {
            "dx": 177.80758666992188,
            "dy": 74.19915771484375,
            "timestamp": 497
        },
        {
            "dx": 177.80758666992188,
            "dy": 74.86553955078125,
            "timestamp": 497
        },
        {
            "dx": 177.80758666992188,
            "dy": 75.53192138671875,
            "timestamp": 497
        },
        {
            "dx": 177.80758666992188,
            "dy": 75.8651123046875,
            "timestamp": 521
        },
        {
            "dx": 177.80758666992188,
            "dy": 76.19830322265625,
            "timestamp": 522
        },
        {
            "dx": 177.80758666992188,
            "dy": 76.86468505859375,
            "timestamp": 522
        },
        {
            "dx": 177.80758666992188,
            "dy": 77.53109741210938,
            "timestamp": 522
        },
        {
            "dx": 177.80758666992188,
            "dy": 78.197509765625,
            "timestamp": 522
        },
        {
            "dx": 178.14060974121094,
            "dy": 78.53070068359375,
            "timestamp": 522
        },
        {
            "dx": 178.4736328125,
            "dy": 79.19708251953125,
            "timestamp": 522
        },
        {
            "dx": 179.1396942138672,
            "dy": 80.19671630859375,
            "timestamp": 549
        },
        {
            "dx": 180.13876342773438,
            "dy": 80.86309814453125,
            "timestamp": 549
        },
        {
            "dx": 181.1378631591797,
            "dy": 81.52947998046875,
            "timestamp": 549
        },
        {
            "dx": 182.13690185546875,
            "dy": 82.19586181640625,
            "timestamp": 549
        },
        {
            "dx": 183.4690399169922,
            "dy": 82.86227416992188,
            "timestamp": 549
        },
        {
            "dx": 184.80111694335938,
            "dy": 83.19549560546875,
            "timestamp": 549
        },
        {
            "dx": 185.8002166748047,
            "dy": 83.86187744140625,
            "timestamp": 549
        },
        {
            "dx": 186.79925537109375,
            "dy": 84.52825927734375,
            "timestamp": 578
        },
        {
            "dx": 188.1313934326172,
            "dy": 85.52783203125,
            "timestamp": 578
        },
        {
            "dx": 189.13043212890625,
            "dy": 86.19427490234375,
            "timestamp": 578
        },
        {
            "dx": 190.1295166015625,
            "dy": 86.86065673828125,
            "timestamp": 578
        },
        {
            "dx": 190.7955780029297,
            "dy": 86.86065673828125,
            "timestamp": 578
        },
        {
            "dx": 191.79464721679688,
            "dy": 87.52703857421875,
            "timestamp": 578
        },
        {
            "dx": 192.793701171875,
            "dy": 87.8602294921875,
            "timestamp": 578
        },
        {
            "dx": 193.79278564453125,
            "dy": 88.526611328125,
            "timestamp": 578
        },
        {
            "dx": 194.12582397460938,
            "dy": 88.85983276367188,
            "timestamp": 601
        },
        {
            "dx": 194.7918701171875,
            "dy": 89.19305419921875,
            "timestamp": 602
        },
        {
            "dx": 195.1248779296875,
            "dy": 89.85943603515625,
            "timestamp": 602
        },
        {
            "dx": 195.4579315185547,
            "dy": 90.192626953125,
            "timestamp": 602
        },
        {
            "dx": 195.7909393310547,
            "dy": 91.19223022460938,
            "timestamp": 602
        },
        {
            "dx": 196.12396240234375,
            "dy": 91.85861206054688,
            "timestamp": 602
        },
        {
            "dx": 196.45700073242188,
            "dy": 92.52499389648438,
            "timestamp": 628
        },
        {
            "dx": 196.45700073242188,
            "dy": 93.52459716796875,
            "timestamp": 628
        },
        {
            "dx": 196.45700073242188,
            "dy": 94.19100952148438,
            "timestamp": 629
        },
        {
            "dx": 196.45700073242188,
            "dy": 95.19061279296875,
            "timestamp": 629
        },
        {
            "dx": 196.45700073242188,
            "dy": 96.190185546875,
            "timestamp": 629
        },
        {
            "dx": 196.45700073242188,
            "dy": 97.52294921875,
            "timestamp": 629
        },
        {
            "dx": 196.45700073242188,
            "dy": 98.85577392578125,
            "timestamp": 629
        },
        {
            "dx": 196.12396240234375,
            "dy": 100.18856811523438,
            "timestamp": 654
        },
        {
            "dx": 195.4579315185547,
            "dy": 101.52133178710938,
            "timestamp": 655
        },
        {
            "dx": 194.45884704589844,
            "dy": 103.18734741210938,
            "timestamp": 655
        },
        {
            "dx": 193.79278564453125,
            "dy": 104.52011108398438,
            "timestamp": 655
        },
        {
            "dx": 192.793701171875,
            "dy": 105.51971435546875,
            "timestamp": 655
        },
        {
            "dx": 191.46160888671875,
            "dy": 106.18612670898438,
            "timestamp": 655
        },
        {
            "dx": 189.79649353027344,
            "dy": 107.85211181640625,
            "timestamp": 655
        },
        {
            "dx": 188.4644012451172,
            "dy": 109.18490600585938,
            "timestamp": 678
        },
        {
            "dx": 187.46531677246094,
            "dy": 110.18450927734375,
            "timestamp": 678
        },
        {
            "dx": 186.4662322998047,
            "dy": 111.18408203125,
            "timestamp": 679
        },
        {
            "dx": 185.13414001464844,
            "dy": 111.8504638671875,
            "timestamp": 679
        },
        {
            "dx": 184.13507080078125,
            "dy": 112.85006713867188,
            "timestamp": 679
        },
        {
            "dx": 182.80296325683594,
            "dy": 113.5164794921875,
            "timestamp": 679
        },
        {
            "dx": 181.80389404296875,
            "dy": 114.51608276367188,
            "timestamp": 703
        },
        {
            "dx": 180.47178649902344,
            "dy": 115.18246459960938,
            "timestamp": 704
        },
        {
            "dx": 179.47271728515625,
            "dy": 115.84884643554688,
            "timestamp": 704
        },
        {
            "dx": 178.4736328125,
            "dy": 116.5152587890625,
            "timestamp": 704
        },
        {
            "dx": 177.14154052734375,
            "dy": 117.181640625,
            "timestamp": 704
        },
        {
            "dx": 176.1424560546875,
            "dy": 117.8480224609375,
            "timestamp": 704
        },
        {
            "dx": 175.14340209960938,
            "dy": 118.18124389648438,
            "timestamp": 704
        },
        {
            "dx": 173.811279296875,
            "dy": 118.51446533203125,
            "timestamp": 731
        },
        {
            "dx": 172.81222534179688,
            "dy": 118.84762573242188,
            "timestamp": 731
        },
        {
            "dx": 171.8131561279297,
            "dy": 119.18084716796875,
            "timestamp": 731
        },
        {
            "dx": 170.81407165527344,
            "dy": 119.5140380859375,
            "timestamp": 731
        },
        {
            "dx": 169.8149871826172,
            "dy": 119.84722900390625,
            "timestamp": 731
        },
        {
            "dx": 168.81591796875,
            "dy": 120.180419921875,
            "timestamp": 731
        },
        {
            "dx": 167.81683349609375,
            "dy": 120.180419921875,
            "timestamp": 731
        },
        {
            "dx": 167.1508026123047,
            "dy": 120.180419921875,
            "timestamp": 758
        },
        {
            "dx": 166.15171813964844,
            "dy": 120.51364135742188,
            "timestamp": 758
        },
        {
            "dx": 165.48565673828125,
            "dy": 120.51364135742188,
            "timestamp": 758
        },
        {
            "dx": 164.4866180419922,
            "dy": 120.8468017578125,
            "timestamp": 758
        },
        {
            "dx": 163.82054138183594,
            "dy": 120.8468017578125,
            "timestamp": 758
        },
        {
            "dx": 163.15447998046875,
            "dy": 120.8468017578125,
            "timestamp": 758
        },
        {
            "dx": 162.4884490966797,
            "dy": 120.8468017578125,
            "timestamp": 758
        },
        {
            "dx": 162.1554412841797,
            "dy": 120.8468017578125,
            "timestamp": 781
        },
        {
            "dx": 161.48936462402344,
            "dy": 120.8468017578125,
            "timestamp": 781
        },
        {
            "dx": 160.82330322265625,
            "dy": 120.8468017578125,
            "timestamp": 781
        },
        {
            "dx": 160.49029541015625,
            "dy": 120.8468017578125,
            "timestamp": 782
        },
        {
            "dx": 160.1572723388672,
            "dy": 120.8468017578125,
            "timestamp": 782
        },
        {
            "dx": 159.4912109375,
            "dy": 120.8468017578125,
            "timestamp": 782
        },
        {
            "dx": 159.15818786621094,
            "dy": 120.8468017578125,
            "timestamp": 782
        },
        {
            "dx": 158.49215698242188,
            "dy": 120.8468017578125,
            "timestamp": 807
        },
        {
            "dx": 158.15911865234375,
            "dy": 120.8468017578125,
            "timestamp": 807
        },
        {
            "dx": 157.4930877685547,
            "dy": 120.8468017578125,
            "timestamp": 807
        },
        {
            "dx": 156.82701110839844,
            "dy": 120.51364135742188,
            "timestamp": 807
        },
        {
            "dx": 156.16098022460938,
            "dy": 120.180419921875,
            "timestamp": 807
        },
        {
            "dx": 155.82794189453125,
            "dy": 119.84722900390625,
            "timestamp": 807
        },
        {
            "dx": 155.4949188232422,
            "dy": 119.18084716796875,
            "timestamp": 831
        },
        {
            "dx": 154.828857421875,
            "dy": 118.84762573242188,
            "timestamp": 831
        },
        {
            "dx": 154.49583435058594,
            "dy": 118.18124389648438,
            "timestamp": 831
        },
        {
            "dx": 154.16282653808594,
            "dy": 117.51486206054688,
            "timestamp": 832
        },
        {
            "dx": 154.16282653808594,
            "dy": 116.84844970703125,
            "timestamp": 832
        },
        {
            "dx": 153.82980346679688,
            "dy": 116.18206787109375,
            "timestamp": 832
        },
        {
            "dx": 153.49676513671875,
            "dy": 115.51568603515625,
            "timestamp": 832
        },
        {
            "dx": 153.1637420654297,
            "dy": 114.8492431640625,
            "timestamp": 856
        },
        {
            "dx": 153.1637420654297,
            "dy": 113.84967041015625,
            "timestamp": 856
        },
        {
            "dx": 153.1637420654297,
            "dy": 113.18328857421875,
            "timestamp": 856
        },
        {
            "dx": 152.8307342529297,
            "dy": 112.18368530273438,
            "timestamp": 857
        },
        {
            "dx": 152.8307342529297,
            "dy": 110.85089111328125,
            "timestamp": 857
        },
        {
            "dx": 152.4976806640625,
            "dy": 109.85128784179688,
            "timestamp": 857
        },
        {
            "dx": 152.4976806640625,
            "dy": 108.51849365234375,
            "timestamp": 885
        },
        {
            "dx": 152.4976806640625,
            "dy": 107.18572998046875,
            "timestamp": 885
        },
        {
            "dx": 152.4976806640625,
            "dy": 106.18612670898438,
            "timestamp": 885
        },
        {
            "dx": 152.4976806640625,
            "dy": 104.85333251953125,
            "timestamp": 885
        },
        {
            "dx": 152.4976806640625,
            "dy": 103.5205078125,
            "timestamp": 885
        },
        {
            "dx": 152.8307342529297,
            "dy": 102.187744140625,
            "timestamp": 885
        },
        {
            "dx": 153.1637420654297,
            "dy": 101.18817138671875,
            "timestamp": 886
        },
        {
            "dx": 153.49676513671875,
            "dy": 99.8553466796875,
            "timestamp": 886
        },
        {
            "dx": 153.82980346679688,
            "dy": 98.52255249023438,
            "timestamp": 914
        },
        {
            "dx": 154.49583435058594,
            "dy": 97.18978881835938,
            "timestamp": 914
        },
        {
            "dx": 155.1619110107422,
            "dy": 96.190185546875,
            "timestamp": 914
        },
        {
            "dx": 155.4949188232422,
            "dy": 94.85739135742188,
            "timestamp": 915
        },
        {
            "dx": 155.82794189453125,
            "dy": 94.19100952148438,
            "timestamp": 915
        },
        {
            "dx": 156.49398803710938,
            "dy": 93.19140625,
            "timestamp": 915
        },
        {
            "dx": 156.82701110839844,
            "dy": 92.52499389648438,
            "timestamp": 915
        },
        {
            "dx": 157.1600341796875,
            "dy": 92.19183349609375,
            "timestamp": 915
        },
        {
            "dx": 157.4930877685547,
            "dy": 91.85861206054688,
            "timestamp": 939
        },
        {
            "dx": 157.4930877685547,
            "dy": 91.525390625,
            "timestamp": 939
        },
        {
            "dx": 157.8260955810547,
            "dy": 91.19223022460938,
            "timestamp": 939
        },
        {
            "dx": 158.15911865234375,
            "dy": 91.19223022460938,
            "timestamp": 939
        },
        {
            "dx": 158.15911865234375,
            "dy": 90.8590087890625,
            "timestamp": 939
        },
        {
            "dx": 158.15911865234375,
            "dy": 91.19223022460938,
            "timestamp": 1004
        },
        {
            "dx": 158.15911865234375,
            "dy": 91.85861206054688,
            "timestamp": 1004
        },
        {
            "dx": 158.15911865234375,
            "dy": 92.19183349609375,
            "timestamp": 1004
        },
        {
            "dx": 158.15911865234375,
            "dy": 92.52499389648438,
            "timestamp": 1021
        },
        {
            "dx": 0,
            "dy": 0,
            "timestamp": 1044
        }
    ]
]