[
    [
        {
            "dx": 262.7289733886719,
            "dy": 74.19915771484375,
            "timestamp": 0
        },
        {
            "dx": 260.7308349609375,
            "dy": 76.531494140625,
            "timestamp": 0
        },
        {
            "dx": 258.399658203125,
            "dy": 79.5302734375,
            "timestamp": 0
        },
        {
            "dx": 256.7344970703125,
            "dy": 81.52947998046875,
            "timestamp": 0
        },
        {
            "dx": 255.73544311523438,
            "dy": 82.86227416992188,
            "timestamp": 0
        },
        {
            "dx": 254.73638916015625,
            "dy": 83.86187744140625,
            "timestamp": 15
        },
        {
            "dx": 254.0703125,
            "dy": 84.8614501953125,
            "timestamp": 16
        },
        {
            "dx": 253.40426635742188,
            "dy": 85.52783203125,
            "timestamp": 16
        },
        {
            "dx": 251.7391357421875,
            "dy": 87.19384765625,
            "timestamp": 16
        },
        {
            "dx": 250.74005126953125,
            "dy": 88.19345092773438,
            "timestamp": 18
        },
        {
            "dx": 249.74102783203125,
            "dy": 88.85983276367188,
            "timestamp": 46
        },
        {
            "dx": 249.407958984375,
            "dy": 89.19305419921875,
            "timestamp": 46
        },
        {
            "dx": 248.74191284179688,
            "dy": 89.52621459960938,
            "timestamp": 46
        },
        {
            "dx": 248.07586669921875,
            "dy": 89.85943603515625,
            "timestamp": 46
        },
        {
            "dx": 247.40985107421875,
            "dy": 90.192626953125,
            "timestamp": 46
        },
        {
            "dx": 247.0767822265625,
            "dy": 90.192626953125,
            "timestamp": 47
        },
        {
            "dx": 246.7437744140625,
            "dy": 90.52581787109375,
            "timestamp": 47
        },
        {
            "dx": 246.41073608398438,
            "dy": 90.52581787109375,
            "timestamp": 72
        },
        {
            "dx": 245.74468994140625,
            "dy": 90.52581787109375,
            "timestamp": 72
        },
        {
            "dx": 245.41168212890625,
            "dy": 90.52581787109375,
            "timestamp": 72
        },
        {
            "dx": 244.74560546875,
            "dy": 90.52581787109375,
            "timestamp": 72
        },
        {
            "dx": 244.07955932617188,
            "dy": 90.52581787109375,
            "timestamp": 72
        },
        {
            "dx": 243.41351318359375,
            "dy": 90.52581787109375,
            "timestamp": 72
        },
        {
            "dx": 242.4144287109375,
            "dy": 90.52581787109375,
            "timestamp": 72
        },
        {
            "dx": 241.74838256835938,
            "dy": 90.52581787109375,
            "timestamp": 102
        },
        {
            "dx": 240.74932861328125,
            "dy": 90.192626953125,
            "timestamp": 102
        },
        {
            "dx": 240.083251953125,
            "dy": 89.85943603515625,
            "timestamp": 102
        },
        {
            "dx": 239.417236328125,
            "dy": 89.52621459960938,
            "timestamp": 102
        },
        {
            "dx": 238.41815185546875,
            "dy": 88.85983276367188,
            "timestamp": 102
        },
        {
            "dx": 237.7520751953125,
            "dy": 88.526611328125,
            "timestamp": 102
        },
        {
            "dx": 236.75302124023438,
            "dy": 87.8602294921875,
            "timestamp": 102
        },
        {
            "dx": 236.41998291015625,
            "dy": 86.86065673828125,
            "timestamp": 103
        },
        {
            "dx": 235.75396728515625,
            "dy": 86.19427490234375,
            "timestamp": 126
        },
        {
            "dx": 235.087890625,
            "dy": 85.19464111328125,
            "timestamp": 126
        },
        {
            "dx": 234.7548828125,
            "dy": 84.52825927734375,
            "timestamp": 126
        },
        {
            "dx": 234.42184448242188,
            "dy": 83.86187744140625,
            "timestamp": 126
        },
        {
            "dx": 233.75579833984375,
            "dy": 83.19549560546875,
            "timestamp": 126
        },
        {
            "dx": 233.75579833984375,
            "dy": 82.86227416992188,
            "timestamp": 126
        },
        {
            "dx": 233.42279052734375,
            "dy": 82.19586181640625,
            "timestamp": 150
        },
        {
            "dx": 233.08978271484375,
            "dy": 81.8626708984375,
            "timestamp": 150
        },
        {
            "dx": 233.08978271484375,
            "dy": 81.52947998046875,
            "timestamp": 150
        },
        {
            "dx": 232.7567138671875,
            "dy": 81.1962890625,
            "timestamp": 150
        },
        {
            "dx": 232.7567138671875,
            "dy": 81.52947998046875,
            "timestamp": 221
        },
        {
            "dx": 232.7567138671875,
            "dy": 82.19586181640625,
            "timestamp": 221
        },
        {
            "dx": 232.4237060546875,
            "dy": 83.86187744140625,
            "timestamp": 242
        },
        {
            "dx": 232.09066772460938,
            "dy": 85.19464111328125,
            "timestamp": 243
        },
        {
            "dx": 231.42462158203125,
            "dy": 86.52743530273438,
            "timestamp": 243
        },
        {
            "dx": 231.09161376953125,
            "dy": 87.8602294921875,
            "timestamp": 243
        },
        {
            "dx": 230.425537109375,
            "dy": 89.19305419921875,
            "timestamp": 243
        },
        {
            "dx": 229.75949096679688,
            "dy": 90.52581787109375,
            "timestamp": 243
        },
        {
            "dx": 229.09344482421875,
            "dy": 91.85861206054688,
            "timestamp": 270
        },
        {
            "dx": 228.0943603515625,
            "dy": 93.19140625,
            "timestamp": 270
        },
        {
            "dx": 227.42831420898438,
            "dy": 94.524169921875,
            "timestamp": 270
        },
        {
            "dx": 226.42926025390625,
            "dy": 95.52377319335938,
            "timestamp": 270
        },
        {
            "dx": 225.43016052246094,
            "dy": 96.8565673828125,
            "timestamp": 270
        },
        {
            "dx": 224.43109130859375,
            "dy": 98.18939208984375,
            "timestamp": 270
        },
        {
            "dx": 223.4320068359375,
            "dy": 99.18896484375,
            "timestamp": 270
        },
        {
            "dx": 222.43295288085938,
            "dy": 100.521728515625,
            "timestamp": 292
        },
        {
            "dx": 221.4338836669922,
            "dy": 101.52133178710938,
            "timestamp": 293
        },
        {
            "dx": 220.10177612304688,
            "dy": 102.52093505859375,
            "timestamp": 293
        },
        {
            "dx": 219.1027069091797,
            "dy": 103.5205078125,
            "timestamp": 293
        },
        {
            "dx": 218.43663024902344,
            "dy": 104.18695068359375,
            "timestamp": 293
        },
        {
            "dx": 217.77059936523438,
            "dy": 104.52011108398438,
            "timestamp": 293
        },
        {
            "dx": 217.43756103515625,
            "dy": 104.52011108398438,
            "timestamp": 317
        },
        {
            "dx": 216.7715301513672,
            "dy": 104.85333251953125,
            "timestamp": 318
        },
        {
            "dx": 216.10546875,
            "dy": 104.85333251953125,
            "timestamp": 318
        },
        {
            "dx": 215.77244567871094,
            "dy": 104.85333251953125,
            "timestamp": 318
        },
        {
            "dx": 215.43942260742188,
            "dy": 104.85333251953125,
            "timestamp": 318
        },
        {
            "dx": 215.10638427734375,
            "dy": 104.85333251953125,
            "timestamp": 318
        },
        {
            "dx": 214.7733612060547,
            "dy": 104.85333251953125,
            "timestamp": 339
        },
        {
            "dx": 214.4403533935547,
            "dy": 104.85333251953125,
            "timestamp": 339
        },
        {
            "dx": 214.1072998046875,
            "dy": 104.85333251953125,
            "timestamp": 360
        },
        {
            "dx": 213.7742919921875,
            "dy": 104.52011108398438,
            "timestamp": 383
        },
        {
            "dx": 213.44126892089844,
            "dy": 104.52011108398438,
            "timestamp": 384
        },
        {
            "dx": 213.10824584960938,
            "dy": 104.52011108398438,
            "timestamp": 406
        },
        {
            "dx": 212.77520751953125,
            "dy": 104.52011108398438,
            "timestamp": 406
        },
        {
            "dx": 211.7761688232422,
            "dy": 104.85333251953125,
            "timestamp": 406
        },
        {
            "dx": 210.44403076171875,
            "dy": 105.51971435546875,
            "timestamp": 432
        },
        {
            "dx": 209.1119384765625,
            "dy": 106.519287109375,
            "timestamp": 433
        },
        {
            "dx": 208.11285400390625,
            "dy": 107.85211181640625,
            "timestamp": 433
        },
        {
            "dx": 207.1138153076172,
            "dy": 108.8516845703125,
            "timestamp": 433
        },
        {
            "dx": 205.78167724609375,
            "dy": 109.85128784179688,
            "timestamp": 433
        },
        {
            "dx": 204.7826385498047,
            "dy": 110.5177001953125,
            "timestamp": 433
        },
        {
            "dx": 203.78353881835938,
            "dy": 111.8504638671875,
            "timestamp": 454
        },
        {
            "dx": 202.4514617919922,
            "dy": 112.85006713867188,
            "timestamp": 455
        },
        {
            "dx": 201.11935424804688,
            "dy": 113.84967041015625,
            "timestamp": 455
        },
        {
            "dx": 199.7872314453125,
            "dy": 115.18246459960938,
            "timestamp": 455
        },
        {
            "dx": 198.78817749023438,
            "dy": 116.18206787109375,
            "timestamp": 455
        },
        {
            "dx": 197.12303161621094,
            "dy": 117.181640625,
            "timestamp": 455
        },
        {
            "dx": 195.7909393310547,
            "dy": 117.8480224609375,
            "timestamp": 479
        },
        {
            "dx": 194.12582397460938,
            "dy": 118.84762573242188,
            "timestamp": 480
        },
        {
            "dx": 192.793701171875,
            "dy": 119.5140380859375,
            "timestamp": 480
        },
        {
            "dx": 191.46160888671875,
            "dy": 120.180419921875,
            "timestamp": 480
        },
        {
            "dx": 190.4625701904297,
            "dy": 120.51364135742188,
            "timestamp": 480
        },
        {
            "dx": 189.46347045898438,
            "dy": 120.8468017578125,
            "timestamp": 480
        },
        {
            "dx": 188.7974090576172,
            "dy": 121.18002319335938,
            "timestamp": 481
        },
        {
            "dx": 187.79833984375,
            "dy": 121.51327514648438,
            "timestamp": 506
        },
        {
            "dx": 187.13229370117188,
            "dy": 121.51327514648438,
            "timestamp": 507
        },
        {
            "dx": 186.4662322998047,
            "dy": 121.84640502929688,
            "timestamp": 508
        },
        {
            "dx": 185.8002166748047,
            "dy": 121.84640502929688,
            "timestamp": 508
        },
        {
            "dx": 185.13414001464844,
            "dy": 121.84640502929688,
            "timestamp": 508
        },
        {
            "dx": 184.46807861328125,
            "dy": 121.84640502929688,
            "timestamp": 508
        },
        {
            "dx": 183.8020477294922,
            "dy": 121.84640502929688,
            "timestamp": 508
        },
        {
            "dx": 183.135986328125,
            "dy": 121.84640502929688,
            "timestamp": 534
        },
        {
            "dx": 182.46994018554688,
            "dy": 121.18002319335938,
            "timestamp": 534
        },
        {
            "dx": 181.80389404296875,
            "dy": 120.51364135742188,
            "timestamp": 534
        },
        {
            "dx": 181.4708709716797,
            "dy": 119.84722900390625,
            "timestamp": 534
        },
        {
            "dx": 181.1378631591797,
            "dy": 118.84762573242188,
            "timestamp": 534
        },
        {
            "dx": 180.8048095703125,
            "dy": 117.51486206054688,
            "timestamp": 534
        },
        {
            "dx": 180.13876342773438,
            "dy": 116.5152587890625,
            "timestamp": 534
        },
        {
            "dx": 180.13876342773438,
            "dy": 115.18246459960938,
            "timestamp": 556
        },
        {
            "dx": 179.80575561523438,
            "dy": 113.84967041015625,
            "timestamp": 556
        },
        {
            "dx": 179.47271728515625,
            "dy": 112.18368530273438,
            "timestamp": 556
        },
        {
            "dx": 179.1396942138672,
            "dy": 110.5177001953125,
            "timestamp": 557
        },
        {
            "dx": 178.8066864013672,
            "dy": 108.51849365234375,
            "timestamp": 557
        },
        {
            "dx": 178.8066864013672,
            "dy": 106.519287109375,
            "timestamp": 557
        },
        {
            "dx": 178.4736328125,
            "dy": 104.52011108398438,
            "timestamp": 582
        },
        {
            "dx": 178.4736328125,
            "dy": 102.187744140625,
            "timestamp": 583
        },
        {
            "dx": 178.14060974121094,
            "dy": 100.18856811523438,
            "timestamp": 583
        },
        {
            "dx": 178.14060974121094,
            "dy": 97.85617065429688,
            "timestamp": 583
        },
        {
            "dx": 178.14060974121094,
            "dy": 95.52377319335938,
            "timestamp": 583
        },
        {
            "dx": 178.14060974121094,
            "dy": 93.19140625,
            "timestamp": 583
        },
        {
            "dx": 178.14060974121094,
            "dy": 90.8590087890625,
            "timestamp": 584
        },
        {
            "dx": 178.14060974121094,
            "dy": 88.19345092773438,
            "timestamp": 679
        },
        {
            "dx": 178.14060974121094,
            "dy": 85.19464111328125,
            "timestamp": 679
        },
        {
            "dx": 178.14060974121094,
            "dy": 82.529052734375,
            "timestamp": 679
        },
        {
            "dx": 178.4736328125,
            "dy": 80.19671630859375,
            "timestamp": 680
        },
        {
            "dx": 178.4736328125,
            "dy": 77.86431884765625,
            "timestamp": 680
        },
        {
            "dx": 178.8066864013672,
            "dy": 75.8651123046875,
            "timestamp": 680
        },
        {
            "dx": 178.8066864013672,
            "dy": 73.86590576171875,
            "timestamp": 680
        },
        {
            "dx": 179.1396942138672,
            "dy": 72.53314208984375,
            "timestamp": 680
        },
        {
            "dx": 179.1396942138672,
            "dy": 70.86712646484375,
            "timestamp": 680
        },
        {
            "dx": 179.47271728515625,
            "dy": 69.53436279296875,
            "timestamp": 680
        },
        {
            "dx": 179.47271728515625,
            "dy": 68.20159912109375,
            "timestamp": 680
        },
        {
            "dx": 179.47271728515625,
            "dy": 67.53515625,
            "timestamp": 680
        },
        {
            "dx": 179.47271728515625,
            "dy": 66.53558349609375,
            "timestamp": 680
        },
        {
            "dx": 179.47271728515625,
            "dy": 65.86920166015625,
            "timestamp": 680
        },
        {
            "dx": 179.47271728515625,
            "dy": 65.2027587890625,
            "timestamp": 680
        },
        {
            "dx": 179.80575561523438,
            "dy": 64.536376953125,
            "timestamp": 681
        },
        {
            "dx": 179.80575561523438,
            "dy": 63.8699951171875,
            "timestamp": 681
        },
        {
            "dx": 179.80575561523438,
            "dy": 63.53680419921875,
            "timestamp": 681
        },
        {
            "dx": 179.80575561523438,
            "dy": 63.203582763671875,
            "timestamp": 681
        },
        {
            "dx": 179.80575561523438,
            "dy": 62.87042236328125,
            "timestamp": 681
        },
        {
            "dx": 0,
            "dy": 0,
            "timestamp": 702
        },
        {
            "dx": 154.828857421875,
            "dy": 67.53515625,
            "timestamp": 904
        },
        {
            "dx": 154.16282653808594,
            "dy": 72.199951171875,
            "timestamp": 905
        },
        {
            "dx": 153.49676513671875,
            "dy": 76.19830322265625,
            "timestamp": 924
        },
        {
            "dx": 152.8307342529297,
            "dy": 79.5302734375,
            "timestamp": 924
        },
        {
            "dx": 152.4976806640625,
            "dy": 81.8626708984375,
            "timestamp": 924
        },
        {
            "dx": 152.1646728515625,
            "dy": 84.195068359375,
            "timestamp": 925
        },
        {
            "dx": 151.83164978027344,
            "dy": 86.52743530273438,
            "timestamp": 925
        },
        {
            "dx": 151.49862670898438,
            "dy": 89.19305419921875,
            "timestamp": 951
        },
        {
            "dx": 150.8325653076172,
            "dy": 93.52459716796875,
            "timestamp": 951
        },
        {
            "dx": 150.4995574951172,
            "dy": 96.8565673828125,
            "timestamp": 951
        },
        {
            "dx": 150.16650390625,
            "dy": 100.18856811523438,
            "timestamp": 951
        },
        {
            "dx": 150.16650390625,
            "dy": 102.8541259765625,
            "timestamp": 951
        },
        {
            "dx": 150.16650390625,
            "dy": 105.51971435546875,
            "timestamp": 951
        },
        {
            "dx": 150.16650390625,
            "dy": 108.185302734375,
            "timestamp": 951
        },
        {
            "dx": 149.83349609375,
            "dy": 110.5177001953125,
            "timestamp": 953
        },
        {
            "dx": 149.50047302246094,
            "dy": 112.51690673828125,
            "timestamp": 992
        },
        {
            "dx": 149.50047302246094,
            "dy": 114.8492431640625,
            "timestamp": 992
        },
        {
            "dx": 149.50047302246094,
            "dy": 116.84844970703125,
            "timestamp": 992
        },
        {
            "dx": 149.50047302246094,
            "dy": 119.18084716796875,
            "timestamp": 993
        },
        {
            "dx": 149.50047302246094,
            "dy": 121.18002319335938,
            "timestamp": 993
        },
        {
            "dx": 149.50047302246094,
            "dy": 122.84603881835938,
            "timestamp": 993
        },
        {
            "dx": 149.16744995117188,
            "dy": 124.84518432617188,
            "timestamp": 993
        },
        {
            "dx": 149.16744995117188,
            "dy": 126.177978515625,
            "timestamp": 993
        },
        {
            "dx": 149.16744995117188,
            "dy": 127.17758178710938,
            "timestamp": 993
        },
        {
            "dx": 149.16744995117188,
            "dy": 127.84396362304688,
            "timestamp": 1014
        },
        {
            "dx": 149.16744995117188,
            "dy": 128.5103759765625,
            "timestamp": 1014
        },
        {
            "dx": 149.16744995117188,
            "dy": 128.84359741210938,
            "timestamp": 1015
        },
        {
            "dx": 149.16744995117188,
            "dy": 129.50997924804688,
            "timestamp": 1015
        },
        {
            "dx": 149.16744995117188,
            "dy": 129.8431396484375,
            "timestamp": 1015
        },
        {
            "dx": 148.83441162109375,
            "dy": 130.17636108398438,
            "timestamp": 1043
        },
        {
            "dx": 148.83441162109375,
            "dy": 130.50961303710938,
            "timestamp": 1043
        },
        {
            "dx": 148.5013885498047,
            "dy": 130.50961303710938,
            "timestamp": 1043
        },
        {
            "dx": 148.1683807373047,
            "dy": 130.50961303710938,
            "timestamp": 1043
        },
        {
            "dx": 147.8353729248047,
            "dy": 130.50961303710938,
            "timestamp": 1044
        },
        {
            "dx": 147.5023193359375,
            "dy": 130.50961303710938,
            "timestamp": 1044
        },
        {
            "dx": 147.5023193359375,
            "dy": 130.84274291992188,
            "timestamp": 1070
        },
        {
            "dx": 146.83627319335938,
            "dy": 130.84274291992188,
            "timestamp": 1070
        },
        {
            "dx": 145.5041961669922,
            "dy": 131.5091552734375,
            "timestamp": 1070
        },
        {
            "dx": 143.8390350341797,
            "dy": 132.175537109375,
            "timestamp": 1070
        },
        {
            "dx": 142.50694274902344,
            "dy": 132.84197998046875,
            "timestamp": 1070
        },
        {
            "dx": 141.1748504638672,
            "dy": 133.17514038085938,
            "timestamp": 1070
        },
        {
            "dx": 139.84274291992188,
            "dy": 133.841552734375,
            "timestamp": 1071
        },
        {
            "dx": 138.8436737060547,
            "dy": 134.17474365234375,
            "timestamp": 1071
        },
        {
            "dx": 137.17855834960938,
            "dy": 134.84115600585938,
            "timestamp": 1099
        },
        {
            "dx": 135.846435546875,
            "dy": 135.17431640625,
            "timestamp": 1101
        },
        {
            "dx": 134.1813201904297,
            "dy": 135.84075927734375,
            "timestamp": 1101
        },
        {
            "dx": 132.84921264648438,
            "dy": 136.50717163085938,
            "timestamp": 1101
        },
        {
            "dx": 131.18411254882812,
            "dy": 137.5067138671875,
            "timestamp": 1103
        },
        {
            "dx": 129.5189666748047,
            "dy": 138.173095703125,
            "timestamp": 1103
        },
        {
            "dx": 127.85385131835938,
            "dy": 138.83953857421875,
            "timestamp": 1130
        },
        {
            "dx": 126.52175903320312,
            "dy": 139.17269897460938,
            "timestamp": 1130
        },
        {
            "dx": 124.85662841796875,
            "dy": 139.839111328125,
            "timestamp": 1130
        },
        {
            "dx": 123.19149780273438,
            "dy": 140.17230224609375,
            "timestamp": 1130
        },
        {
            "dx": 121.5263671875,
            "dy": 140.5054931640625,
            "timestamp": 1130
        },
        {
            "dx": 119.52822875976562,
            "dy": 140.83871459960938,
            "timestamp": 1131
        },
        {
            "dx": 117.86309814453125,
            "dy": 141.50509643554688,
            "timestamp": 1131
        },
        {
            "dx": 116.19796752929688,
            "dy": 141.83831787109375,
            "timestamp": 1131
        },
        {
            "dx": 114.1998291015625,
            "dy": 142.17147827148438,
            "timestamp": 1131
        },
        {
            "dx": 112.86772155761719,
            "dy": 142.50473022460938,
            "timestamp": 1159
        },
        {
            "dx": 111.53561401367188,
            "dy": 142.837890625,
            "timestamp": 1160
        },
        {
            "dx": 110.20352172851562,
            "dy": 143.17108154296875,
            "timestamp": 1160
        },
        {
            "dx": 108.53839111328125,
            "dy": 143.5042724609375,
            "timestamp": 1160
        },
        {
            "dx": 107.206298828125,
            "dy": 143.83749389648438,
            "timestamp": 1161
        },
        {
            "dx": 105.87419128417969,
            "dy": 144.170654296875,
            "timestamp": 1162
        },
        {
            "dx": 104.54209899902344,
            "dy": 144.170654296875,
            "timestamp": 1162
        },
        {
            "dx": 103.20999145507812,
            "dy": 144.50387573242188,
            "timestamp": 1185
        },
        {
            "dx": 101.87789916992188,
            "dy": 144.50387573242188,
            "timestamp": 1186
        },
        {
            "dx": 100.87881469726562,
            "dy": 144.50387573242188,
            "timestamp": 1186
        },
        {
            "dx": 99.87974548339844,
            "dy": 144.83709716796875,
            "timestamp": 1186
        },
        {
            "dx": 98.54763793945312,
            "dy": 144.83709716796875,
            "timestamp": 1186
        },
        {
            "dx": 97.54856872558594,
            "dy": 144.83709716796875,
            "timestamp": 1186
        },
        {
            "dx": 96.21647644042969,
            "dy": 144.83709716796875,
            "timestamp": 1186
        },
        {
            "dx": 95.21739196777344,
            "dy": 144.83709716796875,
            "timestamp": 1186
        },
        {
            "dx": 93.88529968261719,
            "dy": 145.17025756835938,
            "timestamp": 1213
        },
        {
            "dx": 92.88622283935547,
            "dy": 145.17025756835938,
            "timestamp": 1213
        },
        {
            "dx": 91.88714599609375,
            "dy": 145.17025756835938,
            "timestamp": 1213
        },
        {
            "dx": 90.8880844116211,
            "dy": 145.17025756835938,
            "timestamp": 1214
        },
        {
            "dx": 90.22201538085938,
            "dy": 145.50350952148438,
            "timestamp": 1214
        },
        {
            "dx": 89.55596923828125,
            "dy": 145.50350952148438,
            "timestamp": 1214
        },
        {
            "dx": 88.5569076538086,
            "dy": 145.50350952148438,
            "timestamp": 1214
        },
        {
            "dx": 87.89083862304688,
            "dy": 145.836669921875,
            "timestamp": 1245
        },
        {
            "dx": 87.22479248046875,
            "dy": 145.836669921875,
            "timestamp": 1246
        },
        {
            "dx": 86.55874633789062,
            "dy": 146.16986083984375,
            "timestamp": 1246
        },
        {
            "dx": 85.89269256591797,
            "dy": 146.16986083984375,
            "timestamp": 1246
        },
        {
            "dx": 84.89361572265625,
            "dy": 146.16986083984375,
            "timestamp": 1246
        },
        {
            "dx": 84.56059265136719,
            "dy": 146.5030517578125,
            "timestamp": 1246
        },
        {
            "dx": 84.22756958007812,
            "dy": 146.5030517578125,
            "timestamp": 1246
        },
        {
            "dx": 83.8945541381836,
            "dy": 146.5030517578125,
            "timestamp": 1246
        },
        {
            "dx": 83.56151580810547,
            "dy": 146.5030517578125,
            "timestamp": 1246
        },
        {
            "dx": 83.22850036621094,
            "dy": 146.5030517578125,
            "timestamp": 1274
        },
        {
            "dx": 82.89546966552734,
            "dy": 146.5030517578125,
            "timestamp": 1274
        },
        {
            "dx": 82.89546966552734,
            "dy": 145.50350952148438,
            "timestamp": 1274
        },
        {
            "dx": 82.89546966552734,
            "dy": 144.50387573242188,
            "timestamp": 1274
        },
        {
            "dx": 82.89546966552734,
            "dy": 143.5042724609375,
            "timestamp": 1275
        },
        {
            "dx": 83.56151580810547,
            "dy": 141.83831787109375,
            "timestamp": 1275
        },
        {
            "dx": 83.56151580810547,
            "dy": 141.50509643554688,
            "timestamp": 1275
        },
        {
            "dx": 83.56151580810547,
            "dy": 141.83831787109375,
            "timestamp": 1302
        },
        {
            "dx": 0,
            "dy": 0,
            "timestamp": 1303
        },
        {
            "dx": 186.4662322998047,
            "dy": 38.880126953125,
            "timestamp": 1507
        },
        {
            "dx": 183.4690399169922,
            "dy": 41.2125244140625,
            "timestamp": 1507
        },
        {
            "dx": 181.1378631591797,
            "dy": 43.21173095703125,
            "timestamp": 1532
        },
        {
            "dx": 178.4736328125,
            "dy": 45.54412841796875,
            "timestamp": 1532
        },
        {
            "dx": 175.80943298339844,
            "dy": 47.54327392578125,
            "timestamp": 1532
        },
        {
            "dx": 173.478271484375,
            "dy": 49.20928955078125,
            "timestamp": 1533
        },
        {
            "dx": 171.1470947265625,
            "dy": 50.87530517578125,
            "timestamp": 1533
        },
        {
            "dx": 167.1508026123047,
            "dy": 53.87408447265625,
            "timestamp": 1533
        },
        {
            "dx": 164.153564453125,
            "dy": 56.2064208984375,
            "timestamp": 1564
        },
        {
            "dx": 161.48936462402344,
            "dy": 57.8724365234375,
            "timestamp": 1565
        },
        {
            "dx": 159.15818786621094,
            "dy": 60.204803466796875,
            "timestamp": 1565
        },
        {
            "dx": 157.4930877685547,
            "dy": 61.87078857421875,
            "timestamp": 1565
        },
        {
            "dx": 155.4949188232422,
            "dy": 63.8699951171875,
            "timestamp": 1565
        },
        {
            "dx": 153.49676513671875,
            "dy": 65.53598022460938,
            "timestamp": 1565
        },
        {
            "dx": 151.49862670898438,
            "dy": 66.8687744140625,
            "timestamp": 1565
        },
        {
            "dx": 149.83349609375,
            "dy": 68.20159912109375,
            "timestamp": 1565
        },
        {
            "dx": 148.1683807373047,
            "dy": 69.53436279296875,
            "timestamp": 1565
        },
        {
            "dx": 146.83627319335938,
            "dy": 71.20037841796875,
            "timestamp": 1594
        },
        {
            "dx": 145.171142578125,
            "dy": 72.53314208984375,
            "timestamp": 1594
        },
        {
            "dx": 144.17205810546875,
            "dy": 73.86590576171875,
            "timestamp": 1594
        },
        {
            "dx": 142.8399658203125,
            "dy": 75.19873046875,
            "timestamp": 1594
        },
        {
            "dx": 141.84088134765625,
            "dy": 76.531494140625,
            "timestamp": 1594
        },
        {
            "dx": 141.1748504638672,
            "dy": 77.86431884765625,
            "timestamp": 1594
        },
        {
            "dx": 140.17576599121094,
            "dy": 78.53070068359375,
            "timestamp": 1594
        },
        {
            "dx": 139.50973510742188,
            "dy": 79.5302734375,
            "timestamp": 1594
        },
        {
            "dx": 139.17669677734375,
            "dy": 80.52987670898438,
            "timestamp": 1620
        },
        {
            "dx": 138.8436737060547,
            "dy": 81.1962890625,
            "timestamp": 1621
        },
        {
            "dx": 138.8436737060547,
            "dy": 81.8626708984375,
            "timestamp": 1621
        },
        {
            "dx": 0,
            "dy": 0,
            "timestamp": 1647
        },
        {
            "dx": 222.43295288085938,
            "dy": 57.206024169921875,
            "timestamp": 1893
        },
        {
            "dx": 225.76318359375,
            "dy": 56.539642333984375,
            "timestamp": 1893
        },
        {
            "dx": 228.76043701171875,
            "dy": 56.2064208984375,
            "timestamp": 1893
        },
        {
            "dx": 231.09161376953125,
            "dy": 55.87322998046875,
            "timestamp": 1893
        },
        {
            "dx": 233.08978271484375,
            "dy": 55.20684814453125,
            "timestamp": 1927
        },
        {
            "dx": 235.4208984375,
            "dy": 54.8736572265625,
            "timestamp": 1927
        },
        {
            "dx": 238.75115966796875,
            "dy": 54.207244873046875,
            "timestamp": 1928
        },
        {
            "dx": 241.41537475585938,
            "dy": 53.2076416015625,
            "timestamp": 1928
        },
        {
            "dx": 243.41351318359375,
            "dy": 52.87445068359375,
            "timestamp": 1928
        },
        {
            "dx": 245.07867431640625,
            "dy": 52.541259765625,
            "timestamp": 1928
        },
        {
            "dx": 246.7437744140625,
            "dy": 52.20806884765625,
            "timestamp": 1928
        },
        {
            "dx": 247.0767822265625,
            "dy": 51.8748779296875,
            "timestamp": 1928
        },
        {
            "dx": 0,
            "dy": 0,
            "timestamp": 1962
        },
        {
            "dx": 233.75579833984375,
            "dy": 39.54656982421875,
            "timestamp": 2127
        },
        {
            "dx": 236.08697509765625,
            "dy": 39.54656982421875,
            "timestamp": 2160
        },
        {
            "dx": 238.75115966796875,
            "dy": 39.54656982421875,
            "timestamp": 2160
        },
        {
            "dx": 241.08233642578125,
            "dy": 39.54656982421875,
            "timestamp": 2160
        },
        {
            "dx": 242.74749755859375,
            "dy": 39.54656982421875,
            "timestamp": 2161
        },
        {
            "dx": 244.41259765625,
            "dy": 39.54656982421875,
            "timestamp": 2161
        },
        {
            "dx": 0,
            "dy": 0,
            "timestamp": 2195
        },
        {
            "dx": 210.44403076171875,
            "dy": 83.19549560546875,
            "timestamp": 2529
        },
        {
            "dx": 210.44403076171875,
            "dy": 87.19384765625,
            "timestamp": 2529
        },
        {
            "dx": 210.1110076904297,
            "dy": 89.52621459960938,
            "timestamp": 2529
        },
        {
            "dx": 210.1110076904297,
            "dy": 90.192626953125,
            "timestamp": 2530
        },
        {
            "dx": 210.1110076904297,
            "dy": 89.85943603515625,
            "timestamp": 2562
        },
        {
            "dx": 0,
            "dy": 0,
            "timestamp": 2563
        }
    ]
]