[
    [
        {
            "dx": 234.3998565673828,
            "dy": 81.12713623046875,
            "timestamp": 0
        },
        {
            "dx": 233.52735900878906,
            "dy": 84.90908813476562,
            "timestamp": 1
        },
        {
            "dx": 232.6544952392578,
            "dy": 88.43643188476562,
            "timestamp": 2
        },
        {
            "dx": 231.30894470214844,
            "dy": 91.92724609375,
            "timestamp": 3
        },
        {
            "dx": 230.4364776611328,
            "dy": 94.87286376953125,
            "timestamp": 34
        },
        {
            "dx": 229.19993591308594,
            "dy": 97.8909912109375,
            "timestamp": 34
        },
        {
            "dx": 226.9818878173828,
            "dy": 101.09091186523438,
            "timestamp": 34
        },
        {
            "dx": 225.3455352783203,
            "dy": 103.63638305664062,
            "timestamp": 34
        },
        {
            "dx": 223.89097595214844,
            "dy": 105.74539184570312,
            "timestamp": 34
        },
        {
            "dx": 222.5454559326172,
            "dy": 107.60015869140625,
            "timestamp": 34
        },
        {
            "dx": 221.3817901611328,
            "dy": 108.98193359375,
            "timestamp": 34
        },
        {
            "dx": 220.5454559326172,
            "dy": 110.32742309570312,
            "timestamp": 35
        },
        {
            "dx": 219.67259216308594,
            "dy": 111.4183349609375,
            "timestamp": 36
        },
        {
            "dx": 218.69105529785156,
            "dy": 112.29083251953125,
            "timestamp": 58
        },
        {
            "dx": 217.63636779785156,
            "dy": 112.98193359375,
            "timestamp": 59
        },
        {
            "dx": 216.5092315673828,
            "dy": 113.45458984375,
            "timestamp": 59
        },
        {
            "dx": 215.3455352783203,
            "dy": 113.92724609375,
            "timestamp": 59
        },
        {
            "dx": 214.2908477783203,
            "dy": 114.14559936523438,
            "timestamp": 59
        },
        {
            "dx": 213.2365264892578,
            "dy": 114.32742309570312,
            "timestamp": 59
        },
        {
            "dx": 212.83628845214844,
            "dy": 114.32742309570312,
            "timestamp": 78
        },
        {
            "dx": 212.4364776611328,
            "dy": 114.32742309570312,
            "timestamp": 78
        },
        {
            "dx": 211.78196716308594,
            "dy": 114.32742309570312,
            "timestamp": 78
        },
        {
            "dx": 210.14561462402344,
            "dy": 113.92724609375,
            "timestamp": 78
        },
        {
            "dx": 208.5092315673828,
            "dy": 113.34552001953125,
            "timestamp": 96
        },
        {
            "dx": 207.0546875,
            "dy": 112.69107055664062,
            "timestamp": 96
        },
        {
            "dx": 205.6001434326172,
            "dy": 112,
            "timestamp": 96
        },
        {
            "dx": 204.5454559326172,
            "dy": 111.4183349609375,
            "timestamp": 96
        },
        {
            "dx": 203.41835021972656,
            "dy": 110.727294921875,
            "timestamp": 97
        },
        {
            "dx": 202.32742309570312,
            "dy": 110.03622436523438,
            "timestamp": 115
        },
        {
            "dx": 201.67259216308594,
            "dy": 109.56356811523438,
            "timestamp": 116
        },
        {
            "dx": 201.19993591308594,
            "dy": 109.27273559570312,
            "timestamp": 116
        },
        {
            "dx": 200.90911865234375,
            "dy": 108.98193359375,
            "timestamp": 116
        },
        {
            "dx": 200.61825561523438,
            "dy": 108.76348876953125,
            "timestamp": 116
        },
        {
            "dx": 200.32742309570312,
            "dy": 108.58169555664062,
            "timestamp": 134
        },
        {
            "dx": 200.03622436523438,
            "dy": 108.39990234375,
            "timestamp": 134
        },
        {
            "dx": 199.74539184570312,
            "dy": 108.18182373046875,
            "timestamp": 134
        },
        {
            "dx": 199.4545440673828,
            "dy": 108,
            "timestamp": 134
        },
        {
            "dx": 199.3455352783203,
            "dy": 108,
            "timestamp": 165
        },
        {
            "dx": 199.16371154785156,
            "dy": 108.10903930664062,
            "timestamp": 186
        },
        {
            "dx": 198.8728790283203,
            "dy": 108.29083251953125,
            "timestamp": 187
        },
        {
            "dx": 198.58168029785156,
            "dy": 108.47265625,
            "timestamp": 187
        },
        {
            "dx": 197.63636779785156,
            "dy": 109.16372680664062,
            "timestamp": 187
        },
        {
            "dx": 197.0546875,
            "dy": 109.85440063476562,
            "timestamp": 187
        },
        {
            "dx": 196.47265625,
            "dy": 110.54547119140625,
            "timestamp": 209
        },
        {
            "dx": 195.89100646972656,
            "dy": 111.12713623046875,
            "timestamp": 209
        },
        {
            "dx": 195.41835021972656,
            "dy": 111.49078369140625,
            "timestamp": 209
        },
        {
            "dx": 194.65447998046875,
            "dy": 112,
            "timestamp": 209
        },
        {
            "dx": 193.89100646972656,
            "dy": 112.39990234375,
            "timestamp": 209
        },
        {
            "dx": 193.09091186523438,
            "dy": 112.76348876953125,
            "timestamp": 233
        },
        {
            "dx": 192.32742309570312,
            "dy": 113.0546875,
            "timestamp": 233
        },
        {
            "dx": 191.4545440673828,
            "dy": 113.16372680664062,
            "timestamp": 233
        },
        {
            "dx": 190.5092315673828,
            "dy": 113.34552001953125,
            "timestamp": 233
        },
        {
            "dx": 189.52734375,
            "dy": 113.45458984375,
            "timestamp": 233
        },
        {
            "dx": 188.47265625,
            "dy": 113.45458984375,
            "timestamp": 234
        },
        {
            "dx": 187.41835021972656,
            "dy": 113.45458984375,
            "timestamp": 252
        },
        {
            "dx": 186.47265625,
            "dy": 113.45458984375,
            "timestamp": 253
        },
        {
            "dx": 184.5454559326172,
            "dy": 113.27273559570312,
            "timestamp": 253
        },
        {
            "dx": 182.80007934570312,
            "dy": 112.87286376953125,
            "timestamp": 253
        },
        {
            "dx": 180.69105529785156,
            "dy": 112.29083251953125,
            "timestamp": 253
        },
        {
            "dx": 179.0546875,
            "dy": 111.70916748046875,
            "timestamp": 272
        },
        {
            "dx": 177.52734375,
            "dy": 111.3089599609375,
            "timestamp": 273
        },
        {
            "dx": 175.96380615234375,
            "dy": 110.90908813476562,
            "timestamp": 273
        },
        {
            "dx": 174.61825561523438,
            "dy": 110.54547119140625,
            "timestamp": 273
        },
        {
            "dx": 173.38177490234375,
            "dy": 110.14559936523438,
            "timestamp": 273
        },
        {
            "dx": 172.21804809570312,
            "dy": 109.85440063476562,
            "timestamp": 293
        },
        {
            "dx": 171.3455352783203,
            "dy": 109.672607421875,
            "timestamp": 293
        },
        {
            "dx": 170.47265625,
            "dy": 109.45458984375,
            "timestamp": 293
        },
        {
            "dx": 169.63636779785156,
            "dy": 109.16372680664062,
            "timestamp": 293
        },
        {
            "dx": 168.7635040283203,
            "dy": 108.98193359375,
            "timestamp": 293
        },
        {
            "dx": 167.89100646972656,
            "dy": 108.76348876953125,
            "timestamp": 313
        },
        {
            "dx": 167.0181121826172,
            "dy": 108.69107055664062,
            "timestamp": 313
        },
        {
            "dx": 166.14559936523438,
            "dy": 108.58169555664062,
            "timestamp": 313
        },
        {
            "dx": 165.30897521972656,
            "dy": 108.58169555664062,
            "timestamp": 313
        },
        {
            "dx": 164.43646240234375,
            "dy": 108.58169555664062,
            "timestamp": 313
        },
        {
            "dx": 163.67259216308594,
            "dy": 108.69107055664062,
            "timestamp": 329
        },
        {
            "dx": 162.3998565673828,
            "dy": 108.87286376953125,
            "timestamp": 330
        },
        {
            "dx": 160.7635040283203,
            "dy": 109.38174438476562,
            "timestamp": 330
        },
        {
            "dx": 158.7635040283203,
            "dy": 110.03622436523438,
            "timestamp": 330
        },
        {
            "dx": 156.83631896972656,
            "dy": 110.8363037109375,
            "timestamp": 345
        },
        {
            "dx": 154.69105529785156,
            "dy": 111.8909912109375,
            "timestamp": 346
        },
        {
            "dx": 152.69105529785156,
            "dy": 113.16372680664062,
            "timestamp": 346
        },
        {
            "dx": 150.47265625,
            "dy": 114.50927734375,
            "timestamp": 346
        },
        {
            "dx": 148.47265625,
            "dy": 116,
            "timestamp": 360
        },
        {
            "dx": 146.43643188476562,
            "dy": 117.45458984375,
            "timestamp": 361
        },
        {
            "dx": 144.14559936523438,
            "dy": 119.49078369140625,
            "timestamp": 361
        },
        {
            "dx": 141.9272003173828,
            "dy": 121.45458984375,
            "timestamp": 361
        },
        {
            "dx": 139.52734375,
            "dy": 123.38174438476562,
            "timestamp": 375
        },
        {
            "dx": 137.3455352783203,
            "dy": 125.4183349609375,
            "timestamp": 375
        },
        {
            "dx": 135.2365264892578,
            "dy": 127.56356811523438,
            "timestamp": 376
        },
        {
            "dx": 133.0181121826172,
            "dy": 130.21804809570312,
            "timestamp": 390
        },
        {
            "dx": 130.61825561523438,
            "dy": 132.727294921875,
            "timestamp": 390
        },
        {
            "dx": 128.5092315673828,
            "dy": 135.27273559570312,
            "timestamp": 390
        },
        {
            "dx": 126.69105529785156,
            "dy": 137.781982421875,
            "timestamp": 390
        },
        {
            "dx": 124.76350402832031,
            "dy": 140.21804809570312,
            "timestamp": 405
        },
        {
            "dx": 122.9453125,
            "dy": 142.65447998046875,
            "timestamp": 406
        },
        {
            "dx": 121.23652648925781,
            "dy": 145.09091186523438,
            "timestamp": 406
        },
        {
            "dx": 119.781982421875,
            "dy": 147.52734375,
            "timestamp": 406
        },
        {
            "dx": 118.43643188476562,
            "dy": 149.96377563476562,
            "timestamp": 420
        },
        {
            "dx": 117.3089599609375,
            "dy": 152.21804809570312,
            "timestamp": 421
        },
        {
            "dx": 116.32742309570312,
            "dy": 154.43643188476562,
            "timestamp": 421
        },
        {
            "dx": 115.67259216308594,
            "dy": 156.80007934570312,
            "timestamp": 435
        },
        {
            "dx": 115.19993591308594,
            "dy": 158.8363037109375,
            "timestamp": 435
        },
        {
            "dx": 114.80007934570312,
            "dy": 160.76351928710938,
            "timestamp": 435
        },
        {
            "dx": 114.21804809570312,
            "dy": 162.54550170898438,
            "timestamp": 435
        },
        {
            "dx": 114.21804809570312,
            "dy": 164.07284545898438,
            "timestamp": 451
        },
        {
            "dx": 114.21804809570312,
            "dy": 165.56356811523438,
            "timestamp": 451
        },
        {
            "dx": 114.21804809570312,
            "dy": 166.80007934570312,
            "timestamp": 451
        },
        {
            "dx": 114.21804809570312,
            "dy": 166.90908813476562,
            "timestamp": 451
        },
        {
            "dx": 114.32742309570312,
            "dy": 167.199951171875,
            "timestamp": 466
        },
        {
            "dx": 114.61825561523438,
            "dy": 167.781982421875,
            "timestamp": 466
        },
        {
            "dx": 114.98188781738281,
            "dy": 168.58169555664062,
            "timestamp": 466
        },
        {
            "dx": 115.85440063476562,
            "dy": 169.74539184570312,
            "timestamp": 483
        },
        {
            "dx": 116.727294921875,
            "dy": 170.80007934570312,
            "timestamp": 483
        },
        {
            "dx": 117.85440063476562,
            "dy": 171.8909912109375,
            "timestamp": 483
        },
        {
            "dx": 119.12715148925781,
            "dy": 172.8363037109375,
            "timestamp": 483
        },
        {
            "dx": 120.8363037109375,
            "dy": 174.03622436523438,
            "timestamp": 483
        },
        {
            "dx": 122.58168029785156,
            "dy": 175.09091186523438,
            "timestamp": 499
        },
        {
            "dx": 124.29084777832031,
            "dy": 176.07284545898438,
            "timestamp": 500
        },
        {
            "dx": 126.58168029785156,
            "dy": 177.0546875,
            "timestamp": 500
        },
        {
            "dx": 128.80007934570312,
            "dy": 177.92721557617188,
            "timestamp": 500
        },
        {
            "dx": 131.0181121826172,
            "dy": 178.80007934570312,
            "timestamp": 516
        },
        {
            "dx": 133.1271514892578,
            "dy": 179.672607421875,
            "timestamp": 516
        },
        {
            "dx": 135.2365264892578,
            "dy": 180.43643188476562,
            "timestamp": 516
        },
        {
            "dx": 137.2365264892578,
            "dy": 181.23651123046875,
            "timestamp": 516
        },
        {
            "dx": 140.21804809570312,
            "dy": 182.2908935546875,
            "timestamp": 533
        },
        {
            "dx": 143.38174438476562,
            "dy": 183.74539184570312,
            "timestamp": 534
        },
        {
            "dx": 146.61825561523438,
            "dy": 185.199951171875,
            "timestamp": 534
        },
        {
            "dx": 149.41835021972656,
            "dy": 186.69107055664062,
            "timestamp": 534
        },
        {
            "dx": 151.63636779785156,
            "dy": 188.21804809570312,
            "timestamp": 550
        },
        {
            "dx": 153.74539184570312,
            "dy": 189.8909912109375,
            "timestamp": 551
        },
        {
            "dx": 155.56356811523438,
            "dy": 191.85440063476562,
            "timestamp": 551
        },
        {
            "dx": 157.70916748046875,
            "dy": 194.18182373046875,
            "timestamp": 551
        },
        {
            "dx": 159.6001434326172,
            "dy": 196.61825561523438,
            "timestamp": 566
        },
        {
            "dx": 161.3455352783203,
            "dy": 199.12713623046875,
            "timestamp": 566
        },
        {
            "dx": 162.69105529785156,
            "dy": 201.672607421875,
            "timestamp": 566
        },
        {
            "dx": 163.74539184570312,
            "dy": 204.21804809570312,
            "timestamp": 567
        },
        {
            "dx": 164.5092315673828,
            "dy": 206.727294921875,
            "timestamp": 583
        },
        {
            "dx": 165.19993591308594,
            "dy": 209.45455932617188,
            "timestamp": 583
        },
        {
            "dx": 165.85443115234375,
            "dy": 212.39987182617188,
            "timestamp": 584
        },
        {
            "dx": 166.5454559326172,
            "dy": 215.781982421875,
            "timestamp": 584
        },
        {
            "dx": 166.65447998046875,
            "dy": 219.3089599609375,
            "timestamp": 600
        },
        {
            "dx": 166.5454559326172,
            "dy": 222.61825561523438,
            "timestamp": 600
        },
        {
            "dx": 166.36366271972656,
            "dy": 225.12713623046875,
            "timestamp": 600
        },
        {
            "dx": 165.67259216308594,
            "dy": 228.3636474609375,
            "timestamp": 600
        },
        {
            "dx": 164.90911865234375,
            "dy": 231.45455932617188,
            "timestamp": 616
        },
        {
            "dx": 163.74539184570312,
            "dy": 234.7635498046875,
            "timestamp": 617
        },
        {
            "dx": 162.69105529785156,
            "dy": 238.07281494140625,
            "timestamp": 617
        },
        {
            "dx": 161.16371154785156,
            "dy": 241.4183349609375,
            "timestamp": 617
        },
        {
            "dx": 159.41835021972656,
            "dy": 244.50924682617188,
            "timestamp": 633
        },
        {
            "dx": 157.19993591308594,
            "dy": 247.0546875,
            "timestamp": 633
        },
        {
            "dx": 154.90908813476562,
            "dy": 249.49078369140625,
            "timestamp": 633
        },
        {
            "dx": 152,
            "dy": 251.8182373046875,
            "timestamp": 633
        },
        {
            "dx": 149.30897521972656,
            "dy": 254.07281494140625,
            "timestamp": 650
        },
        {
            "dx": 146.43643188476562,
            "dy": 255.92721557617188,
            "timestamp": 650
        },
        {
            "dx": 143.67259216308594,
            "dy": 257.5635681152344,
            "timestamp": 650
        },
        {
            "dx": 140.8728790283203,
            "dy": 258.9453125,
            "timestamp": 650
        },
        {
            "dx": 138.58168029785156,
            "dy": 260,
            "timestamp": 668
        },
        {
            "dx": 136.0727996826172,
            "dy": 260.9819030761719,
            "timestamp": 668
        },
        {
            "dx": 132.3636474609375,
            "dy": 262.1455993652344,
            "timestamp": 668
        },
        {
            "dx": 128.80007934570312,
            "dy": 263.3089599609375,
            "timestamp": 668
        },
        {
            "dx": 124.98188781738281,
            "dy": 264.18182373046875,
            "timestamp": 668
        },
        {
            "dx": 121.3089599609375,
            "dy": 264.7635498046875,
            "timestamp": 685
        },
        {
            "dx": 117.781982421875,
            "dy": 265.2727355957031,
            "timestamp": 685
        },
        {
            "dx": 114.32742309570312,
            "dy": 265.5635681152344,
            "timestamp": 685
        },
        {
            "dx": 111.52734375,
            "dy": 265.7453918457031,
            "timestamp": 685
        },
        {
            "dx": 108.65449523925781,
            "dy": 265.8544616699219,
            "timestamp": 701
        },
        {
            "dx": 105.60014343261719,
            "dy": 265.8544616699219,
            "timestamp": 702
        },
        {
            "dx": 102.03622436523438,
            "dy": 265.7453918457031,
            "timestamp": 702
        },
        {
            "dx": 98.69105529785156,
            "dy": 265.4545593261719,
            "timestamp": 702
        },
        {
            "dx": 95.63636779785156,
            "dy": 265.0546875,
            "timestamp": 718
        },
        {
            "dx": 92.65449523925781,
            "dy": 264.3636474609375,
            "timestamp": 718
        },
        {
            "dx": 89.89097595214844,
            "dy": 263.70916748046875,
            "timestamp": 718
        },
        {
            "dx": 87.19993591308594,
            "dy": 262.9091491699219,
            "timestamp": 718
        },
        {
            "dx": 84.21804809570312,
            "dy": 262.1455993652344,
            "timestamp": 735
        },
        {
            "dx": 81.45454406738281,
            "dy": 261.2727355957031,
            "timestamp": 735
        },
        {
            "dx": 78.83629608154297,
            "dy": 260.3998718261719,
            "timestamp": 735
        },
        {
            "dx": 76.14559936523438,
            "dy": 259.4183349609375,
            "timestamp": 736
        },
        {
            "dx": 73.7819595336914,
            "dy": 258.3274230957031,
            "timestamp": 752
        },
        {
            "dx": 71.56356811523438,
            "dy": 257.0909118652344,
            "timestamp": 752
        },
        {
            "dx": 69.56356811523438,
            "dy": 255.92721557617188,
            "timestamp": 752
        },
        {
            "dx": 67.63636779785156,
            "dy": 254.65447998046875,
            "timestamp": 752
        },
        {
            "dx": 66,
            "dy": 253.199951171875,
            "timestamp": 769
        },
        {
            "dx": 64.36363983154297,
            "dy": 251.70916748046875,
            "timestamp": 769
        },
        {
            "dx": 62.83629608154297,
            "dy": 250.18182373046875,
            "timestamp": 769
        },
        {
            "dx": 61.49076843261719,
            "dy": 248.50924682617188,
            "timestamp": 769
        },
        {
            "dx": 60.254615783691406,
            "dy": 246.8363037109375,
            "timestamp": 787
        },
        {
            "dx": 58.618255615234375,
            "dy": 244.80007934570312,
            "timestamp": 787
        },
        {
            "dx": 56.98188781738281,
            "dy": 242.47265625,
            "timestamp": 787
        },
        {
            "dx": 55.563568115234375,
            "dy": 240.14559936523438,
            "timestamp": 787
        },
        {
            "dx": 54.39985656738281,
            "dy": 237.49078369140625,
            "timestamp": 787
        },
        {
            "dx": 53.52734375,
            "dy": 234.69107055664062,
            "timestamp": 807
        },
        {
            "dx": 52.69105529785156,
            "dy": 231.45455932617188,
            "timestamp": 807
        },
        {
            "dx": 52,
            "dy": 228.14559936523438,
            "timestamp": 807
        },
        {
            "dx": 51.23650360107422,
            "dy": 224.3636474609375,
            "timestamp": 807
        },
        {
            "dx": 50.9453125,
            "dy": 220.18182373046875,
            "timestamp": 807
        },
        {
            "dx": 50.9453125,
            "dy": 215.60015869140625,
            "timestamp": 823
        },
        {
            "dx": 51.0546875,
            "dy": 209.85440063476562,
            "timestamp": 823
        },
        {
            "dx": 52,
            "dy": 202.8363037109375,
            "timestamp": 823
        },
        {
            "dx": 54.29084014892578,
            "dy": 195.0546875,
            "timestamp": 823
        },
        {
            "dx": 56.39985656738281,
            "dy": 187.63638305664062,
            "timestamp": 839
        },
        {
            "dx": 57.96379089355469,
            "dy": 180.65447998046875,
            "timestamp": 840
        },
        {
            "dx": 59.85441589355469,
            "dy": 174.10903930664062,
            "timestamp": 840
        },
        {
            "dx": 61.781959533691406,
            "dy": 168.29086303710938,
            "timestamp": 840
        },
        {
            "dx": 0,
            "dy": 0,
            "timestamp": 855
        },
        {
            "dx": 175.6001434326172,
            "dy": 81.4183349609375,
            "timestamp": 1136
        },
        {
            "dx": 176.9453125,
            "dy": 81.8909912109375,
            "timestamp": 1137
        },
        {
            "dx": 178.47265625,
            "dy": 82.29083251953125,
            "timestamp": 1182
        },
        {
            "dx": 180.3998565673828,
            "dy": 82.58169555664062,
            "timestamp": 1182
        },
        {
            "dx": 182.21804809570312,
            "dy": 82.87286376953125,
            "timestamp": 1182
        },
        {
            "dx": 184.65447998046875,
            "dy": 82.98193359375,
            "timestamp": 1182
        },
        {
            "dx": 187.0546875,
            "dy": 82.98193359375,
            "timestamp": 1182
        },
        {
            "dx": 188.47265625,
            "dy": 82.80007934570312,
            "timestamp": 1182
        },
        {
            "dx": 190.69105529785156,
            "dy": 82.39990234375,
            "timestamp": 1182
        },
        {
            "dx": 192.90911865234375,
            "dy": 81.8909912109375,
            "timestamp": 1183
        },
        {
            "dx": 195.52734375,
            "dy": 81.3089599609375,
            "timestamp": 1183
        },
        {
            "dx": 197.70916748046875,
            "dy": 80.43643188476562,
            "timestamp": 1183
        },
        {
            "dx": 199.74539184570312,
            "dy": 79.74539184570312,
            "timestamp": 1183
        },
        {
            "dx": 201.4907684326172,
            "dy": 78.98193359375,
            "timestamp": 1183
        },
        {
            "dx": 203.0181121826172,
            "dy": 78.21804809570312,
            "timestamp": 1215
        },
        {
            "dx": 204.36366271972656,
            "dy": 77.34552001953125,
            "timestamp": 1215
        },
        {
            "dx": 205.6001434326172,
            "dy": 76.54547119140625,
            "timestamp": 1215
        },
        {
            "dx": 206.7635040283203,
            "dy": 75.781982421875,
            "timestamp": 1215
        },
        {
            "dx": 207.52734375,
            "dy": 75.27273559570312,
            "timestamp": 1215
        },
        {
            "dx": 208.21804809570312,
            "dy": 74.90908813476562,
            "timestamp": 1215
        },
        {
            "dx": 208.5092315673828,
            "dy": 74.61825561523438,
            "timestamp": 1215
        },
        {
            "dx": 208.80007934570312,
            "dy": 74.39990234375,
            "timestamp": 1216
        },
        {
            "dx": 209.09091186523438,
            "dy": 74.21804809570312,
            "timestamp": 1245
        },
        {
            "dx": 209.38177490234375,
            "dy": 74.03622436523438,
            "timestamp": 1246
        },
        {
            "dx": 209.67259216308594,
            "dy": 73.81817626953125,
            "timestamp": 1246
        },
        {
            "dx": 210.03623962402344,
            "dy": 73.70916748046875,
            "timestamp": 1246
        },
        {
            "dx": 210.32740783691406,
            "dy": 73.70916748046875,
            "timestamp": 1246
        },
        {
            "dx": 210.4364776611328,
            "dy": 73.70916748046875,
            "timestamp": 1246
        },
        {
            "dx": 210.5092315673828,
            "dy": 73.81817626953125,
            "timestamp": 1272
        },
        {
            "dx": 210.61827087402344,
            "dy": 73.92724609375,
            "timestamp": 1297
        },
        {
            "dx": 211.0181121826172,
            "dy": 74.21804809570312,
            "timestamp": 1298
        },
        {
            "dx": 211.4907684326172,
            "dy": 74.61825561523438,
            "timestamp": 1298
        },
        {
            "dx": 212.0727996826172,
            "dy": 75.09091186523438,
            "timestamp": 1298
        },
        {
            "dx": 212.94532775878906,
            "dy": 75.56356811523438,
            "timestamp": 1298
        },
        {
            "dx": 214.00001525878906,
            "dy": 76.07281494140625,
            "timestamp": 1298
        },
        {
            "dx": 215.2365264892578,
            "dy": 76.65447998046875,
            "timestamp": 1324
        },
        {
            "dx": 217.16371154785156,
            "dy": 77.23651123046875,
            "timestamp": 1324
        },
        {
            "dx": 219.27272033691406,
            "dy": 77.70916748046875,
            "timestamp": 1324
        },
        {
            "dx": 221.19993591308594,
            "dy": 78.21804809570312,
            "timestamp": 1325
        },
        {
            "dx": 222.94532775878906,
            "dy": 78.39990234375,
            "timestamp": 1325
        },
        {
            "dx": 0,
            "dy": 0,
            "timestamp": 1326
        },
        {
            "dx": 201.67259216308594,
            "dy": 52.69105529785156,
            "timestamp": 1525
        },
        {
            "dx": 203.78196716308594,
            "dy": 55.23651123046875,
            "timestamp": 1525
        },
        {
            "dx": 0,
            "dy": 0,
            "timestamp": 1526
        }
    ],
    [
        {
            "dx": 234.42184448242188,
            "dy": 54.207244873046875,
            "timestamp": 0
        },
        {
            "dx": 233.08978271484375,
            "dy": 56.539642333984375,
            "timestamp": 0
        },
        {
            "dx": 232.09066772460938,
            "dy": 58.20562744140625,
            "timestamp": 0
        },
        {
            "dx": 231.42462158203125,
            "dy": 59.538421630859375,
            "timestamp": 0
        },
        {
            "dx": 230.75860595703125,
            "dy": 60.8712158203125,
            "timestamp": 0
        },
        {
            "dx": 230.092529296875,
            "dy": 62.2039794921875,
            "timestamp": 28
        },
        {
            "dx": 229.42645263671875,
            "dy": 63.203582763671875,
            "timestamp": 28
        },
        {
            "dx": 227.7613525390625,
            "dy": 65.2027587890625,
            "timestamp": 28
        },
        {
            "dx": 226.76226806640625,
            "dy": 66.53558349609375,
            "timestamp": 28
        },
        {
            "dx": 226.09625244140625,
            "dy": 67.53515625,
            "timestamp": 28
        },
        {
            "dx": 225.76318359375,
            "dy": 68.20159912109375,
            "timestamp": 28
        },
        {
            "dx": 225.09713745117188,
            "dy": 68.86798095703125,
            "timestamp": 28
        },
        {
            "dx": 224.76409912109375,
            "dy": 69.201171875,
            "timestamp": 61
        },
        {
            "dx": 224.43109130859375,
            "dy": 69.8675537109375,
            "timestamp": 61
        },
        {
            "dx": 224.0980682373047,
            "dy": 70.20074462890625,
            "timestamp": 61
        },
        {
            "dx": 223.4320068359375,
            "dy": 70.533935546875,
            "timestamp": 61
        },
        {
            "dx": 223.09898376464844,
            "dy": 70.86712646484375,
            "timestamp": 61
        },
        {
            "dx": 222.76596069335938,
            "dy": 71.20037841796875,
            "timestamp": 61
        },
        {
            "dx": 222.43295288085938,
            "dy": 71.20037841796875,
            "timestamp": 62
        },
        {
            "dx": 222.09991455078125,
            "dy": 71.53353881835938,
            "timestamp": 62
        },
        {
            "dx": 221.7668914794922,
            "dy": 71.53353881835938,
            "timestamp": 96
        },
        {
            "dx": 221.4338836669922,
            "dy": 71.86676025390625,
            "timestamp": 96
        },
        {
            "dx": 221.100830078125,
            "dy": 71.86676025390625,
            "timestamp": 96
        },
        {
            "dx": 220.76780700683594,
            "dy": 71.86676025390625,
            "timestamp": 96
        },
        {
            "dx": 220.43478393554688,
            "dy": 71.86676025390625,
            "timestamp": 96
        },
        {
            "dx": 220.10177612304688,
            "dy": 71.86676025390625,
            "timestamp": 97
        },
        {
            "dx": 219.76873779296875,
            "dy": 71.86676025390625,
            "timestamp": 97
        },
        {
            "dx": 219.1027069091797,
            "dy": 71.86676025390625,
            "timestamp": 97
        },
        {
            "dx": 218.7696533203125,
            "dy": 71.86676025390625,
            "timestamp": 97
        },
        {
            "dx": 218.10362243652344,
            "dy": 71.86676025390625,
            "timestamp": 126
        },
        {
            "dx": 217.43756103515625,
            "dy": 71.86676025390625,
            "timestamp": 126
        },
        {
            "dx": 216.7715301513672,
            "dy": 71.86676025390625,
            "timestamp": 126
        },
        {
            "dx": 216.4384765625,
            "dy": 71.53353881835938,
            "timestamp": 126
        },
        {
            "dx": 216.10546875,
            "dy": 71.53353881835938,
            "timestamp": 126
        },
        {
            "dx": 215.77244567871094,
            "dy": 71.20037841796875,
            "timestamp": 126
        },
        {
            "dx": 215.10638427734375,
            "dy": 70.86712646484375,
            "timestamp": 126
        },
        {
            "dx": 215.10638427734375,
            "dy": 70.533935546875,
            "timestamp": 126
        },
        {
            "dx": 214.7733612060547,
            "dy": 70.20074462890625,
            "timestamp": 126
        },
        {
            "dx": 214.4403533935547,
            "dy": 69.8675537109375,
            "timestamp": 153
        },
        {
            "dx": 214.1072998046875,
            "dy": 69.53436279296875,
            "timestamp": 153
        },
        {
            "dx": 213.7742919921875,
            "dy": 69.201171875,
            "timestamp": 153
        },
        {
            "dx": 213.7742919921875,
            "dy": 68.86798095703125,
            "timestamp": 153
        },
        {
            "dx": 213.44126892089844,
            "dy": 68.53475952148438,
            "timestamp": 153
        },
        {
            "dx": 213.10824584960938,
            "dy": 68.20159912109375,
            "timestamp": 153
        },
        {
            "dx": 212.77520751953125,
            "dy": 67.86834716796875,
            "timestamp": 153
        },
        {
            "dx": 212.4421844482422,
            "dy": 67.53515625,
            "timestamp": 178
        },
        {
            "dx": 212.1091766357422,
            "dy": 67.53515625,
            "timestamp": 178
        },
        {
            "dx": 212.1091766357422,
            "dy": 67.20196533203125,
            "timestamp": 178
        },
        {
            "dx": 211.7761688232422,
            "dy": 66.53558349609375,
            "timestamp": 178
        },
        {
            "dx": 211.443115234375,
            "dy": 66.53558349609375,
            "timestamp": 178
        },
        {
            "dx": 211.11009216308594,
            "dy": 66.20236206054688,
            "timestamp": 178
        },
        {
            "dx": 211.11009216308594,
            "dy": 65.86920166015625,
            "timestamp": 178
        },
        {
            "dx": 210.77706909179688,
            "dy": 65.53598022460938,
            "timestamp": 203
        },
        {
            "dx": 210.77706909179688,
            "dy": 65.2027587890625,
            "timestamp": 203
        },
        {
            "dx": 210.44403076171875,
            "dy": 64.86956787109375,
            "timestamp": 203
        },
        {
            "dx": 210.1110076904297,
            "dy": 64.536376953125,
            "timestamp": 203
        },
        {
            "dx": 209.7779998779297,
            "dy": 64.20318603515625,
            "timestamp": 203
        },
        {
            "dx": 209.4449920654297,
            "dy": 64.20318603515625,
            "timestamp": 225
        },
        {
            "dx": 209.4449920654297,
            "dy": 63.8699951171875,
            "timestamp": 226
        },
        {
            "dx": 209.1119384765625,
            "dy": 63.8699951171875,
            "timestamp": 226
        },
        {
            "dx": 209.1119384765625,
            "dy": 63.53680419921875,
            "timestamp": 226
        },
        {
            "dx": 208.77891540527344,
            "dy": 63.53680419921875,
            "timestamp": 226
        },
        {
            "dx": 208.44589233398438,
            "dy": 63.53680419921875,
            "timestamp": 249
        },
        {
            "dx": 208.11285400390625,
            "dy": 63.203582763671875,
            "timestamp": 249
        },
        {
            "dx": 207.7798309326172,
            "dy": 63.203582763671875,
            "timestamp": 308
        },
        {
            "dx": 207.4468231201172,
            "dy": 63.203582763671875,
            "timestamp": 309
        },
        {
            "dx": 207.1138153076172,
            "dy": 63.53680419921875,
            "timestamp": 325
        },
        {
            "dx": 206.78076171875,
            "dy": 63.53680419921875,
            "timestamp": 326
        },
        {
            "dx": 206.44773864746094,
            "dy": 64.20318603515625,
            "timestamp": 326
        },
        {
            "dx": 205.44866943359375,
            "dy": 64.86956787109375,
            "timestamp": 326
        },
        {
            "dx": 204.11656188964844,
            "dy": 65.86920166015625,
            "timestamp": 349
        },
        {
            "dx": 203.11749267578125,
            "dy": 66.53558349609375,
            "timestamp": 349
        },
        {
            "dx": 202.118408203125,
            "dy": 67.20196533203125,
            "timestamp": 350
        },
        {
            "dx": 201.45236206054688,
            "dy": 67.53515625,
            "timestamp": 350
        },
        {
            "dx": 200.78631591796875,
            "dy": 68.20159912109375,
            "timestamp": 350
        },
        {
            "dx": 200.1202850341797,
            "dy": 68.86798095703125,
            "timestamp": 350
        },
        {
            "dx": 199.45420837402344,
            "dy": 69.201171875,
            "timestamp": 378
        },
        {
            "dx": 198.78817749023438,
            "dy": 69.8675537109375,
            "timestamp": 378
        },
        {
            "dx": 198.1221160888672,
            "dy": 70.86712646484375,
            "timestamp": 378
        },
        {
            "dx": 197.12303161621094,
            "dy": 71.53353881835938,
            "timestamp": 378
        },
        {
            "dx": 196.12396240234375,
            "dy": 72.199951171875,
            "timestamp": 378
        },
        {
            "dx": 195.1248779296875,
            "dy": 72.53314208984375,
            "timestamp": 378
        },
        {
            "dx": 193.79278564453125,
            "dy": 73.19952392578125,
            "timestamp": 403
        },
        {
            "dx": 193.1267547607422,
            "dy": 73.86590576171875,
            "timestamp": 403
        },
        {
            "dx": 192.12767028808594,
            "dy": 74.53231811523438,
            "timestamp": 403
        },
        {
            "dx": 191.46160888671875,
            "dy": 74.86553955078125,
            "timestamp": 404
        },
        {
            "dx": 190.7955780029297,
            "dy": 75.53192138671875,
            "timestamp": 404
        },
        {
            "dx": 189.79649353027344,
            "dy": 75.8651123046875,
            "timestamp": 404
        },
        {
            "dx": 189.46347045898438,
            "dy": 76.19830322265625,
            "timestamp": 404
        },
        {
            "dx": 189.13043212890625,
            "dy": 76.19830322265625,
            "timestamp": 404
        },
        {
            "dx": 188.4644012451172,
            "dy": 76.531494140625,
            "timestamp": 426
        },
        {
            "dx": 188.1313934326172,
            "dy": 76.86468505859375,
            "timestamp": 426
        },
        {
            "dx": 187.79833984375,
            "dy": 76.86468505859375,
            "timestamp": 426
        },
        {
            "dx": 187.46531677246094,
            "dy": 76.86468505859375,
            "timestamp": 426
        },
        {
            "dx": 187.13229370117188,
            "dy": 76.86468505859375,
            "timestamp": 426
        },
        {
            "dx": 186.79925537109375,
            "dy": 76.86468505859375,
            "timestamp": 426
        },
        {
            "dx": 186.4662322998047,
            "dy": 76.86468505859375,
            "timestamp": 450
        },
        {
            "dx": 186.1332244873047,
            "dy": 76.86468505859375,
            "timestamp": 450
        },
        {
            "dx": 185.8002166748047,
            "dy": 76.86468505859375,
            "timestamp": 451
        },
        {
            "dx": 185.4671630859375,
            "dy": 76.86468505859375,
            "timestamp": 451
        },
        {
            "dx": 185.13414001464844,
            "dy": 76.86468505859375,
            "timestamp": 451
        },
        {
            "dx": 184.46807861328125,
            "dy": 76.531494140625,
            "timestamp": 480
        },
        {
            "dx": 184.13507080078125,
            "dy": 76.19830322265625,
            "timestamp": 481
        },
        {
            "dx": 183.8020477294922,
            "dy": 75.53192138671875,
            "timestamp": 481
        },
        {
            "dx": 183.4690399169922,
            "dy": 75.19873046875,
            "timestamp": 481
        },
        {
            "dx": 183.135986328125,
            "dy": 74.53231811523438,
            "timestamp": 481
        },
        {
            "dx": 182.80296325683594,
            "dy": 73.86590576171875,
            "timestamp": 481
        },
        {
            "dx": 182.46994018554688,
            "dy": 73.53271484375,
            "timestamp": 481
        },
        {
            "dx": 182.46994018554688,
            "dy": 72.8663330078125,
            "timestamp": 481
        },
        {
            "dx": 182.13690185546875,
            "dy": 72.199951171875,
            "timestamp": 511
        },
        {
            "dx": 181.80389404296875,
            "dy": 71.86676025390625,
            "timestamp": 511
        },
        {
            "dx": 181.80389404296875,
            "dy": 71.53353881835938,
            "timestamp": 511
        },
        {
            "dx": 181.4708709716797,
            "dy": 71.20037841796875,
            "timestamp": 511
        },
        {
            "dx": 181.1378631591797,
            "dy": 70.86712646484375,
            "timestamp": 511
        },
        {
            "dx": 181.1378631591797,
            "dy": 70.20074462890625,
            "timestamp": 511
        },
        {
            "dx": 180.8048095703125,
            "dy": 69.8675537109375,
            "timestamp": 511
        },
        {
            "dx": 180.47178649902344,
            "dy": 69.53436279296875,
            "timestamp": 534
        },
        {
            "dx": 180.13876342773438,
            "dy": 69.201171875,
            "timestamp": 534
        },
        {
            "dx": 180.13876342773438,
            "dy": 68.86798095703125,
            "timestamp": 535
        },
        {
            "dx": 179.80575561523438,
            "dy": 68.53475952148438,
            "timestamp": 535
        },
        {
            "dx": 179.47271728515625,
            "dy": 68.53475952148438,
            "timestamp": 535
        },
        {
            "dx": 179.1396942138672,
            "dy": 68.53475952148438,
            "timestamp": 556
        },
        {
            "dx": 178.8066864013672,
            "dy": 68.53475952148438,
            "timestamp": 556
        },
        {
            "dx": 178.4736328125,
            "dy": 68.53475952148438,
            "timestamp": 556
        },
        {
            "dx": 178.14060974121094,
            "dy": 68.53475952148438,
            "timestamp": 556
        },
        {
            "dx": 177.80758666992188,
            "dy": 68.53475952148438,
            "timestamp": 578
        },
        {
            "dx": 177.47457885742188,
            "dy": 68.53475952148438,
            "timestamp": 579
        },
        {
            "dx": 177.14154052734375,
            "dy": 68.53475952148438,
            "timestamp": 579
        },
        {
            "dx": 176.8085174560547,
            "dy": 68.53475952148438,
            "timestamp": 603
        },
        {
            "dx": 176.1424560546875,
            "dy": 68.53475952148438,
            "timestamp": 603
        },
        {
            "dx": 175.47642517089844,
            "dy": 68.86798095703125,
            "timestamp": 603
        },
        {
            "dx": 174.81036376953125,
            "dy": 69.201171875,
            "timestamp": 603
        },
        {
            "dx": 174.1443328857422,
            "dy": 69.8675537109375,
            "timestamp": 603
        },
        {
            "dx": 173.14524841308594,
            "dy": 70.533935546875,
            "timestamp": 603
        },
        {
            "dx": 172.1461639404297,
            "dy": 71.20037841796875,
            "timestamp": 634
        },
        {
            "dx": 171.4801025390625,
            "dy": 71.53353881835938,
            "timestamp": 634
        },
        {
            "dx": 170.81407165527344,
            "dy": 72.199951171875,
            "timestamp": 634
        },
        {
            "dx": 170.14801025390625,
            "dy": 72.8663330078125,
            "timestamp": 634
        },
        {
            "dx": 169.8149871826172,
            "dy": 73.19952392578125,
            "timestamp": 634
        },
        {
            "dx": 169.1489715576172,
            "dy": 73.86590576171875,
            "timestamp": 634
        },
        {
            "dx": 168.81591796875,
            "dy": 74.53231811523438,
            "timestamp": 634
        },
        {
            "dx": 168.14987182617188,
            "dy": 74.86553955078125,
            "timestamp": 634
        },
        {
            "dx": 167.81683349609375,
            "dy": 75.53192138671875,
            "timestamp": 660
        },
        {
            "dx": 167.81683349609375,
            "dy": 75.8651123046875,
            "timestamp": 661
        },
        {
            "dx": 167.4838104248047,
            "dy": 76.531494140625,
            "timestamp": 661
        },
        {
            "dx": 167.1508026123047,
            "dy": 76.86468505859375,
            "timestamp": 661
        },
        {
            "dx": 166.8177947998047,
            "dy": 77.53109741210938,
            "timestamp": 661
        },
        {
            "dx": 166.4847412109375,
            "dy": 77.86431884765625,
            "timestamp": 662
        },
        {
            "dx": 166.4847412109375,
            "dy": 78.197509765625,
            "timestamp": 662
        },
        {
            "dx": 166.4847412109375,
            "dy": 78.53070068359375,
            "timestamp": 691
        },
        {
            "dx": 166.4847412109375,
            "dy": 79.19708251953125,
            "timestamp": 692
        },
        {
            "dx": 166.15171813964844,
            "dy": 79.5302734375,
            "timestamp": 692
        },
        {
            "dx": 166.15171813964844,
            "dy": 80.19671630859375,
            "timestamp": 692
        },
        {
            "dx": 166.15171813964844,
            "dy": 80.52987670898438,
            "timestamp": 692
        },
        {
            "dx": 166.15171813964844,
            "dy": 81.1962890625,
            "timestamp": 692
        },
        {
            "dx": 166.4847412109375,
            "dy": 81.8626708984375,
            "timestamp": 714
        },
        {
            "dx": 167.1508026123047,
            "dy": 82.86227416992188,
            "timestamp": 714
        },
        {
            "dx": 167.81683349609375,
            "dy": 83.86187744140625,
            "timestamp": 714
        },
        {
            "dx": 168.48289489746094,
            "dy": 84.52825927734375,
            "timestamp": 714
        },
        {
            "dx": 169.4819793701172,
            "dy": 85.52783203125,
            "timestamp": 714
        },
        {
            "dx": 170.48104858398438,
            "dy": 86.19427490234375,
            "timestamp": 714
        },
        {
            "dx": 171.8131561279297,
            "dy": 86.86065673828125,
            "timestamp": 714
        },
        {
            "dx": 173.14524841308594,
            "dy": 87.52703857421875,
            "timestamp": 714
        },
        {
            "dx": 174.4773406982422,
            "dy": 87.8602294921875,
            "timestamp": 741
        },
        {
            "dx": 175.47642517089844,
            "dy": 88.526611328125,
            "timestamp": 741
        },
        {
            "dx": 176.8085174560547,
            "dy": 88.85983276367188,
            "timestamp": 741
        },
        {
            "dx": 177.80758666992188,
            "dy": 89.52621459960938,
            "timestamp": 741
        },
        {
            "dx": 178.8066864013672,
            "dy": 90.192626953125,
            "timestamp": 741
        },
        {
            "dx": 179.80575561523438,
            "dy": 90.8590087890625,
            "timestamp": 741
        },
        {
            "dx": 180.8048095703125,
            "dy": 91.19223022460938,
            "timestamp": 741
        },
        {
            "dx": 181.4708709716797,
            "dy": 91.85861206054688,
            "timestamp": 765
        },
        {
            "dx": 182.46994018554688,
            "dy": 92.52499389648438,
            "timestamp": 765
        },
        {
            "dx": 183.135986328125,
            "dy": 93.19140625,
            "timestamp": 765
        },
        {
            "dx": 183.8020477294922,
            "dy": 93.8577880859375,
            "timestamp": 765
        },
        {
            "dx": 184.46807861328125,
            "dy": 94.19100952148438,
            "timestamp": 765
        },
        {
            "dx": 184.80111694335938,
            "dy": 94.85739135742188,
            "timestamp": 765
        },
        {
            "dx": 185.13414001464844,
            "dy": 95.52377319335938,
            "timestamp": 766
        },
        {
            "dx": 185.4671630859375,
            "dy": 96.190185546875,
            "timestamp": 796
        },
        {
            "dx": 185.8002166748047,
            "dy": 97.18978881835938,
            "timestamp": 798
        },
        {
            "dx": 185.8002166748047,
            "dy": 97.85617065429688,
            "timestamp": 798
        },
        {
            "dx": 185.8002166748047,
            "dy": 98.85577392578125,
            "timestamp": 798
        },
        {
            "dx": 185.8002166748047,
            "dy": 99.52215576171875,
            "timestamp": 799
        },
        {
            "dx": 185.8002166748047,
            "dy": 100.85494995117188,
            "timestamp": 799
        },
        {
            "dx": 185.8002166748047,
            "dy": 101.52133178710938,
            "timestamp": 799
        },
        {
            "dx": 185.8002166748047,
            "dy": 102.8541259765625,
            "timestamp": 828
        },
        {
            "dx": 185.13414001464844,
            "dy": 104.18695068359375,
            "timestamp": 828
        },
        {
            "dx": 184.46807861328125,
            "dy": 106.18612670898438,
            "timestamp": 828
        },
        {
            "dx": 183.8020477294922,
            "dy": 108.185302734375,
            "timestamp": 828
        },
        {
            "dx": 182.80296325683594,
            "dy": 109.85128784179688,
            "timestamp": 828
        },
        {
            "dx": 181.4708709716797,
            "dy": 111.51730346679688,
            "timestamp": 828
        },
        {
            "dx": 179.80575561523438,
            "dy": 113.18328857421875,
            "timestamp": 828
        },
        {
            "dx": 178.4736328125,
            "dy": 115.18246459960938,
            "timestamp": 828
        },
        {
            "dx": 176.8085174560547,
            "dy": 116.84844970703125,
            "timestamp": 854
        },
        {
            "dx": 175.14340209960938,
            "dy": 118.18124389648438,
            "timestamp": 854
        },
        {
            "dx": 173.14524841308594,
            "dy": 119.5140380859375,
            "timestamp": 855
        },
        {
            "dx": 171.4801025390625,
            "dy": 120.8468017578125,
            "timestamp": 855
        },
        {
            "dx": 169.8149871826172,
            "dy": 121.84640502929688,
            "timestamp": 855
        },
        {
            "dx": 168.14987182617188,
            "dy": 122.84603881835938,
            "timestamp": 855
        },
        {
            "dx": 166.15171813964844,
            "dy": 123.8455810546875,
            "timestamp": 855
        },
        {
            "dx": 164.8196258544922,
            "dy": 124.84518432617188,
            "timestamp": 855
        },
        {
            "dx": 162.82147216796875,
            "dy": 125.84481811523438,
            "timestamp": 887
        },
        {
            "dx": 161.15634155273438,
            "dy": 126.8443603515625,
            "timestamp": 888
        },
        {
            "dx": 159.4912109375,
            "dy": 127.84396362304688,
            "timestamp": 889
        },
        {
            "dx": 158.15911865234375,
            "dy": 128.5103759765625,
            "timestamp": 890
        },
        {
            "dx": 156.49398803710938,
            "dy": 129.1767578125,
            "timestamp": 890
        },
        {
            "dx": 155.1619110107422,
            "dy": 129.8431396484375,
            "timestamp": 890
        },
        {
            "dx": 153.82980346679688,
            "dy": 130.17636108398438,
            "timestamp": 890
        },
        {
            "dx": 152.4976806640625,
            "dy": 130.84274291992188,
            "timestamp": 891
        },
        {
            "dx": 151.49862670898438,
            "dy": 131.17596435546875,
            "timestamp": 915
        },
        {
            "dx": 150.16650390625,
            "dy": 131.5091552734375,
            "timestamp": 915
        },
        {
            "dx": 148.83441162109375,
            "dy": 131.5091552734375,
            "timestamp": 915
        },
        {
            "dx": 147.8353729248047,
            "dy": 131.5091552734375,
            "timestamp": 915
        },
        {
            "dx": 146.83627319335938,
            "dy": 131.84237670898438,
            "timestamp": 915
        },
        {
            "dx": 145.8372039794922,
            "dy": 131.84237670898438,
            "timestamp": 915
        },
        {
            "dx": 144.83811950683594,
            "dy": 131.84237670898438,
            "timestamp": 915
        },
        {
            "dx": 143.8390350341797,
            "dy": 131.84237670898438,
            "timestamp": 915
        },
        {
            "dx": 143.1730194091797,
            "dy": 131.84237670898438,
            "timestamp": 941
        },
        {
            "dx": 142.17391967773438,
            "dy": 131.84237670898438,
            "timestamp": 941
        },
        {
            "dx": 141.50787353515625,
            "dy": 131.84237670898438,
            "timestamp": 941
        },
        {
            "dx": 140.5087890625,
            "dy": 131.84237670898438,
            "timestamp": 942
        },
        {
            "dx": 140.17576599121094,
            "dy": 131.84237670898438,
            "timestamp": 942
        },
        {
            "dx": 139.50973510742188,
            "dy": 131.84237670898438,
            "timestamp": 942
        },
        {
            "dx": 138.51065063476562,
            "dy": 131.84237670898438,
            "timestamp": 942
        },
        {
            "dx": 137.84458923339844,
            "dy": 131.84237670898438,
            "timestamp": 966
        },
        {
            "dx": 137.17855834960938,
            "dy": 131.5091552734375,
            "timestamp": 967
        },
        {
            "dx": 136.5124969482422,
            "dy": 131.17596435546875,
            "timestamp": 967
        },
        {
            "dx": 135.846435546875,
            "dy": 130.84274291992188,
            "timestamp": 967
        },
        {
            "dx": 135.18038940429688,
            "dy": 130.17636108398438,
            "timestamp": 967
        },
        {
            "dx": 134.51434326171875,
            "dy": 129.8431396484375,
            "timestamp": 967
        },
        {
            "dx": 134.1813201904297,
            "dy": 129.1767578125,
            "timestamp": 967
        },
        {
            "dx": 133.84829711914062,
            "dy": 128.5103759765625,
            "timestamp": 993
        },
        {
            "dx": 133.1822509765625,
            "dy": 127.84396362304688,
            "timestamp": 994
        },
        {
            "dx": 132.51620483398438,
            "dy": 126.8443603515625,
            "timestamp": 994
        },
        {
            "dx": 131.8501434326172,
            "dy": 125.84481811523438,
            "timestamp": 994
        },
        {
            "dx": 131.51712036132812,
            "dy": 125.17840576171875,
            "timestamp": 994
        },
        {
            "dx": 130.85107421875,
            "dy": 123.8455810546875,
            "timestamp": 994
        },
        {
            "dx": 130.18502807617188,
            "dy": 122.5128173828125,
            "timestamp": 994
        },
        {
            "dx": 129.85198974609375,
            "dy": 121.18002319335938,
            "timestamp": 1028
        },
        {
            "dx": 129.5189666748047,
            "dy": 120.180419921875,
            "timestamp": 1029
        },
        {
            "dx": 129.18594360351562,
            "dy": 119.18084716796875,
            "timestamp": 1029
        },
        {
            "dx": 128.85293579101562,
            "dy": 118.18124389648438,
            "timestamp": 1029
        },
        {
            "dx": 128.5198974609375,
            "dy": 116.84844970703125,
            "timestamp": 1029
        },
        {
            "dx": 128.18687438964844,
            "dy": 115.84884643554688,
            "timestamp": 1029
        },
        {
            "dx": 128.18687438964844,
            "dy": 114.8492431640625,
            "timestamp": 1029
        },
        {
            "dx": 127.85385131835938,
            "dy": 113.84967041015625,
            "timestamp": 1029
        },
        {
            "dx": 127.52081298828125,
            "dy": 113.18328857421875,
            "timestamp": 1029
        },
        {
            "dx": 127.52081298828125,
            "dy": 112.18368530273438,
            "timestamp": 1055
        },
        {
            "dx": 127.52081298828125,
            "dy": 111.51730346679688,
            "timestamp": 1055
        },
        {
            "dx": 127.52081298828125,
            "dy": 110.5177001953125,
            "timestamp": 1055
        },
        {
            "dx": 127.18778991699219,
            "dy": 109.18490600585938,
            "timestamp": 1055
        },
        {
            "dx": 127.18778991699219,
            "dy": 108.185302734375,
            "timestamp": 1055
        },
        {
            "dx": 127.18778991699219,
            "dy": 107.18572998046875,
            "timestamp": 1055
        },
        {
            "dx": 127.18778991699219,
            "dy": 106.18612670898438,
            "timestamp": 1055
        },
        {
            "dx": 127.18778991699219,
            "dy": 104.85333251953125,
            "timestamp": 1086
        },
        {
            "dx": 127.18778991699219,
            "dy": 103.18734741210938,
            "timestamp": 1087
        },
        {
            "dx": 127.18778991699219,
            "dy": 101.52133178710938,
            "timestamp": 1087
        },
        {
            "dx": 127.52081298828125,
            "dy": 100.18856811523438,
            "timestamp": 1088
        },
        {
            "dx": 127.85385131835938,
            "dy": 98.52255249023438,
            "timestamp": 1088
        },
        {
            "dx": 128.5198974609375,
            "dy": 96.8565673828125,
            "timestamp": 1088
        },
        {
            "dx": 128.85293579101562,
            "dy": 95.19061279296875,
            "timestamp": 1088
        },
        {
            "dx": 129.5189666748047,
            "dy": 93.8577880859375,
            "timestamp": 1088
        },
        {
            "dx": 130.18502807617188,
            "dy": 92.19183349609375,
            "timestamp": 1118
        },
        {
            "dx": 130.85107421875,
            "dy": 91.19223022460938,
            "timestamp": 1118
        },
        {
            "dx": 131.51712036132812,
            "dy": 89.85943603515625,
            "timestamp": 1119
        },
        {
            "dx": 132.18316650390625,
            "dy": 88.526611328125,
            "timestamp": 1119
        },
        {
            "dx": 132.84921264648438,
            "dy": 87.19384765625,
            "timestamp": 1119
        },
        {
            "dx": 133.51528930664062,
            "dy": 86.19427490234375,
            "timestamp": 1119
        },
        {
            "dx": 134.1813201904297,
            "dy": 84.8614501953125,
            "timestamp": 1119
        },
        {
            "dx": 134.51434326171875,
            "dy": 83.86187744140625,
            "timestamp": 1119
        },
        {
            "dx": 135.18038940429688,
            "dy": 83.19549560546875,
            "timestamp": 1119
        },
        {
            "dx": 135.846435546875,
            "dy": 82.529052734375,
            "timestamp": 1148
        },
        {
            "dx": 136.17947387695312,
            "dy": 82.19586181640625,
            "timestamp": 1149
        },
        {
            "dx": 136.5124969482422,
            "dy": 81.52947998046875,
            "timestamp": 1149
        },
        {
            "dx": 137.17855834960938,
            "dy": 80.86309814453125,
            "timestamp": 1149
        },
        {
            "dx": 137.51156616210938,
            "dy": 80.52987670898438,
            "timestamp": 1149
        },
        {
            "dx": 137.84458923339844,
            "dy": 80.52987670898438,
            "timestamp": 1149
        },
        {
            "dx": 138.1776123046875,
            "dy": 80.19671630859375,
            "timestamp": 1149
        },
        {
            "dx": 138.51065063476562,
            "dy": 79.86349487304688,
            "timestamp": 1149
        },
        {
            "dx": 138.8436737060547,
            "dy": 79.86349487304688,
            "timestamp": 1179
        },
        {
            "dx": 139.17669677734375,
            "dy": 79.86349487304688,
            "timestamp": 1179
        },
        {
            "dx": 139.50973510742188,
            "dy": 79.86349487304688,
            "timestamp": 1179
        },
        {
            "dx": 139.84274291992188,
            "dy": 79.86349487304688,
            "timestamp": 1179
        },
        {
            "dx": 140.5087890625,
            "dy": 79.86349487304688,
            "timestamp": 1179
        },
        {
            "dx": 141.50787353515625,
            "dy": 79.86349487304688,
            "timestamp": 1180
        },
        {
            "dx": 142.17391967773438,
            "dy": 79.86349487304688,
            "timestamp": 1180
        },
        {
            "dx": 142.8399658203125,
            "dy": 79.86349487304688,
            "timestamp": 1208
        },
        {
            "dx": 143.1730194091797,
            "dy": 79.86349487304688,
            "timestamp": 1209
        },
        {
            "dx": 0,
            "dy": 0,
            "timestamp": 1211
        },
        {
            "dx": 178.8066864013672,
            "dy": 49.54248046875,
            "timestamp": 1482
        },
        {
            "dx": 180.47178649902344,
            "dy": 49.54248046875,
            "timestamp": 1483
        },
        {
            "dx": 182.46994018554688,
            "dy": 49.54248046875,
            "timestamp": 1515
        },
        {
            "dx": 184.80111694335938,
            "dy": 49.54248046875,
            "timestamp": 1515
        },
        {
            "dx": 187.79833984375,
            "dy": 49.54248046875,
            "timestamp": 1515
        },
        {
            "dx": 190.7955780029297,
            "dy": 49.54248046875,
            "timestamp": 1516
        },
        {
            "dx": 191.46160888671875,
            "dy": 49.54248046875,
            "timestamp": 1516
        },
        {
            "dx": 191.1285858154297,
            "dy": 49.54248046875,
            "timestamp": 1516
        },
        {
            "dx": 0,
            "dy": 0,
            "timestamp": 1553
        },
        {
            "dx": 0,
            "dy": 0,
            "timestamp": 1715
        },
        {
            "dx": 201.45236206054688,
            "dy": 25.885421752929688,
            "timestamp": 1916
        },
        {
            "dx": 202.7844696044922,
            "dy": 25.885421752929688,
            "timestamp": 1916
        },
        {
            "dx": 203.45050048828125,
            "dy": 25.885421752929688,
            "timestamp": 1916
        },
        {
            "dx": 0,
            "dy": 0,
            "timestamp": 1937
        },
        {
            "dx": 213.7742919921875,
            "dy": 47.2100830078125,
            "timestamp": 2619
        },
        {
            "dx": 217.43756103515625,
            "dy": 47.2100830078125,
            "timestamp": 2619
        },
        {
            "dx": 220.43478393554688,
            "dy": 47.2100830078125,
            "timestamp": 2619
        },
        {
            "dx": 223.09898376464844,
            "dy": 47.2100830078125,
            "timestamp": 2649
        },
        {
            "dx": 225.76318359375,
            "dy": 47.2100830078125,
            "timestamp": 2649
        },
        {
            "dx": 226.09625244140625,
            "dy": 47.2100830078125,
            "timestamp": 2650
        },
        {
            "dx": 0,
            "dy": 0,
            "timestamp": 2651
        }
    ],
    [
        {
            "dx": 259.0984802246094,
            "dy": 86.82571411132812,
            "timestamp": 0
        },
        {
            "dx": 259.0984802246094,
            "dy": 86.82571411132812,
            "timestamp": 34
        },
        {
            "dx": 259.0984802246094,
            "dy": 86.82571411132812,
            "timestamp": 67
        },
        {
            "dx": 258.099853515625,
            "dy": 87.82510375976562,
            "timestamp": 85
        },
        {
            "dx": 254.604736328125,
            "dy": 94.82083129882812,
            "timestamp": 110
        },
        {
            "dx": 252.10818481445312,
            "dy": 99.31808471679688,
            "timestamp": 117
        },
        {
            "dx": 246.11651611328125,
            "dy": 111.81048583984375,
            "timestamp": 148
        },
        {
            "dx": 244.61859130859375,
            "dy": 114.3089599609375,
            "timestamp": 150
        },
        {
            "dx": 242.62136840820312,
            "dy": 117.30712890625,
            "timestamp": 169
        },
        {
            "dx": 241.12344360351562,
            "dy": 118.80621337890625,
            "timestamp": 199
        },
        {
            "dx": 240.12484741210938,
            "dy": 118.3065185546875,
            "timestamp": 203
        },
        {
            "dx": 238.12759399414062,
            "dy": 117.30712890625,
            "timestamp": 220
        },
        {
            "dx": 235.63107299804688,
            "dy": 115.308349609375,
            "timestamp": 241
        },
        {
            "dx": 234.6324462890625,
            "dy": 113.80926513671875,
            "timestamp": 244
        },
        {
            "dx": 233.13455200195312,
            "dy": 111.81048583984375,
            "timestamp": 251
        },
        {
            "dx": 231.1373291015625,
            "dy": 108.3126220703125,
            "timestamp": 277
        },
        {
            "dx": 230.13870239257812,
            "dy": 106.3138427734375,
            "timestamp": 278
        },
        {
            "dx": 229.14007568359375,
            "dy": 104.31503295898438,
            "timestamp": 284
        },
        {
            "dx": 228.1414794921875,
            "dy": 101.81655883789062,
            "timestamp": 304
        },
        {
            "dx": 227.64218139648438,
            "dy": 100.81716918945312,
            "timestamp": 311
        },
        {
            "dx": 227.14285278320312,
            "dy": 100.31747436523438,
            "timestamp": 318
        },
        {
            "dx": 227.14285278320312,
            "dy": 99.31808471679688,
            "timestamp": 335
        },
        {
            "dx": 226.6435546875,
            "dy": 100.81716918945312,
            "timestamp": 369
        },
        {
            "dx": 226.14425659179688,
            "dy": 104.81475830078125,
            "timestamp": 389
        },
        {
            "dx": 225.6449432373047,
            "dy": 107.313232421875,
            "timestamp": 394
        },
        {
            "dx": 224.64633178710938,
            "dy": 110.3114013671875,
            "timestamp": 402
        },
        {
            "dx": 222.64910888671875,
            "dy": 116.80743408203125,
            "timestamp": 419
        },
        {
            "dx": 220.65187072753906,
            "dy": 122.3040771484375,
            "timestamp": 437
        },
        {
            "dx": 219.65325927734375,
            "dy": 125.30224609375,
            "timestamp": 444
        },
        {
            "dx": 218.1553497314453,
            "dy": 126.80133056640625,
            "timestamp": 452
        },
        {
            "dx": 214.6602020263672,
            "dy": 132.2979736328125,
            "timestamp": 480
        },
        {
            "dx": 213.1622772216797,
            "dy": 133.29736328125,
            "timestamp": 486
        },
        {
            "dx": 211.16505432128906,
            "dy": 134.79644775390625,
            "timestamp": 505
        },
        {
            "dx": 210.16644287109375,
            "dy": 135.296142578125,
            "timestamp": 511
        },
        {
            "dx": 209.16783142089844,
            "dy": 135.296142578125,
            "timestamp": 519
        },
        {
            "dx": 207.66990661621094,
            "dy": 135.296142578125,
            "timestamp": 549
        },
        {
            "dx": 206.67129516601562,
            "dy": 134.2967529296875,
            "timestamp": 552
        },
        {
            "dx": 204.674072265625,
            "dy": 131.298583984375,
            "timestamp": 579
        },
        {
            "dx": 203.6754608154297,
            "dy": 129.2998046875,
            "timestamp": 586
        },
        {
            "dx": 202.1775360107422,
            "dy": 125.80194091796875,
            "timestamp": 608
        },
        {
            "dx": 201.17892456054688,
            "dy": 124.3028564453125,
            "timestamp": 611
        },
        {
            "dx": 200.18031311035156,
            "dy": 122.3040771484375,
            "timestamp": 619
        },
        {
            "dx": 199.18170166015625,
            "dy": 119.305908203125,
            "timestamp": 638
        },
        {
            "dx": 198.68238830566406,
            "dy": 118.3065185546875,
            "timestamp": 645
        },
        {
            "dx": 198.18309020996094,
            "dy": 117.30712890625,
            "timestamp": 653
        },
        {
            "dx": 197.68377685546875,
            "dy": 116.3077392578125,
            "timestamp": 682
        },
        {
            "dx": 197.18446350097656,
            "dy": 116.3077392578125,
            "timestamp": 687
        },
        {
            "dx": 196.68516540527344,
            "dy": 116.3077392578125,
            "timestamp": 704
        },
        {
            "dx": 196.18585205078125,
            "dy": 117.80682373046875,
            "timestamp": 723
        },
        {
            "dx": 196.18585205078125,
            "dy": 119.305908203125,
            "timestamp": 728
        },
        {
            "dx": 195.18724060058594,
            "dy": 121.80438232421875,
            "timestamp": 736
        },
        {
            "dx": 193.6893310546875,
            "dy": 127.301025390625,
            "timestamp": 755
        },
        {
            "dx": 191.6920928955078,
            "dy": 134.2967529296875,
            "timestamp": 773
        },
        {
            "dx": 191.1927947998047,
            "dy": 137.79464721679688,
            "timestamp": 778
        },
        {
            "dx": 190.6934814453125,
            "dy": 140.79281616210938,
            "timestamp": 786
        },
        {
            "dx": 190.19418334960938,
            "dy": 146.28945922851562,
            "timestamp": 804
        },
        {
            "dx": 192.19140625,
            "dy": 153.78488159179688,
            "timestamp": 838
        },
        {
            "dx": 196.18585205078125,
            "dy": 157.78244018554688,
            "timestamp": 855
        },
        {
            "dx": 204.1747589111328,
            "dy": 163.27908325195312,
            "timestamp": 880
        },
        {
            "dx": 206.67129516601562,
            "dy": 165.27786254882812,
            "timestamp": 886
        },
        {
            "dx": 210.16644287109375,
            "dy": 169.775146484375,
            "timestamp": 907
        },
        {
            "dx": 211.66436767578125,
            "dy": 172.27362060546875,
            "timestamp": 913
        },
        {
            "dx": 212.16366577148438,
            "dy": 174.7720947265625,
            "timestamp": 921
        },
        {
            "dx": 211.66436767578125,
            "dy": 180.7684326171875,
            "timestamp": 940
        },
        {
            "dx": 211.16505432128906,
            "dy": 184.26629638671875,
            "timestamp": 946
        },
        {
            "dx": 208.66851806640625,
            "dy": 188.26385498046875,
            "timestamp": 954
        },
        {
            "dx": 195.18724060058594,
            "dy": 204.25411987304688,
            "timestamp": 983
        },
        {
            "dx": 187.19833374023438,
            "dy": 210.25045776367188,
            "timestamp": 987
        },
        {
            "dx": 170.221923828125,
            "dy": 222.24313354492188,
            "timestamp": 1007
        },
        {
            "dx": 161.73370361328125,
            "dy": 227.73977661132812,
            "timestamp": 1013
        },
        {
            "dx": 153.24549865722656,
            "dy": 231.73733520507812,
            "timestamp": 1021
        },
        {
            "dx": 137.76699829101562,
            "dy": 237.73370361328125,
            "timestamp": 1043
        },
        {
            "dx": 130.2773895263672,
            "dy": 240.232177734375,
            "timestamp": 1049
        },
        {
            "dx": 123.78640747070312,
            "dy": 240.232177734375,
            "timestamp": 1054
        },
        {
            "dx": 101.81692504882812,
            "dy": 237.2340087890625,
            "timestamp": 1082
        },
        {
            "dx": 95.32593536376953,
            "dy": 233.2364501953125,
            "timestamp": 1088
        },
        {
            "dx": 80.8460464477539,
            "dy": 220.24435424804688,
            "timestamp": 1121
        },
        {
            "dx": 78.34951782226562,
            "dy": 214.24801635742188,
            "timestamp": 1123
        },
        {
            "dx": 74.35506439208984,
            "dy": 197.25836181640625,
            "timestamp": 1155
        },
        {
            "dx": 74.8543701171875,
            "dy": 191.26202392578125,
            "timestamp": 1156
        },
        {
            "dx": 90.83218383789062,
            "dy": 156.78305053710938,
            "timestamp": 1217
        },
        {
            "dx": 95.32593536376953,
            "dy": 152.28579711914062,
            "timestamp": 1222
        },
        {
            "dx": 100.81831359863281,
            "dy": 147.78854370117188,
            "timestamp": 1223
        },
        {
            "dx": 113.80027770996094,
            "dy": 137.29495239257812,
            "timestamp": 1238
        },
        {
            "dx": 121.7891845703125,
            "dy": 131.298583984375,
            "timestamp": 1255
        },
        {
            "dx": 0.0,
            "dy": 0.0,
            "timestamp": 1256
        },
        {
            "dx": 204.674072265625,
            "dy": 81.32907104492188,
            "timestamp": 1574
        },
        {
            "dx": 204.674072265625,
            "dy": 81.32907104492188,
            "timestamp": 1606
        },
        {
            "dx": 204.674072265625,
            "dy": 81.32907104492188,
            "timestamp": 1635
        },
        {
            "dx": 205.17337036132812,
            "dy": 80.82937622070312,
            "timestamp": 1640
        },
        {
            "dx": 211.16505432128906,
            "dy": 80.82937622070312,
            "timestamp": 1669
        },
        {
            "dx": 215.6588134765625,
            "dy": 80.82937622070312,
            "timestamp": 1673
        },
        {
            "dx": 224.64633178710938,
            "dy": 80.82937622070312,
            "timestamp": 1691
        },
        {
            "dx": 232.63522338867188,
            "dy": 80.32968139648438,
            "timestamp": 1709
        },
        {
            "dx": 236.62969970703125,
            "dy": 79.82998657226562,
            "timestamp": 1730
        },
        {
            "dx": 238.12759399414062,
            "dy": 79.33029174804688,
            "timestamp": 1732
        },
        {
            "dx": 238.62692260742188,
            "dy": 78.83059692382812,
            "timestamp": 1739
        },
        {
            "dx": 239.126220703125,
            "dy": 78.33090209960938,
            "timestamp": 1760
        },
        {
            "dx": 239.62551879882812,
            "dy": 77.83120727539062,
            "timestamp": 1765
        },
        {
            "dx": 239.62551879882812,
            "dy": 76.83181762695312,
            "timestamp": 1773
        },
        {
            "dx": 238.62692260742188,
            "dy": 74.83303833007812,
            "timestamp": 1793
        },
        {
            "dx": 238.12759399414062,
            "dy": 73.33395385742188,
            "timestamp": 1799
        },
        {
            "dx": 237.12899780273438,
            "dy": 71.8348388671875,
            "timestamp": 1807
        },
        {
            "dx": 236.13037109375,
            "dy": 70.33575439453125,
            "timestamp": 1829
        },
        {
            "dx": 0.0,
            "dy": 0.0,
            "timestamp": 1831
        },
        {
            "dx": 218.1553497314453,
            "dy": 44.85130310058594,
            "timestamp": 1941
        },
        {
            "dx": 218.1553497314453,
            "dy": 44.85130310058594,
            "timestamp": 1969
        },
        {
            "dx": 0.0,
            "dy": 0.0,
            "timestamp": 2004
        }
    ]
]