[
    [
        {
            "dx": 153.24549865722656,
            "dy": 52.34674072265625,
            "timestamp": 0
        },
        {
            "dx": 153.24549865722656,
            "dy": 52.34674072265625,
            "timestamp": 16
        },
        {
            "dx": 153.24549865722656,
            "dy": 52.34674072265625,
            "timestamp": 33
        },
        {
            "dx": 153.24549865722656,
            "dy": 53.34613037109375,
            "timestamp": 67
        },
        {
            "dx": 153.24549865722656,
            "dy": 54.34552001953125,
            "timestamp": 75
        },
        {
            "dx": 153.7447967529297,
            "dy": 57.8433837890625,
            "timestamp": 84
        },
        {
            "dx": 154.24411010742188,
            "dy": 62.34063720703125,
            "timestamp": 92
        },
        {
            "dx": 155.74203491210938,
            "dy": 69.33636474609375,
            "timestamp": 100
        },
        {
            "dx": 157.2399444580078,
            "dy": 76.33212280273438,
            "timestamp": 108
        },
        {
            "dx": 158.7378692626953,
            "dy": 84.82693481445312,
            "timestamp": 117
        },
        {
            "dx": 160.73509216308594,
            "dy": 93.32174682617188,
            "timestamp": 126
        },
        {
            "dx": 162.23301696777344,
            "dy": 100.81716918945312,
            "timestamp": 133
        },
        {
            "dx": 163.73092651367188,
            "dy": 108.3126220703125,
            "timestamp": 142
        },
        {
            "dx": 164.23023986816406,
            "dy": 113.80926513671875,
            "timestamp": 150
        },
        {
            "dx": 164.72955322265625,
            "dy": 119.305908203125,
            "timestamp": 159
        },
        {
            "dx": 164.72955322265625,
            "dy": 123.80316162109375,
            "timestamp": 167
        },
        {
            "dx": 165.22885131835938,
            "dy": 127.80072021484375,
            "timestamp": 175
        },
        {
            "dx": 164.72955322265625,
            "dy": 131.79827880859375,
            "timestamp": 184
        },
        {
            "dx": 164.72955322265625,
            "dy": 135.79583740234375,
            "timestamp": 192
        },
        {
            "dx": 164.72955322265625,
            "dy": 138.29434204101562,
            "timestamp": 200
        },
        {
            "dx": 164.72955322265625,
            "dy": 140.79281616210938,
            "timestamp": 209
        },
        {
            "dx": 164.23023986816406,
            "dy": 142.29190063476562,
            "timestamp": 217
        },
        {
            "dx": 164.23023986816406,
            "dy": 144.29067993164062,
            "timestamp": 226
        },
        {
            "dx": 164.23023986816406,
            "dy": 144.79037475585938,
            "timestamp": 234
        },
        {
            "dx": 164.23023986816406,
            "dy": 145.78976440429688,
            "timestamp": 243
        },
        {
            "dx": 163.73092651367188,
            "dy": 145.78976440429688,
            "timestamp": 250
        },
        {
            "dx": 163.73092651367188,
            "dy": 146.28945922851562,
            "timestamp": 259
        },
        {
            "dx": 163.73092651367188,
            "dy": 145.78976440429688,
            "timestamp": 267
        },
        {
            "dx": 163.73092651367188,
            "dy": 144.29067993164062,
            "timestamp": 284
        },
        {
            "dx": 163.73092651367188,
            "dy": 143.29129028320312,
            "timestamp": 293
        },
        {
            "dx": 163.73092651367188,
            "dy": 140.29312133789062,
            "timestamp": 301
        },
        {
            "dx": 164.23023986816406,
            "dy": 137.79464721679688,
            "timestamp": 310
        },
        {
            "dx": 165.22885131835938,
            "dy": 133.29736328125,
            "timestamp": 317
        },
        {
            "dx": 166.72677612304688,
            "dy": 129.2998046875,
            "timestamp": 326
        },
        {
            "dx": 168.7239990234375,
            "dy": 125.30224609375,
            "timestamp": 334
        },
        {
            "dx": 170.72122192382812,
            "dy": 121.3046875,
            "timestamp": 343
        },
        {
            "dx": 173.21775817871094,
            "dy": 117.30712890625,
            "timestamp": 351
        },
        {
            "dx": 175.71429443359375,
            "dy": 113.3095703125,
            "timestamp": 360
        },
        {
            "dx": 178.7101287841797,
            "dy": 109.31201171875,
            "timestamp": 367
        },
        {
            "dx": 181.70596313476562,
            "dy": 105.81414794921875,
            "timestamp": 377
        },
        {
            "dx": 185.20111083984375,
            "dy": 102.31625366210938,
            "timestamp": 384
        },
        {
            "dx": 188.69625854492188,
            "dy": 99.31808471679688,
            "timestamp": 393
        },
        {
            "dx": 192.6907196044922,
            "dy": 96.81961059570312,
            "timestamp": 402
        },
        {
            "dx": 196.68516540527344,
            "dy": 94.32113647460938,
            "timestamp": 410
        },
        {
            "dx": 200.18031311035156,
            "dy": 92.32235717773438,
            "timestamp": 418
        },
        {
            "dx": 204.1747589111328,
            "dy": 90.82327270507812,
            "timestamp": 426
        },
        {
            "dx": 207.66990661621094,
            "dy": 89.82388305664062,
            "timestamp": 434
        },
        {
            "dx": 211.16505432128906,
            "dy": 88.82449340820312,
            "timestamp": 443
        },
        {
            "dx": 214.160888671875,
            "dy": 87.82510375976562,
            "timestamp": 451
        },
        {
            "dx": 217.65603637695312,
            "dy": 87.32540893554688,
            "timestamp": 460
        },
        {
            "dx": 220.15257263183594,
            "dy": 87.32540893554688,
            "timestamp": 468
        },
        {
            "dx": 223.14840698242188,
            "dy": 87.32540893554688,
            "timestamp": 476
        },
        {
            "dx": 225.6449432373047,
            "dy": 87.32540893554688,
            "timestamp": 485
        },
        {
            "dx": 228.1414794921875,
            "dy": 87.82510375976562,
            "timestamp": 493
        },
        {
            "dx": 229.639404296875,
            "dy": 88.32479858398438,
            "timestamp": 501
        },
        {
            "dx": 231.63662719726562,
            "dy": 89.32418823242188,
            "timestamp": 510
        },
        {
            "dx": 232.63522338867188,
            "dy": 90.32357788085938,
            "timestamp": 518
        },
        {
            "dx": 233.63385009765625,
            "dy": 90.82327270507812,
            "timestamp": 527
        },
        {
            "dx": 234.13314819335938,
            "dy": 91.82266235351562,
            "timestamp": 535
        },
        {
            "dx": 234.6324462890625,
            "dy": 93.32174682617188,
            "timestamp": 543
        },
        {
            "dx": 234.6324462890625,
            "dy": 94.82083129882812,
            "timestamp": 552
        },
        {
            "dx": 234.6324462890625,
            "dy": 96.81961059570312,
            "timestamp": 560
        },
        {
            "dx": 233.63385009765625,
            "dy": 99.31808471679688,
            "timestamp": 568
        },
        {
            "dx": 233.13455200195312,
            "dy": 102.31625366210938,
            "timestamp": 577
        },
        {
            "dx": 231.1373291015625,
            "dy": 105.81414794921875,
            "timestamp": 585
        },
        {
            "dx": 229.14007568359375,
            "dy": 109.31201171875,
            "timestamp": 594
        },
        {
            "dx": 224.64633178710938,
            "dy": 113.3095703125,
            "timestamp": 602
        },
        {
            "dx": 220.65187072753906,
            "dy": 117.30712890625,
            "timestamp": 611
        },
        {
            "dx": 214.6602020263672,
            "dy": 121.3046875,
            "timestamp": 618
        },
        {
            "dx": 208.66851806640625,
            "dy": 125.30224609375,
            "timestamp": 627
        },
        {
            "dx": 201.17892456054688,
            "dy": 128.3004150390625,
            "timestamp": 635
        },
        {
            "dx": 193.6893310546875,
            "dy": 132.2979736328125,
            "timestamp": 644
        },
        {
            "dx": 186.19972229003906,
            "dy": 135.79583740234375,
            "timestamp": 652
        },
        {
            "dx": 179.20944213867188,
            "dy": 139.29373168945312,
            "timestamp": 661
        },
        {
            "dx": 172.21914672851562,
            "dy": 141.79220581054688,
            "timestamp": 668
        },
        {
            "dx": 165.72816467285156,
            "dy": 144.29067993164062,
            "timestamp": 678
        },
        {
            "dx": 159.23716735839844,
            "dy": 146.28945922851562,
            "timestamp": 685
        },
        {
            "dx": 153.24549865722656,
            "dy": 148.78793334960938,
            "timestamp": 694
        },
        {
            "dx": 148.25242614746094,
            "dy": 150.28701782226562,
            "timestamp": 702
        },
        {
            "dx": 143.25936889648438,
            "dy": 152.28579711914062,
            "timestamp": 711
        },
        {
            "dx": 138.76560974121094,
            "dy": 153.28518676757812,
            "timestamp": 719
        },
        {
            "dx": 134.2718505859375,
            "dy": 154.78427124023438,
            "timestamp": 727
        },
        {
            "dx": 130.2773895263672,
            "dy": 155.78366088867188,
            "timestamp": 736
        },
        {
            "dx": 126.28294372558594,
            "dy": 156.78305053710938,
            "timestamp": 745
        },
        {
            "dx": 120.291259765625,
            "dy": 157.78244018554688,
            "timestamp": 752
        },
        {
            "dx": 114.79888916015625,
            "dy": 158.78182983398438,
            "timestamp": 761
        },
        {
            "dx": 105.31207275390625,
            "dy": 159.28152465820312,
            "timestamp": 769
        },
        {
            "dx": 95.82524871826172,
            "dy": 160.28091430664062,
            "timestamp": 777
        },
        {
            "dx": 0.0,
            "dy": 0.0,
            "timestamp": 786
        }
    ],
    [
        {
            "dx": 178.99999999999997,
            "dy": 61.99999999999994,
            "timestamp": 0
        },
        {
            "dx": 178,
            "dy": 78.99999999999994,
            "timestamp": 21
        },
        {
            "dx": 178,
            "dy": 102.99999999999994,
            "timestamp": 42
        },
        {
            "dx": 176.99999999999997,
            "dy": 132.99999999999994,
            "timestamp": 75
        },
        {
            "dx": 174.99999999999997,
            "dy": 151.99999999999994,
            "timestamp": 75
        },
        {
            "dx": 172.99999999999994,
            "dy": 165.99999999999994,
            "timestamp": 104
        },
        {
            "dx": 168.99999999999997,
            "dy": 176.99999999999994,
            "timestamp": 104
        },
        {
            "dx": 167,
            "dy": 183,
            "timestamp": 122
        },
        {
            "dx": 167,
            "dy": 185.9999999999999,
            "timestamp": 158
        },
        {
            "dx": 167,
            "dy": 185.9999999999999,
            "timestamp": 158
        },
        {
            "dx": 167,
            "dy": 184.9999999999999,
            "timestamp": 182
        },
        {
            "dx": 172,
            "dy": 176.99999999999994,
            "timestamp": 209
        },
        {
            "dx": 179.99999999999997,
            "dy": 164.99999999999994,
            "timestamp": 236
        },
        {
            "dx": 197.99999999999997,
            "dy": 144.99999999999994,
            "timestamp": 237
        },
        {
            "dx": 216.99999999999997,
            "dy": 129.99999999999994,
            "timestamp": 260
        },
        {
            "dx": 229.99999999999997,
            "dy": 124.99999999999994,
            "timestamp": 289
        },
        {
            "dx": 237.99999999999997,
            "dy": 124.99999999999994,
            "timestamp": 289
        },
        {
            "dx": 243.99999999999997,
            "dy": 127.99999999999994,
            "timestamp": 311
        },
        {
            "dx": 245.99999999999997,
            "dy": 142.99999999999994,
            "timestamp": 341
        },
        {
            "dx": 243.99999999999997,
            "dy": 155.99999999999994,
            "timestamp": 364
        },
        {
            "dx": 214.99999999999997,
            "dy": 188.99999999999994,
            "timestamp": 388
        },
        {
            "dx": 196.99999999999997,
            "dy": 200.99999999999994,
            "timestamp": 420
        },
        {
            "dx": 183,
            "dy": 208.99999999999994,
            "timestamp": 420
        },
        {
            "dx": 170.99999999999997,
            "dy": 212.99999999999994,
            "timestamp": 443
        },
        {
            "dx": 152.99999999999997,
            "dy": 224.99999999999994,
            "timestamp": 466
        },
        {
            "dx": 0,
            "dy": 0,
            "timestamp": 467
        }
    ],
    [
        {
            "dx": 185.13784790039062,
            "dy": 121.66372680664062,
            "timestamp": 0
        },
        {
            "dx": 185.13784790039062,
            "dy": 120.96054077148438,
            "timestamp": 36
        },
        {
            "dx": 185.13784790039062,
            "dy": 120.60882568359375,
            "timestamp": 37
        },
        {
            "dx": 184.90341186523438,
            "dy": 120.55023193359375,
            "timestamp": 69
        },
        {
            "dx": 184.7862091064453,
            "dy": 121.31210327148438,
            "timestamp": 69
        },
        {
            "dx": 184.7276153564453,
            "dy": 124.47671508789062,
            "timestamp": 102
        },
        {
            "dx": 184.96200561523438,
            "dy": 131.56777954101562,
            "timestamp": 102
        },
        {
            "dx": 185.43084716796875,
            "dy": 141.29605102539062,
            "timestamp": 149
        },
        {
            "dx": 185.37225341796875,
            "dy": 151.55184936523438,
            "timestamp": 149
        },
        {
            "dx": 184.90341186523438,
            "dy": 160.10800170898438,
            "timestamp": 175
        },
        {
            "dx": 184.5518341064453,
            "dy": 166.2027587890625,
            "timestamp": 176
        },
        {
            "dx": 184.25885009765625,
            "dy": 170.0706787109375,
            "timestamp": 204
        },
        {
            "dx": 184.0244598388672,
            "dy": 171.7115478515625,
            "timestamp": 205
        },
        {
            "dx": 184.0244598388672,
            "dy": 171.94595336914062,
            "timestamp": 230
        },
        {
            "dx": 184.14166259765625,
            "dy": 171.41854858398438,
            "timestamp": 255
        },
        {
            "dx": 185.07925415039062,
            "dy": 168.48837280273438,
            "timestamp": 256
        },
        {
            "dx": 186.7786407470703,
            "dy": 165.03067016601562,
            "timestamp": 282
        },
        {
            "dx": 188.94683837890625,
            "dy": 162.39349365234375,
            "timestamp": 308
        },
        {
            "dx": 192.05258178710938,
            "dy": 159.46328735351562,
            "timestamp": 308
        },
        {
            "dx": 194.98260498046875,
            "dy": 157.29501342773438,
            "timestamp": 334
        },
        {
            "dx": 197.2093963623047,
            "dy": 156.65029907226562,
            "timestamp": 335
        },
        {
            "dx": 199.26034545898438,
            "dy": 157.41220092773438,
            "timestamp": 359
        },
        {
            "dx": 201.72152709960938,
            "dy": 160.34237670898438,
            "timestamp": 385
        },
        {
            "dx": 203.94833374023438,
            "dy": 164.21029663085938,
            "timestamp": 386
        },
        {
            "dx": 205.23751831054688,
            "dy": 168.13677978515625,
            "timestamp": 427
        },
        {
            "dx": 205.530517578125,
            "dy": 171.12557983398438,
            "timestamp": 428
        },
        {
            "dx": 203.77255249023438,
            "dy": 173.76275634765625,
            "timestamp": 453
        },
        {
            "dx": 200.08074951171875,
            "dy": 176.22402954101562,
            "timestamp": 453
        },
        {
            "dx": 193.6934051513672,
            "dy": 179.03701782226562,
            "timestamp": 480
        },
        {
            "dx": 186.4270477294922,
            "dy": 181.1468505859375,
            "timestamp": 509
        },
        {
            "dx": 178.6918487548828,
            "dy": 183.0220947265625,
            "timestamp": 509
        },
        {
            "dx": 172.7146759033203,
            "dy": 184.60440063476562,
            "timestamp": 538
        },
        {
            "dx": 168.96429443359375,
            "dy": 184.89752197265625,
            "timestamp": 539
        },
        {
            "dx": 167.7337188720703,
            "dy": 184.4285888671875,
            "timestamp": 566
        },
        {
            "dx": 167.8509063720703,
            "dy": 183.78402709960938,
            "timestamp": 566
        },
        {
            "dx": 0,
            "dy": 0,
            "timestamp": 568
        }
    ],
    [
        {
            "dx": 144.14559936523438,
            "dy": 62.327423095703125,
            "timestamp": 0
        },
        {
            "dx": 143.67259216308594,
            "dy": 63.8909912109375,
            "timestamp": 0
        },
        {
            "dx": 143.19993591308594,
            "dy": 65.63638305664062,
            "timestamp": 0
        },
        {
            "dx": 142.69105529785156,
            "dy": 67.60015869140625,
            "timestamp": 23
        },
        {
            "dx": 142.21804809570312,
            "dy": 69.52734375,
            "timestamp": 23
        },
        {
            "dx": 141.85440063476562,
            "dy": 71.38174438476562,
            "timestamp": 23
        },
        {
            "dx": 141.4545440673828,
            "dy": 74.10903930664062,
            "timestamp": 24
        },
        {
            "dx": 141.16371154785156,
            "dy": 76.3636474609375,
            "timestamp": 24
        },
        {
            "dx": 140.8728790283203,
            "dy": 78.98193359375,
            "timestamp": 24
        },
        {
            "dx": 140.69105529785156,
            "dy": 81.3089599609375,
            "timestamp": 44
        },
        {
            "dx": 140.5092315673828,
            "dy": 83.85440063476562,
            "timestamp": 44
        },
        {
            "dx": 140.3998565673828,
            "dy": 86.39990234375,
            "timestamp": 44
        },
        {
            "dx": 140.2908477783203,
            "dy": 89.199951171875,
            "timestamp": 44
        },
        {
            "dx": 140.2908477783203,
            "dy": 92.14559936523438,
            "timestamp": 61
        },
        {
            "dx": 140.2908477783203,
            "dy": 94.9453125,
            "timestamp": 61
        },
        {
            "dx": 140.2908477783203,
            "dy": 98.3636474609375,
            "timestamp": 62
        },
        {
            "dx": 140.5092315673828,
            "dy": 101.56356811523438,
            "timestamp": 62
        },
        {
            "dx": 140.80007934570312,
            "dy": 104.10903930664062,
            "timestamp": 62
        },
        {
            "dx": 141.16371154785156,
            "dy": 106.43643188476562,
            "timestamp": 80
        },
        {
            "dx": 141.63636779785156,
            "dy": 108.69107055664062,
            "timestamp": 80
        },
        {
            "dx": 142.5092315673828,
            "dy": 111.199951171875,
            "timestamp": 80
        },
        {
            "dx": 143.27273559570312,
            "dy": 113.56356811523438,
            "timestamp": 80
        },
        {
            "dx": 144.14559936523438,
            "dy": 115.781982421875,
            "timestamp": 97
        },
        {
            "dx": 145.19993591308594,
            "dy": 118.21804809570312,
            "timestamp": 97
        },
        {
            "dx": 146.36366271972656,
            "dy": 120.65447998046875,
            "timestamp": 97
        },
        {
            "dx": 147.41835021972656,
            "dy": 122.98193359375,
            "timestamp": 97
        },
        {
            "dx": 148.65447998046875,
            "dy": 125.23651123046875,
            "timestamp": 97
        },
        {
            "dx": 149.6001434326172,
            "dy": 127.49078369140625,
            "timestamp": 114
        },
        {
            "dx": 150.7635040283203,
            "dy": 129.81817626953125,
            "timestamp": 114
        },
        {
            "dx": 151.70916748046875,
            "dy": 132.43643188476562,
            "timestamp": 114
        },
        {
            "dx": 153.0546875,
            "dy": 134.98193359375,
            "timestamp": 114
        },
        {
            "dx": 154.32742309570312,
            "dy": 137.3089599609375,
            "timestamp": 131
        },
        {
            "dx": 155.4907684326172,
            "dy": 139.85440063476562,
            "timestamp": 131
        },
        {
            "dx": 156.43643188476562,
            "dy": 142.3636474609375,
            "timestamp": 131
        },
        {
            "dx": 157.4907684326172,
            "dy": 144.727294921875,
            "timestamp": 131
        },
        {
            "dx": 158.65447998046875,
            "dy": 146.9453125,
            "timestamp": 149
        },
        {
            "dx": 159.8181915283203,
            "dy": 149.199951171875,
            "timestamp": 149
        },
        {
            "dx": 160.7635040283203,
            "dy": 151.4183349609375,
            "timestamp": 149
        },
        {
            "dx": 161.63636779785156,
            "dy": 153.49081420898438,
            "timestamp": 149
        },
        {
            "dx": 162.5092315673828,
            "dy": 155.3089599609375,
            "timestamp": 167
        },
        {
            "dx": 163.38177490234375,
            "dy": 157.09091186523438,
            "timestamp": 167
        },
        {
            "dx": 163.85443115234375,
            "dy": 158.43643188476562,
            "timestamp": 167
        },
        {
            "dx": 164.43646240234375,
            "dy": 160.10903930664062,
            "timestamp": 167
        },
        {
            "dx": 165.0181121826172,
            "dy": 161.74539184570312,
            "timestamp": 167
        },
        {
            "dx": 165.6001434326172,
            "dy": 163.49081420898438,
            "timestamp": 185
        },
        {
            "dx": 165.96380615234375,
            "dy": 165.27273559570312,
            "timestamp": 185
        },
        {
            "dx": 166.43646240234375,
            "dy": 166.90908813476562,
            "timestamp": 185
        },
        {
            "dx": 166.83631896972656,
            "dy": 168.65447998046875,
            "timestamp": 185
        },
        {
            "dx": 167.23651123046875,
            "dy": 170.32742309570312,
            "timestamp": 202
        },
        {
            "dx": 167.4907684326172,
            "dy": 171.781982421875,
            "timestamp": 203
        },
        {
            "dx": 167.70916748046875,
            "dy": 173.0546875,
            "timestamp": 203
        },
        {
            "dx": 167.89100646972656,
            "dy": 174.39990234375,
            "timestamp": 203
        },
        {
            "dx": 168.0727996826172,
            "dy": 175.781982421875,
            "timestamp": 233
        },
        {
            "dx": 168.58168029785156,
            "dy": 177.4183349609375,
            "timestamp": 234
        },
        {
            "dx": 168.65447998046875,
            "dy": 178.8729248046875,
            "timestamp": 234
        },
        {
            "dx": 168.9453125,
            "dy": 179.85440063476562,
            "timestamp": 234
        },
        {
            "dx": 168.9453125,
            "dy": 180.8363037109375,
            "timestamp": 234
        },
        {
            "dx": 169.0546875,
            "dy": 181.4183349609375,
            "timestamp": 234
        },
        {
            "dx": 169.12713623046875,
            "dy": 182,
            "timestamp": 234
        },
        {
            "dx": 169.3455352783203,
            "dy": 182.8729248046875,
            "timestamp": 234
        },
        {
            "dx": 169.41835021972656,
            "dy": 183.27273559570312,
            "timestamp": 253
        },
        {
            "dx": 169.52734375,
            "dy": 183.96377563476562,
            "timestamp": 254
        },
        {
            "dx": 169.63636779785156,
            "dy": 184.32742309570312,
            "timestamp": 254
        },
        {
            "dx": 169.70916748046875,
            "dy": 184.61825561523438,
            "timestamp": 254
        },
        {
            "dx": 169.70916748046875,
            "dy": 184.90908813476562,
            "timestamp": 254
        },
        {
            "dx": 169.70916748046875,
            "dy": 185.12713623046875,
            "timestamp": 273
        },
        {
            "dx": 169.70916748046875,
            "dy": 185.199951171875,
            "timestamp": 273
        },
        {
            "dx": 169.70916748046875,
            "dy": 185.3089599609375,
            "timestamp": 291
        },
        {
            "dx": 169.8181915283203,
            "dy": 185.52734375,
            "timestamp": 291
        },
        {
            "dx": 169.8181915283203,
            "dy": 185.60015869140625,
            "timestamp": 291
        },
        {
            "dx": 169.8181915283203,
            "dy": 185.70916748046875,
            "timestamp": 291
        },
        {
            "dx": 169.8181915283203,
            "dy": 185.8182373046875,
            "timestamp": 310
        },
        {
            "dx": 169.8181915283203,
            "dy": 185.70916748046875,
            "timestamp": 334
        },
        {
            "dx": 169.9272003173828,
            "dy": 185.4183349609375,
            "timestamp": 334
        },
        {
            "dx": 170.10902404785156,
            "dy": 184.90908813476562,
            "timestamp": 352
        },
        {
            "dx": 170.3998565673828,
            "dy": 184.14559936523438,
            "timestamp": 352
        },
        {
            "dx": 170.9818878173828,
            "dy": 182.80007934570312,
            "timestamp": 352
        },
        {
            "dx": 171.3455352783203,
            "dy": 181.4183349609375,
            "timestamp": 352
        },
        {
            "dx": 171.74539184570312,
            "dy": 180.14559936523438,
            "timestamp": 373
        },
        {
            "dx": 172.10902404785156,
            "dy": 178.8729248046875,
            "timestamp": 373
        },
        {
            "dx": 172.61825561523438,
            "dy": 177.63638305664062,
            "timestamp": 373
        },
        {
            "dx": 172.9818878173828,
            "dy": 176.43643188476562,
            "timestamp": 373
        },
        {
            "dx": 173.38177490234375,
            "dy": 175.27273559570312,
            "timestamp": 373
        },
        {
            "dx": 173.74539184570312,
            "dy": 174.32742309570312,
            "timestamp": 392
        },
        {
            "dx": 174.03622436523438,
            "dy": 173.4183349609375,
            "timestamp": 392
        },
        {
            "dx": 174.43646240234375,
            "dy": 172.54550170898438,
            "timestamp": 392
        },
        {
            "dx": 174.72727966308594,
            "dy": 171.781982421875,
            "timestamp": 392
        },
        {
            "dx": 175.0181121826172,
            "dy": 171.199951171875,
            "timestamp": 392
        },
        {
            "dx": 175.6001434326172,
            "dy": 170.61825561523438,
            "timestamp": 412
        },
        {
            "dx": 176.18182373046875,
            "dy": 169.92724609375,
            "timestamp": 413
        },
        {
            "dx": 176.7635040283203,
            "dy": 169.23651123046875,
            "timestamp": 413
        },
        {
            "dx": 177.30897521972656,
            "dy": 168.65447998046875,
            "timestamp": 413
        },
        {
            "dx": 177.89100646972656,
            "dy": 168.18182373046875,
            "timestamp": 413
        },
        {
            "dx": 178.3998565673828,
            "dy": 167.672607421875,
            "timestamp": 433
        },
        {
            "dx": 178.9453125,
            "dy": 167.199951171875,
            "timestamp": 433
        },
        {
            "dx": 179.52734375,
            "dy": 166.80007934570312,
            "timestamp": 433
        },
        {
            "dx": 179.8181915283203,
            "dy": 166.50927734375,
            "timestamp": 434
        },
        {
            "dx": 180.3998565673828,
            "dy": 166.14559936523438,
            "timestamp": 434
        },
        {
            "dx": 180.9818878173828,
            "dy": 165.74539184570312,
            "timestamp": 455
        },
        {
            "dx": 181.63636779785156,
            "dy": 165.34555053710938,
            "timestamp": 455
        },
        {
            "dx": 182.32742309570312,
            "dy": 165.0546875,
            "timestamp": 455
        },
        {
            "dx": 183.09091186523438,
            "dy": 164.58169555664062,
            "timestamp": 456
        },
        {
            "dx": 183.85443115234375,
            "dy": 164.18182373046875,
            "timestamp": 456
        },
        {
            "dx": 184.72727966308594,
            "dy": 163.781982421875,
            "timestamp": 480
        },
        {
            "dx": 185.6001434326172,
            "dy": 163.49081420898438,
            "timestamp": 480
        },
        {
            "dx": 186.36366271972656,
            "dy": 163.3089599609375,
            "timestamp": 480
        },
        {
            "dx": 187.12713623046875,
            "dy": 163.199951171875,
            "timestamp": 480
        },
        {
            "dx": 187.8181915283203,
            "dy": 163.199951171875,
            "timestamp": 480
        },
        {
            "dx": 188.7635040283203,
            "dy": 163.12713623046875,
            "timestamp": 480
        },
        {
            "dx": 189.63636779785156,
            "dy": 163.12713623046875,
            "timestamp": 497
        },
        {
            "dx": 190.3998565673828,
            "dy": 163.12713623046875,
            "timestamp": 497
        },
        {
            "dx": 191.4545440673828,
            "dy": 163.199951171875,
            "timestamp": 497
        },
        {
            "dx": 192.5454559326172,
            "dy": 163.4183349609375,
            "timestamp": 497
        },
        {
            "dx": 193.19993591308594,
            "dy": 163.60018920898438,
            "timestamp": 514
        },
        {
            "dx": 194.25462341308594,
            "dy": 163.781982421875,
            "timestamp": 515
        },
        {
            "dx": 195.23651123046875,
            "dy": 164.07284545898438,
            "timestamp": 515
        },
        {
            "dx": 196.36366271972656,
            "dy": 164.47265625,
            "timestamp": 515
        },
        {
            "dx": 196.8728790283203,
            "dy": 164.65447998046875,
            "timestamp": 515
        },
        {
            "dx": 197.8181915283203,
            "dy": 165.0546875,
            "timestamp": 533
        },
        {
            "dx": 198.58168029785156,
            "dy": 165.34555053710938,
            "timestamp": 533
        },
        {
            "dx": 199.3455352783203,
            "dy": 165.74539184570312,
            "timestamp": 534
        },
        {
            "dx": 199.85443115234375,
            "dy": 166.03622436523438,
            "timestamp": 534
        },
        {
            "dx": 200.21804809570312,
            "dy": 166.32742309570312,
            "timestamp": 550
        },
        {
            "dx": 200.69105529785156,
            "dy": 166.727294921875,
            "timestamp": 551
        },
        {
            "dx": 201.19993591308594,
            "dy": 167.199951171875,
            "timestamp": 551
        },
        {
            "dx": 201.56356811523438,
            "dy": 167.672607421875,
            "timestamp": 551
        },
        {
            "dx": 201.96380615234375,
            "dy": 168.29086303710938,
            "timestamp": 568
        },
        {
            "dx": 202.25462341308594,
            "dy": 168.76351928710938,
            "timestamp": 568
        },
        {
            "dx": 202.5454559326172,
            "dy": 169.45458984375,
            "timestamp": 569
        },
        {
            "dx": 202.72727966308594,
            "dy": 170.10903930664062,
            "timestamp": 569
        },
        {
            "dx": 202.72727966308594,
            "dy": 170.80007934570312,
            "timestamp": 569
        },
        {
            "dx": 202.72727966308594,
            "dy": 171.49081420898438,
            "timestamp": 589
        },
        {
            "dx": 202.72727966308594,
            "dy": 171.96377563476562,
            "timestamp": 590
        },
        {
            "dx": 202.72727966308594,
            "dy": 172.47265625,
            "timestamp": 590
        },
        {
            "dx": 202.72727966308594,
            "dy": 173.23651123046875,
            "timestamp": 590
        },
        {
            "dx": 202.72727966308594,
            "dy": 174.03622436523438,
            "timestamp": 590
        },
        {
            "dx": 202.61825561523438,
            "dy": 174.98193359375,
            "timestamp": 607
        },
        {
            "dx": 202.43646240234375,
            "dy": 175.96377563476562,
            "timestamp": 608
        },
        {
            "dx": 202.14559936523438,
            "dy": 176.9453125,
            "timestamp": 608
        },
        {
            "dx": 201.78196716308594,
            "dy": 178,
            "timestamp": 608
        },
        {
            "dx": 201.38177490234375,
            "dy": 179.09091186523438,
            "timestamp": 625
        },
        {
            "dx": 200.9818878173828,
            "dy": 179.96377563476562,
            "timestamp": 626
        },
        {
            "dx": 200.5092315673828,
            "dy": 180.727294921875,
            "timestamp": 626
        },
        {
            "dx": 199.74539184570312,
            "dy": 181.70916748046875,
            "timestamp": 626
        },
        {
            "dx": 198.9818878173828,
            "dy": 182.69107055664062,
            "timestamp": 626
        },
        {
            "dx": 198.5092315673828,
            "dy": 183.27273559570312,
            "timestamp": 644
        },
        {
            "dx": 197.23651123046875,
            "dy": 184.61825561523438,
            "timestamp": 644
        },
        {
            "dx": 196,
            "dy": 185.8182373046875,
            "timestamp": 644
        },
        {
            "dx": 194.9453125,
            "dy": 186.69107055664062,
            "timestamp": 644
        },
        {
            "dx": 194.0727996826172,
            "dy": 187.45455932617188,
            "timestamp": 662
        },
        {
            "dx": 193.09091186523438,
            "dy": 188.14559936523438,
            "timestamp": 663
        },
        {
            "dx": 192.5454559326172,
            "dy": 188.54547119140625,
            "timestamp": 663
        },
        {
            "dx": 191.85443115234375,
            "dy": 188.90908813476562,
            "timestamp": 663
        },
        {
            "dx": 191.09091186523438,
            "dy": 189.4183349609375,
            "timestamp": 663
        },
        {
            "dx": 190.10902404785156,
            "dy": 189.8909912109375,
            "timestamp": 680
        },
        {
            "dx": 189.16371154785156,
            "dy": 190.3636474609375,
            "timestamp": 680
        },
        {
            "dx": 188.2908477783203,
            "dy": 190.7635498046875,
            "timestamp": 680
        },
        {
            "dx": 187.3455352783203,
            "dy": 191.27273559570312,
            "timestamp": 680
        },
        {
            "dx": 186.47265625,
            "dy": 191.63638305664062,
            "timestamp": 699
        },
        {
            "dx": 185.12713623046875,
            "dy": 192.03622436523438,
            "timestamp": 699
        },
        {
            "dx": 183.67259216308594,
            "dy": 192.50924682617188,
            "timestamp": 699
        },
        {
            "dx": 182.21804809570312,
            "dy": 193.01812744140625,
            "timestamp": 699
        },
        {
            "dx": 180.9818878173828,
            "dy": 193.49078369140625,
            "timestamp": 699
        },
        {
            "dx": 179.63636779785156,
            "dy": 193.8909912109375,
            "timestamp": 718
        },
        {
            "dx": 178.65447998046875,
            "dy": 194.07281494140625,
            "timestamp": 718
        },
        {
            "dx": 177.6001434326172,
            "dy": 194.3636474609375,
            "timestamp": 718
        },
        {
            "dx": 176.5454559326172,
            "dy": 194.65447998046875,
            "timestamp": 718
        },
        {
            "dx": 174.72727966308594,
            "dy": 195.16372680664062,
            "timestamp": 736
        },
        {
            "dx": 172.9818878173828,
            "dy": 195.52734375,
            "timestamp": 737
        },
        {
            "dx": 171.4545440673828,
            "dy": 195.92721557617188,
            "timestamp": 737
        },
        {
            "dx": 169.9272003173828,
            "dy": 196.32742309570312,
            "timestamp": 737
        },
        {
            "dx": 168.7635040283203,
            "dy": 196.69107055664062,
            "timestamp": 737
        },
        {
            "dx": 167.4907684326172,
            "dy": 197.09091186523438,
            "timestamp": 756
        },
        {
            "dx": 166.25462341308594,
            "dy": 197.49078369140625,
            "timestamp": 756
        },
        {
            "dx": 164.80007934570312,
            "dy": 197.96377563476562,
            "timestamp": 756
        },
        {
            "dx": 163.09091186523438,
            "dy": 198.54547119140625,
            "timestamp": 756
        },
        {
            "dx": 161.3455352783203,
            "dy": 199.12713623046875,
            "timestamp": 756
        },
        {
            "dx": 159.70916748046875,
            "dy": 199.63638305664062,
            "timestamp": 774
        },
        {
            "dx": 158.36366271972656,
            "dy": 199.92721557617188,
            "timestamp": 774
        },
        {
            "dx": 156.83631896972656,
            "dy": 200.39987182617188,
            "timestamp": 774
        },
        {
            "dx": 155.09091186523438,
            "dy": 200.90908813476562,
            "timestamp": 774
        },
        {
            "dx": 153.16371154785156,
            "dy": 201.38174438476562,
            "timestamp": 793
        },
        {
            "dx": 150.65447998046875,
            "dy": 201.96377563476562,
            "timestamp": 793
        },
        {
            "dx": 148.47265625,
            "dy": 202.65447998046875,
            "timestamp": 793
        },
        {
            "dx": 146.43643188476562,
            "dy": 203.23651123046875,
            "timestamp": 794
        },
        {
            "dx": 144.43643188476562,
            "dy": 203.8182373046875,
            "timestamp": 794
        },
        {
            "dx": 142.90908813476562,
            "dy": 204.39987182617188,
            "timestamp": 812
        },
        {
            "dx": 141.27273559570312,
            "dy": 204.80007934570312,
            "timestamp": 812
        },
        {
            "dx": 139.16371154785156,
            "dy": 205.27273559570312,
            "timestamp": 813
        },
        {
            "dx": 137.1271514892578,
            "dy": 205.74539184570312,
            "timestamp": 813
        },
        {
            "dx": 135.1271514892578,
            "dy": 206.254638671875,
            "timestamp": 830
        },
        {
            "dx": 132.6544952392578,
            "dy": 206.8363037109375,
            "timestamp": 831
        },
        {
            "dx": 130.32742309570312,
            "dy": 207.3089599609375,
            "timestamp": 831
        },
        {
            "dx": 128.21804809570312,
            "dy": 207.8182373046875,
            "timestamp": 831
        },
        {
            "dx": 126.03622436523438,
            "dy": 208.18182373046875,
            "timestamp": 831
        },
        {
            "dx": 124,
            "dy": 208.47265625,
            "timestamp": 850
        },
        {
            "dx": 122.07279968261719,
            "dy": 208.69107055664062,
            "timestamp": 850
        },
        {
            "dx": 120.18183898925781,
            "dy": 208.98190307617188,
            "timestamp": 850
        },
        {
            "dx": 118.43643188476562,
            "dy": 209.27273559570312,
            "timestamp": 850
        },
        {
            "dx": 116.61825561523438,
            "dy": 209.45455932617188,
            "timestamp": 850
        },
        {
            "dx": 114.98188781738281,
            "dy": 209.672607421875,
            "timestamp": 869
        },
        {
            "dx": 113.27273559570312,
            "dy": 209.672607421875,
            "timestamp": 870
        },
        {
            "dx": 112.39985656738281,
            "dy": 209.74539184570312,
            "timestamp": 870
        },
        {
            "dx": 111.27273559570312,
            "dy": 209.74539184570312,
            "timestamp": 870
        },
        {
            "dx": 0,
            "dy": 0,
            "timestamp": 887
        }
    ],
    [
        {
            "dx": 146.33334350585938,
            "dy": 111.66668701171875,
            "timestamp": 0
        },
        {
            "dx": 145,
            "dy": 116.66668701171875,
            "timestamp": 29
        },
        {
            "dx": 143.6666717529297,
            "dy": 123,
            "timestamp": 29
        },
        {
            "dx": 142.33334350585938,
            "dy": 130.66668701171875,
            "timestamp": 29
        },
        {
            "dx": 141.33334350585938,
            "dy": 138,
            "timestamp": 29
        },
        {
            "dx": 140.6666717529297,
            "dy": 143.66668701171875,
            "timestamp": 52
        },
        {
            "dx": 140,
            "dy": 151,
            "timestamp": 52
        },
        {
            "dx": 140,
            "dy": 156.66668701171875,
            "timestamp": 52
        },
        {
            "dx": 140,
            "dy": 161.33334350585938,
            "timestamp": 75
        },
        {
            "dx": 140,
            "dy": 165.33334350585938,
            "timestamp": 75
        },
        {
            "dx": 140,
            "dy": 169.33334350585938,
            "timestamp": 75
        },
        {
            "dx": 140.33334350585938,
            "dy": 173.33334350585938,
            "timestamp": 95
        },
        {
            "dx": 140.33334350585938,
            "dy": 175.66668701171875,
            "timestamp": 96
        },
        {
            "dx": 140.33334350585938,
            "dy": 177,
            "timestamp": 117
        },
        {
            "dx": 140.33334350585938,
            "dy": 178.33334350585938,
            "timestamp": 117
        },
        {
            "dx": 140.6666717529297,
            "dy": 179,
            "timestamp": 117
        },
        {
            "dx": 140.6666717529297,
            "dy": 179.33334350585938,
            "timestamp": 143
        },
        {
            "dx": 140.6666717529297,
            "dy": 179.66668701171875,
            "timestamp": 143
        },
        {
            "dx": 140.6666717529297,
            "dy": 180,
            "timestamp": 143
        },
        {
            "dx": 140.6666717529297,
            "dy": 180,
            "timestamp": 166
        },
        {
            "dx": 142.6666717529297,
            "dy": 175.66668701171875,
            "timestamp": 194
        },
        {
            "dx": 144.33334350585938,
            "dy": 171.33334350585938,
            "timestamp": 194
        },
        {
            "dx": 146.6666717529297,
            "dy": 166.33334350585938,
            "timestamp": 217
        },
        {
            "dx": 148.6666717529297,
            "dy": 162.33334350585938,
            "timestamp": 217
        },
        {
            "dx": 150.33334350585938,
            "dy": 160,
            "timestamp": 218
        },
        {
            "dx": 151,
            "dy": 158.66668701171875,
            "timestamp": 242
        },
        {
            "dx": 152,
            "dy": 157.33334350585938,
            "timestamp": 243
        },
        {
            "dx": 152.6666717529297,
            "dy": 156.66668701171875,
            "timestamp": 243
        },
        {
            "dx": 153.33334350585938,
            "dy": 155.66668701171875,
            "timestamp": 267
        },
        {
            "dx": 154,
            "dy": 155,
            "timestamp": 267
        },
        {
            "dx": 155.33334350585938,
            "dy": 154,
            "timestamp": 267
        },
        {
            "dx": 156.6666717529297,
            "dy": 153.33334350585938,
            "timestamp": 291
        },
        {
            "dx": 158.33334350585938,
            "dy": 152.33334350585938,
            "timestamp": 291
        },
        {
            "dx": 160.33334350585938,
            "dy": 151.66668701171875,
            "timestamp": 291
        },
        {
            "dx": 163.33334350585938,
            "dy": 151,
            "timestamp": 315
        },
        {
            "dx": 165.33334350585938,
            "dy": 150.66668701171875,
            "timestamp": 316
        },
        {
            "dx": 166.33334350585938,
            "dy": 150.33334350585938,
            "timestamp": 341
        },
        {
            "dx": 167,
            "dy": 150.33334350585938,
            "timestamp": 342
        },
        {
            "dx": 167,
            "dy": 150.66668701171875,
            "timestamp": 342
        },
        {
            "dx": 167.33334350585938,
            "dy": 150.66668701171875,
            "timestamp": 342
        },
        {
            "dx": 167.6666717529297,
            "dy": 150.66668701171875,
            "timestamp": 366
        },
        {
            "dx": 168,
            "dy": 151,
            "timestamp": 366
        },
        {
            "dx": 168.6666717529297,
            "dy": 153.33334350585938,
            "timestamp": 366
        },
        {
            "dx": 168,
            "dy": 157,
            "timestamp": 393
        },
        {
            "dx": 166,
            "dy": 162,
            "timestamp": 393
        },
        {
            "dx": 162.6666717529297,
            "dy": 167.33334350585938,
            "timestamp": 394
        },
        {
            "dx": 157,
            "dy": 174.66668701171875,
            "timestamp": 420
        },
        {
            "dx": 152.6666717529297,
            "dy": 179.33334350585938,
            "timestamp": 421
        },
        {
            "dx": 147.6666717529297,
            "dy": 184.33334350585938,
            "timestamp": 421
        },
        {
            "dx": 144.33334350585938,
            "dy": 187.33334350585938,
            "timestamp": 448
        },
        {
            "dx": 140,
            "dy": 190.33334350585938,
            "timestamp": 448
        },
        {
            "dx": 136.6666717529297,
            "dy": 192.66668701171875,
            "timestamp": 448
        },
        {
            "dx": 133.6666717529297,
            "dy": 195,
            "timestamp": 472
        },
        {
            "dx": 131.6666717529297,
            "dy": 196.33334350585938,
            "timestamp": 472
        },
        {
            "dx": 130,
            "dy": 197.66668701171875,
            "timestamp": 473
        },
        {
            "dx": 128.6666717529297,
            "dy": 198.66668701171875,
            "timestamp": 496
        },
        {
            "dx": 127.66667175292969,
            "dy": 199.33334350585938,
            "timestamp": 497
        },
        {
            "dx": 126.66667175292969,
            "dy": 200,
            "timestamp": 497
        },
        {
            "dx": 125.66667175292969,
            "dy": 201,
            "timestamp": 521
        },
        {
            "dx": 124.66667175292969,
            "dy": 201.66668701171875,
            "timestamp": 522
        },
        {
            "dx": 122.66667175292969,
            "dy": 202.66668701171875,
            "timestamp": 522
        },
        {
            "dx": 120.66667175292969,
            "dy": 203.66668701171875,
            "timestamp": 546
        },
        {
            "dx": 0,
            "dy": 0,
            "timestamp": 547
        }
    ],
    [
        {
            "dx": 168.81591796875,
            "dy": 68.20159912109375,
            "timestamp": 0
        },
        {
            "dx": 169.1489715576172,
            "dy": 73.19952392578125,
            "timestamp": 0
        },
        {
            "dx": 169.4819793701172,
            "dy": 76.531494140625,
            "timestamp": 0
        },
        {
            "dx": 170.14801025390625,
            "dy": 79.5302734375,
            "timestamp": 18
        },
        {
            "dx": 170.81407165527344,
            "dy": 82.19586181640625,
            "timestamp": 18
        },
        {
            "dx": 171.4801025390625,
            "dy": 84.8614501953125,
            "timestamp": 18
        },
        {
            "dx": 171.8131561279297,
            "dy": 87.52703857421875,
            "timestamp": 19
        },
        {
            "dx": 172.81222534179688,
            "dy": 91.19223022460938,
            "timestamp": 19
        },
        {
            "dx": 173.811279296875,
            "dy": 94.524169921875,
            "timestamp": 44
        },
        {
            "dx": 174.4773406982422,
            "dy": 96.8565673828125,
            "timestamp": 45
        },
        {
            "dx": 175.14340209960938,
            "dy": 99.18896484375,
            "timestamp": 45
        },
        {
            "dx": 175.80943298339844,
            "dy": 101.18817138671875,
            "timestamp": 45
        },
        {
            "dx": 176.1424560546875,
            "dy": 103.5205078125,
            "timestamp": 45
        },
        {
            "dx": 176.8085174560547,
            "dy": 105.8529052734375,
            "timestamp": 45
        },
        {
            "dx": 177.47457885742188,
            "dy": 108.51849365234375,
            "timestamp": 45
        },
        {
            "dx": 178.14060974121094,
            "dy": 110.5177001953125,
            "timestamp": 70
        },
        {
            "dx": 178.4736328125,
            "dy": 112.51690673828125,
            "timestamp": 70
        },
        {
            "dx": 179.1396942138672,
            "dy": 114.182861328125,
            "timestamp": 70
        },
        {
            "dx": 179.47271728515625,
            "dy": 116.18206787109375,
            "timestamp": 70
        },
        {
            "dx": 179.80575561523438,
            "dy": 118.18124389648438,
            "timestamp": 70
        },
        {
            "dx": 180.13876342773438,
            "dy": 119.84722900390625,
            "timestamp": 70
        },
        {
            "dx": 180.47178649902344,
            "dy": 121.18002319335938,
            "timestamp": 94
        },
        {
            "dx": 180.8048095703125,
            "dy": 122.84603881835938,
            "timestamp": 94
        },
        {
            "dx": 181.1378631591797,
            "dy": 124.17880249023438,
            "timestamp": 95
        },
        {
            "dx": 181.4708709716797,
            "dy": 125.17840576171875,
            "timestamp": 95
        },
        {
            "dx": 181.80389404296875,
            "dy": 126.51119995117188,
            "timestamp": 95
        },
        {
            "dx": 182.13690185546875,
            "dy": 127.51083374023438,
            "timestamp": 95
        },
        {
            "dx": 182.13690185546875,
            "dy": 128.5103759765625,
            "timestamp": 95
        },
        {
            "dx": 182.46994018554688,
            "dy": 129.50997924804688,
            "timestamp": 120
        },
        {
            "dx": 182.46994018554688,
            "dy": 130.17636108398438,
            "timestamp": 120
        },
        {
            "dx": 182.46994018554688,
            "dy": 130.84274291992188,
            "timestamp": 120
        },
        {
            "dx": 182.80296325683594,
            "dy": 131.17596435546875,
            "timestamp": 120
        },
        {
            "dx": 182.80296325683594,
            "dy": 131.5091552734375,
            "timestamp": 120
        },
        {
            "dx": 182.80296325683594,
            "dy": 131.84237670898438,
            "timestamp": 144
        },
        {
            "dx": 183.135986328125,
            "dy": 131.17596435546875,
            "timestamp": 181
        },
        {
            "dx": 183.4690399169922,
            "dy": 129.50997924804688,
            "timestamp": 182
        },
        {
            "dx": 184.13507080078125,
            "dy": 127.51083374023438,
            "timestamp": 205
        },
        {
            "dx": 185.13414001464844,
            "dy": 125.17840576171875,
            "timestamp": 206
        },
        {
            "dx": 186.1332244873047,
            "dy": 122.17962646484375,
            "timestamp": 206
        },
        {
            "dx": 187.13229370117188,
            "dy": 119.5140380859375,
            "timestamp": 206
        },
        {
            "dx": 187.79833984375,
            "dy": 116.84844970703125,
            "timestamp": 206
        },
        {
            "dx": 189.13043212890625,
            "dy": 114.182861328125,
            "timestamp": 206
        },
        {
            "dx": 189.79649353027344,
            "dy": 111.8504638671875,
            "timestamp": 236
        },
        {
            "dx": 191.1285858154297,
            "dy": 109.51812744140625,
            "timestamp": 237
        },
        {
            "dx": 192.460693359375,
            "dy": 107.18572998046875,
            "timestamp": 237
        },
        {
            "dx": 193.4597625732422,
            "dy": 104.85333251953125,
            "timestamp": 237
        },
        {
            "dx": 194.7918701171875,
            "dy": 102.8541259765625,
            "timestamp": 237
        },
        {
            "dx": 195.7909393310547,
            "dy": 100.85494995117188,
            "timestamp": 237
        },
        {
            "dx": 196.79002380371094,
            "dy": 98.85577392578125,
            "timestamp": 237
        },
        {
            "dx": 198.1221160888672,
            "dy": 97.52294921875,
            "timestamp": 237
        },
        {
            "dx": 198.78817749023438,
            "dy": 95.85699462890625,
            "timestamp": 261
        },
        {
            "dx": 199.7872314453125,
            "dy": 94.85739135742188,
            "timestamp": 262
        },
        {
            "dx": 200.4532928466797,
            "dy": 93.8577880859375,
            "timestamp": 262
        },
        {
            "dx": 201.45236206054688,
            "dy": 92.85821533203125,
            "timestamp": 262
        },
        {
            "dx": 202.4514617919922,
            "dy": 91.85861206054688,
            "timestamp": 262
        },
        {
            "dx": 203.45050048828125,
            "dy": 91.19223022460938,
            "timestamp": 262
        },
        {
            "dx": 204.11656188964844,
            "dy": 90.52581787109375,
            "timestamp": 292
        },
        {
            "dx": 205.1156463623047,
            "dy": 89.85943603515625,
            "timestamp": 292
        },
        {
            "dx": 205.44866943359375,
            "dy": 89.52621459960938,
            "timestamp": 292
        },
        {
            "dx": 206.11471557617188,
            "dy": 89.19305419921875,
            "timestamp": 293
        },
        {
            "dx": 206.78076171875,
            "dy": 88.85983276367188,
            "timestamp": 293
        },
        {
            "dx": 207.1138153076172,
            "dy": 88.85983276367188,
            "timestamp": 293
        },
        {
            "dx": 207.7798309326172,
            "dy": 88.85983276367188,
            "timestamp": 293
        },
        {
            "dx": 208.44589233398438,
            "dy": 88.85983276367188,
            "timestamp": 293
        },
        {
            "dx": 209.1119384765625,
            "dy": 88.85983276367188,
            "timestamp": 293
        },
        {
            "dx": 209.4449920654297,
            "dy": 88.85983276367188,
            "timestamp": 317
        },
        {
            "dx": 210.1110076904297,
            "dy": 88.85983276367188,
            "timestamp": 317
        },
        {
            "dx": 211.11009216308594,
            "dy": 88.85983276367188,
            "timestamp": 317
        },
        {
            "dx": 211.7761688232422,
            "dy": 88.85983276367188,
            "timestamp": 317
        },
        {
            "dx": 212.77520751953125,
            "dy": 88.85983276367188,
            "timestamp": 317
        },
        {
            "dx": 213.7742919921875,
            "dy": 89.19305419921875,
            "timestamp": 317
        },
        {
            "dx": 214.7733612060547,
            "dy": 89.85943603515625,
            "timestamp": 317
        },
        {
            "dx": 215.77244567871094,
            "dy": 90.52581787109375,
            "timestamp": 342
        },
        {
            "dx": 216.7715301513672,
            "dy": 91.525390625,
            "timestamp": 342
        },
        {
            "dx": 217.43756103515625,
            "dy": 92.52499389648438,
            "timestamp": 342
        },
        {
            "dx": 218.43663024902344,
            "dy": 93.19140625,
            "timestamp": 342
        },
        {
            "dx": 219.1027069091797,
            "dy": 94.19100952148438,
            "timestamp": 342
        },
        {
            "dx": 220.10177612304688,
            "dy": 95.52377319335938,
            "timestamp": 342
        },
        {
            "dx": 220.76780700683594,
            "dy": 96.52337646484375,
            "timestamp": 366
        },
        {
            "dx": 221.7668914794922,
            "dy": 97.52294921875,
            "timestamp": 366
        },
        {
            "dx": 222.43295288085938,
            "dy": 98.52255249023438,
            "timestamp": 367
        },
        {
            "dx": 223.09898376464844,
            "dy": 99.8553466796875,
            "timestamp": 367
        },
        {
            "dx": 224.0980682373047,
            "dy": 100.85494995117188,
            "timestamp": 367
        },
        {
            "dx": 224.43109130859375,
            "dy": 101.85455322265625,
            "timestamp": 367
        },
        {
            "dx": 225.09713745117188,
            "dy": 102.8541259765625,
            "timestamp": 367
        },
        {
            "dx": 225.76318359375,
            "dy": 103.85372924804688,
            "timestamp": 392
        },
        {
            "dx": 226.09625244140625,
            "dy": 105.1865234375,
            "timestamp": 392
        },
        {
            "dx": 226.42926025390625,
            "dy": 106.85250854492188,
            "timestamp": 392
        },
        {
            "dx": 226.76226806640625,
            "dy": 108.185302734375,
            "timestamp": 393
        },
        {
            "dx": 227.09527587890625,
            "dy": 109.51812744140625,
            "timestamp": 393
        },
        {
            "dx": 227.09527587890625,
            "dy": 110.5177001953125,
            "timestamp": 393
        },
        {
            "dx": 227.09527587890625,
            "dy": 111.51730346679688,
            "timestamp": 421
        },
        {
            "dx": 227.09527587890625,
            "dy": 112.51690673828125,
            "timestamp": 421
        },
        {
            "dx": 227.09527587890625,
            "dy": 113.84967041015625,
            "timestamp": 421
        },
        {
            "dx": 226.76226806640625,
            "dy": 115.18246459960938,
            "timestamp": 421
        },
        {
            "dx": 225.76318359375,
            "dy": 116.84844970703125,
            "timestamp": 421
        },
        {
            "dx": 224.43109130859375,
            "dy": 118.84762573242188,
            "timestamp": 421
        },
        {
            "dx": 223.09898376464844,
            "dy": 120.180419921875,
            "timestamp": 421
        },
        {
            "dx": 221.4338836669922,
            "dy": 121.84640502929688,
            "timestamp": 421
        },
        {
            "dx": 219.4357147216797,
            "dy": 123.51242065429688,
            "timestamp": 446
        },
        {
            "dx": 217.43756103515625,
            "dy": 124.84518432617188,
            "timestamp": 447
        },
        {
            "dx": 215.10638427734375,
            "dy": 125.84481811523438,
            "timestamp": 447
        },
        {
            "dx": 212.77520751953125,
            "dy": 127.17758178710938,
            "timestamp": 447
        },
        {
            "dx": 210.77706909179688,
            "dy": 128.5103759765625,
            "timestamp": 447
        },
        {
            "dx": 208.77891540527344,
            "dy": 129.50997924804688,
            "timestamp": 447
        },
        {
            "dx": 206.78076171875,
            "dy": 130.50961303710938,
            "timestamp": 447
        },
        {
            "dx": 204.4495849609375,
            "dy": 131.5091552734375,
            "timestamp": 476
        },
        {
            "dx": 202.118408203125,
            "dy": 132.50875854492188,
            "timestamp": 477
        },
        {
            "dx": 199.7872314453125,
            "dy": 133.50839233398438,
            "timestamp": 477
        },
        {
            "dx": 197.4560546875,
            "dy": 134.5079345703125,
            "timestamp": 477
        },
        {
            "dx": 195.1248779296875,
            "dy": 135.50753784179688,
            "timestamp": 478
        },
        {
            "dx": 192.793701171875,
            "dy": 136.50717163085938,
            "timestamp": 478
        },
        {
            "dx": 190.4625701904297,
            "dy": 137.5067138671875,
            "timestamp": 478
        },
        {
            "dx": 188.4644012451172,
            "dy": 138.173095703125,
            "timestamp": 501
        },
        {
            "dx": 186.4662322998047,
            "dy": 139.17269897460938,
            "timestamp": 502
        },
        {
            "dx": 184.46807861328125,
            "dy": 139.839111328125,
            "timestamp": 502
        },
        {
            "dx": 182.46994018554688,
            "dy": 140.5054931640625,
            "timestamp": 502
        },
        {
            "dx": 180.8048095703125,
            "dy": 141.50509643554688,
            "timestamp": 502
        },
        {
            "dx": 179.1396942138672,
            "dy": 142.17147827148438,
            "timestamp": 502
        },
        {
            "dx": 177.47457885742188,
            "dy": 142.837890625,
            "timestamp": 502
        },
        {
            "dx": 176.1424560546875,
            "dy": 143.5042724609375,
            "timestamp": 502
        },
        {
            "dx": 174.4773406982422,
            "dy": 144.50387573242188,
            "timestamp": 528
        },
        {
            "dx": 173.14524841308594,
            "dy": 145.17025756835938,
            "timestamp": 528
        },
        {
            "dx": 171.8131561279297,
            "dy": 145.836669921875,
            "timestamp": 528
        },
        {
            "dx": 170.48104858398438,
            "dy": 146.5030517578125,
            "timestamp": 528
        },
        {
            "dx": 169.1489715576172,
            "dy": 147.16943359375,
            "timestamp": 528
        },
        {
            "dx": 168.14987182617188,
            "dy": 147.83587646484375,
            "timestamp": 528
        },
        {
            "dx": 167.1508026123047,
            "dy": 148.16903686523438,
            "timestamp": 554
        },
        {
            "dx": 166.15171813964844,
            "dy": 148.83544921875,
            "timestamp": 554
        },
        {
            "dx": 165.1526336669922,
            "dy": 149.16864013671875,
            "timestamp": 554
        },
        {
            "dx": 164.153564453125,
            "dy": 149.5018310546875,
            "timestamp": 554
        },
        {
            "dx": 163.15447998046875,
            "dy": 150.168212890625,
            "timestamp": 554
        },
        {
            "dx": 162.4884490966797,
            "dy": 150.83465576171875,
            "timestamp": 554
        },
        {
            "dx": 161.8223876953125,
            "dy": 151.834228515625,
            "timestamp": 555
        },
        {
            "dx": 161.15634155273438,
            "dy": 152.5006103515625,
            "timestamp": 583
        },
        {
            "dx": 160.82330322265625,
            "dy": 153.1669921875,
            "timestamp": 583
        },
        {
            "dx": 160.1572723388672,
            "dy": 153.83343505859375,
            "timestamp": 583
        },
        {
            "dx": 159.8242645263672,
            "dy": 154.49984741210938,
            "timestamp": 583
        },
        {
            "dx": 159.4912109375,
            "dy": 155.16619873046875,
            "timestamp": 583
        },
        {
            "dx": 159.15818786621094,
            "dy": 156.16586303710938,
            "timestamp": 583
        },
        {
            "dx": 159.15818786621094,
            "dy": 156.83221435546875,
            "timestamp": 583
        },
        {
            "dx": 0,
            "dy": 0,
            "timestamp": 609
        }
    ]
]