[
    [
        {
            "dx": 139.26490783691406,
            "dy": 69.8360595703125,
            "timestamp": 0
        },
        {
            "dx": 138.76560974121094,
            "dy": 70.33575439453125,
            "timestamp": 66
        },
        {
            "dx": 138.76560974121094,
            "dy": 71.33514404296875,
            "timestamp": 75
        },
        {
            "dx": 138.76560974121094,
            "dy": 74.83303833007812,
            "timestamp": 83
        },
        {
            "dx": 139.26490783691406,
            "dy": 78.83059692382812,
            "timestamp": 92
        },
        {
            "dx": 140.76283264160156,
            "dy": 85.82632446289062,
            "timestamp": 100
        },
        {
            "dx": 142.26075744628906,
            "dy": 92.82205200195312,
            "timestamp": 109
        },
        {
            "dx": 144.7572784423828,
            "dy": 102.31625366210938,
            "timestamp": 116
        },
        {
            "dx": 147.25381469726562,
            "dy": 112.3101806640625,
            "timestamp": 125
        },
        {
            "dx": 149.75035095214844,
            "dy": 122.3040771484375,
            "timestamp": 133
        },
        {
            "dx": 152.24688720703125,
            "dy": 132.2979736328125,
            "timestamp": 142
        },
        {
            "dx": 153.24549865722656,
            "dy": 138.79403686523438,
            "timestamp": 150
        },
        {
            "dx": 154.74342346191406,
            "dy": 145.78976440429688,
            "timestamp": 159
        },
        {
            "dx": 155.2427215576172,
            "dy": 151.28640747070312,
            "timestamp": 166
        },
        {
            "dx": 155.74203491210938,
            "dy": 156.78305053710938,
            "timestamp": 176
        },
        {
            "dx": 156.2413330078125,
            "dy": 160.28091430664062,
            "timestamp": 183
        },
        {
            "dx": 156.7406463623047,
            "dy": 164.77816772460938,
            "timestamp": 192
        },
        {
            "dx": 156.7406463623047,
            "dy": 166.77694702148438,
            "timestamp": 200
        },
        {
            "dx": 156.7406463623047,
            "dy": 169.27545166015625,
            "timestamp": 209
        },
        {
            "dx": 156.2413330078125,
            "dy": 170.7745361328125,
            "timestamp": 217
        },
        {
            "dx": 156.2413330078125,
            "dy": 172.27362060546875,
            "timestamp": 226
        },
        {
            "dx": 155.74203491210938,
            "dy": 172.7733154296875,
            "timestamp": 233
        },
        {
            "dx": 155.74203491210938,
            "dy": 173.27301025390625,
            "timestamp": 242
        },
        {
            "dx": 155.2427215576172,
            "dy": 173.27301025390625,
            "timestamp": 250
        },
        {
            "dx": 154.74342346191406,
            "dy": 172.27362060546875,
            "timestamp": 267
        },
        {
            "dx": 154.74342346191406,
            "dy": 171.27423095703125,
            "timestamp": 276
        },
        {
            "dx": 154.74342346191406,
            "dy": 169.27545166015625,
            "timestamp": 284
        },
        {
            "dx": 154.74342346191406,
            "dy": 167.27664184570312,
            "timestamp": 293
        },
        {
            "dx": 155.2427215576172,
            "dy": 163.77877807617188,
            "timestamp": 300
        },
        {
            "dx": 155.74203491210938,
            "dy": 160.28091430664062,
            "timestamp": 309
        },
        {
            "dx": 157.7392578125,
            "dy": 156.28335571289062,
            "timestamp": 317
        },
        {
            "dx": 159.73648071289062,
            "dy": 152.28579711914062,
            "timestamp": 326
        },
        {
            "dx": 162.73231506347656,
            "dy": 148.28823852539062,
            "timestamp": 334
        },
        {
            "dx": 166.2274627685547,
            "dy": 144.29067993164062,
            "timestamp": 343
        },
        {
            "dx": 171.2205352783203,
            "dy": 140.29312133789062,
            "timestamp": 351
        },
        {
            "dx": 176.21359252929688,
            "dy": 136.2955322265625,
            "timestamp": 360
        },
        {
            "dx": 181.70596313476562,
            "dy": 133.29736328125,
            "timestamp": 367
        },
        {
            "dx": 187.19833374023438,
            "dy": 130.2991943359375,
            "timestamp": 376
        },
        {
            "dx": 192.6907196044922,
            "dy": 128.3004150390625,
            "timestamp": 384
        },
        {
            "dx": 198.18309020996094,
            "dy": 126.3016357421875,
            "timestamp": 393
        },
        {
            "dx": 203.1761474609375,
            "dy": 125.30224609375,
            "timestamp": 401
        },
        {
            "dx": 208.66851806640625,
            "dy": 124.80255126953125,
            "timestamp": 410
        },
        {
            "dx": 213.1622772216797,
            "dy": 124.80255126953125,
            "timestamp": 417
        },
        {
            "dx": 218.1553497314453,
            "dy": 124.80255126953125,
            "timestamp": 426
        },
        {
            "dx": 222.64910888671875,
            "dy": 125.30224609375,
            "timestamp": 434
        },
        {
            "dx": 227.14285278320312,
            "dy": 126.3016357421875,
            "timestamp": 443
        },
        {
            "dx": 230.63800048828125,
            "dy": 128.3004150390625,
            "timestamp": 451
        },
        {
            "dx": 234.6324462890625,
            "dy": 130.2991943359375,
            "timestamp": 460
        },
        {
            "dx": 236.62969970703125,
            "dy": 132.2979736328125,
            "timestamp": 468
        },
        {
            "dx": 238.62692260742188,
            "dy": 134.79644775390625,
            "timestamp": 477
        },
        {
            "dx": 239.62551879882812,
            "dy": 137.29495239257812,
            "timestamp": 484
        },
        {
            "dx": 241.12344360351562,
            "dy": 139.79342651367188,
            "timestamp": 493
        },
        {
            "dx": 241.12344360351562,
            "dy": 142.29190063476562,
            "timestamp": 501
        },
        {
            "dx": 241.62274169921875,
            "dy": 145.29006958007812,
            "timestamp": 510
        },
        {
            "dx": 240.12484741210938,
            "dy": 149.28762817382812,
            "timestamp": 518
        },
        {
            "dx": 239.126220703125,
            "dy": 153.28518676757812,
            "timestamp": 527
        },
        {
            "dx": 235.63107299804688,
            "dy": 158.28213500976562,
            "timestamp": 534
        },
        {
            "dx": 232.13592529296875,
            "dy": 163.27908325195312,
            "timestamp": 544
        },
        {
            "dx": 225.6449432373047,
            "dy": 167.77633666992188,
            "timestamp": 551
        },
        {
            "dx": 219.15396118164062,
            "dy": 172.7733154296875,
            "timestamp": 560
        },
        {
            "dx": 210.66574096679688,
            "dy": 176.27117919921875,
            "timestamp": 568
        },
        {
            "dx": 202.67684936523438,
            "dy": 180.26873779296875,
            "timestamp": 577
        },
        {
            "dx": 192.6907196044922,
            "dy": 183.26690673828125,
            "timestamp": 585
        },
        {
            "dx": 182.70457458496094,
            "dy": 186.7647705078125,
            "timestamp": 594
        },
        {
            "dx": 172.71844482421875,
            "dy": 188.7635498046875,
            "timestamp": 602
        },
        {
            "dx": 162.73231506347656,
            "dy": 191.26202392578125,
            "timestamp": 610
        },
        {
            "dx": 153.7447967529297,
            "dy": 192.7611083984375,
            "timestamp": 618
        },
        {
            "dx": 145.256591796875,
            "dy": 193.760498046875,
            "timestamp": 627
        },
        {
            "dx": 138.26629638671875,
            "dy": 194.7598876953125,
            "timestamp": 635
        },
        {
            "dx": 131.27601623535156,
            "dy": 195.75927734375,
            "timestamp": 644
        },
        {
            "dx": 125.78363037109375,
            "dy": 195.75927734375,
            "timestamp": 652
        },
        {
            "dx": 120.79057312011719,
            "dy": 196.25897216796875,
            "timestamp": 660
        },
        {
            "dx": 116.79612731933594,
            "dy": 195.75927734375,
            "timestamp": 668
        },
        {
            "dx": 113.30097961425781,
            "dy": 195.75927734375,
            "timestamp": 677
        },
        {
            "dx": 110.804443359375,
            "dy": 195.25958251953125,
            "timestamp": 685
        },
        {
            "dx": 108.30790710449219,
            "dy": 194.7598876953125,
            "timestamp": 694
        },
        {
            "dx": 106.80998229980469,
            "dy": 193.26080322265625,
            "timestamp": 702
        },
        {
            "dx": 105.81137084960938,
            "dy": 192.7611083984375,
            "timestamp": 711
        },
        {
            "dx": 105.31207275390625,
            "dy": 190.7623291015625,
            "timestamp": 718
        },
        {
            "dx": 105.31207275390625,
            "dy": 189.26324462890625,
            "timestamp": 727
        },
        {
            "dx": 105.31207275390625,
            "dy": 187.26446533203125,
            "timestamp": 735
        },
        {
            "dx": 105.81137084960938,
            "dy": 185.26568603515625,
            "timestamp": 744
        },
        {
            "dx": 0.0,
            "dy": 0.0,
            "timestamp": 752
        },
        {
            "dx": 200.18031311035156,
            "dy": 99.31808471679688,
            "timestamp": 1003
        },
        {
            "dx": 0.0,
            "dy": 0.0,
            "timestamp": 1019
        },
        {
            "dx": 196.18585205078125,
            "dy": 91.32296752929688,
            "timestamp": 1655
        },
        {
            "dx": 0.0,
            "dy": 0.0,
            "timestamp": 1756
        },
        {
            "dx": 201.17892456054688,
            "dy": 77.33151245117188,
            "timestamp": 2375
        },
        {
            "dx": 201.17892456054688,
            "dy": 77.33151245117188,
            "timestamp": 2409
        },
        {
            "dx": 201.17892456054688,
            "dy": 77.33151245117188,
            "timestamp": 2425
        },
        {
            "dx": 201.17892456054688,
            "dy": 77.33151245117188,
            "timestamp": 2442
        },
        {
            "dx": 200.18031311035156,
            "dy": 77.83120727539062,
            "timestamp": 2476
        },
        {
            "dx": 199.68099975585938,
            "dy": 78.33090209960938,
            "timestamp": 2484
        },
        {
            "dx": 198.18309020996094,
            "dy": 79.82998657226562,
            "timestamp": 2491
        },
        {
            "dx": 197.18446350097656,
            "dy": 81.32907104492188,
            "timestamp": 2501
        },
        {
            "dx": 195.68655395507812,
            "dy": 82.82815551757812,
            "timestamp": 2508
        },
        {
            "dx": 194.18862915039062,
            "dy": 84.82693481445312,
            "timestamp": 2517
        },
        {
            "dx": 193.1900177001953,
            "dy": 85.82632446289062,
            "timestamp": 2525
        },
        {
            "dx": 192.19140625,
            "dy": 87.32540893554688,
            "timestamp": 2534
        },
        {
            "dx": 192.19140625,
            "dy": 87.82510375976562,
            "timestamp": 2542
        },
        {
            "dx": 192.19140625,
            "dy": 88.82449340820312,
            "timestamp": 2551
        },
        {
            "dx": 192.6907196044922,
            "dy": 89.32418823242188,
            "timestamp": 2567
        },
        {
            "dx": 193.1900177001953,
            "dy": 89.32418823242188,
            "timestamp": 2575
        },
        {
            "dx": 194.18862915039062,
            "dy": 89.32418823242188,
            "timestamp": 2584
        },
        {
            "dx": 194.6879425048828,
            "dy": 89.32418823242188,
            "timestamp": 2592
        },
        {
            "dx": 195.68655395507812,
            "dy": 89.32418823242188,
            "timestamp": 2601
        },
        {
            "dx": 196.18585205078125,
            "dy": 89.32418823242188,
            "timestamp": 2609
        },
        {
            "dx": 196.68516540527344,
            "dy": 89.32418823242188,
            "timestamp": 2618
        },
        {
            "dx": 197.18446350097656,
            "dy": 89.82388305664062,
            "timestamp": 2634
        },
        {
            "dx": 197.18446350097656,
            "dy": 90.32357788085938,
            "timestamp": 2651
        },
        {
            "dx": 197.18446350097656,
            "dy": 90.82327270507812,
            "timestamp": 2668
        },
        {
            "dx": 196.68516540527344,
            "dy": 90.82327270507812,
            "timestamp": 2676
        },
        {
            "dx": 196.18585205078125,
            "dy": 90.82327270507812,
            "timestamp": 2692
        },
        {
            "dx": 196.68516540527344,
            "dy": 90.32357788085938,
            "timestamp": 2726
        },
        {
            "dx": 197.18446350097656,
            "dy": 90.32357788085938,
            "timestamp": 2735
        },
        {
            "dx": 197.68377685546875,
            "dy": 89.82388305664062,
            "timestamp": 2742
        },
        {
            "dx": 198.18309020996094,
            "dy": 89.82388305664062,
            "timestamp": 2751
        },
        {
            "dx": 0.0,
            "dy": 0.0,
            "timestamp": 2759
        }
    ],
    [
        {
            "dx": 153.99999999999997,
            "dy": 178.99999999999994,
            "timestamp": 0
        },
        {
            "dx": 159.99999999999997,
            "dy": 157.99999999999994,
            "timestamp": 33
        },
        {
            "dx": 172.99999999999994,
            "dy": 137.99999999999994,
            "timestamp": 34
        },
        {
            "dx": 185.99999999999997,
            "dy": 120.99999999999994,
            "timestamp": 53
        },
        {
            "dx": 209.99999999999997,
            "dy": 101.99999999999994,
            "timestamp": 86
        },
        {
            "dx": 229.99999999999997,
            "dy": 94.99999999999994,
            "timestamp": 115
        },
        {
            "dx": 235.99999999999997,
            "dy": 98.99999999999994,
            "timestamp": 136
        },
        {
            "dx": 244.99999999999997,
            "dy": 107.99999999999994,
            "timestamp": 163
        },
        {
            "dx": 245.99999999999997,
            "dy": 117.99999999999994,
            "timestamp": 188
        },
        {
            "dx": 226.99999999999997,
            "dy": 156.99999999999994,
            "timestamp": 214
        },
        {
            "dx": 206.99999999999997,
            "dy": 174.9999999999999,
            "timestamp": 240
        },
        {
            "dx": 168.99999999999997,
            "dy": 191.99999999999994,
            "timestamp": 266
        },
        {
            "dx": 156.99999999999994,
            "dy": 196.9999999999999,
            "timestamp": 303
        },
        {
            "dx": 146.99999999999997,
            "dy": 195,
            "timestamp": 303
        },
        {
            "dx": 142.99999999999997,
            "dy": 192.99999999999994,
            "timestamp": 327
        },
        {
            "dx": 0,
            "dy": 0,
            "timestamp": 328
        },
        {
            "dx": 172.99999999999994,
            "dy": 77.99999999999994,
            "timestamp": 508
        },
        {
            "dx": 170.99999999999997,
            "dy": 105.99999999999994,
            "timestamp": 529
        },
        {
            "dx": 172,
            "dy": 152.99999999999994,
            "timestamp": 555
        },
        {
            "dx": 172,
            "dy": 181.99999999999994,
            "timestamp": 556
        },
        {
            "dx": 0,
            "dy": 0,
            "timestamp": 557
        },
        {
            "dx": 226.99999999999997,
            "dy": 66.99999999999994,
            "timestamp": 805
        },
        {
            "dx": 0,
            "dy": 0,
            "timestamp": 821
        },
        {
            "dx": 207.99999999999997,
            "dy": 43.99999999999994,
            "timestamp": 1290
        },
        {
            "dx": 211.99999999999997,
            "dy": 47.99999999999994,
            "timestamp": 1315
        },
        {
            "dx": 220.99999999999997,
            "dy": 52.99999999999994,
            "timestamp": 1351
        },
        {
            "dx": 228.99999999999997,
            "dy": 51.99999999999994,
            "timestamp": 1377
        },
        {
            "dx": 230.99999999999997,
            "dy": 49.99999999999994,
            "timestamp": 1411
        },
        {
            "dx": 230.99999999999997,
            "dy": 46.99999999999994,
            "timestamp": 1412
        },
        {
            "dx": 227.99999999999997,
            "dy": 45.99999999999994,
            "timestamp": 1430
        },
        {
            "dx": 223.99999999999997,
            "dy": 46.99999999999994,
            "timestamp": 1461
        },
        {
            "dx": 217.99999999999997,
            "dy": 48.99999999999994,
            "timestamp": 1462
        },
        {
            "dx": 211.99999999999997,
            "dy": 51.99999999999994,
            "timestamp": 1484
        },
        {
            "dx": 205.99999999999994,
            "dy": 56.99999999999994,
            "timestamp": 1515
        },
        {
            "dx": 205.99999999999994,
            "dy": 56.99999999999994,
            "timestamp": 1540
        },
        {
            "dx": 0,
            "dy": 0,
            "timestamp": 1542
        }
    ],
    [
        {
            "dx": 204.65155029296875,
            "dy": 120.78463745117188,
            "timestamp": 0
        },
        {
            "dx": 204.4757080078125,
            "dy": 122.07394409179688,
            "timestamp": 36
        },
        {
            "dx": 204.12411499023438,
            "dy": 124.18368530273438,
            "timestamp": 36
        },
        {
            "dx": 204.00692749023438,
            "dy": 127.93441772460938,
            "timestamp": 70
        },
        {
            "dx": 204.00692749023438,
            "dy": 134.0291748046875,
            "timestamp": 70
        },
        {
            "dx": 203.77255249023438,
            "dy": 141.70635986328125,
            "timestamp": 101
        },
        {
            "dx": 203.59677124023438,
            "dy": 150.9071044921875,
            "timestamp": 102
        },
        {
            "dx": 203.59677124023438,
            "dy": 160.34237670898438,
            "timestamp": 128
        },
        {
            "dx": 203.59677124023438,
            "dy": 167.96087646484375,
            "timestamp": 154
        },
        {
            "dx": 203.71395874023438,
            "dy": 172.29766845703125,
            "timestamp": 155
        },
        {
            "dx": 204.2999267578125,
            "dy": 174.17294311523438,
            "timestamp": 201
        },
        {
            "dx": 204.88592529296875,
            "dy": 174.87612915039062,
            "timestamp": 201
        },
        {
            "dx": 205.35470581054688,
            "dy": 174.87612915039062,
            "timestamp": 202
        },
        {
            "dx": 206.23373413085938,
            "dy": 173.87994384765625,
            "timestamp": 249
        },
        {
            "dx": 207.81591796875,
            "dy": 171.59432983398438,
            "timestamp": 249
        },
        {
            "dx": 209.63250732421875,
            "dy": 168.07806396484375,
            "timestamp": 280
        },
        {
            "dx": 211.91790771484375,
            "dy": 164.15170288085938,
            "timestamp": 281
        },
        {
            "dx": 214.61346435546875,
            "dy": 160.92840576171875,
            "timestamp": 311
        },
        {
            "dx": 217.83651733398438,
            "dy": 159.34609985351562,
            "timestamp": 311
        },
        {
            "dx": 221.1766357421875,
            "dy": 159.2874755859375,
            "timestamp": 340
        },
        {
            "dx": 223.81365966796875,
            "dy": 160.86978149414062,
            "timestamp": 341
        },
        {
            "dx": 224.92709350585938,
            "dy": 162.92098999023438,
            "timestamp": 367
        },
        {
            "dx": 224.634033203125,
            "dy": 165.14788818359375,
            "timestamp": 393
        },
        {
            "dx": 222.2900390625,
            "dy": 168.01947021484375,
            "timestamp": 394
        },
        {
            "dx": 218.12948608398438,
            "dy": 170.77386474609375,
            "timestamp": 420
        },
        {
            "dx": 212.56246948242188,
            "dy": 173.76275634765625,
            "timestamp": 421
        },
        {
            "dx": 206.11654663085938,
            "dy": 177.10311889648438,
            "timestamp": 449
        },
        {
            "dx": 199.1431427001953,
            "dy": 180.50213623046875,
            "timestamp": 490
        },
        {
            "dx": 192.3456268310547,
            "dy": 183.08071899414062,
            "timestamp": 490
        },
        {
            "dx": 187.36459350585938,
            "dy": 184.78021240234375,
            "timestamp": 491
        },
        {
            "dx": 183.67282104492188,
            "dy": 186.47982788085938,
            "timestamp": 517
        },
        {
            "dx": 181.73907470703125,
            "dy": 187.76910400390625,
            "timestamp": 518
        },
        {
            "dx": 181.44607543945312,
            "dy": 188.35507202148438,
            "timestamp": 543
        },
        {
            "dx": 182.0320587158203,
            "dy": 188.4722900390625,
            "timestamp": 544
        },
        {
            "dx": 0,
            "dy": 0,
            "timestamp": 545
        },
        {
            "dx": 223.28622436523438,
            "dy": 134.49798583984375,
            "timestamp": 884
        },
        {
            "dx": 223.11044311523438,
            "dy": 135.4356689453125,
            "timestamp": 916
        },
        {
            "dx": 223.05184936523438,
            "dy": 136.31478881835938,
            "timestamp": 949
        },
        {
            "dx": 223.16903686523438,
            "dy": 136.9007568359375,
            "timestamp": 950
        },
        {
            "dx": 223.5206298828125,
            "dy": 137.01797485351562,
            "timestamp": 984
        },
        {
            "dx": 223.75506591796875,
            "dy": 137.01797485351562,
            "timestamp": 985
        },
        {
            "dx": 223.98944091796875,
            "dy": 136.6663818359375,
            "timestamp": 985
        },
        {
            "dx": 223.93084716796875,
            "dy": 136.02178955078125,
            "timestamp": 1018
        },
        {
            "dx": 222.93466186523438,
            "dy": 135.4942626953125,
            "timestamp": 1019
        },
        {
            "dx": 221.52825927734375,
            "dy": 135.31845092773438,
            "timestamp": 1052
        },
        {
            "dx": 220.70785522460938,
            "dy": 135.67007446289062,
            "timestamp": 1054
        },
        {
            "dx": 0,
            "dy": 0,
            "timestamp": 1055
        }
    ],
    [
        {
            "dx": 145.56356811523438,
            "dy": 54.43646240234375,
            "timestamp": 0
        },
        {
            "dx": 145.09091186523438,
            "dy": 56.98191833496094,
            "timestamp": 1
        },
        {
            "dx": 144.61825561523438,
            "dy": 59.60014343261719,
            "timestamp": 1
        },
        {
            "dx": 144.14559936523438,
            "dy": 62.327423095703125,
            "timestamp": 2
        },
        {
            "dx": 143.67259216308594,
            "dy": 65.0546875,
            "timestamp": 3
        },
        {
            "dx": 143.19993591308594,
            "dy": 68.07281494140625,
            "timestamp": 29
        },
        {
            "dx": 142.80007934570312,
            "dy": 70.80007934570312,
            "timestamp": 29
        },
        {
            "dx": 142.3998565673828,
            "dy": 73.70916748046875,
            "timestamp": 29
        },
        {
            "dx": 142.03622436523438,
            "dy": 77.23651123046875,
            "timestamp": 29
        },
        {
            "dx": 141.85440063476562,
            "dy": 80.54547119140625,
            "timestamp": 29
        },
        {
            "dx": 141.63636779785156,
            "dy": 83.672607421875,
            "timestamp": 29
        },
        {
            "dx": 141.56356811523438,
            "dy": 86.87286376953125,
            "timestamp": 30
        },
        {
            "dx": 141.56356811523438,
            "dy": 90.3636474609375,
            "timestamp": 30
        },
        {
            "dx": 141.4545440673828,
            "dy": 93.672607421875,
            "timestamp": 55
        },
        {
            "dx": 141.4545440673828,
            "dy": 97.672607421875,
            "timestamp": 55
        },
        {
            "dx": 141.4545440673828,
            "dy": 101.49078369140625,
            "timestamp": 55
        },
        {
            "dx": 141.63636779785156,
            "dy": 104.29083251953125,
            "timestamp": 55
        },
        {
            "dx": 141.85440063476562,
            "dy": 107.4183349609375,
            "timestamp": 55
        },
        {
            "dx": 142.21804809570312,
            "dy": 110.54547119140625,
            "timestamp": 55
        },
        {
            "dx": 142.69105529785156,
            "dy": 113.74539184570312,
            "timestamp": 74
        },
        {
            "dx": 143.27273559570312,
            "dy": 117.16372680664062,
            "timestamp": 74
        },
        {
            "dx": 144.32742309570312,
            "dy": 121.16372680664062,
            "timestamp": 75
        },
        {
            "dx": 145.30897521972656,
            "dy": 124.76348876953125,
            "timestamp": 75
        },
        {
            "dx": 146.14559936523438,
            "dy": 128.3636474609375,
            "timestamp": 75
        },
        {
            "dx": 146.90908813476562,
            "dy": 131.56356811523438,
            "timestamp": 91
        },
        {
            "dx": 147.6001434326172,
            "dy": 134.76351928710938,
            "timestamp": 91
        },
        {
            "dx": 148.36366271972656,
            "dy": 137.781982421875,
            "timestamp": 91
        },
        {
            "dx": 149.23651123046875,
            "dy": 140.727294921875,
            "timestamp": 91
        },
        {
            "dx": 150,
            "dy": 143.81820678710938,
            "timestamp": 107
        },
        {
            "dx": 150.8728790283203,
            "dy": 146.8363037109375,
            "timestamp": 107
        },
        {
            "dx": 151.63636779785156,
            "dy": 149.672607421875,
            "timestamp": 107
        },
        {
            "dx": 152.2908477783203,
            "dy": 152.29086303710938,
            "timestamp": 107
        },
        {
            "dx": 152.9818878173828,
            "dy": 154.8363037109375,
            "timestamp": 123
        },
        {
            "dx": 153.9272003173828,
            "dy": 157.45458984375,
            "timestamp": 123
        },
        {
            "dx": 154.90908813476562,
            "dy": 159.8909912109375,
            "timestamp": 123
        },
        {
            "dx": 155.56356811523438,
            "dy": 162.254638671875,
            "timestamp": 123
        },
        {
            "dx": 156.25462341308594,
            "dy": 164.58169555664062,
            "timestamp": 139
        },
        {
            "dx": 156.72727966308594,
            "dy": 166.727294921875,
            "timestamp": 139
        },
        {
            "dx": 157.12713623046875,
            "dy": 168.07284545898438,
            "timestamp": 140
        },
        {
            "dx": 157.4907684326172,
            "dy": 169.92724609375,
            "timestamp": 153
        },
        {
            "dx": 157.89100646972656,
            "dy": 171.781982421875,
            "timestamp": 154
        },
        {
            "dx": 158.18182373046875,
            "dy": 173.63638305664062,
            "timestamp": 154
        },
        {
            "dx": 158.47265625,
            "dy": 175.199951171875,
            "timestamp": 154
        },
        {
            "dx": 158.83631896972656,
            "dy": 176.8363037109375,
            "timestamp": 170
        },
        {
            "dx": 159.23651123046875,
            "dy": 178.2908935546875,
            "timestamp": 170
        },
        {
            "dx": 159.52734375,
            "dy": 179.781982421875,
            "timestamp": 170
        },
        {
            "dx": 159.8181915283203,
            "dy": 181.12713623046875,
            "timestamp": 170
        },
        {
            "dx": 160.10902404785156,
            "dy": 182.50924682617188,
            "timestamp": 185
        },
        {
            "dx": 160.2908477783203,
            "dy": 183.74539184570312,
            "timestamp": 185
        },
        {
            "dx": 160.47265625,
            "dy": 184.90908813476562,
            "timestamp": 185
        },
        {
            "dx": 160.58168029785156,
            "dy": 186,
            "timestamp": 186
        },
        {
            "dx": 160.69105529785156,
            "dy": 187.0546875,
            "timestamp": 200
        },
        {
            "dx": 160.7635040283203,
            "dy": 188.14559936523438,
            "timestamp": 200
        },
        {
            "dx": 160.8728790283203,
            "dy": 188.90908813476562,
            "timestamp": 201
        },
        {
            "dx": 160.9453125,
            "dy": 189.60015869140625,
            "timestamp": 230
        },
        {
            "dx": 161.0546875,
            "dy": 190.18182373046875,
            "timestamp": 231
        },
        {
            "dx": 161.16371154785156,
            "dy": 190.65447998046875,
            "timestamp": 231
        },
        {
            "dx": 161.23651123046875,
            "dy": 191.16372680664062,
            "timestamp": 231
        },
        {
            "dx": 161.3455352783203,
            "dy": 191.56356811523438,
            "timestamp": 231
        },
        {
            "dx": 161.4545440673828,
            "dy": 191.92721557617188,
            "timestamp": 231
        },
        {
            "dx": 161.52734375,
            "dy": 192.32742309570312,
            "timestamp": 231
        },
        {
            "dx": 161.52734375,
            "dy": 192.727294921875,
            "timestamp": 231
        },
        {
            "dx": 161.52734375,
            "dy": 193.01812744140625,
            "timestamp": 251
        },
        {
            "dx": 161.52734375,
            "dy": 192.90908813476562,
            "timestamp": 295
        },
        {
            "dx": 161.63636779785156,
            "dy": 192.32742309570312,
            "timestamp": 316
        },
        {
            "dx": 161.74539184570312,
            "dy": 191.56356811523438,
            "timestamp": 316
        },
        {
            "dx": 161.9272003173828,
            "dy": 190.58169555664062,
            "timestamp": 316
        },
        {
            "dx": 162.10902404785156,
            "dy": 189.49078369140625,
            "timestamp": 316
        },
        {
            "dx": 162.3998565673828,
            "dy": 188.21804809570312,
            "timestamp": 317
        },
        {
            "dx": 162.80007934570312,
            "dy": 186.7635498046875,
            "timestamp": 341
        },
        {
            "dx": 163.27273559570312,
            "dy": 184.90908813476562,
            "timestamp": 341
        },
        {
            "dx": 163.74539184570312,
            "dy": 183.16372680664062,
            "timestamp": 341
        },
        {
            "dx": 164.21804809570312,
            "dy": 181.60015869140625,
            "timestamp": 341
        },
        {
            "dx": 164.72727966308594,
            "dy": 180.07281494140625,
            "timestamp": 341
        },
        {
            "dx": 165.19993591308594,
            "dy": 178.50924682617188,
            "timestamp": 341
        },
        {
            "dx": 165.78196716308594,
            "dy": 177.23651123046875,
            "timestamp": 367
        },
        {
            "dx": 166.36366271972656,
            "dy": 175.96377563476562,
            "timestamp": 367
        },
        {
            "dx": 166.9453125,
            "dy": 174.80007934570312,
            "timestamp": 367
        },
        {
            "dx": 167.41835021972656,
            "dy": 173.81820678710938,
            "timestamp": 367
        },
        {
            "dx": 167.89100646972656,
            "dy": 172.8363037109375,
            "timestamp": 367
        },
        {
            "dx": 168.47265625,
            "dy": 172.07284545898438,
            "timestamp": 367
        },
        {
            "dx": 168.9453125,
            "dy": 171.199951171875,
            "timestamp": 390
        },
        {
            "dx": 169.52734375,
            "dy": 170.39990234375,
            "timestamp": 390
        },
        {
            "dx": 170,
            "dy": 169.81820678710938,
            "timestamp": 390
        },
        {
            "dx": 170.3998565673828,
            "dy": 169.34555053710938,
            "timestamp": 390
        },
        {
            "dx": 170.9818878173828,
            "dy": 168.76351928710938,
            "timestamp": 390
        },
        {
            "dx": 171.56356811523438,
            "dy": 168.18182373046875,
            "timestamp": 391
        },
        {
            "dx": 172.10902404785156,
            "dy": 167.672607421875,
            "timestamp": 411
        },
        {
            "dx": 172.69105529785156,
            "dy": 167.199951171875,
            "timestamp": 411
        },
        {
            "dx": 173.27273559570312,
            "dy": 166.80007934570312,
            "timestamp": 411
        },
        {
            "dx": 174.03622436523438,
            "dy": 166.50927734375,
            "timestamp": 411
        },
        {
            "dx": 174.90911865234375,
            "dy": 166.21804809570312,
            "timestamp": 411
        },
        {
            "dx": 175.67259216308594,
            "dy": 165.92724609375,
            "timestamp": 431
        },
        {
            "dx": 176.36366271972656,
            "dy": 165.63638305664062,
            "timestamp": 432
        },
        {
            "dx": 177.0181121826172,
            "dy": 165.45458984375,
            "timestamp": 432
        },
        {
            "dx": 177.70916748046875,
            "dy": 165.27273559570312,
            "timestamp": 432
        },
        {
            "dx": 178.2908477783203,
            "dy": 165.16372680664062,
            "timestamp": 432
        },
        {
            "dx": 178.8728790283203,
            "dy": 165.0546875,
            "timestamp": 453
        },
        {
            "dx": 179.4545440673828,
            "dy": 164.98193359375,
            "timestamp": 453
        },
        {
            "dx": 180,
            "dy": 164.87289428710938,
            "timestamp": 454
        },
        {
            "dx": 180.69105529785156,
            "dy": 164.87289428710938,
            "timestamp": 454
        },
        {
            "dx": 181.38177490234375,
            "dy": 164.87289428710938,
            "timestamp": 454
        },
        {
            "dx": 182.03622436523438,
            "dy": 164.87289428710938,
            "timestamp": 473
        },
        {
            "dx": 182.72727966308594,
            "dy": 164.87289428710938,
            "timestamp": 473
        },
        {
            "dx": 183.4907684326172,
            "dy": 164.98193359375,
            "timestamp": 473
        },
        {
            "dx": 184.36366271972656,
            "dy": 165.0546875,
            "timestamp": 473
        },
        {
            "dx": 185.19993591308594,
            "dy": 165.16372680664062,
            "timestamp": 474
        },
        {
            "dx": 186.47265625,
            "dy": 165.45458984375,
            "timestamp": 494
        },
        {
            "dx": 187.52734375,
            "dy": 165.85440063476562,
            "timestamp": 494
        },
        {
            "dx": 188.47265625,
            "dy": 166.21804809570312,
            "timestamp": 494
        },
        {
            "dx": 189.4545440673828,
            "dy": 166.61825561523438,
            "timestamp": 494
        },
        {
            "dx": 190.10902404785156,
            "dy": 167.01815795898438,
            "timestamp": 494
        },
        {
            "dx": 190.90911865234375,
            "dy": 167.49081420898438,
            "timestamp": 514
        },
        {
            "dx": 191.56356811523438,
            "dy": 168.07284545898438,
            "timestamp": 514
        },
        {
            "dx": 192.14559936523438,
            "dy": 168.65447998046875,
            "timestamp": 514
        },
        {
            "dx": 192.61825561523438,
            "dy": 169.34555053710938,
            "timestamp": 514
        },
        {
            "dx": 193.09091186523438,
            "dy": 170.03622436523438,
            "timestamp": 514
        },
        {
            "dx": 193.38177490234375,
            "dy": 170.727294921875,
            "timestamp": 535
        },
        {
            "dx": 193.78196716308594,
            "dy": 171.60018920898438,
            "timestamp": 535
        },
        {
            "dx": 193.96380615234375,
            "dy": 172.54550170898438,
            "timestamp": 535
        },
        {
            "dx": 194.0727996826172,
            "dy": 173.52734375,
            "timestamp": 535
        },
        {
            "dx": 193.96380615234375,
            "dy": 174.50927734375,
            "timestamp": 536
        },
        {
            "dx": 193.78196716308594,
            "dy": 175.672607421875,
            "timestamp": 556
        },
        {
            "dx": 193.4907684326172,
            "dy": 177.12713623046875,
            "timestamp": 556
        },
        {
            "dx": 193.0181121826172,
            "dy": 178.69107055664062,
            "timestamp": 556
        },
        {
            "dx": 192.43646240234375,
            "dy": 180.254638671875,
            "timestamp": 557
        },
        {
            "dx": 191.74539184570312,
            "dy": 181.70916748046875,
            "timestamp": 557
        },
        {
            "dx": 190.90911865234375,
            "dy": 183.56356811523438,
            "timestamp": 577
        },
        {
            "dx": 189.9272003173828,
            "dy": 185.3089599609375,
            "timestamp": 577
        },
        {
            "dx": 188.9818878173828,
            "dy": 186.98190307617188,
            "timestamp": 577
        },
        {
            "dx": 187.70916748046875,
            "dy": 188.8363037109375,
            "timestamp": 577
        },
        {
            "dx": 186.47265625,
            "dy": 190.58169555664062,
            "timestamp": 577
        },
        {
            "dx": 184.65447998046875,
            "dy": 192.50924682617188,
            "timestamp": 578
        },
        {
            "dx": 182.90911865234375,
            "dy": 194.18182373046875,
            "timestamp": 598
        },
        {
            "dx": 181.27273559570312,
            "dy": 195.74539184570312,
            "timestamp": 599
        },
        {
            "dx": 179.63636779785156,
            "dy": 197.199951171875,
            "timestamp": 599
        },
        {
            "dx": 177.8181915283203,
            "dy": 198.7635498046875,
            "timestamp": 599
        },
        {
            "dx": 176.0727996826172,
            "dy": 200.10903930664062,
            "timestamp": 599
        },
        {
            "dx": 173.67259216308594,
            "dy": 201.56356811523438,
            "timestamp": 620
        },
        {
            "dx": 171.4545440673828,
            "dy": 203.0546875,
            "timestamp": 620
        },
        {
            "dx": 169.3455352783203,
            "dy": 204.2908935546875,
            "timestamp": 620
        },
        {
            "dx": 167.30897521972656,
            "dy": 205.38174438476562,
            "timestamp": 620
        },
        {
            "dx": 165.30897521972656,
            "dy": 206.254638671875,
            "timestamp": 620
        },
        {
            "dx": 163.38177490234375,
            "dy": 207.01812744140625,
            "timestamp": 640
        },
        {
            "dx": 162.21804809570312,
            "dy": 207.4183349609375,
            "timestamp": 640
        },
        {
            "dx": 160.69105529785156,
            "dy": 207.8909912109375,
            "timestamp": 640
        },
        {
            "dx": 158.83631896972656,
            "dy": 208.2908935546875,
            "timestamp": 640
        },
        {
            "dx": 157.0181121826172,
            "dy": 208.69107055664062,
            "timestamp": 641
        },
        {
            "dx": 155.09091186523438,
            "dy": 208.98190307617188,
            "timestamp": 662
        },
        {
            "dx": 153.27273559570312,
            "dy": 209.27273559570312,
            "timestamp": 662
        },
        {
            "dx": 151.63636779785156,
            "dy": 209.45455932617188,
            "timestamp": 662
        },
        {
            "dx": 149.78196716308594,
            "dy": 209.56356811523438,
            "timestamp": 662
        },
        {
            "dx": 147.89100646972656,
            "dy": 209.672607421875,
            "timestamp": 662
        },
        {
            "dx": 146.14559936523438,
            "dy": 209.672607421875,
            "timestamp": 685
        },
        {
            "dx": 144.80007934570312,
            "dy": 209.672607421875,
            "timestamp": 685
        },
        {
            "dx": 143.4545440673828,
            "dy": 209.672607421875,
            "timestamp": 685
        },
        {
            "dx": 142.14559936523438,
            "dy": 209.672607421875,
            "timestamp": 685
        },
        {
            "dx": 140.8728790283203,
            "dy": 209.672607421875,
            "timestamp": 685
        },
        {
            "dx": 138.9818878173828,
            "dy": 209.672607421875,
            "timestamp": 685
        },
        {
            "dx": 136.9453125,
            "dy": 209.45455932617188,
            "timestamp": 706
        },
        {
            "dx": 135.0181121826172,
            "dy": 209.27273559570312,
            "timestamp": 707
        },
        {
            "dx": 133.6001434326172,
            "dy": 209.16372680664062,
            "timestamp": 707
        },
        {
            "dx": 132.3636474609375,
            "dy": 209.09091186523438,
            "timestamp": 707
        },
        {
            "dx": 131.09091186523438,
            "dy": 208.98190307617188,
            "timestamp": 707
        },
        {
            "dx": 129.96377563476562,
            "dy": 208.8729248046875,
            "timestamp": 728
        },
        {
            "dx": 127.92720031738281,
            "dy": 208.69107055664062,
            "timestamp": 728
        },
        {
            "dx": 127.09091186523438,
            "dy": 208.69107055664062,
            "timestamp": 728
        },
        {
            "dx": 125.74539184570312,
            "dy": 208.58169555664062,
            "timestamp": 728
        },
        {
            "dx": 124.47265625,
            "dy": 208.47265625,
            "timestamp": 728
        },
        {
            "dx": 123.12715148925781,
            "dy": 208.47265625,
            "timestamp": 749
        },
        {
            "dx": 121.81819152832031,
            "dy": 208.47265625,
            "timestamp": 749
        },
        {
            "dx": 120.54545593261719,
            "dy": 208.47265625,
            "timestamp": 749
        },
        {
            "dx": 119.4183349609375,
            "dy": 208.39987182617188,
            "timestamp": 750
        },
        {
            "dx": 118.254638671875,
            "dy": 208.2908935546875,
            "timestamp": 750
        },
        {
            "dx": 116.727294921875,
            "dy": 208.2908935546875,
            "timestamp": 750
        },
        {
            "dx": 0,
            "dy": 0,
            "timestamp": 770
        },
        {
            "dx": 193.78196716308594,
            "dy": 115.60015869140625,
            "timestamp": 1138
        },
        {
            "dx": 194.25462341308594,
            "dy": 115.8909912109375,
            "timestamp": 1139
        },
        {
            "dx": 194.5454559326172,
            "dy": 116.07281494140625,
            "timestamp": 1139
        },
        {
            "dx": 194.83631896972656,
            "dy": 116.29083251953125,
            "timestamp": 1141
        },
        {
            "dx": 195.23651123046875,
            "dy": 116.47265625,
            "timestamp": 1142
        },
        {
            "dx": 195.52734375,
            "dy": 116.65447998046875,
            "timestamp": 1143
        },
        {
            "dx": 195.89100646972656,
            "dy": 116.87286376953125,
            "timestamp": 1193
        },
        {
            "dx": 196.2908477783203,
            "dy": 117.0546875,
            "timestamp": 1193
        },
        {
            "dx": 196.65447998046875,
            "dy": 117.16372680664062,
            "timestamp": 1193
        },
        {
            "dx": 197.0546875,
            "dy": 117.23651123046875,
            "timestamp": 1193
        },
        {
            "dx": 197.4545440673828,
            "dy": 117.45458984375,
            "timestamp": 1193
        },
        {
            "dx": 197.8181915283203,
            "dy": 117.52734375,
            "timestamp": 1193
        },
        {
            "dx": 198.21804809570312,
            "dy": 117.63638305664062,
            "timestamp": 1193
        },
        {
            "dx": 198.58168029785156,
            "dy": 117.74539184570312,
            "timestamp": 1193
        },
        {
            "dx": 198.9818878173828,
            "dy": 117.81817626953125,
            "timestamp": 1194
        },
        {
            "dx": 199.3455352783203,
            "dy": 117.92724609375,
            "timestamp": 1194
        },
        {
            "dx": 199.74539184570312,
            "dy": 118.03622436523438,
            "timestamp": 1194
        },
        {
            "dx": 200.14559936523438,
            "dy": 118.14559936523438,
            "timestamp": 1194
        },
        {
            "dx": 200.61825561523438,
            "dy": 118.14559936523438,
            "timestamp": 1194
        },
        {
            "dx": 201.09091186523438,
            "dy": 118.14559936523438,
            "timestamp": 1194
        },
        {
            "dx": 201.67259216308594,
            "dy": 118.03622436523438,
            "timestamp": 1223
        },
        {
            "dx": 202.0727996826172,
            "dy": 117.92724609375,
            "timestamp": 1223
        },
        {
            "dx": 202.32742309570312,
            "dy": 117.74539184570312,
            "timestamp": 1223
        },
        {
            "dx": 202.32742309570312,
            "dy": 117.63638305664062,
            "timestamp": 1223
        },
        {
            "dx": 202.32742309570312,
            "dy": 117.52734375,
            "timestamp": 1230
        },
        {
            "dx": 202.25462341308594,
            "dy": 116.87286376953125,
            "timestamp": 1230
        },
        {
            "dx": 202.0727996826172,
            "dy": 116.18182373046875,
            "timestamp": 1266
        },
        {
            "dx": 201.78196716308594,
            "dy": 115.3089599609375,
            "timestamp": 1266
        },
        {
            "dx": 201.38177490234375,
            "dy": 114.50927734375,
            "timestamp": 1267
        },
        {
            "dx": 200.9818878173828,
            "dy": 113.63638305664062,
            "timestamp": 1267
        },
        {
            "dx": 200.69105529785156,
            "dy": 112.98193359375,
            "timestamp": 1267
        },
        {
            "dx": 200.43646240234375,
            "dy": 112.39990234375,
            "timestamp": 1267
        },
        {
            "dx": 199.63636779785156,
            "dy": 111.4183349609375,
            "timestamp": 1267
        },
        {
            "dx": 198.9818878173828,
            "dy": 110.61825561523438,
            "timestamp": 1267
        },
        {
            "dx": 198.3998565673828,
            "dy": 109.96377563476562,
            "timestamp": 1267
        },
        {
            "dx": 197.9272003173828,
            "dy": 109.45458984375,
            "timestamp": 1292
        },
        {
            "dx": 197.52734375,
            "dy": 109.16372680664062,
            "timestamp": 1292
        },
        {
            "dx": 197.16371154785156,
            "dy": 108.87286376953125,
            "timestamp": 1292
        },
        {
            "dx": 196.8728790283203,
            "dy": 108.69107055664062,
            "timestamp": 1292
        },
        {
            "dx": 196.58168029785156,
            "dy": 108.47265625,
            "timestamp": 1293
        },
        {
            "dx": 196.2908477783203,
            "dy": 108.29083251953125,
            "timestamp": 1293
        },
        {
            "dx": 196,
            "dy": 108.10903930664062,
            "timestamp": 1315
        },
        {
            "dx": 195.6001434326172,
            "dy": 108,
            "timestamp": 1315
        },
        {
            "dx": 195.23651123046875,
            "dy": 107.8909912109375,
            "timestamp": 1315
        },
        {
            "dx": 195.12713623046875,
            "dy": 107.8909912109375,
            "timestamp": 1347
        },
        {
            "dx": 194.9453125,
            "dy": 107.8909912109375,
            "timestamp": 1347
        },
        {
            "dx": 194.65447998046875,
            "dy": 108.10903930664062,
            "timestamp": 1347
        },
        {
            "dx": 194.25462341308594,
            "dy": 108.39990234375,
            "timestamp": 1347
        },
        {
            "dx": 193.89100646972656,
            "dy": 108.76348876953125,
            "timestamp": 1349
        },
        {
            "dx": 193.19993591308594,
            "dy": 109.85440063476562,
            "timestamp": 1350
        },
        {
            "dx": 192.5454559326172,
            "dy": 111.01812744140625,
            "timestamp": 1350
        },
        {
            "dx": 191.74539184570312,
            "dy": 112.39990234375,
            "timestamp": 1369
        },
        {
            "dx": 190.90911865234375,
            "dy": 114.03622436523438,
            "timestamp": 1370
        },
        {
            "dx": 190.10902404785156,
            "dy": 115.70916748046875,
            "timestamp": 1370
        },
        {
            "dx": 0,
            "dy": 0,
            "timestamp": 1371
        }
    ],
    [
        {
            "dx": 147,
            "dy": 92.33334350585938,
            "timestamp": 0
        },
        {
            "dx": 146.33334350585938,
            "dy": 96,
            "timestamp": 39
        },
        {
            "dx": 145.6666717529297,
            "dy": 100.66668701171875,
            "timestamp": 40
        },
        {
            "dx": 144.6666717529297,
            "dy": 108,
            "timestamp": 40
        },
        {
            "dx": 143.6666717529297,
            "dy": 115.66668701171875,
            "timestamp": 40
        },
        {
            "dx": 142,
            "dy": 122.66668701171875,
            "timestamp": 40
        },
        {
            "dx": 140,
            "dy": 132,
            "timestamp": 61
        },
        {
            "dx": 138.33334350585938,
            "dy": 140,
            "timestamp": 61
        },
        {
            "dx": 137,
            "dy": 146.66668701171875,
            "timestamp": 82
        },
        {
            "dx": 135.33334350585938,
            "dy": 154.66668701171875,
            "timestamp": 82
        },
        {
            "dx": 134,
            "dy": 160.66668701171875,
            "timestamp": 83
        },
        {
            "dx": 132.6666717529297,
            "dy": 164.66668701171875,
            "timestamp": 104
        },
        {
            "dx": 132,
            "dy": 168,
            "timestamp": 104
        },
        {
            "dx": 131.6666717529297,
            "dy": 170,
            "timestamp": 125
        },
        {
            "dx": 131.33334350585938,
            "dy": 171,
            "timestamp": 126
        },
        {
            "dx": 131.33334350585938,
            "dy": 171.66668701171875,
            "timestamp": 126
        },
        {
            "dx": 131,
            "dy": 172,
            "timestamp": 147
        },
        {
            "dx": 131,
            "dy": 172.33334350585938,
            "timestamp": 147
        },
        {
            "dx": 131,
            "dy": 172.66668701171875,
            "timestamp": 147
        },
        {
            "dx": 131,
            "dy": 164.66668701171875,
            "timestamp": 182
        },
        {
            "dx": 132,
            "dy": 159,
            "timestamp": 204
        },
        {
            "dx": 133,
            "dy": 154.33334350585938,
            "timestamp": 204
        },
        {
            "dx": 134,
            "dy": 151.33334350585938,
            "timestamp": 204
        },
        {
            "dx": 134.6666717529297,
            "dy": 148.66668701171875,
            "timestamp": 225
        },
        {
            "dx": 135.6666717529297,
            "dy": 146.33334350585938,
            "timestamp": 225
        },
        {
            "dx": 137,
            "dy": 144,
            "timestamp": 250
        },
        {
            "dx": 139,
            "dy": 141,
            "timestamp": 250
        },
        {
            "dx": 141.33334350585938,
            "dy": 138.33334350585938,
            "timestamp": 250
        },
        {
            "dx": 146,
            "dy": 135,
            "timestamp": 270
        },
        {
            "dx": 149.6666717529297,
            "dy": 132.66668701171875,
            "timestamp": 271
        },
        {
            "dx": 154.33334350585938,
            "dy": 130.66668701171875,
            "timestamp": 271
        },
        {
            "dx": 158.6666717529297,
            "dy": 129,
            "timestamp": 290
        },
        {
            "dx": 163.6666717529297,
            "dy": 127.66668701171875,
            "timestamp": 291
        },
        {
            "dx": 167,
            "dy": 127,
            "timestamp": 312
        },
        {
            "dx": 168.6666717529297,
            "dy": 126.66668701171875,
            "timestamp": 312
        },
        {
            "dx": 169.6666717529297,
            "dy": 126.33334350585938,
            "timestamp": 332
        },
        {
            "dx": 170,
            "dy": 126.33334350585938,
            "timestamp": 332
        },
        {
            "dx": 170.33334350585938,
            "dy": 126.33334350585938,
            "timestamp": 332
        },
        {
            "dx": 170.6666717529297,
            "dy": 126.33334350585938,
            "timestamp": 353
        },
        {
            "dx": 171,
            "dy": 126.33334350585938,
            "timestamp": 353
        },
        {
            "dx": 171.33334350585938,
            "dy": 126.33334350585938,
            "timestamp": 373
        },
        {
            "dx": 172,
            "dy": 127,
            "timestamp": 373
        },
        {
            "dx": 171.33334350585938,
            "dy": 130.66668701171875,
            "timestamp": 373
        },
        {
            "dx": 168.33334350585938,
            "dy": 137.33334350585938,
            "timestamp": 395
        },
        {
            "dx": 164,
            "dy": 143,
            "timestamp": 395
        },
        {
            "dx": 158.6666717529297,
            "dy": 148.66668701171875,
            "timestamp": 417
        },
        {
            "dx": 153,
            "dy": 154.66668701171875,
            "timestamp": 417
        },
        {
            "dx": 148,
            "dy": 160,
            "timestamp": 418
        },
        {
            "dx": 143.6666717529297,
            "dy": 164.33334350585938,
            "timestamp": 437
        },
        {
            "dx": 138.6666717529297,
            "dy": 168.33334350585938,
            "timestamp": 437
        },
        {
            "dx": 134.6666717529297,
            "dy": 171.66668701171875,
            "timestamp": 438
        },
        {
            "dx": 130.6666717529297,
            "dy": 175.33334350585938,
            "timestamp": 458
        },
        {
            "dx": 127.33334350585938,
            "dy": 178.33334350585938,
            "timestamp": 458
        },
        {
            "dx": 124,
            "dy": 181.33334350585938,
            "timestamp": 479
        },
        {
            "dx": 121.33334350585938,
            "dy": 184.33334350585938,
            "timestamp": 480
        },
        {
            "dx": 118.66667175292969,
            "dy": 187,
            "timestamp": 480
        },
        {
            "dx": 117,
            "dy": 189,
            "timestamp": 501
        },
        {
            "dx": 115.33334350585938,
            "dy": 190.66668701171875,
            "timestamp": 501
        },
        {
            "dx": 114,
            "dy": 192.33334350585938,
            "timestamp": 525
        },
        {
            "dx": 112.33334350585938,
            "dy": 194.33334350585938,
            "timestamp": 526
        },
        {
            "dx": 111.33334350585938,
            "dy": 195.66668701171875,
            "timestamp": 526
        },
        {
            "dx": 110.33334350585938,
            "dy": 197,
            "timestamp": 546
        },
        {
            "dx": 109.33334350585938,
            "dy": 198.33334350585938,
            "timestamp": 547
        },
        {
            "dx": 108.66667175292969,
            "dy": 199.33334350585938,
            "timestamp": 547
        },
        {
            "dx": 107.66667175292969,
            "dy": 200.33334350585938,
            "timestamp": 569
        },
        {
            "dx": 106.66667175292969,
            "dy": 201,
            "timestamp": 569
        },
        {
            "dx": 106,
            "dy": 202,
            "timestamp": 591
        },
        {
            "dx": 105,
            "dy": 202.33334350585938,
            "timestamp": 591
        },
        {
            "dx": 105,
            "dy": 202.66668701171875,
            "timestamp": 591
        },
        {
            "dx": 0,
            "dy": 0,
            "timestamp": 612
        },
        {
            "dx": 168,
            "dy": 98.66668701171875,
            "timestamp": 931
        },
        {
            "dx": 167.6666717529297,
            "dy": 98.66668701171875,
            "timestamp": 956
        },
        {
            "dx": 167.6666717529297,
            "dy": 99,
            "timestamp": 980
        },
        {
            "dx": 167.6666717529297,
            "dy": 99,
            "timestamp": 1014
        },
        {
            "dx": 0,
            "dy": 0,
            "timestamp": 1034
        }
    ],
    [
        {
            "dx": 155.82794189453125,
            "dy": 54.207244873046875,
            "timestamp": 0
        },
        {
            "dx": 157.1600341796875,
            "dy": 57.53924560546875,
            "timestamp": 1
        },
        {
            "dx": 158.82516479492188,
            "dy": 61.87078857421875,
            "timestamp": 1
        },
        {
            "dx": 160.1572723388672,
            "dy": 65.53598022460938,
            "timestamp": 1
        },
        {
            "dx": 161.48936462402344,
            "dy": 68.53475952148438,
            "timestamp": 1
        },
        {
            "dx": 162.82147216796875,
            "dy": 71.53353881835938,
            "timestamp": 24
        },
        {
            "dx": 163.82054138183594,
            "dy": 74.19915771484375,
            "timestamp": 25
        },
        {
            "dx": 165.1526336669922,
            "dy": 76.86468505859375,
            "timestamp": 25
        },
        {
            "dx": 166.4847412109375,
            "dy": 80.86309814453125,
            "timestamp": 25
        },
        {
            "dx": 167.81683349609375,
            "dy": 83.86187744140625,
            "timestamp": 25
        },
        {
            "dx": 168.81591796875,
            "dy": 86.52743530273438,
            "timestamp": 25
        },
        {
            "dx": 169.4819793701172,
            "dy": 89.19305419921875,
            "timestamp": 26
        },
        {
            "dx": 170.14801025390625,
            "dy": 91.85861206054688,
            "timestamp": 55
        },
        {
            "dx": 170.81407165527344,
            "dy": 93.8577880859375,
            "timestamp": 55
        },
        {
            "dx": 171.4801025390625,
            "dy": 96.52337646484375,
            "timestamp": 55
        },
        {
            "dx": 172.1461639404297,
            "dy": 98.85577392578125,
            "timestamp": 56
        },
        {
            "dx": 172.81222534179688,
            "dy": 100.85494995117188,
            "timestamp": 56
        },
        {
            "dx": 173.14524841308594,
            "dy": 103.5205078125,
            "timestamp": 56
        },
        {
            "dx": 173.478271484375,
            "dy": 105.51971435546875,
            "timestamp": 56
        },
        {
            "dx": 173.811279296875,
            "dy": 107.51889038085938,
            "timestamp": 81
        },
        {
            "dx": 174.4773406982422,
            "dy": 109.85128784179688,
            "timestamp": 81
        },
        {
            "dx": 174.81036376953125,
            "dy": 111.8504638671875,
            "timestamp": 81
        },
        {
            "dx": 175.14340209960938,
            "dy": 113.84967041015625,
            "timestamp": 81
        },
        {
            "dx": 175.47642517089844,
            "dy": 115.51568603515625,
            "timestamp": 81
        },
        {
            "dx": 175.47642517089844,
            "dy": 117.181640625,
            "timestamp": 81
        },
        {
            "dx": 175.80943298339844,
            "dy": 118.84762573242188,
            "timestamp": 81
        },
        {
            "dx": 176.1424560546875,
            "dy": 120.51364135742188,
            "timestamp": 105
        },
        {
            "dx": 176.4755096435547,
            "dy": 122.17962646484375,
            "timestamp": 105
        },
        {
            "dx": 176.8085174560547,
            "dy": 123.51242065429688,
            "timestamp": 105
        },
        {
            "dx": 176.8085174560547,
            "dy": 125.17840576171875,
            "timestamp": 105
        },
        {
            "dx": 177.14154052734375,
            "dy": 126.51119995117188,
            "timestamp": 105
        },
        {
            "dx": 177.14154052734375,
            "dy": 127.84396362304688,
            "timestamp": 105
        },
        {
            "dx": 177.14154052734375,
            "dy": 128.84359741210938,
            "timestamp": 105
        },
        {
            "dx": 177.47457885742188,
            "dy": 130.17636108398438,
            "timestamp": 132
        },
        {
            "dx": 177.47457885742188,
            "dy": 131.17596435546875,
            "timestamp": 132
        },
        {
            "dx": 177.47457885742188,
            "dy": 131.84237670898438,
            "timestamp": 132
        },
        {
            "dx": 177.47457885742188,
            "dy": 132.175537109375,
            "timestamp": 132
        },
        {
            "dx": 177.47457885742188,
            "dy": 132.50875854492188,
            "timestamp": 132
        },
        {
            "dx": 177.47457885742188,
            "dy": 132.84197998046875,
            "timestamp": 155
        },
        {
            "dx": 177.47457885742188,
            "dy": 132.50875854492188,
            "timestamp": 209
        },
        {
            "dx": 177.47457885742188,
            "dy": 130.84274291992188,
            "timestamp": 209
        },
        {
            "dx": 177.47457885742188,
            "dy": 128.17718505859375,
            "timestamp": 236
        },
        {
            "dx": 177.47457885742188,
            "dy": 125.84481811523438,
            "timestamp": 236
        },
        {
            "dx": 177.47457885742188,
            "dy": 122.84603881835938,
            "timestamp": 237
        },
        {
            "dx": 177.80758666992188,
            "dy": 119.84722900390625,
            "timestamp": 237
        },
        {
            "dx": 178.4736328125,
            "dy": 117.181640625,
            "timestamp": 237
        },
        {
            "dx": 179.1396942138672,
            "dy": 114.51608276367188,
            "timestamp": 237
        },
        {
            "dx": 179.80575561523438,
            "dy": 111.8504638671875,
            "timestamp": 237
        },
        {
            "dx": 180.47178649902344,
            "dy": 109.51812744140625,
            "timestamp": 267
        },
        {
            "dx": 181.1378631591797,
            "dy": 107.51889038085938,
            "timestamp": 267
        },
        {
            "dx": 181.80389404296875,
            "dy": 105.51971435546875,
            "timestamp": 268
        },
        {
            "dx": 182.80296325683594,
            "dy": 103.85372924804688,
            "timestamp": 268
        },
        {
            "dx": 183.4690399169922,
            "dy": 101.85455322265625,
            "timestamp": 268
        },
        {
            "dx": 184.46807861328125,
            "dy": 100.18856811523438,
            "timestamp": 268
        },
        {
            "dx": 185.4671630859375,
            "dy": 98.85577392578125,
            "timestamp": 268
        },
        {
            "dx": 186.4662322998047,
            "dy": 97.52294921875,
            "timestamp": 268
        },
        {
            "dx": 187.46531677246094,
            "dy": 95.85699462890625,
            "timestamp": 293
        },
        {
            "dx": 189.13043212890625,
            "dy": 94.85739135742188,
            "timestamp": 293
        },
        {
            "dx": 190.4625701904297,
            "dy": 93.52459716796875,
            "timestamp": 294
        },
        {
            "dx": 192.12767028808594,
            "dy": 92.52499389648438,
            "timestamp": 294
        },
        {
            "dx": 193.79278564453125,
            "dy": 91.85861206054688,
            "timestamp": 294
        },
        {
            "dx": 194.7918701171875,
            "dy": 90.8590087890625,
            "timestamp": 294
        },
        {
            "dx": 196.12396240234375,
            "dy": 90.192626953125,
            "timestamp": 294
        },
        {
            "dx": 197.12303161621094,
            "dy": 89.52621459960938,
            "timestamp": 294
        },
        {
            "dx": 198.1221160888672,
            "dy": 89.19305419921875,
            "timestamp": 317
        },
        {
            "dx": 199.45420837402344,
            "dy": 88.526611328125,
            "timestamp": 318
        },
        {
            "dx": 200.4532928466797,
            "dy": 88.19345092773438,
            "timestamp": 318
        },
        {
            "dx": 201.78538513183594,
            "dy": 87.8602294921875,
            "timestamp": 318
        },
        {
            "dx": 202.7844696044922,
            "dy": 87.8602294921875,
            "timestamp": 318
        },
        {
            "dx": 203.78353881835938,
            "dy": 87.52703857421875,
            "timestamp": 318
        },
        {
            "dx": 205.1156463623047,
            "dy": 87.52703857421875,
            "timestamp": 346
        },
        {
            "dx": 206.11471557617188,
            "dy": 87.19384765625,
            "timestamp": 348
        },
        {
            "dx": 207.4468231201172,
            "dy": 87.19384765625,
            "timestamp": 349
        },
        {
            "dx": 208.77891540527344,
            "dy": 87.19384765625,
            "timestamp": 349
        },
        {
            "dx": 210.1110076904297,
            "dy": 87.19384765625,
            "timestamp": 349
        },
        {
            "dx": 211.443115234375,
            "dy": 87.19384765625,
            "timestamp": 349
        },
        {
            "dx": 212.77520751953125,
            "dy": 87.19384765625,
            "timestamp": 349
        },
        {
            "dx": 213.7742919921875,
            "dy": 87.19384765625,
            "timestamp": 373
        },
        {
            "dx": 215.10638427734375,
            "dy": 87.19384765625,
            "timestamp": 373
        },
        {
            "dx": 216.4384765625,
            "dy": 87.8602294921875,
            "timestamp": 373
        },
        {
            "dx": 217.77059936523438,
            "dy": 88.19345092773438,
            "timestamp": 373
        },
        {
            "dx": 218.7696533203125,
            "dy": 88.526611328125,
            "timestamp": 373
        },
        {
            "dx": 219.76873779296875,
            "dy": 88.85983276367188,
            "timestamp": 373
        },
        {
            "dx": 221.100830078125,
            "dy": 89.52621459960938,
            "timestamp": 373
        },
        {
            "dx": 222.09991455078125,
            "dy": 90.192626953125,
            "timestamp": 397
        },
        {
            "dx": 223.09898376464844,
            "dy": 90.8590087890625,
            "timestamp": 398
        },
        {
            "dx": 224.0980682373047,
            "dy": 91.19223022460938,
            "timestamp": 398
        },
        {
            "dx": 224.76409912109375,
            "dy": 91.85861206054688,
            "timestamp": 398
        },
        {
            "dx": 225.76318359375,
            "dy": 92.52499389648438,
            "timestamp": 398
        },
        {
            "dx": 226.42926025390625,
            "dy": 93.19140625,
            "timestamp": 398
        },
        {
            "dx": 227.09527587890625,
            "dy": 93.8577880859375,
            "timestamp": 398
        },
        {
            "dx": 227.7613525390625,
            "dy": 94.524169921875,
            "timestamp": 423
        },
        {
            "dx": 228.0943603515625,
            "dy": 95.19061279296875,
            "timestamp": 423
        },
        {
            "dx": 228.76043701171875,
            "dy": 95.85699462890625,
            "timestamp": 424
        },
        {
            "dx": 228.76043701171875,
            "dy": 96.190185546875,
            "timestamp": 424
        },
        {
            "dx": 229.09344482421875,
            "dy": 96.8565673828125,
            "timestamp": 424
        },
        {
            "dx": 229.09344482421875,
            "dy": 97.52294921875,
            "timestamp": 424
        },
        {
            "dx": 229.09344482421875,
            "dy": 97.85617065429688,
            "timestamp": 424
        },
        {
            "dx": 229.42645263671875,
            "dy": 98.52255249023438,
            "timestamp": 449
        },
        {
            "dx": 229.42645263671875,
            "dy": 98.85577392578125,
            "timestamp": 450
        },
        {
            "dx": 229.42645263671875,
            "dy": 99.18896484375,
            "timestamp": 450
        },
        {
            "dx": 229.42645263671875,
            "dy": 99.52215576171875,
            "timestamp": 450
        },
        {
            "dx": 229.42645263671875,
            "dy": 99.8553466796875,
            "timestamp": 450
        },
        {
            "dx": 229.42645263671875,
            "dy": 100.18856811523438,
            "timestamp": 450
        },
        {
            "dx": 229.42645263671875,
            "dy": 100.85494995117188,
            "timestamp": 450
        },
        {
            "dx": 229.09344482421875,
            "dy": 101.85455322265625,
            "timestamp": 476
        },
        {
            "dx": 228.0943603515625,
            "dy": 103.5205078125,
            "timestamp": 476
        },
        {
            "dx": 226.76226806640625,
            "dy": 105.51971435546875,
            "timestamp": 476
        },
        {
            "dx": 225.09713745117188,
            "dy": 107.51889038085938,
            "timestamp": 476
        },
        {
            "dx": 223.4320068359375,
            "dy": 109.18490600585938,
            "timestamp": 476
        },
        {
            "dx": 221.4338836669922,
            "dy": 110.85089111328125,
            "timestamp": 477
        },
        {
            "dx": 219.4357147216797,
            "dy": 112.51690673828125,
            "timestamp": 477
        },
        {
            "dx": 217.43756103515625,
            "dy": 113.84967041015625,
            "timestamp": 502
        },
        {
            "dx": 215.77244567871094,
            "dy": 115.18246459960938,
            "timestamp": 502
        },
        {
            "dx": 213.7742919921875,
            "dy": 116.5152587890625,
            "timestamp": 502
        },
        {
            "dx": 211.7761688232422,
            "dy": 117.51486206054688,
            "timestamp": 502
        },
        {
            "dx": 210.1110076904297,
            "dy": 118.84762573242188,
            "timestamp": 502
        },
        {
            "dx": 208.11285400390625,
            "dy": 120.180419921875,
            "timestamp": 503
        },
        {
            "dx": 206.11471557617188,
            "dy": 121.18002319335938,
            "timestamp": 503
        },
        {
            "dx": 203.78353881835938,
            "dy": 122.5128173828125,
            "timestamp": 529
        },
        {
            "dx": 201.45236206054688,
            "dy": 124.17880249023438,
            "timestamp": 529
        },
        {
            "dx": 199.12118530273438,
            "dy": 125.5115966796875,
            "timestamp": 530
        },
        {
            "dx": 197.12303161621094,
            "dy": 126.8443603515625,
            "timestamp": 530
        },
        {
            "dx": 194.7918701171875,
            "dy": 128.17718505859375,
            "timestamp": 530
        },
        {
            "dx": 192.460693359375,
            "dy": 129.50997924804688,
            "timestamp": 530
        },
        {
            "dx": 190.1295166015625,
            "dy": 130.50961303710938,
            "timestamp": 530
        },
        {
            "dx": 188.1313934326172,
            "dy": 131.5091552734375,
            "timestamp": 556
        },
        {
            "dx": 186.1332244873047,
            "dy": 132.50875854492188,
            "timestamp": 556
        },
        {
            "dx": 184.13507080078125,
            "dy": 133.50839233398438,
            "timestamp": 556
        },
        {
            "dx": 182.13690185546875,
            "dy": 134.84115600585938,
            "timestamp": 556
        },
        {
            "dx": 180.47178649902344,
            "dy": 135.84075927734375,
            "timestamp": 556
        },
        {
            "dx": 178.4736328125,
            "dy": 136.84033203125,
            "timestamp": 556
        },
        {
            "dx": 177.14154052734375,
            "dy": 137.83993530273438,
            "timestamp": 556
        },
        {
            "dx": 175.47642517089844,
            "dy": 139.17269897460938,
            "timestamp": 582
        },
        {
            "dx": 173.811279296875,
            "dy": 140.17230224609375,
            "timestamp": 582
        },
        {
            "dx": 172.1461639404297,
            "dy": 141.171875,
            "timestamp": 583
        },
        {
            "dx": 170.48104858398438,
            "dy": 142.17147827148438,
            "timestamp": 583
        },
        {
            "dx": 169.1489715576172,
            "dy": 143.17108154296875,
            "timestamp": 583
        },
        {
            "dx": 167.81683349609375,
            "dy": 143.83749389648438,
            "timestamp": 583
        },
        {
            "dx": 166.4847412109375,
            "dy": 144.83709716796875,
            "timestamp": 583
        },
        {
            "dx": 165.1526336669922,
            "dy": 145.50350952148438,
            "timestamp": 609
        },
        {
            "dx": 164.153564453125,
            "dy": 146.16986083984375,
            "timestamp": 609
        },
        {
            "dx": 163.15447998046875,
            "dy": 146.83627319335938,
            "timestamp": 609
        },
        {
            "dx": 162.4884490966797,
            "dy": 147.16943359375,
            "timestamp": 609
        },
        {
            "dx": 161.8223876953125,
            "dy": 147.83587646484375,
            "timestamp": 610
        },
        {
            "dx": 160.82330322265625,
            "dy": 148.16903686523438,
            "timestamp": 610
        },
        {
            "dx": 160.1572723388672,
            "dy": 148.83544921875,
            "timestamp": 610
        },
        {
            "dx": 159.4912109375,
            "dy": 149.5018310546875,
            "timestamp": 637
        },
        {
            "dx": 158.82516479492188,
            "dy": 150.168212890625,
            "timestamp": 637
        },
        {
            "dx": 158.49215698242188,
            "dy": 150.50143432617188,
            "timestamp": 637
        },
        {
            "dx": 157.8260955810547,
            "dy": 151.16781616210938,
            "timestamp": 637
        },
        {
            "dx": 157.4930877685547,
            "dy": 151.834228515625,
            "timestamp": 637
        },
        {
            "dx": 157.1600341796875,
            "dy": 151.834228515625,
            "timestamp": 637
        },
        {
            "dx": 157.1600341796875,
            "dy": 152.16741943359375,
            "timestamp": 637
        },
        {
            "dx": 156.82701110839844,
            "dy": 152.5006103515625,
            "timestamp": 670
        },
        {
            "dx": 156.82701110839844,
            "dy": 152.83383178710938,
            "timestamp": 671
        },
        {
            "dx": 156.49398803710938,
            "dy": 152.83383178710938,
            "timestamp": 671
        },
        {
            "dx": 156.49398803710938,
            "dy": 153.1669921875,
            "timestamp": 671
        },
        {
            "dx": 156.49398803710938,
            "dy": 152.83383178710938,
            "timestamp": 702
        },
        {
            "dx": 156.49398803710938,
            "dy": 151.834228515625,
            "timestamp": 702
        },
        {
            "dx": 156.82701110839844,
            "dy": 151.834228515625,
            "timestamp": 730
        },
        {
            "dx": 0,
            "dy": 0,
            "timestamp": 732
        },
        {
            "dx": 189.46347045898438,
            "dy": 50.2088623046875,
            "timestamp": 1071
        },
        {
            "dx": 190.1295166015625,
            "dy": 50.54205322265625,
            "timestamp": 1072
        },
        {
            "dx": 190.7955780029297,
            "dy": 51.208465576171875,
            "timestamp": 1072
        },
        {
            "dx": 191.1285858154297,
            "dy": 51.54168701171875,
            "timestamp": 1099
        },
        {
            "dx": 191.79464721679688,
            "dy": 51.8748779296875,
            "timestamp": 1100
        },
        {
            "dx": 192.793701171875,
            "dy": 52.541259765625,
            "timestamp": 1100
        },
        {
            "dx": 193.1267547607422,
            "dy": 52.87445068359375,
            "timestamp": 1100
        },
        {
            "dx": 193.4597625732422,
            "dy": 52.87445068359375,
            "timestamp": 1100
        },
        {
            "dx": 193.79278564453125,
            "dy": 53.2076416015625,
            "timestamp": 1101
        },
        {
            "dx": 194.12582397460938,
            "dy": 53.54083251953125,
            "timestamp": 1101
        },
        {
            "dx": 194.45884704589844,
            "dy": 53.54083251953125,
            "timestamp": 1131
        },
        {
            "dx": 194.45884704589844,
            "dy": 53.87408447265625,
            "timestamp": 1132
        },
        {
            "dx": 194.7918701171875,
            "dy": 53.87408447265625,
            "timestamp": 1132
        },
        {
            "dx": 195.1248779296875,
            "dy": 53.87408447265625,
            "timestamp": 1132
        },
        {
            "dx": 195.7909393310547,
            "dy": 53.87408447265625,
            "timestamp": 1132
        },
        {
            "dx": 196.79002380371094,
            "dy": 54.207244873046875,
            "timestamp": 1132
        },
        {
            "dx": 198.1221160888672,
            "dy": 54.207244873046875,
            "timestamp": 1161
        },
        {
            "dx": 198.45513916015625,
            "dy": 54.207244873046875,
            "timestamp": 1161
        },
        {
            "dx": 198.1221160888672,
            "dy": 54.207244873046875,
            "timestamp": 1161
        },
        {
            "dx": 0,
            "dy": 0,
            "timestamp": 1163
        }
    ]
]