[
    [
        {
            "dx": 133.2732391357422,
            "dy": 58.8427734375,
            "timestamp": 0
        },
        {
            "dx": 133.2732391357422,
            "dy": 58.8427734375,
            "timestamp": 17
        },
        {
            "dx": 132.27462768554688,
            "dy": 58.8427734375,
            "timestamp": 66
        },
        {
            "dx": 131.27601623535156,
            "dy": 59.34246826171875,
            "timestamp": 75
        },
        {
            "dx": 128.77947998046875,
            "dy": 60.34185791015625,
            "timestamp": 83
        },
        {
            "dx": 126.28294372558594,
            "dy": 61.34124755859375,
            "timestamp": 92
        },
        {
            "dx": 121.7891845703125,
            "dy": 63.34002685546875,
            "timestamp": 99
        },
        {
            "dx": 117.79473876953125,
            "dy": 65.8385009765625,
            "timestamp": 109
        },
        {
            "dx": 112.80166625976562,
            "dy": 69.8360595703125,
            "timestamp": 116
        },
        {
            "dx": 107.80860900878906,
            "dy": 73.83364868164062,
            "timestamp": 125
        },
        {
            "dx": 103.31484985351562,
            "dy": 79.33029174804688,
            "timestamp": 133
        },
        {
            "dx": 98.82109069824219,
            "dy": 85.32662963867188,
            "timestamp": 142
        },
        {
            "dx": 96.32455444335938,
            "dy": 90.82327270507812,
            "timestamp": 150
        },
        {
            "dx": 93.82801818847656,
            "dy": 97.31930541992188,
            "timestamp": 159
        },
        {
            "dx": 92.3301010131836,
            "dy": 103.31564331054688,
            "timestamp": 166
        },
        {
            "dx": 91.33148956298828,
            "dy": 109.81170654296875,
            "timestamp": 175
        },
        {
            "dx": 91.33148956298828,
            "dy": 115.80804443359375,
            "timestamp": 183
        },
        {
            "dx": 91.83079528808594,
            "dy": 122.3040771484375,
            "timestamp": 192
        },
        {
            "dx": 92.3301010131836,
            "dy": 127.80072021484375,
            "timestamp": 200
        },
        {
            "dx": 93.3287124633789,
            "dy": 133.79705810546875,
            "timestamp": 209
        },
        {
            "dx": 94.82662963867188,
            "dy": 137.79464721679688,
            "timestamp": 217
        },
        {
            "dx": 96.32455444335938,
            "dy": 142.29190063476562,
            "timestamp": 226
        },
        {
            "dx": 98.32177734375,
            "dy": 144.29067993164062,
            "timestamp": 234
        },
        {
            "dx": 100.31900024414062,
            "dy": 146.78915405273438,
            "timestamp": 242
        },
        {
            "dx": 102.81553649902344,
            "dy": 147.78854370117188,
            "timestamp": 250
        },
        {
            "dx": 105.81137084960938,
            "dy": 148.78793334960938,
            "timestamp": 259
        },
        {
            "dx": 109.80583190917969,
            "dy": 148.28823852539062,
            "timestamp": 267
        },
        {
            "dx": 114.29959106445312,
            "dy": 147.78854370117188,
            "timestamp": 276
        },
        {
            "dx": 119.79196166992188,
            "dy": 145.78976440429688,
            "timestamp": 283
        },
        {
            "dx": 125.78363037109375,
            "dy": 144.29067993164062,
            "timestamp": 292
        },
        {
            "dx": 129.27877807617188,
            "dy": 142.79159545898438,
            "timestamp": 300
        },
        {
            "dx": 132.77392578125,
            "dy": 141.29251098632812,
            "timestamp": 309
        },
        {
            "dx": 134.2718505859375,
            "dy": 140.29312133789062,
            "timestamp": 317
        },
        {
            "dx": 135.769775390625,
            "dy": 139.29373168945312,
            "timestamp": 326
        },
        {
            "dx": 136.26907348632812,
            "dy": 138.79403686523438,
            "timestamp": 334
        },
        {
            "dx": 136.7683868408203,
            "dy": 138.79403686523438,
            "timestamp": 343
        },
        {
            "dx": 136.7683868408203,
            "dy": 138.79403686523438,
            "timestamp": 350
        },
        {
            "dx": 136.7683868408203,
            "dy": 139.29373168945312,
            "timestamp": 360
        },
        {
            "dx": 136.26907348632812,
            "dy": 140.29312133789062,
            "timestamp": 367
        },
        {
            "dx": 135.769775390625,
            "dy": 141.29251098632812,
            "timestamp": 376
        },
        {
            "dx": 134.2718505859375,
            "dy": 144.29067993164062,
            "timestamp": 384
        },
        {
            "dx": 132.77392578125,
            "dy": 147.28884887695312,
            "timestamp": 393
        },
        {
            "dx": 129.77809143066406,
            "dy": 152.78549194335938,
            "timestamp": 400
        },
        {
            "dx": 126.78225708007812,
            "dy": 158.78182983398438,
            "timestamp": 410
        },
        {
            "dx": 123.287109375,
            "dy": 165.27786254882812,
            "timestamp": 417
        },
        {
            "dx": 119.79196166992188,
            "dy": 172.27362060546875,
            "timestamp": 426
        },
        {
            "dx": 116.79612731933594,
            "dy": 178.26995849609375,
            "timestamp": 434
        },
        {
            "dx": 114.29959106445312,
            "dy": 184.7659912109375,
            "timestamp": 443
        },
        {
            "dx": 112.3023681640625,
            "dy": 190.7623291015625,
            "timestamp": 451
        },
        {
            "dx": 110.30513000488281,
            "dy": 196.7586669921875,
            "timestamp": 459
        },
        {
            "dx": 109.80583190917969,
            "dy": 201.25595092773438,
            "timestamp": 468
        },
        {
            "dx": 109.3065185546875,
            "dy": 206.25289916992188,
            "timestamp": 476
        },
        {
            "dx": 109.3065185546875,
            "dy": 210.25045776367188,
            "timestamp": 484
        },
        {
            "dx": 109.80583190917969,
            "dy": 214.24801635742188,
            "timestamp": 493
        },
        {
            "dx": 110.804443359375,
            "dy": 217.24618530273438,
            "timestamp": 501
        },
        {
            "dx": 111.80305480957031,
            "dy": 220.24435424804688,
            "timestamp": 510
        },
        {
            "dx": 113.30097961425781,
            "dy": 222.24313354492188,
            "timestamp": 518
        },
        {
            "dx": 115.29820251464844,
            "dy": 224.74160766601562,
            "timestamp": 527
        },
        {
            "dx": 117.79473876953125,
            "dy": 226.24069213867188,
            "timestamp": 534
        },
        {
            "dx": 120.291259765625,
            "dy": 227.73977661132812,
            "timestamp": 543
        },
        {
            "dx": 123.287109375,
            "dy": 228.73916625976562,
            "timestamp": 551
        },
        {
            "dx": 126.28294372558594,
            "dy": 229.73855590820312,
            "timestamp": 560
        },
        {
            "dx": 130.2773895263672,
            "dy": 230.23825073242188,
            "timestamp": 567
        },
        {
            "dx": 134.77114868164062,
            "dy": 230.73794555664062,
            "timestamp": 577
        },
        {
            "dx": 140.26351928710938,
            "dy": 229.73855590820312,
            "timestamp": 584
        },
        {
            "dx": 146.2552032470703,
            "dy": 229.23886108398438,
            "timestamp": 593
        },
        {
            "dx": 153.7447967529297,
            "dy": 227.24008178710938,
            "timestamp": 601
        },
        {
            "dx": 161.23440551757812,
            "dy": 225.24130249023438,
            "timestamp": 610
        },
        {
            "dx": 168.7239990234375,
            "dy": 221.24374389648438,
            "timestamp": 618
        },
        {
            "dx": 176.21359252929688,
            "dy": 217.74588012695312,
            "timestamp": 627
        },
        {
            "dx": 183.20388793945312,
            "dy": 212.74893188476562,
            "timestamp": 635
        },
        {
            "dx": 190.6934814453125,
            "dy": 207.75198364257812,
            "timestamp": 644
        },
        {
            "dx": 197.18446350097656,
            "dy": 201.75564575195312,
            "timestamp": 651
        },
        {
            "dx": 203.6754608154297,
            "dy": 196.25897216796875,
            "timestamp": 660
        },
        {
            "dx": 208.16921997070312,
            "dy": 191.26202392578125,
            "timestamp": 668
        },
        {
            "dx": 213.1622772216797,
            "dy": 185.765380859375,
            "timestamp": 677
        },
        {
            "dx": 217.15673828125,
            "dy": 179.26934814453125,
            "timestamp": 685
        },
        {
            "dx": 221.15118408203125,
            "dy": 173.27301025390625,
            "timestamp": 694
        },
        {
            "dx": 223.14840698242188,
            "dy": 167.77633666992188,
            "timestamp": 702
        },
        {
            "dx": 225.6449432373047,
            "dy": 162.27969360351562,
            "timestamp": 710
        },
        {
            "dx": 227.14285278320312,
            "dy": 157.78244018554688,
            "timestamp": 718
        },
        {
            "dx": 228.64077758789062,
            "dy": 153.28518676757812,
            "timestamp": 727
        },
        {
            "dx": 229.639404296875,
            "dy": 148.78793334960938,
            "timestamp": 735
        },
        {
            "dx": 230.63800048828125,
            "dy": 144.29067993164062,
            "timestamp": 744
        },
        {
            "dx": 231.1373291015625,
            "dy": 140.79281616210938,
            "timestamp": 752
        },
        {
            "dx": 231.63662719726562,
            "dy": 137.29495239257812,
            "timestamp": 761
        },
        {
            "dx": 231.63662719726562,
            "dy": 133.79705810546875,
            "timestamp": 769
        },
        {
            "dx": 232.13592529296875,
            "dy": 130.79888916015625,
            "timestamp": 777
        },
        {
            "dx": 231.1373291015625,
            "dy": 127.80072021484375,
            "timestamp": 785
        },
        {
            "dx": 230.13870239257812,
            "dy": 125.30224609375,
            "timestamp": 794
        },
        {
            "dx": 228.64077758789062,
            "dy": 123.80316162109375,
            "timestamp": 802
        },
        {
            "dx": 227.14285278320312,
            "dy": 121.80438232421875,
            "timestamp": 810
        },
        {
            "dx": 0.0,
            "dy": 0.0,
            "timestamp": 818
        }
    ],
    [
        {
            "dx": 141.99999999999997,
            "dy": 86.99999999999994,
            "timestamp": 0
        },
        {
            "dx": 124.99999999999997,
            "dy": 111.99999999999994,
            "timestamp": 24
        },
        {
            "dx": 114.99999999999997,
            "dy": 137.99999999999994,
            "timestamp": 61
        },
        {
            "dx": 116.99999999999997,
            "dy": 140.99999999999994,
            "timestamp": 86
        },
        {
            "dx": 119.99999999999997,
            "dy": 138.99999999999994,
            "timestamp": 86
        },
        {
            "dx": 125.99999999999997,
            "dy": 135.99999999999994,
            "timestamp": 104
        },
        {
            "dx": 134.99999999999997,
            "dy": 128.99999999999994,
            "timestamp": 127
        },
        {
            "dx": 161,
            "dy": 107.99999999999994,
            "timestamp": 161
        },
        {
            "dx": 170.99999999999997,
            "dy": 99.99999999999994,
            "timestamp": 189
        },
        {
            "dx": 170.99999999999997,
            "dy": 98.99999999999994,
            "timestamp": 209
        },
        {
            "dx": 172,
            "dy": 99.99999999999994,
            "timestamp": 238
        },
        {
            "dx": 169.99999999999997,
            "dy": 100.99999999999994,
            "timestamp": 238
        },
        {
            "dx": 168.99999999999997,
            "dy": 101.99999999999994,
            "timestamp": 261
        },
        {
            "dx": 161,
            "dy": 110.99999999999994,
            "timestamp": 288
        },
        {
            "dx": 150,
            "dy": 126.99999999999994,
            "timestamp": 310
        },
        {
            "dx": 134.99999999999997,
            "dy": 149.99999999999994,
            "timestamp": 337
        },
        {
            "dx": 123.99999999999997,
            "dy": 166.99999999999994,
            "timestamp": 337
        },
        {
            "dx": 119.99999999999997,
            "dy": 183,
            "timestamp": 355
        },
        {
            "dx": 118.99999999999997,
            "dy": 198.99999999999994,
            "timestamp": 385
        },
        {
            "dx": 119.99999999999997,
            "dy": 214.99999999999994,
            "timestamp": 385
        },
        {
            "dx": 124.99999999999997,
            "dy": 233.99999999999994,
            "timestamp": 405
        },
        {
            "dx": 132.99999999999997,
            "dy": 249.9999999999999,
            "timestamp": 436
        },
        {
            "dx": 140.99999999999997,
            "dy": 261.9999999999999,
            "timestamp": 436
        },
        {
            "dx": 150,
            "dy": 266.99999999999994,
            "timestamp": 455
        },
        {
            "dx": 163.99999999999997,
            "dy": 267.99999999999994,
            "timestamp": 484
        },
        {
            "dx": 178.99999999999997,
            "dy": 262.99999999999994,
            "timestamp": 484
        },
        {
            "dx": 199,
            "dy": 249,
            "timestamp": 504
        },
        {
            "dx": 220.99999999999997,
            "dy": 229.99999999999994,
            "timestamp": 534
        },
        {
            "dx": 240.99999999999997,
            "dy": 203.99999999999994,
            "timestamp": 535
        },
        {
            "dx": 257,
            "dy": 179.99999999999994,
            "timestamp": 552
        },
        {
            "dx": 267,
            "dy": 157.99999999999994,
            "timestamp": 571
        },
        {
            "dx": 274,
            "dy": 142.99999999999994,
            "timestamp": 589
        },
        {
            "dx": 0,
            "dy": 0,
            "timestamp": 590
        }
    ],
    [
        {
            "dx": 175.1758575439453,
            "dy": 103.2034912109375,
            "timestamp": 0
        },
        {
            "dx": 175.1172637939453,
            "dy": 103.0863037109375,
            "timestamp": 37
        },
        {
            "dx": 174.8828887939453,
            "dy": 103.0277099609375,
            "timestamp": 37
        },
        {
            "dx": 174.58990478515625,
            "dy": 102.9691162109375,
            "timestamp": 70
        },
        {
            "dx": 174.29690551757812,
            "dy": 102.9691162109375,
            "timestamp": 71
        },
        {
            "dx": 173.71087646484375,
            "dy": 103.2034912109375,
            "timestamp": 104
        },
        {
            "dx": 172.3045196533203,
            "dy": 104.96157836914062,
            "timestamp": 105
        },
        {
            "dx": 170.1363067626953,
            "dy": 107.89178466796875,
            "timestamp": 135
        },
        {
            "dx": 167.9680938720703,
            "dy": 111.4666748046875,
            "timestamp": 136
        },
        {
            "dx": 166.62030029296875,
            "dy": 114.92425537109375,
            "timestamp": 162
        },
        {
            "dx": 165.91714477539062,
            "dy": 118.08895874023438,
            "timestamp": 190
        },
        {
            "dx": 165.79995727539062,
            "dy": 120.31582641601562,
            "timestamp": 190
        },
        {
            "dx": 167.4993438720703,
            "dy": 121.31210327148438,
            "timestamp": 218
        },
        {
            "dx": 170.95672607421875,
            "dy": 121.5465087890625,
            "timestamp": 218
        },
        {
            "dx": 174.7657012939453,
            "dy": 121.19491577148438,
            "timestamp": 245
        },
        {
            "dx": 177.63705444335938,
            "dy": 120.37442016601562,
            "timestamp": 290
        },
        {
            "dx": 179.10208129882812,
            "dy": 119.6712646484375,
            "timestamp": 290
        },
        {
            "dx": 179.2778778076172,
            "dy": 119.55404663085938,
            "timestamp": 290
        },
        {
            "dx": 179.9810333251953,
            "dy": 119.14373779296875,
            "timestamp": 291
        },
        {
            "dx": 180.09823608398438,
            "dy": 118.96792602539062,
            "timestamp": 319
        },
        {
            "dx": 179.8638458251953,
            "dy": 119.31954956054688,
            "timestamp": 345
        },
        {
            "dx": 179.2192840576172,
            "dy": 119.7884521484375,
            "timestamp": 372
        },
        {
            "dx": 178.22308349609375,
            "dy": 120.55023193359375,
            "timestamp": 373
        },
        {
            "dx": 177.2268829345703,
            "dy": 121.31210327148438,
            "timestamp": 399
        },
        {
            "dx": 176.99249267578125,
            "dy": 121.4879150390625,
            "timestamp": 400
        },
        {
            "dx": 175.52749633789062,
            "dy": 122.7772216796875,
            "timestamp": 425
        },
        {
            "dx": 175.29306030273438,
            "dy": 122.8944091796875,
            "timestamp": 426
        },
        {
            "dx": 173.71087646484375,
            "dy": 124.3009033203125,
            "timestamp": 426
        },
        {
            "dx": 171.71847534179688,
            "dy": 126.93807983398438,
            "timestamp": 451
        },
        {
            "dx": 171.19110107421875,
            "dy": 127.40689086914062,
            "timestamp": 452
        },
        {
            "dx": 168.84710693359375,
            "dy": 130.8646240234375,
            "timestamp": 452
        },
        {
            "dx": 166.44451904296875,
            "dy": 134.43939208984375,
            "timestamp": 477
        },
        {
            "dx": 164.3349151611328,
            "dy": 137.77987670898438,
            "timestamp": 504
        },
        {
            "dx": 161.8737335205078,
            "dy": 143.52304077148438,
            "timestamp": 504
        },
        {
            "dx": 160.4087677001953,
            "dy": 149.4420166015625,
            "timestamp": 532
        },
        {
            "dx": 159.76412963867188,
            "dy": 156.3572998046875,
            "timestamp": 558
        },
        {
            "dx": 160.17437744140625,
            "dy": 162.97958374023438,
            "timestamp": 559
        },
        {
            "dx": 162.3425750732422,
            "dy": 169.13296508789062,
            "timestamp": 597
        },
        {
            "dx": 165.2139434814453,
            "dy": 173.41104125976562,
            "timestamp": 598
        },
        {
            "dx": 165.91714477539062,
            "dy": 174.11434936523438,
            "timestamp": 598
        },
        {
            "dx": 171.36688232421875,
            "dy": 177.10311889648438,
            "timestamp": 624
        },
        {
            "dx": 177.5784454345703,
            "dy": 177.63052368164062,
            "timestamp": 625
        },
        {
            "dx": 178.92623901367188,
            "dy": 177.63052368164062,
            "timestamp": 625
        },
        {
            "dx": 187.77484130859375,
            "dy": 175.28646850585938,
            "timestamp": 652
        },
        {
            "dx": 195.15838623046875,
            "dy": 171.7115478515625,
            "timestamp": 652
        },
        {
            "dx": 199.78778076171875,
            "dy": 169.48455810546875,
            "timestamp": 678
        },
        {
            "dx": 0,
            "dy": 0,
            "timestamp": 680
        }
    ],
    [
        {
            "dx": 72.3274154663086,
            "dy": 56.69105529785156,
            "timestamp": 0
        },
        {
            "dx": 71.6725845336914,
            "dy": 58.72727966308594,
            "timestamp": 27
        },
        {
            "dx": 70.87287139892578,
            "dy": 61.0546875,
            "timestamp": 28
        },
        {
            "dx": 70.10902404785156,
            "dy": 63.4183349609375,
            "timestamp": 28
        },
        {
            "dx": 69.45454406738281,
            "dy": 65.63638305664062,
            "timestamp": 28
        },
        {
            "dx": 68.76349639892578,
            "dy": 67.96377563476562,
            "timestamp": 28
        },
        {
            "dx": 68.29084014892578,
            "dy": 69.81817626953125,
            "timestamp": 28
        },
        {
            "dx": 67.81818389892578,
            "dy": 71.60015869140625,
            "timestamp": 50
        },
        {
            "dx": 67.45454406738281,
            "dy": 73.0546875,
            "timestamp": 50
        },
        {
            "dx": 66.9453125,
            "dy": 74.98193359375,
            "timestamp": 50
        },
        {
            "dx": 66.65448760986328,
            "dy": 76.43643188476562,
            "timestamp": 51
        },
        {
            "dx": 66.47265625,
            "dy": 77.63638305664062,
            "timestamp": 51
        },
        {
            "dx": 66.18183135986328,
            "dy": 78.80007934570312,
            "timestamp": 51
        },
        {
            "dx": 66,
            "dy": 79.74539184570312,
            "timestamp": 52
        },
        {
            "dx": 65.89098358154297,
            "dy": 80.727294921875,
            "timestamp": 75
        },
        {
            "dx": 65.81818389892578,
            "dy": 81.4183349609375,
            "timestamp": 75
        },
        {
            "dx": 65.81818389892578,
            "dy": 82,
            "timestamp": 75
        },
        {
            "dx": 65.81818389892578,
            "dy": 82.47265625,
            "timestamp": 75
        },
        {
            "dx": 65.81818389892578,
            "dy": 82.98193359375,
            "timestamp": 75
        },
        {
            "dx": 65.81818389892578,
            "dy": 83.45458984375,
            "timestamp": 97
        },
        {
            "dx": 65.81818389892578,
            "dy": 84.03622436523438,
            "timestamp": 97
        },
        {
            "dx": 65.81818389892578,
            "dy": 84.54547119140625,
            "timestamp": 97
        },
        {
            "dx": 65.81818389892578,
            "dy": 85.12713623046875,
            "timestamp": 97
        },
        {
            "dx": 65.81818389892578,
            "dy": 85.60015869140625,
            "timestamp": 98
        },
        {
            "dx": 65.81818389892578,
            "dy": 86.10903930664062,
            "timestamp": 120
        },
        {
            "dx": 65.89098358154297,
            "dy": 86.69107055664062,
            "timestamp": 121
        },
        {
            "dx": 66.10902404785156,
            "dy": 87.27273559570312,
            "timestamp": 121
        },
        {
            "dx": 66.39985656738281,
            "dy": 87.74539184570312,
            "timestamp": 121
        },
        {
            "dx": 66.76349639892578,
            "dy": 88.32742309570312,
            "timestamp": 121
        },
        {
            "dx": 67.52734375,
            "dy": 88.90908813476562,
            "timestamp": 121
        },
        {
            "dx": 68.29084014892578,
            "dy": 89.49078369140625,
            "timestamp": 141
        },
        {
            "dx": 69.34552764892578,
            "dy": 90,
            "timestamp": 141
        },
        {
            "dx": 70.50923156738281,
            "dy": 90.3636474609375,
            "timestamp": 141
        },
        {
            "dx": 71.7453842163086,
            "dy": 90.58169555664062,
            "timestamp": 141
        },
        {
            "dx": 73.38175964355469,
            "dy": 90.76348876953125,
            "timestamp": 141
        },
        {
            "dx": 75.01811218261719,
            "dy": 90.76348876953125,
            "timestamp": 159
        },
        {
            "dx": 76.54545593261719,
            "dy": 90.76348876953125,
            "timestamp": 159
        },
        {
            "dx": 78.07279968261719,
            "dy": 90.58169555664062,
            "timestamp": 160
        },
        {
            "dx": 79.70917510986328,
            "dy": 90.3636474609375,
            "timestamp": 160
        },
        {
            "dx": 81.52734375,
            "dy": 90,
            "timestamp": 160
        },
        {
            "dx": 83.92720031738281,
            "dy": 89.01812744140625,
            "timestamp": 176
        },
        {
            "dx": 86.14559936523438,
            "dy": 88.14559936523438,
            "timestamp": 176
        },
        {
            "dx": 88.14559936523438,
            "dy": 87.16372680664062,
            "timestamp": 176
        },
        {
            "dx": 90.43643188476562,
            "dy": 86.10903930664062,
            "timestamp": 176
        },
        {
            "dx": 92.9453125,
            "dy": 84.8363037109375,
            "timestamp": 194
        },
        {
            "dx": 95.16371154785156,
            "dy": 83.56356811523438,
            "timestamp": 194
        },
        {
            "dx": 97.45454406738281,
            "dy": 82.18182373046875,
            "timestamp": 194
        },
        {
            "dx": 99.45454406738281,
            "dy": 80.9453125,
            "timestamp": 194
        },
        {
            "dx": 101.38174438476562,
            "dy": 79.56356811523438,
            "timestamp": 219
        },
        {
            "dx": 103.38174438476562,
            "dy": 78.21804809570312,
            "timestamp": 220
        },
        {
            "dx": 105.19993591308594,
            "dy": 76.727294921875,
            "timestamp": 220
        },
        {
            "dx": 106.9453125,
            "dy": 75.199951171875,
            "timestamp": 220
        },
        {
            "dx": 108.58168029785156,
            "dy": 73.70916748046875,
            "timestamp": 220
        },
        {
            "dx": 110,
            "dy": 72.254638671875,
            "timestamp": 220
        },
        {
            "dx": 111.45454406738281,
            "dy": 70.90908813476562,
            "timestamp": 220
        },
        {
            "dx": 112.80007934570312,
            "dy": 69.63638305664062,
            "timestamp": 236
        },
        {
            "dx": 113.92720031738281,
            "dy": 68.18182373046875,
            "timestamp": 236
        },
        {
            "dx": 114.80007934570312,
            "dy": 66.80007934570312,
            "timestamp": 236
        },
        {
            "dx": 116.25462341308594,
            "dy": 65.16372680664062,
            "timestamp": 236
        },
        {
            "dx": 117.672607421875,
            "dy": 63.3089599609375,
            "timestamp": 253
        },
        {
            "dx": 119.12715148925781,
            "dy": 61.563568115234375,
            "timestamp": 253
        },
        {
            "dx": 120.54545593261719,
            "dy": 59.81819152832031,
            "timestamp": 253
        },
        {
            "dx": 121.8909912109375,
            "dy": 58.145599365234375,
            "timestamp": 253
        },
        {
            "dx": 123.0546875,
            "dy": 56.50926208496094,
            "timestamp": 270
        },
        {
            "dx": 124.18183898925781,
            "dy": 54.9453125,
            "timestamp": 271
        },
        {
            "dx": 125.23652648925781,
            "dy": 53.38177490234375,
            "timestamp": 271
        },
        {
            "dx": 126.21804809570312,
            "dy": 52.218048095703125,
            "timestamp": 271
        },
        {
            "dx": 127.16371154785156,
            "dy": 51.0546875,
            "timestamp": 287
        },
        {
            "dx": 127.92720031738281,
            "dy": 49.85443115234375,
            "timestamp": 287
        },
        {
            "dx": 128.61825561523438,
            "dy": 48.98191833496094,
            "timestamp": 287
        },
        {
            "dx": 129.09091186523438,
            "dy": 48.39988708496094,
            "timestamp": 287
        },
        {
            "dx": 129.27273559570312,
            "dy": 48.036224365234375,
            "timestamp": 304
        },
        {
            "dx": 129.4907684326172,
            "dy": 47.745391845703125,
            "timestamp": 304
        },
        {
            "dx": 129.672607421875,
            "dy": 47.4183349609375,
            "timestamp": 304
        },
        {
            "dx": 129.85440063476562,
            "dy": 47.12713623046875,
            "timestamp": 304
        },
        {
            "dx": 130.03622436523438,
            "dy": 46.8363037109375,
            "timestamp": 321
        },
        {
            "dx": 130.254638671875,
            "dy": 46.54545593261719,
            "timestamp": 321
        },
        {
            "dx": 130.43643188476562,
            "dy": 46.25462341308594,
            "timestamp": 321
        },
        {
            "dx": 130.727294921875,
            "dy": 46.18182373046875,
            "timestamp": 321
        },
        {
            "dx": 130.80007934570312,
            "dy": 46.07279968261719,
            "timestamp": 337
        },
        {
            "dx": 130.90908813476562,
            "dy": 45.96380615234375,
            "timestamp": 337
        },
        {
            "dx": 130.90908813476562,
            "dy": 46.07279968261719,
            "timestamp": 370
        },
        {
            "dx": 130.80007934570312,
            "dy": 46.25462341308594,
            "timestamp": 370
        },
        {
            "dx": 130.5454559326172,
            "dy": 46.76350402832031,
            "timestamp": 370
        },
        {
            "dx": 130.254638671875,
            "dy": 47.34553527832031,
            "timestamp": 370
        },
        {
            "dx": 129.74539184570312,
            "dy": 48.218048095703125,
            "timestamp": 370
        },
        {
            "dx": 129.199951171875,
            "dy": 49.19993591308594,
            "timestamp": 392
        },
        {
            "dx": 128.32742309570312,
            "dy": 50.3636474609375,
            "timestamp": 392
        },
        {
            "dx": 127.16371154785156,
            "dy": 51.92723083496094,
            "timestamp": 392
        },
        {
            "dx": 125.52734375,
            "dy": 53.563568115234375,
            "timestamp": 392
        },
        {
            "dx": 123.92720031738281,
            "dy": 55.12713623046875,
            "timestamp": 392
        },
        {
            "dx": 122.47265625,
            "dy": 56.58168029785156,
            "timestamp": 420
        },
        {
            "dx": 121.01811218261719,
            "dy": 58.54545593261719,
            "timestamp": 420
        },
        {
            "dx": 119.781982421875,
            "dy": 60.581695556640625,
            "timestamp": 420
        },
        {
            "dx": 118.43643188476562,
            "dy": 62.436431884765625,
            "timestamp": 420
        },
        {
            "dx": 117.199951171875,
            "dy": 64.29083251953125,
            "timestamp": 420
        },
        {
            "dx": 115.67259216308594,
            "dy": 66.32742309570312,
            "timestamp": 420
        },
        {
            "dx": 114.14559936523438,
            "dy": 68.58169555664062,
            "timestamp": 439
        },
        {
            "dx": 112.50923156738281,
            "dy": 71.01812744140625,
            "timestamp": 439
        },
        {
            "dx": 110.69105529785156,
            "dy": 73.34552001953125,
            "timestamp": 439
        },
        {
            "dx": 109.0546875,
            "dy": 75.781982421875,
            "timestamp": 439
        },
        {
            "dx": 107.12715148925781,
            "dy": 78.39990234375,
            "timestamp": 439
        },
        {
            "dx": 105.19993591308594,
            "dy": 81.23651123046875,
            "timestamp": 461
        },
        {
            "dx": 103.67259216308594,
            "dy": 84.03622436523438,
            "timestamp": 462
        },
        {
            "dx": 102.03622436523438,
            "dy": 86.58169555664062,
            "timestamp": 462
        },
        {
            "dx": 100.50923156738281,
            "dy": 89.12713623046875,
            "timestamp": 462
        },
        {
            "dx": 98.80007934570312,
            "dy": 91.74539184570312,
            "timestamp": 462
        },
        {
            "dx": 97.16371154785156,
            "dy": 94.65447998046875,
            "timestamp": 462
        },
        {
            "dx": 95.63636779785156,
            "dy": 97.49078369140625,
            "timestamp": 482
        },
        {
            "dx": 93.81819152832031,
            "dy": 100.10903930664062,
            "timestamp": 483
        },
        {
            "dx": 92.54545593261719,
            "dy": 102.8363037109375,
            "timestamp": 483
        },
        {
            "dx": 91.49076843261719,
            "dy": 105.56356811523438,
            "timestamp": 483
        },
        {
            "dx": 90.43643188476562,
            "dy": 108.29083251953125,
            "timestamp": 483
        },
        {
            "dx": 89.38174438476562,
            "dy": 110.90908813476562,
            "timestamp": 504
        },
        {
            "dx": 88.14559936523438,
            "dy": 113.63638305664062,
            "timestamp": 504
        },
        {
            "dx": 87.09091186523438,
            "dy": 116.3636474609375,
            "timestamp": 504
        },
        {
            "dx": 85.85440063476562,
            "dy": 119.09091186523438,
            "timestamp": 504
        },
        {
            "dx": 84.61825561523438,
            "dy": 121.74539184570312,
            "timestamp": 504
        },
        {
            "dx": 83.56356811523438,
            "dy": 124.3636474609375,
            "timestamp": 524
        },
        {
            "dx": 82.58168029785156,
            "dy": 126.90908813476562,
            "timestamp": 524
        },
        {
            "dx": 81.63636779785156,
            "dy": 129.3089599609375,
            "timestamp": 525
        },
        {
            "dx": 80.87287139892578,
            "dy": 131.672607421875,
            "timestamp": 525
        },
        {
            "dx": 80.18183135986328,
            "dy": 133.8909912109375,
            "timestamp": 525
        },
        {
            "dx": 79.52734375,
            "dy": 136.03622436523438,
            "timestamp": 548
        },
        {
            "dx": 78.9453125,
            "dy": 138.18182373046875,
            "timestamp": 548
        },
        {
            "dx": 78.47265625,
            "dy": 139.92724609375,
            "timestamp": 548
        },
        {
            "dx": 78.18183135986328,
            "dy": 141.781982421875,
            "timestamp": 548
        },
        {
            "dx": 78,
            "dy": 143.63638305664062,
            "timestamp": 548
        },
        {
            "dx": 77.70917510986328,
            "dy": 145.38174438476562,
            "timestamp": 568
        },
        {
            "dx": 77.30895233154297,
            "dy": 147.74539184570312,
            "timestamp": 568
        },
        {
            "dx": 77.12714385986328,
            "dy": 149.85440063476562,
            "timestamp": 568
        },
        {
            "dx": 77.01811218261719,
            "dy": 151.92724609375,
            "timestamp": 569
        },
        {
            "dx": 77.01811218261719,
            "dy": 153.56356811523438,
            "timestamp": 569
        },
        {
            "dx": 77.01811218261719,
            "dy": 155.3089599609375,
            "timestamp": 569
        },
        {
            "dx": 77.01811218261719,
            "dy": 157.09091186523438,
            "timestamp": 586
        },
        {
            "dx": 77.12714385986328,
            "dy": 159.23651123046875,
            "timestamp": 587
        },
        {
            "dx": 77.41832733154297,
            "dy": 161.34555053710938,
            "timestamp": 587
        },
        {
            "dx": 77.7819595336914,
            "dy": 163.4183349609375,
            "timestamp": 587
        },
        {
            "dx": 78.07279968261719,
            "dy": 165.45458984375,
            "timestamp": 604
        },
        {
            "dx": 78.54545593261719,
            "dy": 167.49081420898438,
            "timestamp": 604
        },
        {
            "dx": 79.0546875,
            "dy": 169.52734375,
            "timestamp": 604
        },
        {
            "dx": 79.52734375,
            "dy": 171.49081420898438,
            "timestamp": 604
        },
        {
            "dx": 80.10902404785156,
            "dy": 173.23651123046875,
            "timestamp": 604
        },
        {
            "dx": 80.9453125,
            "dy": 175.199951171875,
            "timestamp": 623
        },
        {
            "dx": 81.81819152832031,
            "dy": 177.12713623046875,
            "timestamp": 623
        },
        {
            "dx": 82.76350402832031,
            "dy": 178.8729248046875,
            "timestamp": 623
        },
        {
            "dx": 83.63636779785156,
            "dy": 180.43643188476562,
            "timestamp": 623
        },
        {
            "dx": 84.50923156738281,
            "dy": 182,
            "timestamp": 640
        },
        {
            "dx": 85.16371154785156,
            "dy": 183.27273559570312,
            "timestamp": 641
        },
        {
            "dx": 85.92720031738281,
            "dy": 184.54547119140625,
            "timestamp": 641
        },
        {
            "dx": 86.80007934570312,
            "dy": 185.8182373046875,
            "timestamp": 641
        },
        {
            "dx": 87.78196716308594,
            "dy": 187.0546875,
            "timestamp": 660
        },
        {
            "dx": 88.72727966308594,
            "dy": 188.32742309570312,
            "timestamp": 660
        },
        {
            "dx": 90.07279968261719,
            "dy": 189.70916748046875,
            "timestamp": 660
        },
        {
            "dx": 91.49076843261719,
            "dy": 191.16372680664062,
            "timestamp": 660
        },
        {
            "dx": 92.9453125,
            "dy": 192.50924682617188,
            "timestamp": 660
        },
        {
            "dx": 94.10902404785156,
            "dy": 193.672607421875,
            "timestamp": 676
        },
        {
            "dx": 95.34553527832031,
            "dy": 194.7635498046875,
            "timestamp": 677
        },
        {
            "dx": 96.69105529785156,
            "dy": 195.92721557617188,
            "timestamp": 677
        },
        {
            "dx": 97.81819152832031,
            "dy": 197.09091186523438,
            "timestamp": 677
        },
        {
            "dx": 99.16371154785156,
            "dy": 198.07281494140625,
            "timestamp": 694
        },
        {
            "dx": 100.43643188476562,
            "dy": 199.12713623046875,
            "timestamp": 694
        },
        {
            "dx": 102.14559936523438,
            "dy": 200.39987182617188,
            "timestamp": 694
        },
        {
            "dx": 103.78196716308594,
            "dy": 201.56356811523438,
            "timestamp": 694
        },
        {
            "dx": 105.41831970214844,
            "dy": 202.727294921875,
            "timestamp": 711
        },
        {
            "dx": 106.9453125,
            "dy": 203.8182373046875,
            "timestamp": 711
        },
        {
            "dx": 108.47265625,
            "dy": 204.80007934570312,
            "timestamp": 711
        },
        {
            "dx": 109.70918273925781,
            "dy": 205.56356811523438,
            "timestamp": 711
        },
        {
            "dx": 110.98188781738281,
            "dy": 206.254638671875,
            "timestamp": 711
        },
        {
            "dx": 112.21804809570312,
            "dy": 206.8363037109375,
            "timestamp": 727
        },
        {
            "dx": 114.61825561523438,
            "dy": 207.8182373046875,
            "timestamp": 728
        },
        {
            "dx": 116.80007934570312,
            "dy": 208.69107055664062,
            "timestamp": 728
        },
        {
            "dx": 119.01811218261719,
            "dy": 209.45455932617188,
            "timestamp": 728
        },
        {
            "dx": 120.9453125,
            "dy": 210.03622436523438,
            "timestamp": 744
        },
        {
            "dx": 123.52734375,
            "dy": 210.8363037109375,
            "timestamp": 745
        },
        {
            "dx": 125.92720031738281,
            "dy": 211.3089599609375,
            "timestamp": 745
        },
        {
            "dx": 128.03622436523438,
            "dy": 211.8182373046875,
            "timestamp": 745
        },
        {
            "dx": 130.14559936523438,
            "dy": 212.18182373046875,
            "timestamp": 763
        },
        {
            "dx": 132.254638671875,
            "dy": 212.39987182617188,
            "timestamp": 763
        },
        {
            "dx": 134.254638671875,
            "dy": 212.58169555664062,
            "timestamp": 763
        },
        {
            "dx": 136.0727996826172,
            "dy": 212.7635498046875,
            "timestamp": 764
        },
        {
            "dx": 137.9272003173828,
            "dy": 212.98190307617188,
            "timestamp": 764
        },
        {
            "dx": 138.7635040283203,
            "dy": 212.98190307617188,
            "timestamp": 780
        },
        {
            "dx": 140.21804809570312,
            "dy": 212.98190307617188,
            "timestamp": 780
        },
        {
            "dx": 141.9272003173828,
            "dy": 212.8729248046875,
            "timestamp": 780
        },
        {
            "dx": 143.85440063476562,
            "dy": 212.7635498046875,
            "timestamp": 780
        },
        {
            "dx": 146.43643188476562,
            "dy": 212.58169555664062,
            "timestamp": 795
        },
        {
            "dx": 148.72727966308594,
            "dy": 212.39987182617188,
            "timestamp": 795
        },
        {
            "dx": 150.65447998046875,
            "dy": 212,
            "timestamp": 795
        },
        {
            "dx": 152.5092315673828,
            "dy": 211.60015869140625,
            "timestamp": 811
        },
        {
            "dx": 154.32742309570312,
            "dy": 211.199951171875,
            "timestamp": 812
        },
        {
            "dx": 156.32742309570312,
            "dy": 210.61825561523438,
            "timestamp": 812
        },
        {
            "dx": 158.25462341308594,
            "dy": 210.14559936523438,
            "timestamp": 812
        },
        {
            "dx": 160.18182373046875,
            "dy": 209.38174438476562,
            "timestamp": 827
        },
        {
            "dx": 162.5092315673828,
            "dy": 208.47265625,
            "timestamp": 828
        },
        {
            "dx": 164.80007934570312,
            "dy": 207.52734375,
            "timestamp": 828
        },
        {
            "dx": 166.9453125,
            "dy": 206.54547119140625,
            "timestamp": 828
        },
        {
            "dx": 168.8728790283203,
            "dy": 205.45455932617188,
            "timestamp": 843
        },
        {
            "dx": 170.7635040283203,
            "dy": 204.39987182617188,
            "timestamp": 844
        },
        {
            "dx": 172.3998565673828,
            "dy": 203.3455810546875,
            "timestamp": 844
        },
        {
            "dx": 174.43646240234375,
            "dy": 202.07281494140625,
            "timestamp": 844
        },
        {
            "dx": 176.36366271972656,
            "dy": 200.80007934570312,
            "timestamp": 860
        },
        {
            "dx": 178.18182373046875,
            "dy": 199.52734375,
            "timestamp": 860
        },
        {
            "dx": 179.8181915283203,
            "dy": 198.254638671875,
            "timestamp": 860
        },
        {
            "dx": 181.38177490234375,
            "dy": 196.98190307617188,
            "timestamp": 860
        },
        {
            "dx": 183.0181121826172,
            "dy": 195.52734375,
            "timestamp": 876
        },
        {
            "dx": 184.65447998046875,
            "dy": 194.18182373046875,
            "timestamp": 876
        },
        {
            "dx": 186.36366271972656,
            "dy": 192.61825561523438,
            "timestamp": 876
        },
        {
            "dx": 188,
            "dy": 191.0546875,
            "timestamp": 876
        },
        {
            "dx": 190.10902404785156,
            "dy": 189.3089599609375,
            "timestamp": 893
        },
        {
            "dx": 192.25462341308594,
            "dy": 187.45455932617188,
            "timestamp": 893
        },
        {
            "dx": 194.25462341308594,
            "dy": 185.70916748046875,
            "timestamp": 893
        },
        {
            "dx": 196.18182373046875,
            "dy": 183.96377563476562,
            "timestamp": 893
        },
        {
            "dx": 197.70916748046875,
            "dy": 182.10903930664062,
            "timestamp": 909
        },
        {
            "dx": 199.3455352783203,
            "dy": 180.43643188476562,
            "timestamp": 910
        },
        {
            "dx": 200.9818878173828,
            "dy": 178.69107055664062,
            "timestamp": 910
        },
        {
            "dx": 202.43646240234375,
            "dy": 176.9453125,
            "timestamp": 910
        },
        {
            "dx": 203.78196716308594,
            "dy": 175.09091186523438,
            "timestamp": 926
        },
        {
            "dx": 205.12713623046875,
            "dy": 173.23651123046875,
            "timestamp": 926
        },
        {
            "dx": 206.3998565673828,
            "dy": 171.49081420898438,
            "timestamp": 927
        },
        {
            "dx": 207.4545440673828,
            "dy": 169.74539184570312,
            "timestamp": 943
        },
        {
            "dx": 208.69105529785156,
            "dy": 167.781982421875,
            "timestamp": 943
        },
        {
            "dx": 209.74537658691406,
            "dy": 165.85440063476562,
            "timestamp": 943
        },
        {
            "dx": 210.9091339111328,
            "dy": 163.70916748046875,
            "timestamp": 943
        },
        {
            "dx": 212.4364776611328,
            "dy": 161.16372680664062,
            "timestamp": 961
        },
        {
            "dx": 213.6001434326172,
            "dy": 158.61825561523438,
            "timestamp": 961
        },
        {
            "dx": 214.58168029785156,
            "dy": 156.21804809570312,
            "timestamp": 961
        },
        {
            "dx": 216.10902404785156,
            "dy": 153.27273559570312,
            "timestamp": 961
        },
        {
            "dx": 217.27272033691406,
            "dy": 150.254638671875,
            "timestamp": 961
        },
        {
            "dx": 218.3998565673828,
            "dy": 147.45458984375,
            "timestamp": 961
        },
        {
            "dx": 219.4907684326172,
            "dy": 143.81820678710938,
            "timestamp": 980
        },
        {
            "dx": 220.14561462402344,
            "dy": 140.14559936523438,
            "timestamp": 980
        },
        {
            "dx": 221.78196716308594,
            "dy": 135.45458984375,
            "timestamp": 980
        },
        {
            "dx": 223.6001434326172,
            "dy": 130.80007934570312,
            "timestamp": 980
        },
        {
            "dx": 225.3455352783203,
            "dy": 126,
            "timestamp": 996
        },
        {
            "dx": 226.9818878173828,
            "dy": 121.34552001953125,
            "timestamp": 997
        },
        {
            "dx": 228.21803283691406,
            "dy": 116.9453125,
            "timestamp": 997
        },
        {
            "dx": 229.56358337402344,
            "dy": 113.0546875,
            "timestamp": 997
        },
        {
            "dx": 0,
            "dy": 0,
            "timestamp": 998
        }
    ],
    [
        {
            "dx": 167,
            "dy": 78.66667175292969,
            "timestamp": 0
        },
        {
            "dx": 164.6666717529297,
            "dy": 79.66667175292969,
            "timestamp": 23
        },
        {
            "dx": 159.6666717529297,
            "dy": 82,
            "timestamp": 23
        },
        {
            "dx": 156.33334350585938,
            "dy": 83.66667175292969,
            "timestamp": 23
        },
        {
            "dx": 153.33334350585938,
            "dy": 85.66667175292969,
            "timestamp": 48
        },
        {
            "dx": 150.6666717529297,
            "dy": 87.66667175292969,
            "timestamp": 48
        },
        {
            "dx": 148.33334350585938,
            "dy": 89.33334350585938,
            "timestamp": 48
        },
        {
            "dx": 146,
            "dy": 92,
            "timestamp": 71
        },
        {
            "dx": 144.33334350585938,
            "dy": 94,
            "timestamp": 71
        },
        {
            "dx": 143,
            "dy": 96.66667175292969,
            "timestamp": 91
        },
        {
            "dx": 142,
            "dy": 99,
            "timestamp": 91
        },
        {
            "dx": 141.33334350585938,
            "dy": 101,
            "timestamp": 91
        },
        {
            "dx": 140.6666717529297,
            "dy": 103,
            "timestamp": 112
        },
        {
            "dx": 140.6666717529297,
            "dy": 104.66668701171875,
            "timestamp": 112
        },
        {
            "dx": 141,
            "dy": 106.66668701171875,
            "timestamp": 113
        },
        {
            "dx": 141.33334350585938,
            "dy": 107.66668701171875,
            "timestamp": 133
        },
        {
            "dx": 142.33334350585938,
            "dy": 109,
            "timestamp": 133
        },
        {
            "dx": 145,
            "dy": 110.66668701171875,
            "timestamp": 155
        },
        {
            "dx": 148.33334350585938,
            "dy": 111.33334350585938,
            "timestamp": 155
        },
        {
            "dx": 152.6666717529297,
            "dy": 111.33334350585938,
            "timestamp": 156
        },
        {
            "dx": 155.6666717529297,
            "dy": 111,
            "timestamp": 179
        },
        {
            "dx": 158.33334350585938,
            "dy": 110.66668701171875,
            "timestamp": 179
        },
        {
            "dx": 159.6666717529297,
            "dy": 110.33334350585938,
            "timestamp": 203
        },
        {
            "dx": 160.6666717529297,
            "dy": 110,
            "timestamp": 203
        },
        {
            "dx": 161.33334350585938,
            "dy": 109.66668701171875,
            "timestamp": 203
        },
        {
            "dx": 161.6666717529297,
            "dy": 109.66668701171875,
            "timestamp": 227
        },
        {
            "dx": 162,
            "dy": 109.33334350585938,
            "timestamp": 227
        },
        {
            "dx": 162.33334350585938,
            "dy": 109.33334350585938,
            "timestamp": 227
        },
        {
            "dx": 162.6666717529297,
            "dy": 109.33334350585938,
            "timestamp": 266
        },
        {
            "dx": 163,
            "dy": 109.33334350585938,
            "timestamp": 266
        },
        {
            "dx": 163,
            "dy": 109,
            "timestamp": 267
        },
        {
            "dx": 163.33334350585938,
            "dy": 109,
            "timestamp": 267
        },
        {
            "dx": 163.6666717529297,
            "dy": 109,
            "timestamp": 289
        },
        {
            "dx": 163.6666717529297,
            "dy": 109.66668701171875,
            "timestamp": 329
        },
        {
            "dx": 162,
            "dy": 113.33334350585938,
            "timestamp": 347
        },
        {
            "dx": 156.33334350585938,
            "dy": 119.33334350585938,
            "timestamp": 347
        },
        {
            "dx": 150.6666717529297,
            "dy": 124.66668701171875,
            "timestamp": 365
        },
        {
            "dx": 145.6666717529297,
            "dy": 129.66668701171875,
            "timestamp": 365
        },
        {
            "dx": 140.6666717529297,
            "dy": 134.33334350585938,
            "timestamp": 389
        },
        {
            "dx": 134.6666717529297,
            "dy": 140,
            "timestamp": 390
        },
        {
            "dx": 131,
            "dy": 144,
            "timestamp": 390
        },
        {
            "dx": 127.33334350585938,
            "dy": 149,
            "timestamp": 415
        },
        {
            "dx": 124.33334350585938,
            "dy": 153.33334350585938,
            "timestamp": 415
        },
        {
            "dx": 122.33334350585938,
            "dy": 157.66668701171875,
            "timestamp": 416
        },
        {
            "dx": 121,
            "dy": 162,
            "timestamp": 442
        },
        {
            "dx": 120,
            "dy": 166,
            "timestamp": 443
        },
        {
            "dx": 119,
            "dy": 170.66668701171875,
            "timestamp": 443
        },
        {
            "dx": 118.66667175292969,
            "dy": 174.33334350585938,
            "timestamp": 477
        },
        {
            "dx": 119,
            "dy": 177.66668701171875,
            "timestamp": 478
        },
        {
            "dx": 119.33334350585938,
            "dy": 181.66668701171875,
            "timestamp": 478
        },
        {
            "dx": 120,
            "dy": 185,
            "timestamp": 478
        },
        {
            "dx": 121,
            "dy": 187.66668701171875,
            "timestamp": 504
        },
        {
            "dx": 122.33334350585938,
            "dy": 189.66668701171875,
            "timestamp": 504
        },
        {
            "dx": 124.33334350585938,
            "dy": 192,
            "timestamp": 504
        },
        {
            "dx": 127,
            "dy": 193.66668701171875,
            "timestamp": 531
        },
        {
            "dx": 132,
            "dy": 195.33334350585938,
            "timestamp": 532
        },
        {
            "dx": 138.6666717529297,
            "dy": 195.66668701171875,
            "timestamp": 532
        },
        {
            "dx": 146,
            "dy": 195,
            "timestamp": 532
        },
        {
            "dx": 153,
            "dy": 193.66668701171875,
            "timestamp": 556
        },
        {
            "dx": 161.6666717529297,
            "dy": 191.66668701171875,
            "timestamp": 557
        },
        {
            "dx": 171,
            "dy": 188.66668701171875,
            "timestamp": 557
        },
        {
            "dx": 178,
            "dy": 185.33334350585938,
            "timestamp": 579
        },
        {
            "dx": 182.6666717529297,
            "dy": 183,
            "timestamp": 580
        },
        {
            "dx": 185.6666717529297,
            "dy": 180.66668701171875,
            "timestamp": 580
        },
        {
            "dx": 189.33334350585938,
            "dy": 178,
            "timestamp": 604
        },
        {
            "dx": 193,
            "dy": 174,
            "timestamp": 605
        },
        {
            "dx": 197.33334350585938,
            "dy": 166.66668701171875,
            "timestamp": 605
        },
        {
            "dx": 200.33334350585938,
            "dy": 160,
            "timestamp": 630
        },
        {
            "dx": 203.6666717529297,
            "dy": 150,
            "timestamp": 631
        },
        {
            "dx": 206.6666717529297,
            "dy": 140.66668701171875,
            "timestamp": 631
        },
        {
            "dx": 208.33334350585938,
            "dy": 135.33334350585938,
            "timestamp": 654
        },
        {
            "dx": 209.6666717529297,
            "dy": 132.33334350585938,
            "timestamp": 655
        },
        {
            "dx": 210.33334350585938,
            "dy": 130.66668701171875,
            "timestamp": 655
        },
        {
            "dx": 211,
            "dy": 129.66668701171875,
            "timestamp": 679
        },
        {
            "dx": 211.33334350585938,
            "dy": 129,
            "timestamp": 680
        },
        {
            "dx": 211.33334350585938,
            "dy": 128.66668701171875,
            "timestamp": 680
        },
        {
            "dx": 211.33334350585938,
            "dy": 128.33334350585938,
            "timestamp": 705
        },
        {
            "dx": 211.6666717529297,
            "dy": 128.33334350585938,
            "timestamp": 706
        },
        {
            "dx": 211.6666717529297,
            "dy": 128.33334350585938,
            "timestamp": 733
        },
        {
            "dx": 0,
            "dy": 0,
            "timestamp": 761
        }
    ],
    [
        {
            "dx": 141.50787353515625,
            "dy": 54.8736572265625,
            "timestamp": 0
        },
        {
            "dx": 139.84274291992188,
            "dy": 57.8724365234375,
            "timestamp": 0
        },
        {
            "dx": 138.51065063476562,
            "dy": 59.87164306640625,
            "timestamp": 18
        },
        {
            "dx": 137.51156616210938,
            "dy": 61.87078857421875,
            "timestamp": 19
        },
        {
            "dx": 136.5124969482422,
            "dy": 63.53680419921875,
            "timestamp": 19
        },
        {
            "dx": 135.513427734375,
            "dy": 65.2027587890625,
            "timestamp": 19
        },
        {
            "dx": 134.84738159179688,
            "dy": 66.8687744140625,
            "timestamp": 47
        },
        {
            "dx": 133.51528930664062,
            "dy": 69.53436279296875,
            "timestamp": 47
        },
        {
            "dx": 132.18316650390625,
            "dy": 71.86676025390625,
            "timestamp": 47
        },
        {
            "dx": 131.51712036132812,
            "dy": 73.86590576171875,
            "timestamp": 48
        },
        {
            "dx": 130.85107421875,
            "dy": 75.53192138671875,
            "timestamp": 48
        },
        {
            "dx": 130.51803588867188,
            "dy": 77.19793701171875,
            "timestamp": 48
        },
        {
            "dx": 130.18502807617188,
            "dy": 78.8638916015625,
            "timestamp": 48
        },
        {
            "dx": 129.85198974609375,
            "dy": 80.52987670898438,
            "timestamp": 48
        },
        {
            "dx": 129.5189666748047,
            "dy": 81.1962890625,
            "timestamp": 49
        },
        {
            "dx": 129.18594360351562,
            "dy": 81.8626708984375,
            "timestamp": 76
        },
        {
            "dx": 129.18594360351562,
            "dy": 82.86227416992188,
            "timestamp": 76
        },
        {
            "dx": 129.18594360351562,
            "dy": 83.86187744140625,
            "timestamp": 76
        },
        {
            "dx": 129.18594360351562,
            "dy": 84.52825927734375,
            "timestamp": 77
        },
        {
            "dx": 129.18594360351562,
            "dy": 84.8614501953125,
            "timestamp": 77
        },
        {
            "dx": 129.18594360351562,
            "dy": 85.52783203125,
            "timestamp": 77
        },
        {
            "dx": 129.18594360351562,
            "dy": 85.86105346679688,
            "timestamp": 77
        },
        {
            "dx": 129.5189666748047,
            "dy": 86.19427490234375,
            "timestamp": 102
        },
        {
            "dx": 129.85198974609375,
            "dy": 86.52743530273438,
            "timestamp": 102
        },
        {
            "dx": 130.18502807617188,
            "dy": 86.86065673828125,
            "timestamp": 102
        },
        {
            "dx": 130.85107421875,
            "dy": 86.86065673828125,
            "timestamp": 127
        },
        {
            "dx": 131.8501434326172,
            "dy": 86.86065673828125,
            "timestamp": 128
        },
        {
            "dx": 133.1822509765625,
            "dy": 86.86065673828125,
            "timestamp": 128
        },
        {
            "dx": 134.51434326171875,
            "dy": 86.86065673828125,
            "timestamp": 128
        },
        {
            "dx": 135.846435546875,
            "dy": 86.86065673828125,
            "timestamp": 128
        },
        {
            "dx": 137.84458923339844,
            "dy": 86.19427490234375,
            "timestamp": 128
        },
        {
            "dx": 139.84274291992188,
            "dy": 85.86105346679688,
            "timestamp": 128
        },
        {
            "dx": 142.17391967773438,
            "dy": 85.52783203125,
            "timestamp": 152
        },
        {
            "dx": 144.50509643554688,
            "dy": 84.8614501953125,
            "timestamp": 152
        },
        {
            "dx": 146.50323486328125,
            "dy": 83.86187744140625,
            "timestamp": 152
        },
        {
            "dx": 148.83441162109375,
            "dy": 82.86227416992188,
            "timestamp": 152
        },
        {
            "dx": 151.49862670898438,
            "dy": 81.1962890625,
            "timestamp": 152
        },
        {
            "dx": 153.49676513671875,
            "dy": 79.86349487304688,
            "timestamp": 152
        },
        {
            "dx": 155.82794189453125,
            "dy": 78.197509765625,
            "timestamp": 152
        },
        {
            "dx": 158.15911865234375,
            "dy": 76.86468505859375,
            "timestamp": 175
        },
        {
            "dx": 160.49029541015625,
            "dy": 75.53192138671875,
            "timestamp": 175
        },
        {
            "dx": 162.82147216796875,
            "dy": 74.19915771484375,
            "timestamp": 176
        },
        {
            "dx": 164.8196258544922,
            "dy": 72.8663330078125,
            "timestamp": 176
        },
        {
            "dx": 166.4847412109375,
            "dy": 71.53353881835938,
            "timestamp": 176
        },
        {
            "dx": 168.48289489746094,
            "dy": 70.20074462890625,
            "timestamp": 176
        },
        {
            "dx": 170.14801025390625,
            "dy": 69.201171875,
            "timestamp": 202
        },
        {
            "dx": 171.4801025390625,
            "dy": 68.20159912109375,
            "timestamp": 202
        },
        {
            "dx": 172.47918701171875,
            "dy": 67.20196533203125,
            "timestamp": 202
        },
        {
            "dx": 173.811279296875,
            "dy": 66.20236206054688,
            "timestamp": 202
        },
        {
            "dx": 174.4773406982422,
            "dy": 65.53598022460938,
            "timestamp": 203
        },
        {
            "dx": 175.14340209960938,
            "dy": 64.86956787109375,
            "timestamp": 203
        },
        {
            "dx": 175.47642517089844,
            "dy": 64.536376953125,
            "timestamp": 203
        },
        {
            "dx": 175.80943298339844,
            "dy": 64.536376953125,
            "timestamp": 227
        },
        {
            "dx": 175.80943298339844,
            "dy": 64.20318603515625,
            "timestamp": 227
        },
        {
            "dx": 175.80943298339844,
            "dy": 64.536376953125,
            "timestamp": 270
        },
        {
            "dx": 175.80943298339844,
            "dy": 64.86956787109375,
            "timestamp": 287
        },
        {
            "dx": 175.80943298339844,
            "dy": 65.86920166015625,
            "timestamp": 288
        },
        {
            "dx": 175.14340209960938,
            "dy": 66.53558349609375,
            "timestamp": 288
        },
        {
            "dx": 174.4773406982422,
            "dy": 68.20159912109375,
            "timestamp": 288
        },
        {
            "dx": 173.478271484375,
            "dy": 69.53436279296875,
            "timestamp": 288
        },
        {
            "dx": 172.81222534179688,
            "dy": 70.86712646484375,
            "timestamp": 310
        },
        {
            "dx": 172.1461639404297,
            "dy": 72.199951171875,
            "timestamp": 311
        },
        {
            "dx": 171.1470947265625,
            "dy": 73.53271484375,
            "timestamp": 311
        },
        {
            "dx": 169.8149871826172,
            "dy": 75.19873046875,
            "timestamp": 311
        },
        {
            "dx": 168.81591796875,
            "dy": 76.86468505859375,
            "timestamp": 311
        },
        {
            "dx": 167.81683349609375,
            "dy": 78.53070068359375,
            "timestamp": 311
        },
        {
            "dx": 166.4847412109375,
            "dy": 80.19671630859375,
            "timestamp": 334
        },
        {
            "dx": 165.1526336669922,
            "dy": 82.19586181640625,
            "timestamp": 334
        },
        {
            "dx": 164.153564453125,
            "dy": 84.195068359375,
            "timestamp": 335
        },
        {
            "dx": 163.15447998046875,
            "dy": 86.19427490234375,
            "timestamp": 335
        },
        {
            "dx": 161.8223876953125,
            "dy": 88.19345092773438,
            "timestamp": 335
        },
        {
            "dx": 160.82330322265625,
            "dy": 89.85943603515625,
            "timestamp": 335
        },
        {
            "dx": 159.4912109375,
            "dy": 91.85861206054688,
            "timestamp": 359
        },
        {
            "dx": 158.15911865234375,
            "dy": 93.8577880859375,
            "timestamp": 359
        },
        {
            "dx": 157.1600341796875,
            "dy": 95.85699462890625,
            "timestamp": 359
        },
        {
            "dx": 156.16098022460938,
            "dy": 97.85617065429688,
            "timestamp": 359
        },
        {
            "dx": 155.1619110107422,
            "dy": 99.8553466796875,
            "timestamp": 359
        },
        {
            "dx": 154.16282653808594,
            "dy": 102.187744140625,
            "timestamp": 359
        },
        {
            "dx": 153.1637420654297,
            "dy": 104.18695068359375,
            "timestamp": 385
        },
        {
            "dx": 152.4976806640625,
            "dy": 106.519287109375,
            "timestamp": 385
        },
        {
            "dx": 151.83164978027344,
            "dy": 108.8516845703125,
            "timestamp": 385
        },
        {
            "dx": 150.8325653076172,
            "dy": 110.5177001953125,
            "timestamp": 385
        },
        {
            "dx": 149.83349609375,
            "dy": 112.51690673828125,
            "timestamp": 386
        },
        {
            "dx": 149.16744995117188,
            "dy": 114.51608276367188,
            "timestamp": 386
        },
        {
            "dx": 148.5013885498047,
            "dy": 116.84844970703125,
            "timestamp": 386
        },
        {
            "dx": 147.5023193359375,
            "dy": 118.84762573242188,
            "timestamp": 418
        },
        {
            "dx": 146.83627319335938,
            "dy": 120.8468017578125,
            "timestamp": 419
        },
        {
            "dx": 146.50323486328125,
            "dy": 123.17919921875,
            "timestamp": 419
        },
        {
            "dx": 146.1702117919922,
            "dy": 125.17840576171875,
            "timestamp": 419
        },
        {
            "dx": 145.8372039794922,
            "dy": 127.17758178710938,
            "timestamp": 419
        },
        {
            "dx": 145.5041961669922,
            "dy": 128.84359741210938,
            "timestamp": 419
        },
        {
            "dx": 144.83811950683594,
            "dy": 130.50961303710938,
            "timestamp": 419
        },
        {
            "dx": 144.50509643554688,
            "dy": 131.84237670898438,
            "timestamp": 419
        },
        {
            "dx": 144.17205810546875,
            "dy": 133.50839233398438,
            "timestamp": 442
        },
        {
            "dx": 144.17205810546875,
            "dy": 135.17431640625,
            "timestamp": 442
        },
        {
            "dx": 143.8390350341797,
            "dy": 136.84033203125,
            "timestamp": 443
        },
        {
            "dx": 143.8390350341797,
            "dy": 138.50631713867188,
            "timestamp": 443
        },
        {
            "dx": 143.8390350341797,
            "dy": 139.839111328125,
            "timestamp": 443
        },
        {
            "dx": 143.8390350341797,
            "dy": 141.171875,
            "timestamp": 443
        },
        {
            "dx": 143.8390350341797,
            "dy": 141.83831787109375,
            "timestamp": 443
        },
        {
            "dx": 143.8390350341797,
            "dy": 142.837890625,
            "timestamp": 467
        },
        {
            "dx": 143.8390350341797,
            "dy": 143.83749389648438,
            "timestamp": 467
        },
        {
            "dx": 143.8390350341797,
            "dy": 145.17025756835938,
            "timestamp": 467
        },
        {
            "dx": 143.8390350341797,
            "dy": 146.16986083984375,
            "timestamp": 467
        },
        {
            "dx": 143.8390350341797,
            "dy": 147.50265502929688,
            "timestamp": 468
        },
        {
            "dx": 144.17205810546875,
            "dy": 148.50228881835938,
            "timestamp": 468
        },
        {
            "dx": 144.83811950683594,
            "dy": 149.83505249023438,
            "timestamp": 468
        },
        {
            "dx": 145.5041961669922,
            "dy": 150.83465576171875,
            "timestamp": 492
        },
        {
            "dx": 145.8372039794922,
            "dy": 151.834228515625,
            "timestamp": 493
        },
        {
            "dx": 146.50323486328125,
            "dy": 152.5006103515625,
            "timestamp": 493
        },
        {
            "dx": 147.16929626464844,
            "dy": 153.1669921875,
            "timestamp": 493
        },
        {
            "dx": 148.1683807373047,
            "dy": 154.16659545898438,
            "timestamp": 493
        },
        {
            "dx": 149.16744995117188,
            "dy": 155.16619873046875,
            "timestamp": 493
        },
        {
            "dx": 149.83349609375,
            "dy": 155.83261108398438,
            "timestamp": 493
        },
        {
            "dx": 150.8325653076172,
            "dy": 156.83221435546875,
            "timestamp": 517
        },
        {
            "dx": 151.83164978027344,
            "dy": 157.49862670898438,
            "timestamp": 517
        },
        {
            "dx": 152.8307342529297,
            "dy": 158.16500854492188,
            "timestamp": 517
        },
        {
            "dx": 154.16282653808594,
            "dy": 158.83139038085938,
            "timestamp": 517
        },
        {
            "dx": 155.1619110107422,
            "dy": 159.49777221679688,
            "timestamp": 517
        },
        {
            "dx": 156.16098022460938,
            "dy": 160.1641845703125,
            "timestamp": 517
        },
        {
            "dx": 157.1600341796875,
            "dy": 160.83056640625,
            "timestamp": 542
        },
        {
            "dx": 158.49215698242188,
            "dy": 161.16378784179688,
            "timestamp": 542
        },
        {
            "dx": 159.8242645263672,
            "dy": 161.4969482421875,
            "timestamp": 542
        },
        {
            "dx": 161.15634155273438,
            "dy": 161.83016967773438,
            "timestamp": 542
        },
        {
            "dx": 162.4884490966797,
            "dy": 162.16342163085938,
            "timestamp": 542
        },
        {
            "dx": 163.82054138183594,
            "dy": 162.49655151367188,
            "timestamp": 542
        },
        {
            "dx": 165.48565673828125,
            "dy": 162.82977294921875,
            "timestamp": 542
        },
        {
            "dx": 167.4838104248047,
            "dy": 162.82977294921875,
            "timestamp": 567
        },
        {
            "dx": 169.4819793701172,
            "dy": 162.82977294921875,
            "timestamp": 567
        },
        {
            "dx": 171.4801025390625,
            "dy": 162.82977294921875,
            "timestamp": 567
        },
        {
            "dx": 173.478271484375,
            "dy": 162.82977294921875,
            "timestamp": 568
        },
        {
            "dx": 176.1424560546875,
            "dy": 162.82977294921875,
            "timestamp": 568
        },
        {
            "dx": 178.4736328125,
            "dy": 162.49655151367188,
            "timestamp": 568
        },
        {
            "dx": 180.47178649902344,
            "dy": 161.83016967773438,
            "timestamp": 568
        },
        {
            "dx": 182.80296325683594,
            "dy": 160.83056640625,
            "timestamp": 595
        },
        {
            "dx": 185.13414001464844,
            "dy": 160.1641845703125,
            "timestamp": 596
        },
        {
            "dx": 187.13229370117188,
            "dy": 159.16464233398438,
            "timestamp": 596
        },
        {
            "dx": 189.13043212890625,
            "dy": 158.16500854492188,
            "timestamp": 597
        },
        {
            "dx": 190.7955780029297,
            "dy": 157.49862670898438,
            "timestamp": 598
        },
        {
            "dx": 192.460693359375,
            "dy": 156.49899291992188,
            "timestamp": 598
        },
        {
            "dx": 194.12582397460938,
            "dy": 155.16619873046875,
            "timestamp": 598
        },
        {
            "dx": 195.7909393310547,
            "dy": 153.83343505859375,
            "timestamp": 625
        },
        {
            "dx": 197.4560546875,
            "dy": 152.16741943359375,
            "timestamp": 625
        },
        {
            "dx": 199.12118530273438,
            "dy": 150.83465576171875,
            "timestamp": 625
        },
        {
            "dx": 200.78631591796875,
            "dy": 148.83544921875,
            "timestamp": 625
        },
        {
            "dx": 202.7844696044922,
            "dy": 147.16943359375,
            "timestamp": 625
        },
        {
            "dx": 204.7826385498047,
            "dy": 145.50350952148438,
            "timestamp": 625
        },
        {
            "dx": 206.44773864746094,
            "dy": 143.5042724609375,
            "timestamp": 626
        },
        {
            "dx": 208.44589233398438,
            "dy": 141.50509643554688,
            "timestamp": 626
        },
        {
            "dx": 210.44403076171875,
            "dy": 139.17269897460938,
            "timestamp": 658
        },
        {
            "dx": 212.1091766357422,
            "dy": 137.17352294921875,
            "timestamp": 659
        },
        {
            "dx": 214.1072998046875,
            "dy": 134.5079345703125,
            "timestamp": 659
        },
        {
            "dx": 216.10546875,
            "dy": 131.84237670898438,
            "timestamp": 659
        },
        {
            "dx": 217.77059936523438,
            "dy": 129.1767578125,
            "timestamp": 659
        },
        {
            "dx": 219.4357147216797,
            "dy": 126.177978515625,
            "timestamp": 659
        },
        {
            "dx": 221.100830078125,
            "dy": 123.51242065429688,
            "timestamp": 659
        },
        {
            "dx": 222.76596069335938,
            "dy": 121.18002319335938,
            "timestamp": 659
        },
        {
            "dx": 224.43109130859375,
            "dy": 118.51446533203125,
            "timestamp": 686
        },
        {
            "dx": 226.09625244140625,
            "dy": 116.18206787109375,
            "timestamp": 686
        },
        {
            "dx": 227.09527587890625,
            "dy": 114.182861328125,
            "timestamp": 686
        },
        {
            "dx": 228.42742919921875,
            "dy": 111.8504638671875,
            "timestamp": 687
        },
        {
            "dx": 229.75949096679688,
            "dy": 109.85128784179688,
            "timestamp": 687
        },
        {
            "dx": 230.75860595703125,
            "dy": 107.85211181640625,
            "timestamp": 687
        },
        {
            "dx": 231.75762939453125,
            "dy": 105.8529052734375,
            "timestamp": 687
        },
        {
            "dx": 232.7567138671875,
            "dy": 104.18695068359375,
            "timestamp": 687
        },
        {
            "dx": 233.75579833984375,
            "dy": 102.187744140625,
            "timestamp": 712
        },
        {
            "dx": 234.7548828125,
            "dy": 100.521728515625,
            "timestamp": 712
        },
        {
            "dx": 235.75396728515625,
            "dy": 98.52255249023438,
            "timestamp": 712
        },
        {
            "dx": 236.75302124023438,
            "dy": 96.190185546875,
            "timestamp": 713
        },
        {
            "dx": 238.08514404296875,
            "dy": 94.19100952148438,
            "timestamp": 713
        },
        {
            "dx": 239.417236328125,
            "dy": 91.85861206054688,
            "timestamp": 713
        },
        {
            "dx": 240.41632080078125,
            "dy": 89.52621459960938,
            "timestamp": 713
        },
        {
            "dx": 241.41537475585938,
            "dy": 86.52743530273438,
            "timestamp": 742
        },
        {
            "dx": 242.74749755859375,
            "dy": 83.52865600585938,
            "timestamp": 742
        },
        {
            "dx": 244.07955932617188,
            "dy": 80.52987670898438,
            "timestamp": 743
        },
        {
            "dx": 245.41168212890625,
            "dy": 77.86431884765625,
            "timestamp": 743
        },
        {
            "dx": 246.7437744140625,
            "dy": 75.19873046875,
            "timestamp": 743
        },
        {
            "dx": 248.07586669921875,
            "dy": 72.8663330078125,
            "timestamp": 743
        },
        {
            "dx": 249.407958984375,
            "dy": 70.533935546875,
            "timestamp": 743
        },
        {
            "dx": 250.40704345703125,
            "dy": 68.53475952148438,
            "timestamp": 743
        },
        {
            "dx": 251.07308959960938,
            "dy": 67.20196533203125,
            "timestamp": 770
        },
        {
            "dx": 251.4061279296875,
            "dy": 66.20236206054688,
            "timestamp": 773
        },
        {
            "dx": 252.07220458984375,
            "dy": 65.2027587890625,
            "timestamp": 773
        },
        {
            "dx": 252.07220458984375,
            "dy": 64.536376953125,
            "timestamp": 773
        },
        {
            "dx": 252.40521240234375,
            "dy": 64.20318603515625,
            "timestamp": 773
        },
        {
            "dx": 252.40521240234375,
            "dy": 63.8699951171875,
            "timestamp": 800
        },
        {
            "dx": 252.40521240234375,
            "dy": 64.20318603515625,
            "timestamp": 922
        },
        {
            "dx": 252.40521240234375,
            "dy": 64.536376953125,
            "timestamp": 950
        },
        {
            "dx": 252.40521240234375,
            "dy": 64.86956787109375,
            "timestamp": 950
        },
        {
            "dx": 252.40521240234375,
            "dy": 65.2027587890625,
            "timestamp": 950
        },
        {
            "dx": 0,
            "dy": 0,
            "timestamp": 979
        }
    ]
]