[
    [
        {
            "dx": 148.75173950195312,
            "dy": 49.8482666015625,
            "timestamp": 0
        },
        {
            "dx": 148.25242614746094,
            "dy": 50.34796142578125,
            "timestamp": 8
        },
        {
            "dx": 145.7559051513672,
            "dy": 53.34613037109375,
            "timestamp": 16
        },
        {
            "dx": 143.7586669921875,
            "dy": 56.34429931640625,
            "timestamp": 25
        },
        {
            "dx": 139.26490783691406,
            "dy": 63.8397216796875,
            "timestamp": 33
        },
        {
            "dx": 134.77114868164062,
            "dy": 72.33453369140625,
            "timestamp": 42
        },
        {
            "dx": 130.2773895263672,
            "dy": 82.32846069335938,
            "timestamp": 50
        },
        {
            "dx": 126.28294372558594,
            "dy": 91.82266235351562,
            "timestamp": 58
        },
        {
            "dx": 123.287109375,
            "dy": 101.31686401367188,
            "timestamp": 66
        },
        {
            "dx": 120.79057312011719,
            "dy": 110.81109619140625,
            "timestamp": 75
        },
        {
            "dx": 119.79196166992188,
            "dy": 116.80743408203125,
            "timestamp": 84
        },
        {
            "dx": 119.29264831542969,
            "dy": 122.80377197265625,
            "timestamp": 92
        },
        {
            "dx": 119.29264831542969,
            "dy": 126.80133056640625,
            "timestamp": 100
        },
        {
            "dx": 119.29264831542969,
            "dy": 131.298583984375,
            "timestamp": 109
        },
        {
            "dx": 119.79196166992188,
            "dy": 134.2967529296875,
            "timestamp": 117
        },
        {
            "dx": 120.79057312011719,
            "dy": 137.79464721679688,
            "timestamp": 125
        },
        {
            "dx": 121.7891845703125,
            "dy": 139.29373168945312,
            "timestamp": 133
        },
        {
            "dx": 123.287109375,
            "dy": 141.29251098632812,
            "timestamp": 142
        },
        {
            "dx": 125.78363037109375,
            "dy": 141.29251098632812,
            "timestamp": 150
        },
        {
            "dx": 128.28016662597656,
            "dy": 141.29251098632812,
            "timestamp": 158
        },
        {
            "dx": 135.2704620361328,
            "dy": 138.79403686523438,
            "timestamp": 167
        },
        {
            "dx": 142.26075744628906,
            "dy": 136.79522705078125,
            "timestamp": 176
        },
        {
            "dx": 149.75035095214844,
            "dy": 132.79766845703125,
            "timestamp": 183
        },
        {
            "dx": 157.2399444580078,
            "dy": 128.80010986328125,
            "timestamp": 192
        },
        {
            "dx": 161.73370361328125,
            "dy": 126.3016357421875,
            "timestamp": 200
        },
        {
            "dx": 166.2274627685547,
            "dy": 124.3028564453125,
            "timestamp": 209
        },
        {
            "dx": 167.7253875732422,
            "dy": 123.303466796875,
            "timestamp": 217
        },
        {
            "dx": 169.2233123779297,
            "dy": 122.80377197265625,
            "timestamp": 226
        },
        {
            "dx": 169.2233123779297,
            "dy": 122.80377197265625,
            "timestamp": 234
        },
        {
            "dx": 169.7226104736328,
            "dy": 122.80377197265625,
            "timestamp": 243
        },
        {
            "dx": 168.7239990234375,
            "dy": 123.80316162109375,
            "timestamp": 251
        },
        {
            "dx": 167.7253875732422,
            "dy": 125.30224609375,
            "timestamp": 260
        },
        {
            "dx": 164.23023986816406,
            "dy": 128.80010986328125,
            "timestamp": 267
        },
        {
            "dx": 161.23440551757812,
            "dy": 133.29736328125,
            "timestamp": 276
        },
        {
            "dx": 155.74203491210938,
            "dy": 141.29251098632812,
            "timestamp": 284
        },
        {
            "dx": 150.74896240234375,
            "dy": 149.78732299804688,
            "timestamp": 293
        },
        {
            "dx": 145.256591796875,
            "dy": 159.28152465820312,
            "timestamp": 301
        },
        {
            "dx": 140.26351928710938,
            "dy": 168.27603149414062,
            "timestamp": 310
        },
        {
            "dx": 135.769775390625,
            "dy": 176.7708740234375,
            "timestamp": 318
        },
        {
            "dx": 131.27601623535156,
            "dy": 185.765380859375,
            "timestamp": 326
        },
        {
            "dx": 128.77947998046875,
            "dy": 193.26080322265625,
            "timestamp": 334
        },
        {
            "dx": 126.78225708007812,
            "dy": 200.25653076171875,
            "timestamp": 343
        },
        {
            "dx": 125.78363037109375,
            "dy": 205.75320434570312,
            "timestamp": 351
        },
        {
            "dx": 125.28433227539062,
            "dy": 211.74954223632812,
            "timestamp": 360
        },
        {
            "dx": 125.78363037109375,
            "dy": 216.24679565429688,
            "timestamp": 368
        },
        {
            "dx": 126.28294372558594,
            "dy": 221.24374389648438,
            "timestamp": 377
        },
        {
            "dx": 127.28155517578125,
            "dy": 224.74160766601562,
            "timestamp": 384
        },
        {
            "dx": 128.77947998046875,
            "dy": 228.23947143554688,
            "timestamp": 393
        },
        {
            "dx": 130.77670288085938,
            "dy": 230.73794555664062,
            "timestamp": 401
        },
        {
            "dx": 132.77392578125,
            "dy": 233.73614501953125,
            "timestamp": 410
        },
        {
            "dx": 135.769775390625,
            "dy": 235.2352294921875,
            "timestamp": 417
        },
        {
            "dx": 138.76560974121094,
            "dy": 237.2340087890625,
            "timestamp": 427
        },
        {
            "dx": 142.26075744628906,
            "dy": 237.73370361328125,
            "timestamp": 434
        },
        {
            "dx": 146.2552032470703,
            "dy": 238.73309326171875,
            "timestamp": 443
        },
        {
            "dx": 151.74757385253906,
            "dy": 238.2333984375,
            "timestamp": 451
        },
        {
            "dx": 157.2399444580078,
            "dy": 237.73370361328125,
            "timestamp": 460
        },
        {
            "dx": 164.72955322265625,
            "dy": 234.73553466796875,
            "timestamp": 468
        },
        {
            "dx": 172.71844482421875,
            "dy": 232.23703002929688,
            "timestamp": 477
        },
        {
            "dx": 180.7073516845703,
            "dy": 228.23947143554688,
            "timestamp": 485
        },
        {
            "dx": 188.69625854492188,
            "dy": 225.24130249023438,
            "timestamp": 494
        },
        {
            "dx": 196.18585205078125,
            "dy": 220.24435424804688,
            "timestamp": 501
        },
        {
            "dx": 203.6754608154297,
            "dy": 215.74710083007812,
            "timestamp": 511
        },
        {
            "dx": 209.16783142089844,
            "dy": 210.75015258789062,
            "timestamp": 518
        },
        {
            "dx": 215.1595001220703,
            "dy": 205.75320434570312,
            "timestamp": 527
        },
        {
            "dx": 220.15257263183594,
            "dy": 199.7568359375,
            "timestamp": 535
        },
        {
            "dx": 225.1456298828125,
            "dy": 193.760498046875,
            "timestamp": 544
        },
        {
            "dx": 228.1414794921875,
            "dy": 187.76416015625,
            "timestamp": 551
        },
        {
            "dx": 231.63662719726562,
            "dy": 181.26812744140625,
            "timestamp": 561
        },
        {
            "dx": 234.13314819335938,
            "dy": 173.27301025390625,
            "timestamp": 568
        },
        {
            "dx": 237.12899780273438,
            "dy": 165.77755737304688,
            "timestamp": 577
        },
        {
            "dx": 238.12759399414062,
            "dy": 158.28213500976562,
            "timestamp": 585
        },
        {
            "dx": 239.126220703125,
            "dy": 150.78671264648438,
            "timestamp": 594
        },
        {
            "dx": 239.126220703125,
            "dy": 142.29190063476562,
            "timestamp": 602
        },
        {
            "dx": 239.126220703125,
            "dy": 133.79705810546875,
            "timestamp": 611
        },
        {
            "dx": 237.6282958984375,
            "dy": 126.3016357421875,
            "timestamp": 618
        },
        {
            "dx": 236.62969970703125,
            "dy": 119.305908203125,
            "timestamp": 628
        },
        {
            "dx": 234.13314819335938,
            "dy": 110.81109619140625,
            "timestamp": 635
        },
        {
            "dx": 231.63662719726562,
            "dy": 102.81594848632812,
            "timestamp": 644
        },
        {
            "dx": 0.0,
            "dy": 0.0,
            "timestamp": 652
        },
        {
            "dx": 86.83773040771484,
            "dy": 108.81231689453125,
            "timestamp": 819
        },
        {
            "dx": 86.83773040771484,
            "dy": 108.81231689453125,
            "timestamp": 869
        },
        {
            "dx": 0.0,
            "dy": 0.0,
            "timestamp": 887
        }
    ],
    [
        {
            "dx": 135.99999999999997,
            "dy": 64.99999999999994,
            "timestamp": 0
        },
        {
            "dx": 119.99999999999997,
            "dy": 100.99999999999994,
            "timestamp": 42
        },
        {
            "dx": 122.99999999999997,
            "dy": 116.99999999999994,
            "timestamp": 85
        },
        {
            "dx": 138.99999999999997,
            "dy": 108.99999999999994,
            "timestamp": 125
        },
        {
            "dx": 159.99999999999997,
            "dy": 95.99999999999994,
            "timestamp": 159
        },
        {
            "dx": 163.99999999999997,
            "dy": 91.99999999999994,
            "timestamp": 187
        },
        {
            "dx": 164.99999999999997,
            "dy": 93.99999999999994,
            "timestamp": 188
        },
        {
            "dx": 162.99999999999997,
            "dy": 97.99999999999994,
            "timestamp": 208
        },
        {
            "dx": 157.99999999999997,
            "dy": 105.99999999999994,
            "timestamp": 236
        },
        {
            "dx": 142.99999999999997,
            "dy": 129.99999999999994,
            "timestamp": 236
        },
        {
            "dx": 127.99999999999997,
            "dy": 159.99999999999994,
            "timestamp": 255
        },
        {
            "dx": 118.99999999999997,
            "dy": 186.99999999999994,
            "timestamp": 287
        },
        {
            "dx": 113.99999999999997,
            "dy": 212.99999999999994,
            "timestamp": 288
        },
        {
            "dx": 113.99999999999997,
            "dy": 235.99999999999994,
            "timestamp": 305
        },
        {
            "dx": 117.99999999999997,
            "dy": 252.99999999999994,
            "timestamp": 335
        },
        {
            "dx": 124.99999999999997,
            "dy": 263.99999999999994,
            "timestamp": 335
        },
        {
            "dx": 137.99999999999997,
            "dy": 267.99999999999994,
            "timestamp": 354
        },
        {
            "dx": 156,
            "dy": 266.99999999999994,
            "timestamp": 386
        },
        {
            "dx": 175.99999999999997,
            "dy": 258.99999999999994,
            "timestamp": 386
        },
        {
            "dx": 196.99999999999997,
            "dy": 240.99999999999994,
            "timestamp": 407
        },
        {
            "dx": 215.99999999999997,
            "dy": 218.9999999999999,
            "timestamp": 435
        },
        {
            "dx": 229.99999999999997,
            "dy": 195,
            "timestamp": 436
        },
        {
            "dx": 239.99999999999997,
            "dy": 170.99999999999994,
            "timestamp": 456
        },
        {
            "dx": 247.99999999999997,
            "dy": 140.99999999999994,
            "timestamp": 480
        },
        {
            "dx": 0,
            "dy": 0,
            "timestamp": 481
        },
        {
            "dx": 117.99999999999997,
            "dy": 43.99999999999994,
            "timestamp": 832
        },
        {
            "dx": 117.99999999999997,
            "dy": 39.99999999999997,
            "timestamp": 857
        },
        {
            "dx": 115.99999999999997,
            "dy": 40.999999999999915,
            "timestamp": 890
        },
        {
            "dx": 112.99999999999997,
            "dy": 44.99999999999994,
            "timestamp": 917
        },
        {
            "dx": 109.99999999999997,
            "dy": 50.99999999999994,
            "timestamp": 917
        },
        {
            "dx": 105.99999999999997,
            "dy": 57.99999999999994,
            "timestamp": 937
        },
        {
            "dx": 103.99999999999997,
            "dy": 62.99999999999994,
            "timestamp": 968
        },
        {
            "dx": 104.99999999999997,
            "dy": 64.99999999999994,
            "timestamp": 969
        },
        {
            "dx": 106.99999999999997,
            "dy": 64.99999999999994,
            "timestamp": 991
        },
        {
            "dx": 109.99999999999997,
            "dy": 61.99999999999994,
            "timestamp": 1021
        },
        {
            "dx": 114.99999999999997,
            "dy": 55.99999999999994,
            "timestamp": 1021
        },
        {
            "dx": 119.99999999999997,
            "dy": 48.99999999999994,
            "timestamp": 1043
        },
        {
            "dx": 123.99999999999997,
            "dy": 42.99999999999994,
            "timestamp": 1066
        },
        {
            "dx": 0,
            "dy": 0,
            "timestamp": 1067
        }
    ],
    [
        {
            "dx": 149.8607940673828,
            "dy": 92.94784545898438,
            "timestamp": 0
        },
        {
            "dx": 149.1576385498047,
            "dy": 93.70962524414062,
            "timestamp": 51
        },
        {
            "dx": 148.1028289794922,
            "dy": 94.5887451171875,
            "timestamp": 51
        },
        {
            "dx": 146.8722381591797,
            "dy": 95.29190063476562,
            "timestamp": 84
        },
        {
            "dx": 145.1142120361328,
            "dy": 96.52261352539062,
            "timestamp": 84
        },
        {
            "dx": 142.59442138671875,
            "dy": 98.69100952148438,
            "timestamp": 118
        },
        {
            "dx": 139.72308349609375,
            "dy": 101.9727783203125,
            "timestamp": 119
        },
        {
            "dx": 137.49627685546875,
            "dy": 105.60629272460938,
            "timestamp": 119
        },
        {
            "dx": 136.3242950439453,
            "dy": 108.8880615234375,
            "timestamp": 154
        },
        {
            "dx": 136.0898895263672,
            "dy": 110.93917846679688,
            "timestamp": 154
        },
        {
            "dx": 136.79306030273438,
            "dy": 112.11126708984375,
            "timestamp": 199
        },
        {
            "dx": 139.31283569335938,
            "dy": 112.75595092773438,
            "timestamp": 200
        },
        {
            "dx": 142.53582763671875,
            "dy": 112.75595092773438,
            "timestamp": 230
        },
        {
            "dx": 145.9932403564453,
            "dy": 111.99404907226562,
            "timestamp": 230
        },
        {
            "dx": 149.2748260498047,
            "dy": 110.82196044921875,
            "timestamp": 257
        },
        {
            "dx": 151.50157165527344,
            "dy": 108.7708740234375,
            "timestamp": 257
        },
        {
            "dx": 153.61117553710938,
            "dy": 107.07138061523438,
            "timestamp": 284
        },
        {
            "dx": 154.49017333984375,
            "dy": 106.30947875976562,
            "timestamp": 309
        },
        {
            "dx": 154.49017333984375,
            "dy": 106.1922607421875,
            "timestamp": 309
        },
        {
            "dx": 154.43157958984375,
            "dy": 106.54388427734375,
            "timestamp": 336
        },
        {
            "dx": 153.4939727783203,
            "dy": 107.5401611328125,
            "timestamp": 336
        },
        {
            "dx": 152.61497497558594,
            "dy": 108.5364990234375,
            "timestamp": 362
        },
        {
            "dx": 151.5602264404297,
            "dy": 110.11874389648438,
            "timestamp": 389
        },
        {
            "dx": 150.09518432617188,
            "dy": 111.7010498046875,
            "timestamp": 389
        },
        {
            "dx": 147.9856414794922,
            "dy": 114.1624755859375,
            "timestamp": 415
        },
        {
            "dx": 145.52439880371094,
            "dy": 117.1512451171875,
            "timestamp": 454
        },
        {
            "dx": 142.6530303955078,
            "dy": 120.60882568359375,
            "timestamp": 454
        },
        {
            "dx": 140.42623901367188,
            "dy": 123.89071655273438,
            "timestamp": 455
        },
        {
            "dx": 139.95745849609375,
            "dy": 124.65252685546875,
            "timestamp": 455
        },
        {
            "dx": 137.1446990966797,
            "dy": 129.9854736328125,
            "timestamp": 480
        },
        {
            "dx": 134.62486267089844,
            "dy": 135.25985717773438,
            "timestamp": 506
        },
        {
            "dx": 132.69110107421875,
            "dy": 140.71005249023438,
            "timestamp": 506
        },
        {
            "dx": 131.1675262451172,
            "dy": 147.44955444335938,
            "timestamp": 532
        },
        {
            "dx": 130.28851318359375,
            "dy": 155.82992553710938,
            "timestamp": 558
        },
        {
            "dx": 131.6949005126953,
            "dy": 164.7376708984375,
            "timestamp": 559
        },
        {
            "dx": 135.03509521484375,
            "dy": 171.94595336914062,
            "timestamp": 592
        },
        {
            "dx": 141.59823608398438,
            "dy": 176.22402954101562,
            "timestamp": 592
        },
        {
            "dx": 150.56402587890625,
            "dy": 177.4547119140625,
            "timestamp": 626
        },
        {
            "dx": 159.64694213867188,
            "dy": 176.39984130859375,
            "timestamp": 627
        },
        {
            "dx": 169.49172973632812,
            "dy": 173.1766357421875,
            "timestamp": 660
        },
        {
            "dx": 177.5784454345703,
            "dy": 171.00836181640625,
            "timestamp": 661
        },
        {
            "dx": 183.79006958007812,
            "dy": 169.48455810546875,
            "timestamp": 693
        },
        {
            "dx": 184.7276153564453,
            "dy": 169.25015258789062,
            "timestamp": 694
        },
        {
            "dx": 0,
            "dy": 0,
            "timestamp": 695
        },
        {
            "dx": 135.03509521484375,
            "dy": 70.73687744140625,
            "timestamp": 1151
        },
        {
            "dx": 135.26947021484375,
            "dy": 70.97128295898438,
            "timestamp": 1184
        },
        {
            "dx": 135.9727020263672,
            "dy": 70.61968994140625,
            "timestamp": 1218
        },
        {
            "dx": 136.3242950439453,
            "dy": 69.09591674804688,
            "timestamp": 1219
        },
        {
            "dx": 136.26568603515625,
            "dy": 66.92758178710938,
            "timestamp": 1220
        },
        {
            "dx": 135.62106323242188,
            "dy": 65.63833618164062,
            "timestamp": 1252
        },
        {
            "dx": 135.03509521484375,
            "dy": 65.63833618164062,
            "timestamp": 1253
        },
        {
            "dx": 134.91790771484375,
            "dy": 65.81411743164062,
            "timestamp": 1284
        },
        {
            "dx": 0,
            "dy": 0,
            "timestamp": 1285
        }
    ],
    [
        {
            "dx": 106.65449523925781,
            "dy": 96.03622436523438,
            "timestamp": 0
        },
        {
            "dx": 105.78196716308594,
            "dy": 97.8909912109375,
            "timestamp": 0
        },
        {
            "dx": 104.54545593261719,
            "dy": 100.21804809570312,
            "timestamp": 22
        },
        {
            "dx": 103.38174438476562,
            "dy": 102.9453125,
            "timestamp": 23
        },
        {
            "dx": 102.25462341308594,
            "dy": 105.45458984375,
            "timestamp": 23
        },
        {
            "dx": 101.09091186523438,
            "dy": 107.81817626953125,
            "timestamp": 23
        },
        {
            "dx": 100.03622436523438,
            "dy": 110.03622436523438,
            "timestamp": 23
        },
        {
            "dx": 99.16371154785156,
            "dy": 112,
            "timestamp": 23
        },
        {
            "dx": 98.21804809570312,
            "dy": 113.92724609375,
            "timestamp": 49
        },
        {
            "dx": 97.63636779785156,
            "dy": 115.199951171875,
            "timestamp": 49
        },
        {
            "dx": 96.98188781738281,
            "dy": 116.58169555664062,
            "timestamp": 49
        },
        {
            "dx": 96.69105529785156,
            "dy": 117.34552001953125,
            "timestamp": 49
        },
        {
            "dx": 96.47265625,
            "dy": 117.92724609375,
            "timestamp": 49
        },
        {
            "dx": 96.39985656738281,
            "dy": 118.32742309570312,
            "timestamp": 49
        },
        {
            "dx": 96.29084777832031,
            "dy": 118.727294921875,
            "timestamp": 71
        },
        {
            "dx": 96.21804809570312,
            "dy": 119.199951171875,
            "timestamp": 71
        },
        {
            "dx": 96.10902404785156,
            "dy": 119.672607421875,
            "timestamp": 71
        },
        {
            "dx": 96.10902404785156,
            "dy": 120.18182373046875,
            "timestamp": 71
        },
        {
            "dx": 96.10902404785156,
            "dy": 121.16372680664062,
            "timestamp": 71
        },
        {
            "dx": 96.10902404785156,
            "dy": 121.63638305664062,
            "timestamp": 89
        },
        {
            "dx": 96.21804809570312,
            "dy": 121.81817626953125,
            "timestamp": 89
        },
        {
            "dx": 96.29084777832031,
            "dy": 122.03622436523438,
            "timestamp": 89
        },
        {
            "dx": 96.47265625,
            "dy": 122.21804809570312,
            "timestamp": 89
        },
        {
            "dx": 96.76350402832031,
            "dy": 122.39990234375,
            "timestamp": 89
        },
        {
            "dx": 97.27273559570312,
            "dy": 122.61825561523438,
            "timestamp": 107
        },
        {
            "dx": 97.92720031738281,
            "dy": 122.80007934570312,
            "timestamp": 107
        },
        {
            "dx": 99.16371154785156,
            "dy": 122.98193359375,
            "timestamp": 107
        },
        {
            "dx": 100.32742309570312,
            "dy": 122.98193359375,
            "timestamp": 107
        },
        {
            "dx": 101.38174438476562,
            "dy": 122.98193359375,
            "timestamp": 124
        },
        {
            "dx": 102.90908813476562,
            "dy": 122.90908813476562,
            "timestamp": 124
        },
        {
            "dx": 105.12715148925781,
            "dy": 122.50927734375,
            "timestamp": 124
        },
        {
            "dx": 107.30894470214844,
            "dy": 121.92724609375,
            "timestamp": 124
        },
        {
            "dx": 109.52734375,
            "dy": 121.34552001953125,
            "timestamp": 124
        },
        {
            "dx": 111.63636779785156,
            "dy": 120.65447998046875,
            "timestamp": 142
        },
        {
            "dx": 113.92720031738281,
            "dy": 119.8909912109375,
            "timestamp": 143
        },
        {
            "dx": 116.03622436523438,
            "dy": 118.90908813476562,
            "timestamp": 143
        },
        {
            "dx": 117.96377563476562,
            "dy": 118.03622436523438,
            "timestamp": 143
        },
        {
            "dx": 119.96377563476562,
            "dy": 117.16372680664062,
            "timestamp": 159
        },
        {
            "dx": 121.70918273925781,
            "dy": 116.29083251953125,
            "timestamp": 160
        },
        {
            "dx": 123.52734375,
            "dy": 115.49078369140625,
            "timestamp": 160
        },
        {
            "dx": 125.16371154785156,
            "dy": 114.61825561523438,
            "timestamp": 160
        },
        {
            "dx": 126.32742309570312,
            "dy": 113.92724609375,
            "timestamp": 175
        },
        {
            "dx": 127.27273559570312,
            "dy": 113.34552001953125,
            "timestamp": 175
        },
        {
            "dx": 127.85440063476562,
            "dy": 112.98193359375,
            "timestamp": 175
        },
        {
            "dx": 128.21804809570312,
            "dy": 112.76348876953125,
            "timestamp": 176
        },
        {
            "dx": 128.5092315673828,
            "dy": 112.58169555664062,
            "timestamp": 191
        },
        {
            "dx": 128.80007934570312,
            "dy": 112.39990234375,
            "timestamp": 191
        },
        {
            "dx": 129.199951171875,
            "dy": 112.29083251953125,
            "timestamp": 191
        },
        {
            "dx": 129.4907684326172,
            "dy": 112.10903930664062,
            "timestamp": 191
        },
        {
            "dx": 129.74539184570312,
            "dy": 111.8909912109375,
            "timestamp": 205
        },
        {
            "dx": 130.03622436523438,
            "dy": 111.781982421875,
            "timestamp": 205
        },
        {
            "dx": 130.03622436523438,
            "dy": 111.70916748046875,
            "timestamp": 206
        },
        {
            "dx": 129.85440063476562,
            "dy": 111.8909912109375,
            "timestamp": 233
        },
        {
            "dx": 129.4907684326172,
            "dy": 112.18182373046875,
            "timestamp": 234
        },
        {
            "dx": 128.61825561523438,
            "dy": 112.87286376953125,
            "timestamp": 252
        },
        {
            "dx": 127.38174438476562,
            "dy": 113.92724609375,
            "timestamp": 252
        },
        {
            "dx": 126.10902404785156,
            "dy": 115.12713623046875,
            "timestamp": 252
        },
        {
            "dx": 124.18183898925781,
            "dy": 116.65447998046875,
            "timestamp": 252
        },
        {
            "dx": 122.29084777832031,
            "dy": 118.43643188476562,
            "timestamp": 274
        },
        {
            "dx": 120.07279968261719,
            "dy": 120.76348876953125,
            "timestamp": 275
        },
        {
            "dx": 117.781982421875,
            "dy": 123.27273559570312,
            "timestamp": 275
        },
        {
            "dx": 115.56356811523438,
            "dy": 125.92724609375,
            "timestamp": 275
        },
        {
            "dx": 113.27273559570312,
            "dy": 128.54547119140625,
            "timestamp": 275
        },
        {
            "dx": 111.0546875,
            "dy": 131.672607421875,
            "timestamp": 275
        },
        {
            "dx": 108.29084777832031,
            "dy": 134.69107055664062,
            "timestamp": 297
        },
        {
            "dx": 105.70918273925781,
            "dy": 137.70916748046875,
            "timestamp": 297
        },
        {
            "dx": 103.30894470214844,
            "dy": 140.80007934570312,
            "timestamp": 297
        },
        {
            "dx": 100.98188781738281,
            "dy": 143.74539184570312,
            "timestamp": 297
        },
        {
            "dx": 98.58168029785156,
            "dy": 146.9453125,
            "timestamp": 297
        },
        {
            "dx": 96.21804809570312,
            "dy": 150.3636474609375,
            "timestamp": 297
        },
        {
            "dx": 94.29084777832031,
            "dy": 153.56356811523438,
            "timestamp": 320
        },
        {
            "dx": 92.76350402832031,
            "dy": 156.69107055664062,
            "timestamp": 320
        },
        {
            "dx": 91.19993591308594,
            "dy": 159.70916748046875,
            "timestamp": 320
        },
        {
            "dx": 89.60014343261719,
            "dy": 163.01815795898438,
            "timestamp": 321
        },
        {
            "dx": 88.32742309570312,
            "dy": 166.50927734375,
            "timestamp": 321
        },
        {
            "dx": 87.09091186523438,
            "dy": 170.10903930664062,
            "timestamp": 340
        },
        {
            "dx": 85.74539184570312,
            "dy": 173.74539184570312,
            "timestamp": 340
        },
        {
            "dx": 84.98188781738281,
            "dy": 177.3455810546875,
            "timestamp": 340
        },
        {
            "dx": 84.50923156738281,
            "dy": 180.65447998046875,
            "timestamp": 340
        },
        {
            "dx": 84.03622436523438,
            "dy": 184.03622436523438,
            "timestamp": 340
        },
        {
            "dx": 83.74539184570312,
            "dy": 187.56356811523438,
            "timestamp": 360
        },
        {
            "dx": 82.98188781738281,
            "dy": 191.85440063476562,
            "timestamp": 360
        },
        {
            "dx": 82.58168029785156,
            "dy": 195.92721557617188,
            "timestamp": 360
        },
        {
            "dx": 82.87287902832031,
            "dy": 199.92721557617188,
            "timestamp": 361
        },
        {
            "dx": 83.0546875,
            "dy": 203.63638305664062,
            "timestamp": 361
        },
        {
            "dx": 83.34553527832031,
            "dy": 206.43643188476562,
            "timestamp": 379
        },
        {
            "dx": 83.81819152832031,
            "dy": 209.672607421875,
            "timestamp": 379
        },
        {
            "dx": 84.50923156738281,
            "dy": 213.0546875,
            "timestamp": 379
        },
        {
            "dx": 85.16371154785156,
            "dy": 216.18182373046875,
            "timestamp": 379
        },
        {
            "dx": 85.92720031738281,
            "dy": 219.01812744140625,
            "timestamp": 379
        },
        {
            "dx": 86.90908813476562,
            "dy": 221.74539184570312,
            "timestamp": 398
        },
        {
            "dx": 87.96377563476562,
            "dy": 224.254638671875,
            "timestamp": 398
        },
        {
            "dx": 89.01811218261719,
            "dy": 226.61825561523438,
            "timestamp": 398
        },
        {
            "dx": 90.14559936523438,
            "dy": 228.8363037109375,
            "timestamp": 398
        },
        {
            "dx": 91.41831970214844,
            "dy": 230.80007934570312,
            "timestamp": 421
        },
        {
            "dx": 93.81819152832031,
            "dy": 232.9453125,
            "timestamp": 422
        },
        {
            "dx": 95.63636779785156,
            "dy": 234.7635498046875,
            "timestamp": 422
        },
        {
            "dx": 97.27273559570312,
            "dy": 236.32742309570312,
            "timestamp": 422
        },
        {
            "dx": 98.98188781738281,
            "dy": 237.781982421875,
            "timestamp": 422
        },
        {
            "dx": 100.98188781738281,
            "dy": 239.27273559570312,
            "timestamp": 422
        },
        {
            "dx": 102.90908813476562,
            "dy": 240.61825561523438,
            "timestamp": 438
        },
        {
            "dx": 105.01811218261719,
            "dy": 242,
            "timestamp": 438
        },
        {
            "dx": 107.0546875,
            "dy": 243.3455810546875,
            "timestamp": 439
        },
        {
            "dx": 109.16371154785156,
            "dy": 244.61825561523438,
            "timestamp": 439
        },
        {
            "dx": 111.27273559570312,
            "dy": 245.781982421875,
            "timestamp": 457
        },
        {
            "dx": 114.03622436523438,
            "dy": 247.16372680664062,
            "timestamp": 457
        },
        {
            "dx": 116.727294921875,
            "dy": 248.32742309570312,
            "timestamp": 457
        },
        {
            "dx": 119.4183349609375,
            "dy": 249.27273559570312,
            "timestamp": 457
        },
        {
            "dx": 122.07279968261719,
            "dy": 250.07281494140625,
            "timestamp": 457
        },
        {
            "dx": 125.0546875,
            "dy": 250.9453125,
            "timestamp": 476
        },
        {
            "dx": 128.21804809570312,
            "dy": 251.8182373046875,
            "timestamp": 476
        },
        {
            "dx": 131.3089599609375,
            "dy": 252.50924682617188,
            "timestamp": 476
        },
        {
            "dx": 134.47265625,
            "dy": 252.90914916992188,
            "timestamp": 476
        },
        {
            "dx": 137.7091827392578,
            "dy": 253.199951171875,
            "timestamp": 490
        },
        {
            "dx": 140.8728790283203,
            "dy": 253.199951171875,
            "timestamp": 490
        },
        {
            "dx": 143.74539184570312,
            "dy": 253.199951171875,
            "timestamp": 490
        },
        {
            "dx": 147.19993591308594,
            "dy": 253.199951171875,
            "timestamp": 490
        },
        {
            "dx": 150.47265625,
            "dy": 252.98190307617188,
            "timestamp": 506
        },
        {
            "dx": 154.32742309570312,
            "dy": 252.39987182617188,
            "timestamp": 506
        },
        {
            "dx": 157.78196716308594,
            "dy": 251.70916748046875,
            "timestamp": 506
        },
        {
            "dx": 162.10902404785156,
            "dy": 250.7635498046875,
            "timestamp": 506
        },
        {
            "dx": 165.85443115234375,
            "dy": 249.56356811523438,
            "timestamp": 521
        },
        {
            "dx": 169.3455352783203,
            "dy": 248.32742309570312,
            "timestamp": 521
        },
        {
            "dx": 173.27273559570312,
            "dy": 246.65447998046875,
            "timestamp": 521
        },
        {
            "dx": 176.83631896972656,
            "dy": 244.80007934570312,
            "timestamp": 521
        },
        {
            "dx": 180.21804809570312,
            "dy": 242.8729248046875,
            "timestamp": 535
        },
        {
            "dx": 183.38177490234375,
            "dy": 240.80007934570312,
            "timestamp": 535
        },
        {
            "dx": 186.47265625,
            "dy": 238.69107055664062,
            "timestamp": 535
        },
        {
            "dx": 189.63636779785156,
            "dy": 236.43649291992188,
            "timestamp": 551
        },
        {
            "dx": 193.09091186523438,
            "dy": 234,
            "timestamp": 551
        },
        {
            "dx": 196.18182373046875,
            "dy": 231.27273559570312,
            "timestamp": 551
        },
        {
            "dx": 199.63636779785156,
            "dy": 228.43649291992188,
            "timestamp": 552
        },
        {
            "dx": 202.61825561523438,
            "dy": 225.12713623046875,
            "timestamp": 568
        },
        {
            "dx": 205.3455352783203,
            "dy": 222.03622436523438,
            "timestamp": 568
        },
        {
            "dx": 208.03622436523438,
            "dy": 218.90908813476562,
            "timestamp": 568
        },
        {
            "dx": 210.5092315673828,
            "dy": 215.70916748046875,
            "timestamp": 568
        },
        {
            "dx": 212.72727966308594,
            "dy": 212.47265625,
            "timestamp": 584
        },
        {
            "dx": 215.3455352783203,
            "dy": 208.7635498046875,
            "timestamp": 584
        },
        {
            "dx": 217.56358337402344,
            "dy": 204.8729248046875,
            "timestamp": 585
        },
        {
            "dx": 219.56358337402344,
            "dy": 200.98190307617188,
            "timestamp": 585
        },
        {
            "dx": 221.3817901611328,
            "dy": 196.90908813476562,
            "timestamp": 601
        },
        {
            "dx": 222.94532775878906,
            "dy": 193.01812744140625,
            "timestamp": 601
        },
        {
            "dx": 224.1818389892578,
            "dy": 189.60015869140625,
            "timestamp": 601
        },
        {
            "dx": 225.05470275878906,
            "dy": 185.8909912109375,
            "timestamp": 601
        },
        {
            "dx": 225.8181915283203,
            "dy": 182,
            "timestamp": 618
        },
        {
            "dx": 226.8728790283203,
            "dy": 177.12713623046875,
            "timestamp": 618
        },
        {
            "dx": 227.74537658691406,
            "dy": 172.47265625,
            "timestamp": 618
        },
        {
            "dx": 228.32740783691406,
            "dy": 167.8909912109375,
            "timestamp": 618
        },
        {
            "dx": 228.9091339111328,
            "dy": 163.8909912109375,
            "timestamp": 635
        },
        {
            "dx": 228.9091339111328,
            "dy": 159.4183349609375,
            "timestamp": 635
        },
        {
            "dx": 228.80006408691406,
            "dy": 153.781982421875,
            "timestamp": 635
        },
        {
            "dx": 228.61827087402344,
            "dy": 148.39990234375,
            "timestamp": 635
        },
        {
            "dx": 227.8544464111328,
            "dy": 142.07284545898438,
            "timestamp": 635
        },
        {
            "dx": 226.9818878173828,
            "dy": 136.03622436523438,
            "timestamp": 652
        },
        {
            "dx": 226.03623962402344,
            "dy": 129.60015869140625,
            "timestamp": 652
        },
        {
            "dx": 225.4545440673828,
            "dy": 123.49078369140625,
            "timestamp": 652
        },
        {
            "dx": 223.30894470214844,
            "dy": 116.65447998046875,
            "timestamp": 652
        },
        {
            "dx": 221.67259216308594,
            "dy": 110.54547119140625,
            "timestamp": 666
        },
        {
            "dx": 219.8544464111328,
            "dy": 104.58169555664062,
            "timestamp": 666
        },
        {
            "dx": 0,
            "dy": 0,
            "timestamp": 667
        },
        {
            "dx": 72.3274154663086,
            "dy": 98.54547119140625,
            "timestamp": 1038
        },
        {
            "dx": 72.98188781738281,
            "dy": 99.23651123046875,
            "timestamp": 1039
        },
        {
            "dx": 73.49076843261719,
            "dy": 99.63638305664062,
            "timestamp": 1040
        },
        {
            "dx": 73.96379089355469,
            "dy": 99.92724609375,
            "timestamp": 1041
        },
        {
            "dx": 74.43644714355469,
            "dy": 100.21804809570312,
            "timestamp": 1041
        },
        {
            "dx": 75.38175964355469,
            "dy": 100.61825561523438,
            "timestamp": 1042
        },
        {
            "dx": 75.7819595336914,
            "dy": 100.80007934570312,
            "timestamp": 1095
        },
        {
            "dx": 76.36363983154297,
            "dy": 100.98193359375,
            "timestamp": 1095
        },
        {
            "dx": 77.01811218261719,
            "dy": 101.199951171875,
            "timestamp": 1095
        },
        {
            "dx": 77.70917510986328,
            "dy": 101.27273559570312,
            "timestamp": 1095
        },
        {
            "dx": 78.29084014892578,
            "dy": 101.38174438476562,
            "timestamp": 1096
        },
        {
            "dx": 78.83629608154297,
            "dy": 101.38174438476562,
            "timestamp": 1096
        },
        {
            "dx": 79.34552764892578,
            "dy": 101.38174438476562,
            "timestamp": 1096
        },
        {
            "dx": 79.81818389892578,
            "dy": 101.38174438476562,
            "timestamp": 1096
        },
        {
            "dx": 80.18183135986328,
            "dy": 101.38174438476562,
            "timestamp": 1096
        },
        {
            "dx": 80.29084014892578,
            "dy": 101.38174438476562,
            "timestamp": 1096
        },
        {
            "dx": 80.39985656738281,
            "dy": 101.38174438476562,
            "timestamp": 1096
        },
        {
            "dx": 80.47265625,
            "dy": 101.38174438476562,
            "timestamp": 1096
        },
        {
            "dx": 80.58168029785156,
            "dy": 101.38174438476562,
            "timestamp": 1096
        },
        {
            "dx": 80.65448760986328,
            "dy": 101.38174438476562,
            "timestamp": 1096
        },
        {
            "dx": 80.76349639892578,
            "dy": 101.38174438476562,
            "timestamp": 1123
        },
        {
            "dx": 80.87287139892578,
            "dy": 101.38174438476562,
            "timestamp": 1123
        },
        {
            "dx": 80.9453125,
            "dy": 101.38174438476562,
            "timestamp": 1124
        },
        {
            "dx": 81.0546875,
            "dy": 101.38174438476562,
            "timestamp": 1124
        },
        {
            "dx": 81.23651885986328,
            "dy": 101.27273559570312,
            "timestamp": 1124
        },
        {
            "dx": 81.45454406738281,
            "dy": 101.09091186523438,
            "timestamp": 1124
        },
        {
            "dx": 81.70918273925781,
            "dy": 100.69107055664062,
            "timestamp": 1124
        },
        {
            "dx": 82,
            "dy": 100.39990234375,
            "timestamp": 1147
        },
        {
            "dx": 82.21804809570312,
            "dy": 99.92724609375,
            "timestamp": 1147
        },
        {
            "dx": 82.50923156738281,
            "dy": 99.4183349609375,
            "timestamp": 1147
        },
        {
            "dx": 82.69105529785156,
            "dy": 98.9453125,
            "timestamp": 1147
        },
        {
            "dx": 82.87287902832031,
            "dy": 98.47265625,
            "timestamp": 1147
        },
        {
            "dx": 82.98188781738281,
            "dy": 97.96377563476562,
            "timestamp": 1169
        },
        {
            "dx": 83.0546875,
            "dy": 97.49078369140625,
            "timestamp": 1169
        },
        {
            "dx": 83.0546875,
            "dy": 96.98193359375,
            "timestamp": 1169
        },
        {
            "dx": 83.0546875,
            "dy": 96.61825561523438,
            "timestamp": 1169
        },
        {
            "dx": 83.0546875,
            "dy": 96.21804809570312,
            "timestamp": 1169
        },
        {
            "dx": 83.0546875,
            "dy": 95.81817626953125,
            "timestamp": 1169
        },
        {
            "dx": 83.0546875,
            "dy": 95.52734375,
            "timestamp": 1189
        },
        {
            "dx": 83.0546875,
            "dy": 95.34552001953125,
            "timestamp": 1189
        },
        {
            "dx": 82.98188781738281,
            "dy": 95.34552001953125,
            "timestamp": 1208
        },
        {
            "dx": 82.39985656738281,
            "dy": 95.63638305664062,
            "timestamp": 1209
        },
        {
            "dx": 81.81819152832031,
            "dy": 96.32742309570312,
            "timestamp": 1209
        },
        {
            "dx": 80.87287139892578,
            "dy": 97.96377563476562,
            "timestamp": 1209
        },
        {
            "dx": 79.81818389892578,
            "dy": 99.70916748046875,
            "timestamp": 1227
        },
        {
            "dx": 0,
            "dy": 0,
            "timestamp": 1228
        }
    ],
    [
        {
            "dx": 174.6666717529297,
            "dy": 63,
            "timestamp": 0
        },
        {
            "dx": 174.6666717529297,
            "dy": 63,
            "timestamp": 22
        },
        {
            "dx": 174.6666717529297,
            "dy": 63,
            "timestamp": 48
        },
        {
            "dx": 174.6666717529297,
            "dy": 63,
            "timestamp": 48
        },
        {
            "dx": 172.6666717529297,
            "dy": 65,
            "timestamp": 48
        },
        {
            "dx": 167.6666717529297,
            "dy": 69.33334350585938,
            "timestamp": 73
        },
        {
            "dx": 161.6666717529297,
            "dy": 75.33334350585938,
            "timestamp": 73
        },
        {
            "dx": 154.6666717529297,
            "dy": 81.33334350585938,
            "timestamp": 73
        },
        {
            "dx": 149,
            "dy": 86.66667175292969,
            "timestamp": 73
        },
        {
            "dx": 146,
            "dy": 90.66667175292969,
            "timestamp": 94
        },
        {
            "dx": 143.33334350585938,
            "dy": 94.66667175292969,
            "timestamp": 94
        },
        {
            "dx": 142,
            "dy": 97.66668701171875,
            "timestamp": 119
        },
        {
            "dx": 141,
            "dy": 99.66668701171875,
            "timestamp": 119
        },
        {
            "dx": 140.6666717529297,
            "dy": 101.33334350585938,
            "timestamp": 119
        },
        {
            "dx": 140.6666717529297,
            "dy": 102.66668701171875,
            "timestamp": 152
        },
        {
            "dx": 140.6666717529297,
            "dy": 104,
            "timestamp": 152
        },
        {
            "dx": 141.33334350585938,
            "dy": 105.33334350585938,
            "timestamp": 152
        },
        {
            "dx": 142.33334350585938,
            "dy": 106.33334350585938,
            "timestamp": 153
        },
        {
            "dx": 145.33334350585938,
            "dy": 108,
            "timestamp": 192
        },
        {
            "dx": 148.33334350585938,
            "dy": 108.66668701171875,
            "timestamp": 193
        },
        {
            "dx": 152.6666717529297,
            "dy": 109.33334350585938,
            "timestamp": 193
        },
        {
            "dx": 155.6666717529297,
            "dy": 109.33334350585938,
            "timestamp": 193
        },
        {
            "dx": 158,
            "dy": 109,
            "timestamp": 193
        },
        {
            "dx": 160.33334350585938,
            "dy": 109,
            "timestamp": 222
        },
        {
            "dx": 163.33334350585938,
            "dy": 108.66668701171875,
            "timestamp": 222
        },
        {
            "dx": 165.33334350585938,
            "dy": 108.33334350585938,
            "timestamp": 222
        },
        {
            "dx": 167,
            "dy": 108,
            "timestamp": 222
        },
        {
            "dx": 168,
            "dy": 108,
            "timestamp": 247
        },
        {
            "dx": 168.6666717529297,
            "dy": 107.66668701171875,
            "timestamp": 248
        },
        {
            "dx": 169.33334350585938,
            "dy": 107.66668701171875,
            "timestamp": 248
        },
        {
            "dx": 170,
            "dy": 107.66668701171875,
            "timestamp": 272
        },
        {
            "dx": 170,
            "dy": 107.33334350585938,
            "timestamp": 273
        },
        {
            "dx": 170.33334350585938,
            "dy": 107.33334350585938,
            "timestamp": 273
        },
        {
            "dx": 171,
            "dy": 107.33334350585938,
            "timestamp": 297
        },
        {
            "dx": 171.33334350585938,
            "dy": 107.33334350585938,
            "timestamp": 297
        },
        {
            "dx": 172.33334350585938,
            "dy": 107,
            "timestamp": 297
        },
        {
            "dx": 172.6666717529297,
            "dy": 107,
            "timestamp": 324
        },
        {
            "dx": 173,
            "dy": 107,
            "timestamp": 324
        },
        {
            "dx": 173.33334350585938,
            "dy": 107,
            "timestamp": 325
        },
        {
            "dx": 173.6666717529297,
            "dy": 107,
            "timestamp": 349
        },
        {
            "dx": 173.6666717529297,
            "dy": 107,
            "timestamp": 349
        },
        {
            "dx": 174,
            "dy": 107,
            "timestamp": 372
        },
        {
            "dx": 174,
            "dy": 107.66668701171875,
            "timestamp": 404
        },
        {
            "dx": 171.6666717529297,
            "dy": 112,
            "timestamp": 430
        },
        {
            "dx": 168.33334350585938,
            "dy": 116.33334350585938,
            "timestamp": 431
        },
        {
            "dx": 164.6666717529297,
            "dy": 120,
            "timestamp": 431
        },
        {
            "dx": 161.33334350585938,
            "dy": 123.33334350585938,
            "timestamp": 481
        },
        {
            "dx": 158.6666717529297,
            "dy": 126,
            "timestamp": 481
        },
        {
            "dx": 155.33334350585938,
            "dy": 129,
            "timestamp": 481
        },
        {
            "dx": 151.6666717529297,
            "dy": 133,
            "timestamp": 482
        },
        {
            "dx": 149.33334350585938,
            "dy": 136,
            "timestamp": 482
        },
        {
            "dx": 146.33334350585938,
            "dy": 139.66668701171875,
            "timestamp": 482
        },
        {
            "dx": 143.6666717529297,
            "dy": 143.66668701171875,
            "timestamp": 512
        },
        {
            "dx": 141,
            "dy": 147.66668701171875,
            "timestamp": 513
        },
        {
            "dx": 137.6666717529297,
            "dy": 153,
            "timestamp": 513
        },
        {
            "dx": 135,
            "dy": 158,
            "timestamp": 556
        },
        {
            "dx": 132.6666717529297,
            "dy": 163,
            "timestamp": 557
        },
        {
            "dx": 130.6666717529297,
            "dy": 167.33334350585938,
            "timestamp": 557
        },
        {
            "dx": 129,
            "dy": 172.66668701171875,
            "timestamp": 557
        },
        {
            "dx": 128,
            "dy": 177,
            "timestamp": 558
        },
        {
            "dx": 128,
            "dy": 182,
            "timestamp": 558
        },
        {
            "dx": 128.33334350585938,
            "dy": 186,
            "timestamp": 593
        },
        {
            "dx": 129,
            "dy": 189.33334350585938,
            "timestamp": 593
        },
        {
            "dx": 129.6666717529297,
            "dy": 192.66668701171875,
            "timestamp": 593
        },
        {
            "dx": 131,
            "dy": 197.33334350585938,
            "timestamp": 593
        },
        {
            "dx": 132.6666717529297,
            "dy": 201,
            "timestamp": 613
        },
        {
            "dx": 134.6666717529297,
            "dy": 204,
            "timestamp": 613
        },
        {
            "dx": 136.33334350585938,
            "dy": 206.33334350585938,
            "timestamp": 613
        },
        {
            "dx": 138.6666717529297,
            "dy": 209,
            "timestamp": 634
        },
        {
            "dx": 141.33334350585938,
            "dy": 211.33334350585938,
            "timestamp": 635
        },
        {
            "dx": 143.33334350585938,
            "dy": 212.66668701171875,
            "timestamp": 657
        },
        {
            "dx": 146.33334350585938,
            "dy": 214,
            "timestamp": 657
        },
        {
            "dx": 150.6666717529297,
            "dy": 215,
            "timestamp": 658
        },
        {
            "dx": 155.6666717529297,
            "dy": 215.66668701171875,
            "timestamp": 680
        },
        {
            "dx": 161.33334350585938,
            "dy": 215.66668701171875,
            "timestamp": 680
        },
        {
            "dx": 167.33334350585938,
            "dy": 215,
            "timestamp": 680
        },
        {
            "dx": 173,
            "dy": 214,
            "timestamp": 702
        },
        {
            "dx": 178.33334350585938,
            "dy": 213,
            "timestamp": 702
        },
        {
            "dx": 183,
            "dy": 210.66668701171875,
            "timestamp": 723
        },
        {
            "dx": 188.33334350585938,
            "dy": 207.66668701171875,
            "timestamp": 723
        },
        {
            "dx": 192,
            "dy": 204.66668701171875,
            "timestamp": 723
        },
        {
            "dx": 195,
            "dy": 201.66668701171875,
            "timestamp": 745
        },
        {
            "dx": 198.33334350585938,
            "dy": 197.33334350585938,
            "timestamp": 746
        },
        {
            "dx": 201.33334350585938,
            "dy": 190.66668701171875,
            "timestamp": 746
        },
        {
            "dx": 203,
            "dy": 186.33334350585938,
            "timestamp": 768
        },
        {
            "dx": 204.6666717529297,
            "dy": 182.66668701171875,
            "timestamp": 769
        },
        {
            "dx": 206,
            "dy": 179.66668701171875,
            "timestamp": 789
        },
        {
            "dx": 207,
            "dy": 177.33334350585938,
            "timestamp": 789
        },
        {
            "dx": 207.6666717529297,
            "dy": 175.33334350585938,
            "timestamp": 789
        },
        {
            "dx": 208.6666717529297,
            "dy": 173.66668701171875,
            "timestamp": 810
        },
        {
            "dx": 209.33334350585938,
            "dy": 172.66668701171875,
            "timestamp": 811
        },
        {
            "dx": 209.6666717529297,
            "dy": 172,
            "timestamp": 834
        },
        {
            "dx": 209.6666717529297,
            "dy": 171.66668701171875,
            "timestamp": 835
        },
        {
            "dx": 210,
            "dy": 171.33334350585938,
            "timestamp": 835
        },
        {
            "dx": 210,
            "dy": 171,
            "timestamp": 856
        },
        {
            "dx": 210,
            "dy": 170.66668701171875,
            "timestamp": 879
        },
        {
            "dx": 210.33334350585938,
            "dy": 170.33334350585938,
            "timestamp": 879
        },
        {
            "dx": 210.33334350585938,
            "dy": 170,
            "timestamp": 880
        },
        {
            "dx": 0,
            "dy": 0,
            "timestamp": 902
        },
        {
            "dx": 154.33334350585938,
            "dy": 50,
            "timestamp": 1314
        },
        {
            "dx": 154.33334350585938,
            "dy": 50,
            "timestamp": 1365
        },
        {
            "dx": 154.33334350585938,
            "dy": 50,
            "timestamp": 1365
        },
        {
            "dx": 154.33334350585938,
            "dy": 50,
            "timestamp": 1365
        },
        {
            "dx": 154.33334350585938,
            "dy": 50,
            "timestamp": 1447
        },
        {
            "dx": 154.33334350585938,
            "dy": 50,
            "timestamp": 1447
        },
        {
            "dx": 154.33334350585938,
            "dy": 50,
            "timestamp": 1478
        },
        {
            "dx": 154.33334350585938,
            "dy": 50.333343505859375,
            "timestamp": 1478
        },
        {
            "dx": 154.33334350585938,
            "dy": 50.333343505859375,
            "timestamp": 1517
        },
        {
            "dx": 154.33334350585938,
            "dy": 50.333343505859375,
            "timestamp": 1550
        },
        {
            "dx": 154.33334350585938,
            "dy": 50.333343505859375,
            "timestamp": 1551
        },
        {
            "dx": 154.33334350585938,
            "dy": 50.333343505859375,
            "timestamp": 1552
        },
        {
            "dx": 154.6666717529297,
            "dy": 50.66667175292969,
            "timestamp": 1584
        },
        {
            "dx": 155.6666717529297,
            "dy": 51,
            "timestamp": 1613
        },
        {
            "dx": 0,
            "dy": 0,
            "timestamp": 1615
        }
    ],
    [
        {
            "dx": 130.51803588867188,
            "dy": 42.878509521484375,
            "timestamp": 0
        },
        {
            "dx": 128.85293579101562,
            "dy": 44.87774658203125,
            "timestamp": 1
        },
        {
            "dx": 127.52081298828125,
            "dy": 46.87689208984375,
            "timestamp": 1
        },
        {
            "dx": 126.188720703125,
            "dy": 48.209686279296875,
            "timestamp": 1
        },
        {
            "dx": 124.85662841796875,
            "dy": 49.87567138671875,
            "timestamp": 22
        },
        {
            "dx": 123.52452087402344,
            "dy": 51.54168701171875,
            "timestamp": 22
        },
        {
            "dx": 122.19241333007812,
            "dy": 53.2076416015625,
            "timestamp": 22
        },
        {
            "dx": 119.86123657226562,
            "dy": 55.5400390625,
            "timestamp": 22
        },
        {
            "dx": 118.19613647460938,
            "dy": 57.53924560546875,
            "timestamp": 22
        },
        {
            "dx": 117.19705200195312,
            "dy": 59.2052001953125,
            "timestamp": 54
        },
        {
            "dx": 116.19796752929688,
            "dy": 61.20440673828125,
            "timestamp": 54
        },
        {
            "dx": 115.53192138671875,
            "dy": 62.537200927734375,
            "timestamp": 54
        },
        {
            "dx": 114.86587524414062,
            "dy": 63.53680419921875,
            "timestamp": 54
        },
        {
            "dx": 114.1998291015625,
            "dy": 64.536376953125,
            "timestamp": 54
        },
        {
            "dx": 113.53378295898438,
            "dy": 65.53598022460938,
            "timestamp": 54
        },
        {
            "dx": 112.86772155761719,
            "dy": 66.53558349609375,
            "timestamp": 54
        },
        {
            "dx": 112.20169067382812,
            "dy": 67.86834716796875,
            "timestamp": 54
        },
        {
            "dx": 111.86865234375,
            "dy": 68.53475952148438,
            "timestamp": 55
        },
        {
            "dx": 111.53561401367188,
            "dy": 69.53436279296875,
            "timestamp": 80
        },
        {
            "dx": 111.20260620117188,
            "dy": 70.20074462890625,
            "timestamp": 81
        },
        {
            "dx": 110.86956787109375,
            "dy": 71.20037841796875,
            "timestamp": 81
        },
        {
            "dx": 110.53654479980469,
            "dy": 71.53353881835938,
            "timestamp": 81
        },
        {
            "dx": 110.53654479980469,
            "dy": 71.86676025390625,
            "timestamp": 81
        },
        {
            "dx": 110.53654479980469,
            "dy": 72.53314208984375,
            "timestamp": 81
        },
        {
            "dx": 110.53654479980469,
            "dy": 73.19952392578125,
            "timestamp": 106
        },
        {
            "dx": 110.53654479980469,
            "dy": 73.53271484375,
            "timestamp": 106
        },
        {
            "dx": 110.53654479980469,
            "dy": 73.86590576171875,
            "timestamp": 107
        },
        {
            "dx": 110.53654479980469,
            "dy": 74.19915771484375,
            "timestamp": 107
        },
        {
            "dx": 110.53654479980469,
            "dy": 74.53231811523438,
            "timestamp": 107
        },
        {
            "dx": 110.53654479980469,
            "dy": 74.86553955078125,
            "timestamp": 107
        },
        {
            "dx": 111.20260620117188,
            "dy": 75.53192138671875,
            "timestamp": 132
        },
        {
            "dx": 112.20169067382812,
            "dy": 75.8651123046875,
            "timestamp": 132
        },
        {
            "dx": 112.86772155761719,
            "dy": 76.19830322265625,
            "timestamp": 132
        },
        {
            "dx": 113.86679077148438,
            "dy": 76.19830322265625,
            "timestamp": 132
        },
        {
            "dx": 115.19889831542969,
            "dy": 76.19830322265625,
            "timestamp": 132
        },
        {
            "dx": 116.53099060058594,
            "dy": 76.19830322265625,
            "timestamp": 132
        },
        {
            "dx": 117.86309814453125,
            "dy": 76.531494140625,
            "timestamp": 132
        },
        {
            "dx": 119.52822875976562,
            "dy": 76.531494140625,
            "timestamp": 157
        },
        {
            "dx": 121.19334411621094,
            "dy": 76.531494140625,
            "timestamp": 157
        },
        {
            "dx": 123.19149780273438,
            "dy": 76.531494140625,
            "timestamp": 158
        },
        {
            "dx": 124.85662841796875,
            "dy": 76.19830322265625,
            "timestamp": 158
        },
        {
            "dx": 126.85476684570312,
            "dy": 75.8651123046875,
            "timestamp": 158
        },
        {
            "dx": 128.18687438964844,
            "dy": 75.19873046875,
            "timestamp": 158
        },
        {
            "dx": 129.85198974609375,
            "dy": 74.53231811523438,
            "timestamp": 185
        },
        {
            "dx": 131.8501434326172,
            "dy": 73.53271484375,
            "timestamp": 186
        },
        {
            "dx": 133.51528930664062,
            "dy": 72.53314208984375,
            "timestamp": 186
        },
        {
            "dx": 135.513427734375,
            "dy": 71.86676025390625,
            "timestamp": 186
        },
        {
            "dx": 137.17855834960938,
            "dy": 70.86712646484375,
            "timestamp": 186
        },
        {
            "dx": 138.8436737060547,
            "dy": 70.20074462890625,
            "timestamp": 186
        },
        {
            "dx": 140.17576599121094,
            "dy": 69.53436279296875,
            "timestamp": 186
        },
        {
            "dx": 141.1748504638672,
            "dy": 68.86798095703125,
            "timestamp": 222
        },
        {
            "dx": 142.17391967773438,
            "dy": 68.20159912109375,
            "timestamp": 222
        },
        {
            "dx": 142.8399658203125,
            "dy": 68.20159912109375,
            "timestamp": 222
        },
        {
            "dx": 143.5060272216797,
            "dy": 67.86834716796875,
            "timestamp": 223
        },
        {
            "dx": 143.8390350341797,
            "dy": 67.86834716796875,
            "timestamp": 223
        },
        {
            "dx": 144.17205810546875,
            "dy": 67.53515625,
            "timestamp": 223
        },
        {
            "dx": 144.50509643554688,
            "dy": 67.53515625,
            "timestamp": 223
        },
        {
            "dx": 144.83811950683594,
            "dy": 67.53515625,
            "timestamp": 223
        },
        {
            "dx": 145.171142578125,
            "dy": 67.53515625,
            "timestamp": 223
        },
        {
            "dx": 145.171142578125,
            "dy": 68.20159912109375,
            "timestamp": 265
        },
        {
            "dx": 144.83811950683594,
            "dy": 68.86798095703125,
            "timestamp": 283
        },
        {
            "dx": 144.17205810546875,
            "dy": 70.20074462890625,
            "timestamp": 283
        },
        {
            "dx": 142.8399658203125,
            "dy": 71.86676025390625,
            "timestamp": 283
        },
        {
            "dx": 141.84088134765625,
            "dy": 73.19952392578125,
            "timestamp": 283
        },
        {
            "dx": 140.5087890625,
            "dy": 74.86553955078125,
            "timestamp": 306
        },
        {
            "dx": 139.50973510742188,
            "dy": 76.531494140625,
            "timestamp": 306
        },
        {
            "dx": 138.51065063476562,
            "dy": 77.86431884765625,
            "timestamp": 306
        },
        {
            "dx": 137.51156616210938,
            "dy": 79.19708251953125,
            "timestamp": 306
        },
        {
            "dx": 136.17947387695312,
            "dy": 81.1962890625,
            "timestamp": 306
        },
        {
            "dx": 135.18038940429688,
            "dy": 82.86227416992188,
            "timestamp": 306
        },
        {
            "dx": 134.1813201904297,
            "dy": 84.52825927734375,
            "timestamp": 331
        },
        {
            "dx": 133.1822509765625,
            "dy": 86.52743530273438,
            "timestamp": 331
        },
        {
            "dx": 132.18316650390625,
            "dy": 88.19345092773438,
            "timestamp": 331
        },
        {
            "dx": 130.85107421875,
            "dy": 90.192626953125,
            "timestamp": 331
        },
        {
            "dx": 129.5189666748047,
            "dy": 91.85861206054688,
            "timestamp": 331
        },
        {
            "dx": 128.5198974609375,
            "dy": 93.52459716796875,
            "timestamp": 331
        },
        {
            "dx": 127.52081298828125,
            "dy": 95.19061279296875,
            "timestamp": 331
        },
        {
            "dx": 126.85476684570312,
            "dy": 96.8565673828125,
            "timestamp": 358
        },
        {
            "dx": 125.52267456054688,
            "dy": 98.52255249023438,
            "timestamp": 359
        },
        {
            "dx": 124.85662841796875,
            "dy": 99.8553466796875,
            "timestamp": 361
        },
        {
            "dx": 123.8575439453125,
            "dy": 101.52133178710938,
            "timestamp": 361
        },
        {
            "dx": 123.19149780273438,
            "dy": 103.18734741210938,
            "timestamp": 361
        },
        {
            "dx": 122.19241333007812,
            "dy": 104.85333251953125,
            "timestamp": 362
        },
        {
            "dx": 121.19334411621094,
            "dy": 106.85250854492188,
            "timestamp": 383
        },
        {
            "dx": 120.52731323242188,
            "dy": 108.8516845703125,
            "timestamp": 383
        },
        {
            "dx": 120.19427490234375,
            "dy": 110.5177001953125,
            "timestamp": 383
        },
        {
            "dx": 119.52822875976562,
            "dy": 111.8504638671875,
            "timestamp": 383
        },
        {
            "dx": 118.86216735839844,
            "dy": 113.5164794921875,
            "timestamp": 383
        },
        {
            "dx": 118.19613647460938,
            "dy": 115.51568603515625,
            "timestamp": 383
        },
        {
            "dx": 117.86309814453125,
            "dy": 117.181640625,
            "timestamp": 383
        },
        {
            "dx": 117.53007507324219,
            "dy": 118.84762573242188,
            "timestamp": 407
        },
        {
            "dx": 117.19705200195312,
            "dy": 120.180419921875,
            "timestamp": 407
        },
        {
            "dx": 117.19705200195312,
            "dy": 121.51327514648438,
            "timestamp": 408
        },
        {
            "dx": 116.864013671875,
            "dy": 122.84603881835938,
            "timestamp": 408
        },
        {
            "dx": 116.864013671875,
            "dy": 124.51205444335938,
            "timestamp": 408
        },
        {
            "dx": 116.864013671875,
            "dy": 125.5115966796875,
            "timestamp": 408
        },
        {
            "dx": 116.864013671875,
            "dy": 126.8443603515625,
            "timestamp": 408
        },
        {
            "dx": 116.864013671875,
            "dy": 127.84396362304688,
            "timestamp": 435
        },
        {
            "dx": 116.864013671875,
            "dy": 128.5103759765625,
            "timestamp": 435
        },
        {
            "dx": 116.864013671875,
            "dy": 129.8431396484375,
            "timestamp": 435
        },
        {
            "dx": 116.864013671875,
            "dy": 130.84274291992188,
            "timestamp": 435
        },
        {
            "dx": 116.864013671875,
            "dy": 131.5091552734375,
            "timestamp": 435
        },
        {
            "dx": 116.864013671875,
            "dy": 132.175537109375,
            "timestamp": 435
        },
        {
            "dx": 117.19705200195312,
            "dy": 133.17514038085938,
            "timestamp": 435
        },
        {
            "dx": 117.53007507324219,
            "dy": 133.841552734375,
            "timestamp": 463
        },
        {
            "dx": 118.19613647460938,
            "dy": 134.84115600585938,
            "timestamp": 464
        },
        {
            "dx": 118.86216735839844,
            "dy": 136.17391967773438,
            "timestamp": 464
        },
        {
            "dx": 119.52822875976562,
            "dy": 137.5067138671875,
            "timestamp": 464
        },
        {
            "dx": 120.52731323242188,
            "dy": 138.83953857421875,
            "timestamp": 464
        },
        {
            "dx": 121.5263671875,
            "dy": 140.17230224609375,
            "timestamp": 464
        },
        {
            "dx": 122.52545166015625,
            "dy": 140.83871459960938,
            "timestamp": 488
        },
        {
            "dx": 123.52452087402344,
            "dy": 142.17147827148438,
            "timestamp": 488
        },
        {
            "dx": 125.18963623046875,
            "dy": 143.17108154296875,
            "timestamp": 488
        },
        {
            "dx": 126.52175903320312,
            "dy": 144.170654296875,
            "timestamp": 488
        },
        {
            "dx": 127.52081298828125,
            "dy": 145.17025756835938,
            "timestamp": 488
        },
        {
            "dx": 128.5198974609375,
            "dy": 145.836669921875,
            "timestamp": 488
        },
        {
            "dx": 129.85198974609375,
            "dy": 146.5030517578125,
            "timestamp": 488
        },
        {
            "dx": 131.18411254882812,
            "dy": 146.83627319335938,
            "timestamp": 488
        },
        {
            "dx": 132.18316650390625,
            "dy": 147.50265502929688,
            "timestamp": 513
        },
        {
            "dx": 133.1822509765625,
            "dy": 147.83587646484375,
            "timestamp": 514
        },
        {
            "dx": 134.1813201904297,
            "dy": 148.50228881835938,
            "timestamp": 514
        },
        {
            "dx": 135.513427734375,
            "dy": 148.83544921875,
            "timestamp": 514
        },
        {
            "dx": 136.84552001953125,
            "dy": 149.5018310546875,
            "timestamp": 514
        },
        {
            "dx": 138.1776123046875,
            "dy": 149.83505249023438,
            "timestamp": 514
        },
        {
            "dx": 140.17576599121094,
            "dy": 150.50143432617188,
            "timestamp": 514
        },
        {
            "dx": 142.50694274902344,
            "dy": 151.16781616210938,
            "timestamp": 539
        },
        {
            "dx": 144.50509643554688,
            "dy": 151.50106811523438,
            "timestamp": 539
        },
        {
            "dx": 146.50323486328125,
            "dy": 151.834228515625,
            "timestamp": 539
        },
        {
            "dx": 148.1683807373047,
            "dy": 151.834228515625,
            "timestamp": 539
        },
        {
            "dx": 150.16650390625,
            "dy": 151.834228515625,
            "timestamp": 539
        },
        {
            "dx": 151.83164978027344,
            "dy": 151.50106811523438,
            "timestamp": 539
        },
        {
            "dx": 153.82980346679688,
            "dy": 151.16781616210938,
            "timestamp": 539
        },
        {
            "dx": 156.16098022460938,
            "dy": 150.83465576171875,
            "timestamp": 569
        },
        {
            "dx": 157.8260955810547,
            "dy": 150.50143432617188,
            "timestamp": 570
        },
        {
            "dx": 159.4912109375,
            "dy": 149.83505249023438,
            "timestamp": 570
        },
        {
            "dx": 161.15634155273438,
            "dy": 149.5018310546875,
            "timestamp": 570
        },
        {
            "dx": 162.82147216796875,
            "dy": 148.83544921875,
            "timestamp": 570
        },
        {
            "dx": 164.153564453125,
            "dy": 148.16903686523438,
            "timestamp": 570
        },
        {
            "dx": 165.48565673828125,
            "dy": 147.83587646484375,
            "timestamp": 570
        },
        {
            "dx": 166.4847412109375,
            "dy": 147.16943359375,
            "timestamp": 598
        },
        {
            "dx": 167.81683349609375,
            "dy": 146.5030517578125,
            "timestamp": 599
        },
        {
            "dx": 168.81591796875,
            "dy": 145.836669921875,
            "timestamp": 599
        },
        {
            "dx": 169.8149871826172,
            "dy": 145.17025756835938,
            "timestamp": 599
        },
        {
            "dx": 170.48104858398438,
            "dy": 144.50387573242188,
            "timestamp": 599
        },
        {
            "dx": 171.4801025390625,
            "dy": 143.5042724609375,
            "timestamp": 599
        },
        {
            "dx": 172.1461639404297,
            "dy": 142.837890625,
            "timestamp": 599
        },
        {
            "dx": 172.81222534179688,
            "dy": 141.83831787109375,
            "timestamp": 599
        },
        {
            "dx": 173.478271484375,
            "dy": 140.83871459960938,
            "timestamp": 599
        },
        {
            "dx": 174.4773406982422,
            "dy": 139.839111328125,
            "timestamp": 631
        },
        {
            "dx": 175.14340209960938,
            "dy": 139.17269897460938,
            "timestamp": 631
        },
        {
            "dx": 175.80943298339844,
            "dy": 138.173095703125,
            "timestamp": 631
        },
        {
            "dx": 176.8085174560547,
            "dy": 136.84033203125,
            "timestamp": 631
        },
        {
            "dx": 177.47457885742188,
            "dy": 135.84075927734375,
            "timestamp": 631
        },
        {
            "dx": 178.4736328125,
            "dy": 134.5079345703125,
            "timestamp": 631
        },
        {
            "dx": 179.1396942138672,
            "dy": 132.84197998046875,
            "timestamp": 632
        },
        {
            "dx": 180.13876342773438,
            "dy": 131.5091552734375,
            "timestamp": 632
        },
        {
            "dx": 181.1378631591797,
            "dy": 129.50997924804688,
            "timestamp": 661
        },
        {
            "dx": 182.46994018554688,
            "dy": 127.84396362304688,
            "timestamp": 662
        },
        {
            "dx": 183.8020477294922,
            "dy": 126.177978515625,
            "timestamp": 662
        },
        {
            "dx": 185.13414001464844,
            "dy": 124.17880249023438,
            "timestamp": 662
        },
        {
            "dx": 186.1332244873047,
            "dy": 122.84603881835938,
            "timestamp": 662
        },
        {
            "dx": 187.13229370117188,
            "dy": 121.18002319335938,
            "timestamp": 662
        },
        {
            "dx": 188.1313934326172,
            "dy": 119.5140380859375,
            "timestamp": 662
        },
        {
            "dx": 189.13043212890625,
            "dy": 117.8480224609375,
            "timestamp": 687
        },
        {
            "dx": 190.1295166015625,
            "dy": 116.18206787109375,
            "timestamp": 687
        },
        {
            "dx": 191.1285858154297,
            "dy": 114.8492431640625,
            "timestamp": 687
        },
        {
            "dx": 192.12767028808594,
            "dy": 113.84967041015625,
            "timestamp": 687
        },
        {
            "dx": 193.1267547607422,
            "dy": 112.51690673828125,
            "timestamp": 687
        },
        {
            "dx": 194.12582397460938,
            "dy": 111.18408203125,
            "timestamp": 687
        },
        {
            "dx": 194.7918701171875,
            "dy": 110.18450927734375,
            "timestamp": 687
        },
        {
            "dx": 195.7909393310547,
            "dy": 108.8516845703125,
            "timestamp": 688
        },
        {
            "dx": 196.45700073242188,
            "dy": 107.51889038085938,
            "timestamp": 714
        },
        {
            "dx": 197.12303161621094,
            "dy": 106.18612670898438,
            "timestamp": 714
        },
        {
            "dx": 197.7891082763672,
            "dy": 104.85333251953125,
            "timestamp": 714
        },
        {
            "dx": 198.45513916015625,
            "dy": 103.18734741210938,
            "timestamp": 714
        },
        {
            "dx": 199.12118530273438,
            "dy": 101.85455322265625,
            "timestamp": 714
        },
        {
            "dx": 199.7872314453125,
            "dy": 100.521728515625,
            "timestamp": 714
        },
        {
            "dx": 200.4532928466797,
            "dy": 99.18896484375,
            "timestamp": 715
        },
        {
            "dx": 201.11935424804688,
            "dy": 97.52294921875,
            "timestamp": 741
        },
        {
            "dx": 201.78538513183594,
            "dy": 96.190185546875,
            "timestamp": 742
        },
        {
            "dx": 202.118408203125,
            "dy": 94.85739135742188,
            "timestamp": 742
        },
        {
            "dx": 202.4514617919922,
            "dy": 93.52459716796875,
            "timestamp": 742
        },
        {
            "dx": 203.11749267578125,
            "dy": 91.85861206054688,
            "timestamp": 742
        },
        {
            "dx": 203.78353881835938,
            "dy": 90.192626953125,
            "timestamp": 742
        },
        {
            "dx": 204.11656188964844,
            "dy": 88.526611328125,
            "timestamp": 742
        },
        {
            "dx": 204.7826385498047,
            "dy": 86.52743530273438,
            "timestamp": 768
        },
        {
            "dx": 204.7826385498047,
            "dy": 84.52825927734375,
            "timestamp": 768
        },
        {
            "dx": 205.1156463623047,
            "dy": 82.86227416992188,
            "timestamp": 768
        },
        {
            "dx": 205.1156463623047,
            "dy": 81.1962890625,
            "timestamp": 768
        },
        {
            "dx": 0,
            "dy": 0,
            "timestamp": 793
        },
        {
            "dx": 104.8751220703125,
            "dy": 37.21417236328125,
            "timestamp": 1307
        },
        {
            "dx": 104.8751220703125,
            "dy": 37.54736328125,
            "timestamp": 1307
        },
        {
            "dx": 0,
            "dy": 0,
            "timestamp": 1332
        }
    ]
]