[
    [
        {
            "dx": 241.08233642578125,
            "dy": 82.19586181640625,
            "timestamp": 0
        },
        {
            "dx": 238.08514404296875,
            "dy": 82.19586181640625,
            "timestamp": 1
        },
        {
            "dx": 236.41998291015625,
            "dy": 82.19586181640625,
            "timestamp": 1
        },
        {
            "dx": 235.087890625,
            "dy": 82.19586181640625,
            "timestamp": 23
        },
        {
            "dx": 233.75579833984375,
            "dy": 82.19586181640625,
            "timestamp": 24
        },
        {
            "dx": 232.7567138671875,
            "dy": 81.8626708984375,
            "timestamp": 25
        },
        {
            "dx": 231.75762939453125,
            "dy": 81.52947998046875,
            "timestamp": 25
        },
        {
            "dx": 230.425537109375,
            "dy": 80.86309814453125,
            "timestamp": 25
        },
        {
            "dx": 228.76043701171875,
            "dy": 79.5302734375,
            "timestamp": 56
        },
        {
            "dx": 228.0943603515625,
            "dy": 78.8638916015625,
            "timestamp": 56
        },
        {
            "dx": 227.7613525390625,
            "dy": 77.86431884765625,
            "timestamp": 56
        },
        {
            "dx": 227.7613525390625,
            "dy": 76.86468505859375,
            "timestamp": 56
        },
        {
            "dx": 227.7613525390625,
            "dy": 75.8651123046875,
            "timestamp": 56
        },
        {
            "dx": 227.7613525390625,
            "dy": 74.86553955078125,
            "timestamp": 56
        },
        {
            "dx": 227.7613525390625,
            "dy": 73.19952392578125,
            "timestamp": 56
        },
        {
            "dx": 227.7613525390625,
            "dy": 72.199951171875,
            "timestamp": 57
        },
        {
            "dx": 228.0943603515625,
            "dy": 70.533935546875,
            "timestamp": 57
        },
        {
            "dx": 228.76043701171875,
            "dy": 69.201171875,
            "timestamp": 85
        },
        {
            "dx": 229.42645263671875,
            "dy": 67.86834716796875,
            "timestamp": 86
        },
        {
            "dx": 230.425537109375,
            "dy": 66.53558349609375,
            "timestamp": 86
        },
        {
            "dx": 231.42462158203125,
            "dy": 65.53598022460938,
            "timestamp": 86
        },
        {
            "dx": 232.09066772460938,
            "dy": 64.20318603515625,
            "timestamp": 86
        },
        {
            "dx": 233.08978271484375,
            "dy": 62.87042236328125,
            "timestamp": 86
        },
        {
            "dx": 234.42184448242188,
            "dy": 61.87078857421875,
            "timestamp": 86
        },
        {
            "dx": 235.4208984375,
            "dy": 60.8712158203125,
            "timestamp": 86
        },
        {
            "dx": 236.41998291015625,
            "dy": 60.204803466796875,
            "timestamp": 116
        },
        {
            "dx": 237.7520751953125,
            "dy": 59.538421630859375,
            "timestamp": 116
        },
        {
            "dx": 238.75115966796875,
            "dy": 58.87200927734375,
            "timestamp": 116
        },
        {
            "dx": 239.750244140625,
            "dy": 58.538818359375,
            "timestamp": 116
        },
        {
            "dx": 240.41632080078125,
            "dy": 58.20562744140625,
            "timestamp": 116
        },
        {
            "dx": 241.41537475585938,
            "dy": 57.8724365234375,
            "timestamp": 116
        },
        {
            "dx": 242.0814208984375,
            "dy": 57.53924560546875,
            "timestamp": 116
        },
        {
            "dx": 242.74749755859375,
            "dy": 57.206024169921875,
            "timestamp": 117
        },
        {
            "dx": 243.08050537109375,
            "dy": 57.206024169921875,
            "timestamp": 141
        },
        {
            "dx": 243.41351318359375,
            "dy": 57.206024169921875,
            "timestamp": 141
        },
        {
            "dx": 243.74655151367188,
            "dy": 57.53924560546875,
            "timestamp": 168
        },
        {
            "dx": 244.07955932617188,
            "dy": 58.538818359375,
            "timestamp": 168
        },
        {
            "dx": 244.07955932617188,
            "dy": 59.538421630859375,
            "timestamp": 168
        },
        {
            "dx": 244.07955932617188,
            "dy": 61.20440673828125,
            "timestamp": 195
        },
        {
            "dx": 244.07955932617188,
            "dy": 62.87042236328125,
            "timestamp": 195
        },
        {
            "dx": 244.07955932617188,
            "dy": 64.536376953125,
            "timestamp": 195
        },
        {
            "dx": 244.07955932617188,
            "dy": 66.53558349609375,
            "timestamp": 195
        },
        {
            "dx": 244.07955932617188,
            "dy": 68.53475952148438,
            "timestamp": 195
        },
        {
            "dx": 244.07955932617188,
            "dy": 70.533935546875,
            "timestamp": 196
        },
        {
            "dx": 243.74655151367188,
            "dy": 72.199951171875,
            "timestamp": 196
        },
        {
            "dx": 243.41351318359375,
            "dy": 74.19915771484375,
            "timestamp": 228
        },
        {
            "dx": 242.4144287109375,
            "dy": 76.531494140625,
            "timestamp": 229
        },
        {
            "dx": 241.74838256835938,
            "dy": 78.197509765625,
            "timestamp": 229
        },
        {
            "dx": 240.74932861328125,
            "dy": 79.86349487304688,
            "timestamp": 229
        },
        {
            "dx": 239.750244140625,
            "dy": 82.19586181640625,
            "timestamp": 229
        },
        {
            "dx": 238.75115966796875,
            "dy": 84.52825927734375,
            "timestamp": 229
        },
        {
            "dx": 237.7520751953125,
            "dy": 86.52743530273438,
            "timestamp": 229
        },
        {
            "dx": 236.75302124023438,
            "dy": 88.526611328125,
            "timestamp": 229
        },
        {
            "dx": 235.4208984375,
            "dy": 90.192626953125,
            "timestamp": 270
        },
        {
            "dx": 233.75579833984375,
            "dy": 92.19183349609375,
            "timestamp": 270
        },
        {
            "dx": 232.4237060546875,
            "dy": 93.8577880859375,
            "timestamp": 270
        },
        {
            "dx": 231.42462158203125,
            "dy": 94.85739135742188,
            "timestamp": 270
        },
        {
            "dx": 230.092529296875,
            "dy": 96.190185546875,
            "timestamp": 270
        },
        {
            "dx": 229.09344482421875,
            "dy": 97.18978881835938,
            "timestamp": 270
        },
        {
            "dx": 228.0943603515625,
            "dy": 98.18939208984375,
            "timestamp": 270
        },
        {
            "dx": 227.09527587890625,
            "dy": 99.18896484375,
            "timestamp": 270
        },
        {
            "dx": 225.76318359375,
            "dy": 99.8553466796875,
            "timestamp": 270
        },
        {
            "dx": 224.76409912109375,
            "dy": 100.521728515625,
            "timestamp": 270
        },
        {
            "dx": 223.7650604248047,
            "dy": 101.18817138671875,
            "timestamp": 270
        },
        {
            "dx": 222.76596069335938,
            "dy": 101.52133178710938,
            "timestamp": 270
        },
        {
            "dx": 221.7668914794922,
            "dy": 102.187744140625,
            "timestamp": 299
        },
        {
            "dx": 221.100830078125,
            "dy": 102.52093505859375,
            "timestamp": 300
        },
        {
            "dx": 220.43478393554688,
            "dy": 102.8541259765625,
            "timestamp": 300
        },
        {
            "dx": 219.76873779296875,
            "dy": 102.8541259765625,
            "timestamp": 302
        },
        {
            "dx": 219.1027069091797,
            "dy": 102.8541259765625,
            "timestamp": 303
        },
        {
            "dx": 218.43663024902344,
            "dy": 103.18734741210938,
            "timestamp": 304
        },
        {
            "dx": 217.77059936523438,
            "dy": 103.18734741210938,
            "timestamp": 305
        },
        {
            "dx": 217.1045379638672,
            "dy": 103.18734741210938,
            "timestamp": 337
        },
        {
            "dx": 216.7715301513672,
            "dy": 103.18734741210938,
            "timestamp": 338
        },
        {
            "dx": 216.10546875,
            "dy": 103.18734741210938,
            "timestamp": 338
        },
        {
            "dx": 215.77244567871094,
            "dy": 103.18734741210938,
            "timestamp": 339
        },
        {
            "dx": 215.10638427734375,
            "dy": 103.18734741210938,
            "timestamp": 339
        },
        {
            "dx": 214.7733612060547,
            "dy": 103.18734741210938,
            "timestamp": 339
        },
        {
            "dx": 214.1072998046875,
            "dy": 102.8541259765625,
            "timestamp": 339
        },
        {
            "dx": 213.44126892089844,
            "dy": 102.187744140625,
            "timestamp": 339
        },
        {
            "dx": 213.10824584960938,
            "dy": 101.85455322265625,
            "timestamp": 339
        },
        {
            "dx": 212.4421844482422,
            "dy": 101.18817138671875,
            "timestamp": 339
        },
        {
            "dx": 212.1091766357422,
            "dy": 100.521728515625,
            "timestamp": 361
        },
        {
            "dx": 211.7761688232422,
            "dy": 99.52215576171875,
            "timestamp": 361
        },
        {
            "dx": 211.443115234375,
            "dy": 98.52255249023438,
            "timestamp": 361
        },
        {
            "dx": 211.11009216308594,
            "dy": 97.18978881835938,
            "timestamp": 361
        },
        {
            "dx": 211.11009216308594,
            "dy": 95.52377319335938,
            "timestamp": 361
        },
        {
            "dx": 210.77706909179688,
            "dy": 93.8577880859375,
            "timestamp": 361
        },
        {
            "dx": 210.77706909179688,
            "dy": 92.52499389648438,
            "timestamp": 361
        },
        {
            "dx": 210.77706909179688,
            "dy": 91.19223022460938,
            "timestamp": 385
        },
        {
            "dx": 210.77706909179688,
            "dy": 89.85943603515625,
            "timestamp": 386
        },
        {
            "dx": 210.77706909179688,
            "dy": 89.19305419921875,
            "timestamp": 386
        },
        {
            "dx": 210.77706909179688,
            "dy": 88.526611328125,
            "timestamp": 386
        },
        {
            "dx": 210.77706909179688,
            "dy": 88.19345092773438,
            "timestamp": 386
        },
        {
            "dx": 210.77706909179688,
            "dy": 87.8602294921875,
            "timestamp": 408
        },
        {
            "dx": 210.77706909179688,
            "dy": 88.19345092773438,
            "timestamp": 437
        },
        {
            "dx": 210.1110076904297,
            "dy": 89.52621459960938,
            "timestamp": 438
        },
        {
            "dx": 209.4449920654297,
            "dy": 90.8590087890625,
            "timestamp": 462
        },
        {
            "dx": 208.44589233398438,
            "dy": 92.19183349609375,
            "timestamp": 462
        },
        {
            "dx": 207.4468231201172,
            "dy": 94.19100952148438,
            "timestamp": 463
        },
        {
            "dx": 206.44773864746094,
            "dy": 95.85699462890625,
            "timestamp": 463
        },
        {
            "dx": 205.1156463623047,
            "dy": 97.52294921875,
            "timestamp": 463
        },
        {
            "dx": 204.11656188964844,
            "dy": 99.18896484375,
            "timestamp": 463
        },
        {
            "dx": 202.7844696044922,
            "dy": 101.18817138671875,
            "timestamp": 463
        },
        {
            "dx": 201.45236206054688,
            "dy": 103.18734741210938,
            "timestamp": 485
        },
        {
            "dx": 200.1202850341797,
            "dy": 105.1865234375,
            "timestamp": 485
        },
        {
            "dx": 198.78817749023438,
            "dy": 107.18572998046875,
            "timestamp": 486
        },
        {
            "dx": 197.4560546875,
            "dy": 109.18490600585938,
            "timestamp": 486
        },
        {
            "dx": 196.12396240234375,
            "dy": 110.5177001953125,
            "timestamp": 486
        },
        {
            "dx": 194.12582397460938,
            "dy": 111.8504638671875,
            "timestamp": 486
        },
        {
            "dx": 192.12767028808594,
            "dy": 113.5164794921875,
            "timestamp": 486
        },
        {
            "dx": 190.4625701904297,
            "dy": 115.18246459960938,
            "timestamp": 514
        },
        {
            "dx": 188.7974090576172,
            "dy": 116.5152587890625,
            "timestamp": 515
        },
        {
            "dx": 187.46531677246094,
            "dy": 117.8480224609375,
            "timestamp": 515
        },
        {
            "dx": 185.8002166748047,
            "dy": 118.84762573242188,
            "timestamp": 515
        },
        {
            "dx": 184.80111694335938,
            "dy": 119.5140380859375,
            "timestamp": 515
        },
        {
            "dx": 183.4690399169922,
            "dy": 120.180419921875,
            "timestamp": 515
        },
        {
            "dx": 182.80296325683594,
            "dy": 120.8468017578125,
            "timestamp": 516
        },
        {
            "dx": 181.80389404296875,
            "dy": 121.18002319335938,
            "timestamp": 543
        },
        {
            "dx": 180.8048095703125,
            "dy": 121.51327514648438,
            "timestamp": 543
        },
        {
            "dx": 180.13876342773438,
            "dy": 121.84640502929688,
            "timestamp": 543
        },
        {
            "dx": 179.1396942138672,
            "dy": 121.84640502929688,
            "timestamp": 543
        },
        {
            "dx": 178.14060974121094,
            "dy": 121.84640502929688,
            "timestamp": 544
        },
        {
            "dx": 176.8085174560547,
            "dy": 121.84640502929688,
            "timestamp": 544
        },
        {
            "dx": 175.80943298339844,
            "dy": 121.84640502929688,
            "timestamp": 545
        },
        {
            "dx": 174.4773406982422,
            "dy": 121.84640502929688,
            "timestamp": 545
        },
        {
            "dx": 173.14524841308594,
            "dy": 121.84640502929688,
            "timestamp": 570
        },
        {
            "dx": 172.1461639404297,
            "dy": 121.84640502929688,
            "timestamp": 572
        },
        {
            "dx": 170.81407165527344,
            "dy": 121.18002319335938,
            "timestamp": 572
        },
        {
            "dx": 169.4819793701172,
            "dy": 120.51364135742188,
            "timestamp": 572
        },
        {
            "dx": 168.48289489746094,
            "dy": 119.5140380859375,
            "timestamp": 572
        },
        {
            "dx": 167.1508026123047,
            "dy": 118.51446533203125,
            "timestamp": 572
        },
        {
            "dx": 166.15171813964844,
            "dy": 117.181640625,
            "timestamp": 572
        },
        {
            "dx": 164.8196258544922,
            "dy": 115.51568603515625,
            "timestamp": 598
        },
        {
            "dx": 163.82054138183594,
            "dy": 113.84967041015625,
            "timestamp": 598
        },
        {
            "dx": 162.4884490966797,
            "dy": 111.8504638671875,
            "timestamp": 598
        },
        {
            "dx": 161.48936462402344,
            "dy": 109.51812744140625,
            "timestamp": 599
        },
        {
            "dx": 160.82330322265625,
            "dy": 106.85250854492188,
            "timestamp": 599
        },
        {
            "dx": 160.1572723388672,
            "dy": 103.5205078125,
            "timestamp": 599
        },
        {
            "dx": 159.4912109375,
            "dy": 100.521728515625,
            "timestamp": 599
        },
        {
            "dx": 159.4912109375,
            "dy": 96.8565673828125,
            "timestamp": 599
        },
        {
            "dx": 159.4912109375,
            "dy": 93.19140625,
            "timestamp": 629
        },
        {
            "dx": 159.4912109375,
            "dy": 89.52621459960938,
            "timestamp": 630
        },
        {
            "dx": 159.4912109375,
            "dy": 85.19464111328125,
            "timestamp": 630
        },
        {
            "dx": 160.1572723388672,
            "dy": 81.1962890625,
            "timestamp": 630
        },
        {
            "dx": 161.15634155273438,
            "dy": 77.19793701171875,
            "timestamp": 630
        },
        {
            "dx": 161.8223876953125,
            "dy": 73.86590576171875,
            "timestamp": 630
        },
        {
            "dx": 162.82147216796875,
            "dy": 70.86712646484375,
            "timestamp": 630
        },
        {
            "dx": 163.48751831054688,
            "dy": 68.20159912109375,
            "timestamp": 660
        },
        {
            "dx": 164.153564453125,
            "dy": 65.86920166015625,
            "timestamp": 660
        },
        {
            "dx": 164.4866180419922,
            "dy": 63.8699951171875,
            "timestamp": 660
        },
        {
            "dx": 165.1526336669922,
            "dy": 61.87078857421875,
            "timestamp": 661
        },
        {
            "dx": 165.81869506835938,
            "dy": 60.204803466796875,
            "timestamp": 661
        },
        {
            "dx": 166.4847412109375,
            "dy": 58.87200927734375,
            "timestamp": 661
        },
        {
            "dx": 167.1508026123047,
            "dy": 57.53924560546875,
            "timestamp": 661
        },
        {
            "dx": 168.14987182617188,
            "dy": 56.539642333984375,
            "timestamp": 661
        },
        {
            "dx": 168.81591796875,
            "dy": 55.5400390625,
            "timestamp": 661
        },
        {
            "dx": 169.4819793701172,
            "dy": 54.8736572265625,
            "timestamp": 685
        },
        {
            "dx": 169.8149871826172,
            "dy": 54.207244873046875,
            "timestamp": 685
        },
        {
            "dx": 170.48104858398438,
            "dy": 53.87408447265625,
            "timestamp": 685
        },
        {
            "dx": 170.81407165527344,
            "dy": 53.87408447265625,
            "timestamp": 685
        },
        {
            "dx": 171.1470947265625,
            "dy": 53.87408447265625,
            "timestamp": 711
        },
        {
            "dx": 171.4801025390625,
            "dy": 54.8736572265625,
            "timestamp": 712
        },
        {
            "dx": 171.4801025390625,
            "dy": 55.87322998046875,
            "timestamp": 746
        },
        {
            "dx": 171.4801025390625,
            "dy": 57.206024169921875,
            "timestamp": 747
        },
        {
            "dx": 171.8131561279297,
            "dy": 59.2052001953125,
            "timestamp": 747
        },
        {
            "dx": 171.8131561279297,
            "dy": 60.8712158203125,
            "timestamp": 747
        },
        {
            "dx": 171.8131561279297,
            "dy": 62.87042236328125,
            "timestamp": 747
        },
        {
            "dx": 171.8131561279297,
            "dy": 64.86956787109375,
            "timestamp": 747
        },
        {
            "dx": 171.8131561279297,
            "dy": 67.53515625,
            "timestamp": 747
        },
        {
            "dx": 171.4801025390625,
            "dy": 70.20074462890625,
            "timestamp": 747
        },
        {
            "dx": 171.1470947265625,
            "dy": 72.8663330078125,
            "timestamp": 747
        },
        {
            "dx": 170.48104858398438,
            "dy": 76.19830322265625,
            "timestamp": 747
        },
        {
            "dx": 169.8149871826172,
            "dy": 78.8638916015625,
            "timestamp": 770
        },
        {
            "dx": 169.1489715576172,
            "dy": 82.19586181640625,
            "timestamp": 771
        },
        {
            "dx": 168.48289489746094,
            "dy": 85.52783203125,
            "timestamp": 771
        },
        {
            "dx": 167.81683349609375,
            "dy": 88.526611328125,
            "timestamp": 771
        },
        {
            "dx": 166.8177947998047,
            "dy": 91.85861206054688,
            "timestamp": 771
        },
        {
            "dx": 166.15171813964844,
            "dy": 95.52377319335938,
            "timestamp": 771
        },
        {
            "dx": 165.1526336669922,
            "dy": 99.52215576171875,
            "timestamp": 803
        },
        {
            "dx": 164.153564453125,
            "dy": 103.18734741210938,
            "timestamp": 803
        },
        {
            "dx": 163.48751831054688,
            "dy": 107.18572998046875,
            "timestamp": 807
        },
        {
            "dx": 162.82147216796875,
            "dy": 110.5177001953125,
            "timestamp": 807
        },
        {
            "dx": 162.1554412841797,
            "dy": 113.84967041015625,
            "timestamp": 807
        },
        {
            "dx": 161.15634155273438,
            "dy": 117.51486206054688,
            "timestamp": 807
        },
        {
            "dx": 160.49029541015625,
            "dy": 120.8468017578125,
            "timestamp": 807
        },
        {
            "dx": 159.8242645263672,
            "dy": 124.17880249023438,
            "timestamp": 830
        },
        {
            "dx": 159.15818786621094,
            "dy": 127.84396362304688,
            "timestamp": 830
        },
        {
            "dx": 158.82516479492188,
            "dy": 131.5091552734375,
            "timestamp": 830
        },
        {
            "dx": 158.49215698242188,
            "dy": 134.84115600585938,
            "timestamp": 830
        },
        {
            "dx": 158.15911865234375,
            "dy": 137.83993530273438,
            "timestamp": 830
        },
        {
            "dx": 157.4930877685547,
            "dy": 141.171875,
            "timestamp": 830
        },
        {
            "dx": 157.1600341796875,
            "dy": 144.170654296875,
            "timestamp": 830
        },
        {
            "dx": 156.82701110839844,
            "dy": 147.50265502929688,
            "timestamp": 831
        },
        {
            "dx": 156.82701110839844,
            "dy": 151.16781616210938,
            "timestamp": 831
        },
        {
            "dx": 156.82701110839844,
            "dy": 154.49984741210938,
            "timestamp": 863
        },
        {
            "dx": 156.82701110839844,
            "dy": 157.49862670898438,
            "timestamp": 863
        },
        {
            "dx": 156.49398803710938,
            "dy": 160.1641845703125,
            "timestamp": 863
        },
        {
            "dx": 156.49398803710938,
            "dy": 162.82977294921875,
            "timestamp": 863
        },
        {
            "dx": 156.49398803710938,
            "dy": 165.16220092773438,
            "timestamp": 864
        },
        {
            "dx": 156.16098022460938,
            "dy": 167.4945068359375,
            "timestamp": 864
        },
        {
            "dx": 156.16098022460938,
            "dy": 169.49374389648438,
            "timestamp": 864
        },
        {
            "dx": 155.82794189453125,
            "dy": 171.82611083984375,
            "timestamp": 864
        },
        {
            "dx": 155.82794189453125,
            "dy": 174.82489013671875,
            "timestamp": 864
        },
        {
            "dx": 155.82794189453125,
            "dy": 177.49044799804688,
            "timestamp": 893
        },
        {
            "dx": 155.4949188232422,
            "dy": 179.48968505859375,
            "timestamp": 894
        },
        {
            "dx": 155.1619110107422,
            "dy": 181.1556396484375,
            "timestamp": 894
        },
        {
            "dx": 154.828857421875,
            "dy": 183.15487670898438,
            "timestamp": 894
        },
        {
            "dx": 154.16282653808594,
            "dy": 184.82080078125,
            "timestamp": 894
        },
        {
            "dx": 153.82980346679688,
            "dy": 186.48681640625,
            "timestamp": 894
        },
        {
            "dx": 152.8307342529297,
            "dy": 187.819580078125,
            "timestamp": 894
        },
        {
            "dx": 152.4976806640625,
            "dy": 189.485595703125,
            "timestamp": 921
        },
        {
            "dx": 151.49862670898438,
            "dy": 191.15158081054688,
            "timestamp": 922
        },
        {
            "dx": 150.8325653076172,
            "dy": 192.484375,
            "timestamp": 922
        },
        {
            "dx": 149.83349609375,
            "dy": 194.15036010742188,
            "timestamp": 922
        },
        {
            "dx": 148.5013885498047,
            "dy": 195.14999389648438,
            "timestamp": 922
        },
        {
            "dx": 147.16929626464844,
            "dy": 196.1495361328125,
            "timestamp": 922
        },
        {
            "dx": 146.1702117919922,
            "dy": 197.48236083984375,
            "timestamp": 922
        },
        {
            "dx": 144.83811950683594,
            "dy": 198.81512451171875,
            "timestamp": 922
        },
        {
            "dx": 143.5060272216797,
            "dy": 200.14791870117188,
            "timestamp": 949
        },
        {
            "dx": 142.17391967773438,
            "dy": 201.14755249023438,
            "timestamp": 949
        },
        {
            "dx": 140.8418426513672,
            "dy": 202.1470947265625,
            "timestamp": 949
        },
        {
            "dx": 139.84274291992188,
            "dy": 203.14669799804688,
            "timestamp": 950
        },
        {
            "dx": 138.51065063476562,
            "dy": 203.8131103515625,
            "timestamp": 950
        },
        {
            "dx": 137.17855834960938,
            "dy": 204.4794921875,
            "timestamp": 950
        },
        {
            "dx": 135.846435546875,
            "dy": 204.81271362304688,
            "timestamp": 950
        },
        {
            "dx": 134.51434326171875,
            "dy": 205.1458740234375,
            "timestamp": 950
        },
        {
            "dx": 133.1822509765625,
            "dy": 205.47909545898438,
            "timestamp": 979
        },
        {
            "dx": 131.51712036132812,
            "dy": 205.47909545898438,
            "timestamp": 980
        },
        {
            "dx": 130.18502807617188,
            "dy": 205.47909545898438,
            "timestamp": 980
        },
        {
            "dx": 128.18687438964844,
            "dy": 205.47909545898438,
            "timestamp": 980
        },
        {
            "dx": 126.52175903320312,
            "dy": 205.47909545898438,
            "timestamp": 980
        },
        {
            "dx": 124.85662841796875,
            "dy": 205.1458740234375,
            "timestamp": 980
        },
        {
            "dx": 123.19149780273438,
            "dy": 204.4794921875,
            "timestamp": 980
        },
        {
            "dx": 121.5263671875,
            "dy": 203.14669799804688,
            "timestamp": 1009
        },
        {
            "dx": 119.52822875976562,
            "dy": 201.81390380859375,
            "timestamp": 1009
        },
        {
            "dx": 118.19613647460938,
            "dy": 200.48114013671875,
            "timestamp": 1009
        },
        {
            "dx": 116.864013671875,
            "dy": 198.48193359375,
            "timestamp": 1009
        },
        {
            "dx": 115.53192138671875,
            "dy": 196.48275756835938,
            "timestamp": 1010
        },
        {
            "dx": 114.1998291015625,
            "dy": 194.15036010742188,
            "timestamp": 1010
        },
        {
            "dx": 113.20074462890625,
            "dy": 191.81796264648438,
            "timestamp": 1010
        },
        {
            "dx": 112.53469848632812,
            "dy": 189.81878662109375,
            "timestamp": 1010
        },
        {
            "dx": 112.20169067382812,
            "dy": 187.819580078125,
            "timestamp": 1010
        },
        {
            "dx": 111.86865234375,
            "dy": 185.48724365234375,
            "timestamp": 1038
        },
        {
            "dx": 111.53561401367188,
            "dy": 183.82122802734375,
            "timestamp": 1039
        },
        {
            "dx": 111.53561401367188,
            "dy": 181.822021484375,
            "timestamp": 1039
        },
        {
            "dx": 111.20260620117188,
            "dy": 179.82284545898438,
            "timestamp": 1039
        },
        {
            "dx": 111.20260620117188,
            "dy": 177.82366943359375,
            "timestamp": 1039
        },
        {
            "dx": 111.20260620117188,
            "dy": 175.824462890625,
            "timestamp": 1039
        },
        {
            "dx": 111.20260620117188,
            "dy": 173.82528686523438,
            "timestamp": 1040
        },
        {
            "dx": 111.53561401367188,
            "dy": 171.82611083984375,
            "timestamp": 1067
        },
        {
            "dx": 112.20169067382812,
            "dy": 169.826904296875,
            "timestamp": 1067
        },
        {
            "dx": 112.86772155761719,
            "dy": 167.4945068359375,
            "timestamp": 1067
        },
        {
            "dx": 113.86679077148438,
            "dy": 165.49533081054688,
            "timestamp": 1067
        },
        {
            "dx": 114.86587524414062,
            "dy": 163.49618530273438,
            "timestamp": 1067
        },
        {
            "dx": 115.86495971679688,
            "dy": 161.83016967773438,
            "timestamp": 1067
        },
        {
            "dx": 117.19705200195312,
            "dy": 160.1641845703125,
            "timestamp": 1067
        },
        {
            "dx": 118.52914428710938,
            "dy": 158.83139038085938,
            "timestamp": 1067
        },
        {
            "dx": 119.52822875976562,
            "dy": 157.1654052734375,
            "timestamp": 1097
        },
        {
            "dx": 120.86032104492188,
            "dy": 155.83261108398438,
            "timestamp": 1098
        },
        {
            "dx": 122.19241333007812,
            "dy": 154.16659545898438,
            "timestamp": 1098
        },
        {
            "dx": 123.8575439453125,
            "dy": 152.83383178710938,
            "timestamp": 1098
        },
        {
            "dx": 124.85662841796875,
            "dy": 151.50106811523438,
            "timestamp": 1098
        },
        {
            "dx": 125.85569763183594,
            "dy": 150.168212890625,
            "timestamp": 1098
        },
        {
            "dx": 127.18778991699219,
            "dy": 149.16864013671875,
            "timestamp": 1100
        },
        {
            "dx": 128.18687438964844,
            "dy": 148.16903686523438,
            "timestamp": 1100
        },
        {
            "dx": 129.18594360351562,
            "dy": 147.16943359375,
            "timestamp": 1131
        },
        {
            "dx": 130.18502807617188,
            "dy": 146.5030517578125,
            "timestamp": 1131
        },
        {
            "dx": 130.85107421875,
            "dy": 146.16986083984375,
            "timestamp": 1131
        },
        {
            "dx": 131.51712036132812,
            "dy": 146.16986083984375,
            "timestamp": 1131
        },
        {
            "dx": 132.18316650390625,
            "dy": 145.836669921875,
            "timestamp": 1131
        },
        {
            "dx": 132.84921264648438,
            "dy": 145.836669921875,
            "timestamp": 1132
        },
        {
            "dx": 133.1822509765625,
            "dy": 145.50350952148438,
            "timestamp": 1132
        },
        {
            "dx": 133.51528930664062,
            "dy": 145.50350952148438,
            "timestamp": 1132
        },
        {
            "dx": 134.1813201904297,
            "dy": 145.50350952148438,
            "timestamp": 1132
        },
        {
            "dx": 134.84738159179688,
            "dy": 145.50350952148438,
            "timestamp": 1165
        },
        {
            "dx": 135.513427734375,
            "dy": 145.50350952148438,
            "timestamp": 1165
        },
        {
            "dx": 136.17947387695312,
            "dy": 145.50350952148438,
            "timestamp": 1165
        },
        {
            "dx": 136.84552001953125,
            "dy": 145.50350952148438,
            "timestamp": 1166
        },
        {
            "dx": 137.51156616210938,
            "dy": 145.836669921875,
            "timestamp": 1166
        },
        {
            "dx": 138.1776123046875,
            "dy": 146.16986083984375,
            "timestamp": 1166
        },
        {
            "dx": 138.8436737060547,
            "dy": 146.5030517578125,
            "timestamp": 1166
        },
        {
            "dx": 139.17669677734375,
            "dy": 147.16943359375,
            "timestamp": 1166
        },
        {
            "dx": 139.50973510742188,
            "dy": 147.83587646484375,
            "timestamp": 1166
        },
        {
            "dx": 139.50973510742188,
            "dy": 148.16903686523438,
            "timestamp": 1194
        },
        {
            "dx": 139.84274291992188,
            "dy": 149.16864013671875,
            "timestamp": 1195
        },
        {
            "dx": 139.84274291992188,
            "dy": 150.50143432617188,
            "timestamp": 1195
        },
        {
            "dx": 139.84274291992188,
            "dy": 151.834228515625,
            "timestamp": 1195
        },
        {
            "dx": 139.84274291992188,
            "dy": 152.83383178710938,
            "timestamp": 1195
        },
        {
            "dx": 139.84274291992188,
            "dy": 153.83343505859375,
            "timestamp": 1195
        },
        {
            "dx": 139.84274291992188,
            "dy": 154.49984741210938,
            "timestamp": 1195
        },
        {
            "dx": 139.84274291992188,
            "dy": 155.16619873046875,
            "timestamp": 1195
        },
        {
            "dx": 139.84274291992188,
            "dy": 155.4993896484375,
            "timestamp": 1223
        },
        {
            "dx": 0,
            "dy": 0,
            "timestamp": 1227
        },
        {
            "dx": 186.4662322998047,
            "dy": 74.86553955078125,
            "timestamp": 1474
        },
        {
            "dx": 188.1313934326172,
            "dy": 74.86553955078125,
            "timestamp": 1475
        },
        {
            "dx": 189.79649353027344,
            "dy": 74.86553955078125,
            "timestamp": 1475
        },
        {
            "dx": 191.46160888671875,
            "dy": 74.86553955078125,
            "timestamp": 1475
        },
        {
            "dx": 192.793701171875,
            "dy": 74.86553955078125,
            "timestamp": 1475
        },
        {
            "dx": 193.79278564453125,
            "dy": 74.86553955078125,
            "timestamp": 1500
        },
        {
            "dx": 195.4579315185547,
            "dy": 74.53231811523438,
            "timestamp": 1500
        },
        {
            "dx": 198.1221160888672,
            "dy": 73.53271484375,
            "timestamp": 1500
        },
        {
            "dx": 200.4532928466797,
            "dy": 72.53314208984375,
            "timestamp": 1500
        },
        {
            "dx": 202.4514617919922,
            "dy": 71.53353881835938,
            "timestamp": 1500
        },
        {
            "dx": 204.11656188964844,
            "dy": 70.86712646484375,
            "timestamp": 1500
        },
        {
            "dx": 205.78167724609375,
            "dy": 69.8675537109375,
            "timestamp": 1537
        },
        {
            "dx": 207.4468231201172,
            "dy": 68.86798095703125,
            "timestamp": 1537
        },
        {
            "dx": 208.77891540527344,
            "dy": 68.20159912109375,
            "timestamp": 1537
        },
        {
            "dx": 210.1110076904297,
            "dy": 67.53515625,
            "timestamp": 1538
        },
        {
            "dx": 210.77706909179688,
            "dy": 66.8687744140625,
            "timestamp": 1538
        },
        {
            "dx": 211.443115234375,
            "dy": 66.53558349609375,
            "timestamp": 1538
        },
        {
            "dx": 211.7761688232422,
            "dy": 66.53558349609375,
            "timestamp": 1538
        },
        {
            "dx": 212.1091766357422,
            "dy": 66.20236206054688,
            "timestamp": 1538
        },
        {
            "dx": 212.4421844482422,
            "dy": 65.86920166015625,
            "timestamp": 1538
        },
        {
            "dx": 212.77520751953125,
            "dy": 65.86920166015625,
            "timestamp": 1539
        },
        {
            "dx": 212.77520751953125,
            "dy": 65.53598022460938,
            "timestamp": 1569
        },
        {
            "dx": 213.10824584960938,
            "dy": 65.53598022460938,
            "timestamp": 1569
        },
        {
            "dx": 213.44126892089844,
            "dy": 65.53598022460938,
            "timestamp": 1569
        },
        {
            "dx": 213.44126892089844,
            "dy": 65.2027587890625,
            "timestamp": 1569
        },
        {
            "dx": 213.7742919921875,
            "dy": 65.2027587890625,
            "timestamp": 1612
        },
        {
            "dx": 214.1072998046875,
            "dy": 65.2027587890625,
            "timestamp": 1635
        },
        {
            "dx": 215.10638427734375,
            "dy": 65.86920166015625,
            "timestamp": 1635
        },
        {
            "dx": 216.10546875,
            "dy": 66.53558349609375,
            "timestamp": 1635
        },
        {
            "dx": 217.1045379638672,
            "dy": 67.20196533203125,
            "timestamp": 1635
        },
        {
            "dx": 218.10362243652344,
            "dy": 67.86834716796875,
            "timestamp": 1635
        },
        {
            "dx": 219.1027069091797,
            "dy": 68.20159912109375,
            "timestamp": 1664
        },
        {
            "dx": 220.43478393554688,
            "dy": 68.86798095703125,
            "timestamp": 1664
        },
        {
            "dx": 222.09991455078125,
            "dy": 69.201171875,
            "timestamp": 1664
        },
        {
            "dx": 223.7650604248047,
            "dy": 69.201171875,
            "timestamp": 1665
        },
        {
            "dx": 226.09625244140625,
            "dy": 69.53436279296875,
            "timestamp": 1665
        },
        {
            "dx": 0,
            "dy": 0,
            "timestamp": 1690
        },
        {
            "dx": 247.0767822265625,
            "dy": 42.212127685546875,
            "timestamp": 1877
        },
        {
            "dx": 248.74191284179688,
            "dy": 42.212127685546875,
            "timestamp": 1877
        },
        {
            "dx": 250.74005126953125,
            "dy": 42.212127685546875,
            "timestamp": 1878
        },
        {
            "dx": 252.73822021484375,
            "dy": 42.212127685546875,
            "timestamp": 1878
        },
        {
            "dx": 254.40338134765625,
            "dy": 42.878509521484375,
            "timestamp": 1878
        },
        {
            "dx": 255.73544311523438,
            "dy": 43.544921875,
            "timestamp": 1929
        },
        {
            "dx": 258.399658203125,
            "dy": 44.87774658203125,
            "timestamp": 1929
        },
        {
            "dx": 260.3977966308594,
            "dy": 46.543701171875,
            "timestamp": 1929
        },
        {
            "dx": 261.72991943359375,
            "dy": 48.209686279296875,
            "timestamp": 1929
        },
        {
            "dx": 262.39593505859375,
            "dy": 49.20928955078125,
            "timestamp": 1929
        },
        {
            "dx": 263.0619812011719,
            "dy": 50.54205322265625,
            "timestamp": 1929
        },
        {
            "dx": 263.39501953125,
            "dy": 51.8748779296875,
            "timestamp": 1929
        },
        {
            "dx": 263.72802734375,
            "dy": 53.2076416015625,
            "timestamp": 1929
        },
        {
            "dx": 264.06109619140625,
            "dy": 54.54046630859375,
            "timestamp": 1929
        },
        {
            "dx": 264.06109619140625,
            "dy": 55.87322998046875,
            "timestamp": 1930
        },
        {
            "dx": 264.06109619140625,
            "dy": 57.53924560546875,
            "timestamp": 1930
        },
        {
            "dx": 264.06109619140625,
            "dy": 59.538421630859375,
            "timestamp": 1930
        },
        {
            "dx": 264.06109619140625,
            "dy": 61.53759765625,
            "timestamp": 1930
        },
        {
            "dx": 264.06109619140625,
            "dy": 63.53680419921875,
            "timestamp": 1931
        },
        {
            "dx": 264.06109619140625,
            "dy": 64.20318603515625,
            "timestamp": 1958
        },
        {
            "dx": 0,
            "dy": 0,
            "timestamp": 1959
        }
    ],
    [
        {
            "dx": 239.78196716308594,
            "dy": 133.60018920898438,
            "timestamp": 0
        },
        {
            "dx": 238.5454559326172,
            "dy": 131.74539184570312,
            "timestamp": 0
        },
        {
            "dx": 237.4545440673828,
            "dy": 129.92724609375,
            "timestamp": 0
        },
        {
            "dx": 236.3998565673828,
            "dy": 128.07281494140625,
            "timestamp": 0
        },
        {
            "dx": 235.3455352783203,
            "dy": 125.92724609375,
            "timestamp": 22
        },
        {
            "dx": 234.47267150878906,
            "dy": 123.96377563476562,
            "timestamp": 22
        },
        {
            "dx": 233.7091827392578,
            "dy": 122.10903930664062,
            "timestamp": 22
        },
        {
            "dx": 232.7635040283203,
            "dy": 119.38174438476562,
            "timestamp": 22
        },
        {
            "dx": 232.00001525878906,
            "dy": 116.76348876953125,
            "timestamp": 22
        },
        {
            "dx": 231.41831970214844,
            "dy": 113.92724609375,
            "timestamp": 23
        },
        {
            "dx": 231.0181121826172,
            "dy": 111.01812744140625,
            "timestamp": 46
        },
        {
            "dx": 230.6544952392578,
            "dy": 107.8909912109375,
            "timestamp": 46
        },
        {
            "dx": 230.6544952392578,
            "dy": 104.69107055664062,
            "timestamp": 46
        },
        {
            "dx": 230.72727966308594,
            "dy": 101.672607421875,
            "timestamp": 46
        },
        {
            "dx": 231.0181121826172,
            "dy": 98.76348876953125,
            "timestamp": 46
        },
        {
            "dx": 231.41831970214844,
            "dy": 95.92724609375,
            "timestamp": 68
        },
        {
            "dx": 231.78196716308594,
            "dy": 93.199951171875,
            "timestamp": 68
        },
        {
            "dx": 232.2908477783203,
            "dy": 90.76348876953125,
            "timestamp": 68
        },
        {
            "dx": 232.7635040283203,
            "dy": 88.61825561523438,
            "timestamp": 68
        },
        {
            "dx": 233.41831970214844,
            "dy": 86.69107055664062,
            "timestamp": 68
        },
        {
            "dx": 234.10902404785156,
            "dy": 85.12713623046875,
            "timestamp": 68
        },
        {
            "dx": 234.7635040283203,
            "dy": 83.672607421875,
            "timestamp": 90
        },
        {
            "dx": 235.4545440673828,
            "dy": 82.39990234375,
            "timestamp": 91
        },
        {
            "dx": 236.21803283691406,
            "dy": 81.52734375,
            "timestamp": 91
        },
        {
            "dx": 237.09092712402344,
            "dy": 80.727294921875,
            "timestamp": 91
        },
        {
            "dx": 238.14561462402344,
            "dy": 80.14559936523438,
            "timestamp": 91
        },
        {
            "dx": 239.0181121826172,
            "dy": 79.74539184570312,
            "timestamp": 111
        },
        {
            "dx": 239.30894470214844,
            "dy": 79.74539184570312,
            "timestamp": 111
        },
        {
            "dx": 239.4907684326172,
            "dy": 79.74539184570312,
            "timestamp": 111
        },
        {
            "dx": 239.89097595214844,
            "dy": 79.85440063476562,
            "timestamp": 111
        },
        {
            "dx": 241.0181121826172,
            "dy": 80.254638671875,
            "timestamp": 111
        },
        {
            "dx": 242.1818389892578,
            "dy": 80.8363037109375,
            "timestamp": 131
        },
        {
            "dx": 243.3455352783203,
            "dy": 81.52734375,
            "timestamp": 132
        },
        {
            "dx": 244.69105529785156,
            "dy": 82.69107055664062,
            "timestamp": 132
        },
        {
            "dx": 246.21803283691406,
            "dy": 84.254638671875,
            "timestamp": 132
        },
        {
            "dx": 247.56358337402344,
            "dy": 85.8909912109375,
            "timestamp": 132
        },
        {
            "dx": 248.5454559326172,
            "dy": 87.45458984375,
            "timestamp": 153
        },
        {
            "dx": 249.19993591308594,
            "dy": 89.199951171875,
            "timestamp": 153
        },
        {
            "dx": 249.7091827392578,
            "dy": 91.0546875,
            "timestamp": 154
        },
        {
            "dx": 249.78196716308594,
            "dy": 93.09091186523438,
            "timestamp": 154
        },
        {
            "dx": 249.78196716308594,
            "dy": 94.18182373046875,
            "timestamp": 154
        },
        {
            "dx": 249.4907684326172,
            "dy": 96.39990234375,
            "timestamp": 174
        },
        {
            "dx": 248.4364776611328,
            "dy": 99.63638305664062,
            "timestamp": 174
        },
        {
            "dx": 246.9818878173828,
            "dy": 103.01812744140625,
            "timestamp": 174
        },
        {
            "dx": 245.3455352783203,
            "dy": 106.14559936523438,
            "timestamp": 174
        },
        {
            "dx": 243.63636779785156,
            "dy": 109.56356811523438,
            "timestamp": 174
        },
        {
            "dx": 241.6001434326172,
            "dy": 112.69107055664062,
            "timestamp": 195
        },
        {
            "dx": 239.67259216308594,
            "dy": 115.781982421875,
            "timestamp": 195
        },
        {
            "dx": 237.4545440673828,
            "dy": 119.09091186523438,
            "timestamp": 195
        },
        {
            "dx": 235.27272033691406,
            "dy": 122.21804809570312,
            "timestamp": 195
        },
        {
            "dx": 232.94532775878906,
            "dy": 125.0546875,
            "timestamp": 195
        },
        {
            "dx": 230.14561462402344,
            "dy": 127.672607421875,
            "timestamp": 216
        },
        {
            "dx": 226.9818878173828,
            "dy": 130.10903930664062,
            "timestamp": 216
        },
        {
            "dx": 223.89097595214844,
            "dy": 132.03622436523438,
            "timestamp": 216
        },
        {
            "dx": 220.9091339111328,
            "dy": 133.8909912109375,
            "timestamp": 216
        },
        {
            "dx": 218.3998565673828,
            "dy": 135.45458984375,
            "timestamp": 216
        },
        {
            "dx": 215.9272003173828,
            "dy": 137.01815795898438,
            "timestamp": 216
        },
        {
            "dx": 213.2365264892578,
            "dy": 138.3636474609375,
            "timestamp": 250
        },
        {
            "dx": 210.61827087402344,
            "dy": 139.56356811523438,
            "timestamp": 250
        },
        {
            "dx": 207.8181915283203,
            "dy": 140.43643188476562,
            "timestamp": 250
        },
        {
            "dx": 205.12713623046875,
            "dy": 141.199951171875,
            "timestamp": 250
        },
        {
            "dx": 202.61825561523438,
            "dy": 141.8909912109375,
            "timestamp": 250
        },
        {
            "dx": 199.9272003173828,
            "dy": 142.29086303710938,
            "timestamp": 250
        },
        {
            "dx": 197.63636779785156,
            "dy": 142.65447998046875,
            "timestamp": 250
        },
        {
            "dx": 195.41835021972656,
            "dy": 142.9453125,
            "timestamp": 250
        },
        {
            "dx": 193.4907684326172,
            "dy": 143.16372680664062,
            "timestamp": 271
        },
        {
            "dx": 191.56356811523438,
            "dy": 143.16372680664062,
            "timestamp": 271
        },
        {
            "dx": 189.74539184570312,
            "dy": 143.16372680664062,
            "timestamp": 271
        },
        {
            "dx": 188.18182373046875,
            "dy": 143.16372680664062,
            "timestamp": 271
        },
        {
            "dx": 186.7635040283203,
            "dy": 143.16372680664062,
            "timestamp": 271
        },
        {
            "dx": 185.70916748046875,
            "dy": 143.16372680664062,
            "timestamp": 294
        },
        {
            "dx": 185.6001434326172,
            "dy": 143.16372680664062,
            "timestamp": 294
        },
        {
            "dx": 185.4907684326172,
            "dy": 143.16372680664062,
            "timestamp": 294
        },
        {
            "dx": 185.41835021972656,
            "dy": 143.16372680664062,
            "timestamp": 294
        },
        {
            "dx": 185.19993591308594,
            "dy": 143.16372680664062,
            "timestamp": 294
        },
        {
            "dx": 185.0181121826172,
            "dy": 143.16372680664062,
            "timestamp": 294
        },
        {
            "dx": 184.83631896972656,
            "dy": 143.16372680664062,
            "timestamp": 316
        },
        {
            "dx": 184.43646240234375,
            "dy": 143.34555053710938,
            "timestamp": 316
        },
        {
            "dx": 183.96380615234375,
            "dy": 143.74539184570312,
            "timestamp": 316
        },
        {
            "dx": 183.38177490234375,
            "dy": 144.32742309570312,
            "timestamp": 317
        },
        {
            "dx": 182.61825561523438,
            "dy": 145.3089599609375,
            "timestamp": 317
        },
        {
            "dx": 181.85443115234375,
            "dy": 146.254638671875,
            "timestamp": 342
        },
        {
            "dx": 181.27273559570312,
            "dy": 147.34555053710938,
            "timestamp": 342
        },
        {
            "dx": 180.69105529785156,
            "dy": 148.50927734375,
            "timestamp": 342
        },
        {
            "dx": 180.21804809570312,
            "dy": 149.56356811523438,
            "timestamp": 342
        },
        {
            "dx": 179.74539184570312,
            "dy": 150.76351928710938,
            "timestamp": 342
        },
        {
            "dx": 179.0546875,
            "dy": 152,
            "timestamp": 343
        },
        {
            "dx": 178.3998565673828,
            "dy": 153.38174438476562,
            "timestamp": 365
        },
        {
            "dx": 177.52734375,
            "dy": 154.8363037109375,
            "timestamp": 366
        },
        {
            "dx": 176.5454559326172,
            "dy": 156.50927734375,
            "timestamp": 366
        },
        {
            "dx": 175.6001434326172,
            "dy": 157.85440063476562,
            "timestamp": 366
        },
        {
            "dx": 174.43646240234375,
            "dy": 159.70916748046875,
            "timestamp": 366
        },
        {
            "dx": 172.9818878173828,
            "dy": 161.34555053710938,
            "timestamp": 366
        },
        {
            "dx": 171.56356811523438,
            "dy": 162.90908813476562,
            "timestamp": 389
        },
        {
            "dx": 170.21804809570312,
            "dy": 164.29086303710938,
            "timestamp": 390
        },
        {
            "dx": 168.9453125,
            "dy": 165.34555053710938,
            "timestamp": 390
        },
        {
            "dx": 167.30897521972656,
            "dy": 166.80007934570312,
            "timestamp": 390
        },
        {
            "dx": 165.6001434326172,
            "dy": 168.07284545898438,
            "timestamp": 390
        },
        {
            "dx": 163.85443115234375,
            "dy": 169.23651123046875,
            "timestamp": 390
        },
        {
            "dx": 161.9272003173828,
            "dy": 170.39990234375,
            "timestamp": 410
        },
        {
            "dx": 159.8181915283203,
            "dy": 171.38174438476562,
            "timestamp": 410
        },
        {
            "dx": 157.78196716308594,
            "dy": 172.3636474609375,
            "timestamp": 410
        },
        {
            "dx": 155.67259216308594,
            "dy": 173.12713623046875,
            "timestamp": 411
        },
        {
            "dx": 153.4545440673828,
            "dy": 173.74539184570312,
            "timestamp": 411
        },
        {
            "dx": 150.65447998046875,
            "dy": 174.39990234375,
            "timestamp": 430
        },
        {
            "dx": 148.47265625,
            "dy": 174.69107055664062,
            "timestamp": 431
        },
        {
            "dx": 146.14559936523438,
            "dy": 174.90908813476562,
            "timestamp": 431
        },
        {
            "dx": 143.96377563476562,
            "dy": 174.90908813476562,
            "timestamp": 431
        },
        {
            "dx": 141.85440063476562,
            "dy": 174.90908813476562,
            "timestamp": 431
        },
        {
            "dx": 140.9818878173828,
            "dy": 174.80007934570312,
            "timestamp": 452
        },
        {
            "dx": 139.63636779785156,
            "dy": 174.61825561523438,
            "timestamp": 452
        },
        {
            "dx": 137.52734375,
            "dy": 174.10903930664062,
            "timestamp": 452
        },
        {
            "dx": 135.2365264892578,
            "dy": 173.4183349609375,
            "timestamp": 452
        },
        {
            "dx": 132.90908813476562,
            "dy": 172.47265625,
            "timestamp": 471
        },
        {
            "dx": 130.80007934570312,
            "dy": 171.49081420898438,
            "timestamp": 471
        },
        {
            "dx": 128.80007934570312,
            "dy": 170.50927734375,
            "timestamp": 471
        },
        {
            "dx": 127.16371154785156,
            "dy": 169.63638305664062,
            "timestamp": 471
        },
        {
            "dx": 125.63636779785156,
            "dy": 168.65447998046875,
            "timestamp": 471
        },
        {
            "dx": 124.18183898925781,
            "dy": 167.60018920898438,
            "timestamp": 471
        },
        {
            "dx": 122.18183898925781,
            "dy": 165.85440063476562,
            "timestamp": 489
        },
        {
            "dx": 120.47265625,
            "dy": 164.29086303710938,
            "timestamp": 489
        },
        {
            "dx": 118.90908813476562,
            "dy": 162.727294921875,
            "timestamp": 489
        },
        {
            "dx": 117.49076843261719,
            "dy": 161.0546875,
            "timestamp": 489
        },
        {
            "dx": 116.14559936523438,
            "dy": 159.52734375,
            "timestamp": 506
        },
        {
            "dx": 115.27273559570312,
            "dy": 158.254638671875,
            "timestamp": 506
        },
        {
            "dx": 114.43643188476562,
            "dy": 156.80007934570312,
            "timestamp": 506
        },
        {
            "dx": 113.38174438476562,
            "dy": 154.9453125,
            "timestamp": 506
        },
        {
            "dx": 112.32742309570312,
            "dy": 152.87289428710938,
            "timestamp": 506
        },
        {
            "dx": 111.0546875,
            "dy": 150.65447998046875,
            "timestamp": 522
        },
        {
            "dx": 110.10902404785156,
            "dy": 148.39990234375,
            "timestamp": 522
        },
        {
            "dx": 109.23652648925781,
            "dy": 146.07284545898438,
            "timestamp": 523
        },
        {
            "dx": 107.89097595214844,
            "dy": 142.9453125,
            "timestamp": 523
        },
        {
            "dx": 106.54545593261719,
            "dy": 139.92724609375,
            "timestamp": 538
        },
        {
            "dx": 105.41831970214844,
            "dy": 136.90908813476562,
            "timestamp": 538
        },
        {
            "dx": 104.43643188476562,
            "dy": 133.81820678710938,
            "timestamp": 538
        },
        {
            "dx": 103.38174438476562,
            "dy": 130.50927734375,
            "timestamp": 539
        },
        {
            "dx": 102.25462341308594,
            "dy": 127.09091186523438,
            "timestamp": 556
        },
        {
            "dx": 101.38174438476562,
            "dy": 123.672607421875,
            "timestamp": 556
        },
        {
            "dx": 100.21804809570312,
            "dy": 119.38174438476562,
            "timestamp": 556
        },
        {
            "dx": 99.38174438476562,
            "dy": 115.60015869140625,
            "timestamp": 556
        },
        {
            "dx": 98.50923156738281,
            "dy": 112.29083251953125,
            "timestamp": 570
        },
        {
            "dx": 97.63636779785156,
            "dy": 108.98193359375,
            "timestamp": 570
        },
        {
            "dx": 96.47265625,
            "dy": 105.45458984375,
            "timestamp": 570
        },
        {
            "dx": 95.41831970214844,
            "dy": 102.07281494140625,
            "timestamp": 585
        },
        {
            "dx": 94.58168029785156,
            "dy": 99.12713623046875,
            "timestamp": 585
        },
        {
            "dx": 93.60014343261719,
            "dy": 96.61825561523438,
            "timestamp": 585
        },
        {
            "dx": 92.76350402832031,
            "dy": 94.18182373046875,
            "timestamp": 585
        },
        {
            "dx": 91.89097595214844,
            "dy": 92.21804809570312,
            "timestamp": 601
        },
        {
            "dx": 91.12715148925781,
            "dy": 90.3636474609375,
            "timestamp": 601
        },
        {
            "dx": 90.14559936523438,
            "dy": 88.90908813476562,
            "timestamp": 601
        },
        {
            "dx": 89.96377563476562,
            "dy": 88.43643188476562,
            "timestamp": 601
        },
        {
            "dx": 89.89097595214844,
            "dy": 88.03622436523438,
            "timestamp": 617
        },
        {
            "dx": 89.67259216308594,
            "dy": 87.63638305664062,
            "timestamp": 617
        },
        {
            "dx": 89.49076843261719,
            "dy": 87.34552001953125,
            "timestamp": 617
        },
        {
            "dx": 89.38174438476562,
            "dy": 87.27273559570312,
            "timestamp": 617
        },
        {
            "dx": 89.38174438476562,
            "dy": 87.45458984375,
            "timestamp": 651
        },
        {
            "dx": 89.38174438476562,
            "dy": 87.85440063476562,
            "timestamp": 651
        },
        {
            "dx": 89.49076843261719,
            "dy": 88.50927734375,
            "timestamp": 651
        },
        {
            "dx": 89.89097595214844,
            "dy": 89.70916748046875,
            "timestamp": 651
        },
        {
            "dx": 90.14559936523438,
            "dy": 90.9453125,
            "timestamp": 673
        },
        {
            "dx": 90.43643188476562,
            "dy": 92.32742309570312,
            "timestamp": 673
        },
        {
            "dx": 90.83628845214844,
            "dy": 93.96377563476562,
            "timestamp": 674
        },
        {
            "dx": 91.49076843261719,
            "dy": 96.21804809570312,
            "timestamp": 674
        },
        {
            "dx": 92.65449523925781,
            "dy": 98.65447998046875,
            "timestamp": 674
        },
        {
            "dx": 93.81819152832031,
            "dy": 100.90908813476562,
            "timestamp": 674
        },
        {
            "dx": 94.76350402832031,
            "dy": 103.12713623046875,
            "timestamp": 699
        },
        {
            "dx": 95.81819152832031,
            "dy": 105.56356811523438,
            "timestamp": 700
        },
        {
            "dx": 96.98188781738281,
            "dy": 107.8909912109375,
            "timestamp": 700
        },
        {
            "dx": 98.32742309570312,
            "dy": 110.61825561523438,
            "timestamp": 700
        },
        {
            "dx": 99.63636779785156,
            "dy": 113.16372680664062,
            "timestamp": 700
        },
        {
            "dx": 101.09091186523438,
            "dy": 116,
            "timestamp": 700
        },
        {
            "dx": 102.61825561523438,
            "dy": 119.09091186523438,
            "timestamp": 727
        },
        {
            "dx": 104.36363220214844,
            "dy": 122.50927734375,
            "timestamp": 727
        },
        {
            "dx": 106.07279968261719,
            "dy": 125.81817626953125,
            "timestamp": 728
        },
        {
            "dx": 107.81819152832031,
            "dy": 129.60015869140625,
            "timestamp": 728
        },
        {
            "dx": 109.52734375,
            "dy": 133.3089599609375,
            "timestamp": 728
        },
        {
            "dx": 111.16371154785156,
            "dy": 137.12713623046875,
            "timestamp": 728
        },
        {
            "dx": 112.69105529785156,
            "dy": 140.90908813476562,
            "timestamp": 755
        },
        {
            "dx": 114.21804809570312,
            "dy": 145.01815795898438,
            "timestamp": 755
        },
        {
            "dx": 115.74539184570312,
            "dy": 148.98193359375,
            "timestamp": 755
        },
        {
            "dx": 117.199951171875,
            "dy": 152.80007934570312,
            "timestamp": 755
        },
        {
            "dx": 119.49076843261719,
            "dy": 157.45458984375,
            "timestamp": 755
        },
        {
            "dx": 121.52734375,
            "dy": 161.96377563476562,
            "timestamp": 755
        },
        {
            "dx": 123.70918273925781,
            "dy": 166.43643188476562,
            "timestamp": 755
        },
        {
            "dx": 125.63636779785156,
            "dy": 170.80007934570312,
            "timestamp": 777
        },
        {
            "dx": 127.63636779785156,
            "dy": 174.98193359375,
            "timestamp": 777
        },
        {
            "dx": 129.4907684326172,
            "dy": 179.09091186523438,
            "timestamp": 777
        },
        {
            "dx": 131.199951171875,
            "dy": 183.38174438476562,
            "timestamp": 778
        },
        {
            "dx": 132.727294921875,
            "dy": 187.85440063476562,
            "timestamp": 778
        },
        {
            "dx": 134.1818389892578,
            "dy": 192.61825561523438,
            "timestamp": 778
        },
        {
            "dx": 135.7091827392578,
            "dy": 197.38174438476562,
            "timestamp": 797
        },
        {
            "dx": 137.1271514892578,
            "dy": 201.781982421875,
            "timestamp": 797
        },
        {
            "dx": 138.2908477783203,
            "dy": 206.07281494140625,
            "timestamp": 798
        },
        {
            "dx": 139.4545440673828,
            "dy": 210.254638671875,
            "timestamp": 798
        },
        {
            "dx": 140.58168029785156,
            "dy": 214.43643188476562,
            "timestamp": 798
        },
        {
            "dx": 141.3455352783203,
            "dy": 218.50924682617188,
            "timestamp": 816
        },
        {
            "dx": 141.9272003173828,
            "dy": 222.32742309570312,
            "timestamp": 817
        },
        {
            "dx": 142.32742309570312,
            "dy": 225.8182373046875,
            "timestamp": 817
        },
        {
            "dx": 142.61825561523438,
            "dy": 229.12713623046875,
            "timestamp": 817
        },
        {
            "dx": 142.80007934570312,
            "dy": 232.14559936523438,
            "timestamp": 817
        },
        {
            "dx": 142.90908813476562,
            "dy": 235.27273559570312,
            "timestamp": 836
        },
        {
            "dx": 142.90908813476562,
            "dy": 236.43649291992188,
            "timestamp": 836
        },
        {
            "dx": 142.90908813476562,
            "dy": 238.39987182617188,
            "timestamp": 837
        },
        {
            "dx": 142.69105529785156,
            "dy": 241.49078369140625,
            "timestamp": 837
        },
        {
            "dx": 142.3998565673828,
            "dy": 244.43649291992188,
            "timestamp": 857
        },
        {
            "dx": 141.9272003173828,
            "dy": 247.3455810546875,
            "timestamp": 857
        },
        {
            "dx": 141.3455352783203,
            "dy": 249.96383666992188,
            "timestamp": 857
        },
        {
            "dx": 140.80007934570312,
            "dy": 252.50924682617188,
            "timestamp": 857
        },
        {
            "dx": 140.03622436523438,
            "dy": 254.43649291992188,
            "timestamp": 857
        },
        {
            "dx": 139.0546875,
            "dy": 256.2908935546875,
            "timestamp": 876
        },
        {
            "dx": 138,
            "dy": 258.254638671875,
            "timestamp": 876
        },
        {
            "dx": 136.7635040283203,
            "dy": 260.18182373046875,
            "timestamp": 876
        },
        {
            "dx": 135.4183349609375,
            "dy": 261.8544616699219,
            "timestamp": 877
        },
        {
            "dx": 133.96377563476562,
            "dy": 263.4183349609375,
            "timestamp": 877
        },
        {
            "dx": 132.0727996826172,
            "dy": 265.0546875,
            "timestamp": 895
        },
        {
            "dx": 130.03622436523438,
            "dy": 266.5092468261719,
            "timestamp": 895
        },
        {
            "dx": 128.03622436523438,
            "dy": 267.781982421875,
            "timestamp": 895
        },
        {
            "dx": 125.74539184570312,
            "dy": 268.7635498046875,
            "timestamp": 895
        },
        {
            "dx": 123.4183349609375,
            "dy": 269.6363830566406,
            "timestamp": 895
        },
        {
            "dx": 120.9453125,
            "dy": 270.3274230957031,
            "timestamp": 915
        },
        {
            "dx": 118.43643188476562,
            "dy": 270.9091491699219,
            "timestamp": 915
        },
        {
            "dx": 115.85440063476562,
            "dy": 271.3818054199219,
            "timestamp": 915
        },
        {
            "dx": 112.80007934570312,
            "dy": 271.672607421875,
            "timestamp": 916
        },
        {
            "dx": 109.63636779785156,
            "dy": 271.781982421875,
            "timestamp": 916
        },
        {
            "dx": 106.54545593261719,
            "dy": 271.672607421875,
            "timestamp": 934
        },
        {
            "dx": 102.43643188476562,
            "dy": 271.199951171875,
            "timestamp": 935
        },
        {
            "dx": 98.58168029785156,
            "dy": 270.4364929199219,
            "timestamp": 935
        },
        {
            "dx": 94.9453125,
            "dy": 269.4545593261719,
            "timestamp": 935
        },
        {
            "dx": 91.49076843261719,
            "dy": 268.3636474609375,
            "timestamp": 954
        },
        {
            "dx": 88.32742309570312,
            "dy": 267.199951171875,
            "timestamp": 955
        },
        {
            "dx": 84.69105529785156,
            "dy": 265.9272155761719,
            "timestamp": 955
        },
        {
            "dx": 80.29084014892578,
            "dy": 264.2908935546875,
            "timestamp": 955
        },
        {
            "dx": 76.43644714355469,
            "dy": 262.727294921875,
            "timestamp": 955
        },
        {
            "dx": 73.09091186523438,
            "dy": 261.1637268066406,
            "timestamp": 973
        },
        {
            "dx": 70.03622436523438,
            "dy": 259.4183349609375,
            "timestamp": 973
        },
        {
            "dx": 67.81818389892578,
            "dy": 257.7453918457031,
            "timestamp": 973
        },
        {
            "dx": 65.41832733154297,
            "dy": 255.60015869140625,
            "timestamp": 973
        },
        {
            "dx": 63.01811218261719,
            "dy": 253.09091186523438,
            "timestamp": 973
        },
        {
            "dx": 60.327415466308594,
            "dy": 250.254638671875,
            "timestamp": 989
        },
        {
            "dx": 57.745384216308594,
            "dy": 247.45455932617188,
            "timestamp": 990
        },
        {
            "dx": 55.45454406738281,
            "dy": 244.50924682617188,
            "timestamp": 990
        },
        {
            "dx": 53.52734375,
            "dy": 241.3089599609375,
            "timestamp": 990
        },
        {
            "dx": 51.89098358154297,
            "dy": 238,
            "timestamp": 1006
        },
        {
            "dx": 50.47265625,
            "dy": 234.47265625,
            "timestamp": 1006
        },
        {
            "dx": 49.23650360107422,
            "dy": 230.58169555664062,
            "timestamp": 1006
        },
        {
            "dx": 48.18181610107422,
            "dy": 226.50924682617188,
            "timestamp": 1006
        },
        {
            "dx": 47.30895233154297,
            "dy": 221.8182373046875,
            "timestamp": 1022
        },
        {
            "dx": 46.436439514160156,
            "dy": 217.0546875,
            "timestamp": 1022
        },
        {
            "dx": 45.854408264160156,
            "dy": 211.8909912109375,
            "timestamp": 1022
        },
        {
            "dx": 46.145606994628906,
            "dy": 206.727294921875,
            "timestamp": 1022
        },
        {
            "dx": 46.54545593261719,
            "dy": 201.27273559570312,
            "timestamp": 1039
        },
        {
            "dx": 47.38175964355469,
            "dy": 194.65447998046875,
            "timestamp": 1039
        },
        {
            "dx": 48.07279968261719,
            "dy": 188.03622436523438,
            "timestamp": 1039
        },
        {
            "dx": 50.47265625,
            "dy": 180.43643188476562,
            "timestamp": 1040
        },
        {
            "dx": 53.81818389892578,
            "dy": 173.0546875,
            "timestamp": 1057
        },
        {
            "dx": 56.39985656738281,
            "dy": 166.03622436523438,
            "timestamp": 1057
        },
        {
            "dx": 58.727272033691406,
            "dy": 159.23651123046875,
            "timestamp": 1057
        },
        {
            "dx": 0,
            "dy": 0,
            "timestamp": 1058
        },
        {
            "dx": 147.78196716308594,
            "dy": 121.16372680664062,
            "timestamp": 1302
        },
        {
            "dx": 149.23651123046875,
            "dy": 121.45458984375,
            "timestamp": 1302
        },
        {
            "dx": 150.36366271972656,
            "dy": 121.63638305664062,
            "timestamp": 1336
        },
        {
            "dx": 152,
            "dy": 121.63638305664062,
            "timestamp": 1336
        },
        {
            "dx": 153.16371154785156,
            "dy": 121.45458984375,
            "timestamp": 1336
        },
        {
            "dx": 154.5092315673828,
            "dy": 121.16372680664062,
            "timestamp": 1336
        },
        {
            "dx": 156.0727996826172,
            "dy": 120.65447998046875,
            "timestamp": 1337
        },
        {
            "dx": 157.6001434326172,
            "dy": 120.07281494140625,
            "timestamp": 1337
        },
        {
            "dx": 159.0546875,
            "dy": 119.49078369140625,
            "timestamp": 1337
        },
        {
            "dx": 160.3998565673828,
            "dy": 118.90908813476562,
            "timestamp": 1337
        },
        {
            "dx": 161.63636779785156,
            "dy": 118.32742309570312,
            "timestamp": 1365
        },
        {
            "dx": 162.69105529785156,
            "dy": 117.81817626953125,
            "timestamp": 1365
        },
        {
            "dx": 163.67259216308594,
            "dy": 117.34552001953125,
            "timestamp": 1365
        },
        {
            "dx": 164.21804809570312,
            "dy": 116.87286376953125,
            "timestamp": 1365
        },
        {
            "dx": 164.80007934570312,
            "dy": 116.65447998046875,
            "timestamp": 1365
        },
        {
            "dx": 165.30897521972656,
            "dy": 116.29083251953125,
            "timestamp": 1365
        },
        {
            "dx": 165.85443115234375,
            "dy": 116.07281494140625,
            "timestamp": 1385
        },
        {
            "dx": 166.36366271972656,
            "dy": 116,
            "timestamp": 1385
        },
        {
            "dx": 166.72727966308594,
            "dy": 115.8909912109375,
            "timestamp": 1385
        },
        {
            "dx": 167.0181121826172,
            "dy": 115.8909912109375,
            "timestamp": 1385
        },
        {
            "dx": 167.6001434326172,
            "dy": 115.8909912109375,
            "timestamp": 1385
        },
        {
            "dx": 168,
            "dy": 115.8909912109375,
            "timestamp": 1385
        },
        {
            "dx": 168.36366271972656,
            "dy": 115.8909912109375,
            "timestamp": 1407
        },
        {
            "dx": 168.65447998046875,
            "dy": 115.8909912109375,
            "timestamp": 1407
        },
        {
            "dx": 168.8728790283203,
            "dy": 115.8909912109375,
            "timestamp": 1407
        },
        {
            "dx": 169.23651123046875,
            "dy": 115.8909912109375,
            "timestamp": 1407
        },
        {
            "dx": 169.63636779785156,
            "dy": 115.8909912109375,
            "timestamp": 1407
        },
        {
            "dx": 170.58168029785156,
            "dy": 116.07281494140625,
            "timestamp": 1427
        },
        {
            "dx": 171.63636779785156,
            "dy": 116.3636474609375,
            "timestamp": 1428
        },
        {
            "dx": 172.61825561523438,
            "dy": 116.65447998046875,
            "timestamp": 1428
        },
        {
            "dx": 173.74539184570312,
            "dy": 117.23651123046875,
            "timestamp": 1428
        },
        {
            "dx": 174.90911865234375,
            "dy": 117.81817626953125,
            "timestamp": 1428
        },
        {
            "dx": 176.25462341308594,
            "dy": 118.61825561523438,
            "timestamp": 1448
        },
        {
            "dx": 177.6001434326172,
            "dy": 119.49078369140625,
            "timestamp": 1448
        },
        {
            "dx": 179.63636779785156,
            "dy": 120.54547119140625,
            "timestamp": 1448
        },
        {
            "dx": 181.63636779785156,
            "dy": 121.63638305664062,
            "timestamp": 1448
        },
        {
            "dx": 183.78196716308594,
            "dy": 122.69107055664062,
            "timestamp": 1448
        },
        {
            "dx": 186.18182373046875,
            "dy": 123.781982421875,
            "timestamp": 1469
        },
        {
            "dx": 188.3998565673828,
            "dy": 124.8363037109375,
            "timestamp": 1470
        },
        {
            "dx": 0,
            "dy": 0,
            "timestamp": 1470
        },
        {
            "dx": 211.8544464111328,
            "dy": 69.34552001953125,
            "timestamp": 1706
        },
        {
            "dx": 213.6001434326172,
            "dy": 69.23651123046875,
            "timestamp": 1707
        },
        {
            "dx": 216.10902404785156,
            "dy": 69.16372680664062,
            "timestamp": 1708
        },
        {
            "dx": 217.9272003173828,
            "dy": 68.87286376953125,
            "timestamp": 1708
        },
        {
            "dx": 220.4364776611328,
            "dy": 68.3636474609375,
            "timestamp": 1708
        },
        {
            "dx": 222.47267150878906,
            "dy": 67.8909912109375,
            "timestamp": 1755
        },
        {
            "dx": 224.10902404785156,
            "dy": 67.49078369140625,
            "timestamp": 1756
        },
        {
            "dx": 225.8181915283203,
            "dy": 67.01812744140625,
            "timestamp": 1756
        },
        {
            "dx": 227.09092712402344,
            "dy": 66.61825561523438,
            "timestamp": 1756
        },
        {
            "dx": 227.74537658691406,
            "dy": 66.43643188476562,
            "timestamp": 1756
        },
        {
            "dx": 228.5092315673828,
            "dy": 66.21804809570312,
            "timestamp": 1756
        },
        {
            "dx": 229.4907684326172,
            "dy": 65.85440063476562,
            "timestamp": 1756
        },
        {
            "dx": 230.36363220214844,
            "dy": 65.45458984375,
            "timestamp": 1756
        },
        {
            "dx": 231.0181121826172,
            "dy": 65.27273559570312,
            "timestamp": 1756
        },
        {
            "dx": 231.41831970214844,
            "dy": 65.16372680664062,
            "timestamp": 1757
        },
        {
            "dx": 231.78196716308594,
            "dy": 65.0546875,
            "timestamp": 1757
        },
        {
            "dx": 232.1818389892578,
            "dy": 64.9453125,
            "timestamp": 1757
        },
        {
            "dx": 232.47267150878906,
            "dy": 64.9453125,
            "timestamp": 1757
        },
        {
            "dx": 232.7635040283203,
            "dy": 64.9453125,
            "timestamp": 1758
        },
        {
            "dx": 233.05470275878906,
            "dy": 64.9453125,
            "timestamp": 1790
        },
        {
            "dx": 233.2365264892578,
            "dy": 64.9453125,
            "timestamp": 1790
        },
        {
            "dx": 233.3455352783203,
            "dy": 64.9453125,
            "timestamp": 1790
        },
        {
            "dx": 233.41831970214844,
            "dy": 64.9453125,
            "timestamp": 1790
        },
        {
            "dx": 233.63636779785156,
            "dy": 64.9453125,
            "timestamp": 1790
        },
        {
            "dx": 233.9272003173828,
            "dy": 65.0546875,
            "timestamp": 1790
        },
        {
            "dx": 234.3998565673828,
            "dy": 65.16372680664062,
            "timestamp": 1812
        },
        {
            "dx": 235.3455352783203,
            "dy": 65.56356811523438,
            "timestamp": 1813
        },
        {
            "dx": 236.61827087402344,
            "dy": 66.14559936523438,
            "timestamp": 1813
        },
        {
            "dx": 237.9638214111328,
            "dy": 66.90908813476562,
            "timestamp": 1813
        },
        {
            "dx": 239.67259216308594,
            "dy": 68.07281494140625,
            "timestamp": 1813
        },
        {
            "dx": 241.2365264892578,
            "dy": 69.34552001953125,
            "timestamp": 1813
        },
        {
            "dx": 243.4545440673828,
            "dy": 71.01812744140625,
            "timestamp": 1835
        },
        {
            "dx": 245.74537658691406,
            "dy": 73.12713623046875,
            "timestamp": 1835
        },
        {
            "dx": 247.8544464111328,
            "dy": 75.27273559570312,
            "timestamp": 1835
        },
        {
            "dx": 249.4907684326172,
            "dy": 77.63638305664062,
            "timestamp": 1836
        },
        {
            "dx": 251.41831970214844,
            "dy": 80.254638671875,
            "timestamp": 1836
        },
        {
            "dx": 0,
            "dy": 0,
            "timestamp": 1856
        }
    ]
]