[
    [
        {
            "dx": 223.64772033691406,
            "dy": 113.80926513671875,
            "timestamp": 0
        },
        {
            "dx": 223.64772033691406,
            "dy": 113.80926513671875,
            "timestamp": 51
        },
        {
            "dx": 223.64772033691406,
            "dy": 113.80926513671875,
            "timestamp": 68
        },
        {
            "dx": 222.64910888671875,
            "dy": 112.80987548828125,
            "timestamp": 84
        },
        {
            "dx": 222.14979553222656,
            "dy": 111.81048583984375,
            "timestamp": 93
        },
        {
            "dx": 220.15257263183594,
            "dy": 109.31201171875,
            "timestamp": 101
        },
        {
            "dx": 218.65464782714844,
            "dy": 106.81353759765625,
            "timestamp": 109
        },
        {
            "dx": 216.15811157226562,
            "dy": 102.31625366210938,
            "timestamp": 118
        },
        {
            "dx": 213.66159057617188,
            "dy": 98.31869506835938,
            "timestamp": 127
        },
        {
            "dx": 211.16505432128906,
            "dy": 93.32174682617188,
            "timestamp": 135
        },
        {
            "dx": 209.16783142089844,
            "dy": 88.82449340820312,
            "timestamp": 143
        },
        {
            "dx": 207.66990661621094,
            "dy": 83.82754516601562,
            "timestamp": 151
        },
        {
            "dx": 206.67129516601562,
            "dy": 79.33029174804688,
            "timestamp": 160
        },
        {
            "dx": 206.17198181152344,
            "dy": 75.83242797851562,
            "timestamp": 168
        },
        {
            "dx": 206.17198181152344,
            "dy": 72.834228515625,
            "timestamp": 176
        },
        {
            "dx": 206.67129516601562,
            "dy": 69.8360595703125,
            "timestamp": 185
        },
        {
            "dx": 207.1706085205078,
            "dy": 66.837890625,
            "timestamp": 193
        },
        {
            "dx": 208.16921997070312,
            "dy": 63.8397216796875,
            "timestamp": 201
        },
        {
            "dx": 209.16783142089844,
            "dy": 61.34124755859375,
            "timestamp": 210
        },
        {
            "dx": 210.66574096679688,
            "dy": 58.8427734375,
            "timestamp": 218
        },
        {
            "dx": 212.16366577148438,
            "dy": 56.843994140625,
            "timestamp": 227
        },
        {
            "dx": 213.66159057617188,
            "dy": 55.34490966796875,
            "timestamp": 235
        },
        {
            "dx": 215.6588134765625,
            "dy": 53.8458251953125,
            "timestamp": 244
        },
        {
            "dx": 217.65603637695312,
            "dy": 52.34674072265625,
            "timestamp": 252
        },
        {
            "dx": 220.15257263183594,
            "dy": 51.34735107421875,
            "timestamp": 260
        },
        {
            "dx": 222.14979553222656,
            "dy": 50.84765625,
            "timestamp": 268
        },
        {
            "dx": 224.64633178710938,
            "dy": 50.34796142578125,
            "timestamp": 277
        },
        {
            "dx": 226.6435546875,
            "dy": 50.34796142578125,
            "timestamp": 285
        },
        {
            "dx": 229.14007568359375,
            "dy": 50.34796142578125,
            "timestamp": 294
        },
        {
            "dx": 231.63662719726562,
            "dy": 51.34735107421875,
            "timestamp": 302
        },
        {
            "dx": 234.6324462890625,
            "dy": 52.34674072265625,
            "timestamp": 310
        },
        {
            "dx": 237.12899780273438,
            "dy": 53.8458251953125,
            "timestamp": 319
        },
        {
            "dx": 239.62551879882812,
            "dy": 55.34490966796875,
            "timestamp": 327
        },
        {
            "dx": 241.62274169921875,
            "dy": 56.843994140625,
            "timestamp": 335
        },
        {
            "dx": 244.11929321289062,
            "dy": 58.34307861328125,
            "timestamp": 344
        },
        {
            "dx": 245.61721801757812,
            "dy": 60.34185791015625,
            "timestamp": 352
        },
        {
            "dx": 247.1151123046875,
            "dy": 62.34063720703125,
            "timestamp": 360
        },
        {
            "dx": 248.11373901367188,
            "dy": 64.33941650390625,
            "timestamp": 368
        },
        {
            "dx": 249.11233520507812,
            "dy": 66.33819580078125,
            "timestamp": 378
        },
        {
            "dx": 249.61166381835938,
            "dy": 68.33697509765625,
            "timestamp": 385
        },
        {
            "dx": 250.61026000976562,
            "dy": 70.83544921875,
            "timestamp": 394
        },
        {
            "dx": 250.61026000976562,
            "dy": 72.834228515625,
            "timestamp": 402
        },
        {
            "dx": 251.10958862304688,
            "dy": 74.83303833007812,
            "timestamp": 410
        },
        {
            "dx": 250.61026000976562,
            "dy": 76.83181762695312,
            "timestamp": 419
        },
        {
            "dx": 250.61026000976562,
            "dy": 79.33029174804688,
            "timestamp": 427
        },
        {
            "dx": 249.61166381835938,
            "dy": 81.82876586914062,
            "timestamp": 436
        },
        {
            "dx": 248.613037109375,
            "dy": 84.32723999023438,
            "timestamp": 444
        },
        {
            "dx": 247.1151123046875,
            "dy": 86.82571411132812,
            "timestamp": 452
        },
        {
            "dx": 245.61721801757812,
            "dy": 89.32418823242188,
            "timestamp": 461
        },
        {
            "dx": 243.61996459960938,
            "dy": 90.82327270507812,
            "timestamp": 469
        },
        {
            "dx": 241.62274169921875,
            "dy": 93.32174682617188,
            "timestamp": 478
        },
        {
            "dx": 238.12759399414062,
            "dy": 95.32052612304688,
            "timestamp": 486
        },
        {
            "dx": 234.6324462890625,
            "dy": 97.81900024414062,
            "timestamp": 494
        },
        {
            "dx": 229.639404296875,
            "dy": 100.31747436523438,
            "timestamp": 502
        },
        {
            "dx": 224.64633178710938,
            "dy": 103.31564331054688,
            "timestamp": 511
        },
        {
            "dx": 218.65464782714844,
            "dy": 105.81414794921875,
            "timestamp": 519
        },
        {
            "dx": 212.66297912597656,
            "dy": 108.3126220703125,
            "timestamp": 528
        },
        {
            "dx": 206.67129516601562,
            "dy": 109.81170654296875,
            "timestamp": 536
        },
        {
            "dx": 201.17892456054688,
            "dy": 111.81048583984375,
            "timestamp": 545
        },
        {
            "dx": 195.68655395507812,
            "dy": 112.80987548828125,
            "timestamp": 553
        },
        {
            "dx": 190.6934814453125,
            "dy": 113.80926513671875,
            "timestamp": 561
        },
        {
            "dx": 185.70042419433594,
            "dy": 114.3089599609375,
            "timestamp": 569
        },
        {
            "dx": 180.7073516845703,
            "dy": 115.308349609375,
            "timestamp": 578
        },
        {
            "dx": 176.21359252929688,
            "dy": 115.308349609375,
            "timestamp": 586
        },
        {
            "dx": 171.71983337402344,
            "dy": 115.80804443359375,
            "timestamp": 595
        },
        {
            "dx": 166.72677612304688,
            "dy": 115.308349609375,
            "timestamp": 602
        },
        {
            "dx": 162.23301696777344,
            "dy": 115.308349609375,
            "timestamp": 611
        },
        {
            "dx": 158.23855590820312,
            "dy": 114.80865478515625,
            "timestamp": 619
        },
        {
            "dx": 154.24411010742188,
            "dy": 114.80865478515625,
            "timestamp": 628
        },
        {
            "dx": 150.74896240234375,
            "dy": 114.80865478515625,
            "timestamp": 636
        },
        {
            "dx": 147.25381469726562,
            "dy": 114.80865478515625,
            "timestamp": 645
        },
        {
            "dx": 144.2579803466797,
            "dy": 114.80865478515625,
            "timestamp": 653
        },
        {
            "dx": 141.26214599609375,
            "dy": 114.80865478515625,
            "timestamp": 662
        },
        {
            "dx": 138.76560974121094,
            "dy": 115.308349609375,
            "timestamp": 670
        },
        {
            "dx": 136.7683868408203,
            "dy": 115.80804443359375,
            "timestamp": 679
        },
        {
            "dx": 134.77114868164062,
            "dy": 116.3077392578125,
            "timestamp": 686
        },
        {
            "dx": 133.2732391357422,
            "dy": 116.80743408203125,
            "timestamp": 695
        },
        {
            "dx": 131.7753143310547,
            "dy": 117.80682373046875,
            "timestamp": 703
        },
        {
            "dx": 130.2773895263672,
            "dy": 118.80621337890625,
            "timestamp": 712
        },
        {
            "dx": 128.77947998046875,
            "dy": 119.80560302734375,
            "timestamp": 720
        },
        {
            "dx": 127.78086853027344,
            "dy": 121.3046875,
            "timestamp": 729
        },
        {
            "dx": 126.78225708007812,
            "dy": 123.303466796875,
            "timestamp": 737
        },
        {
            "dx": 125.78363037109375,
            "dy": 125.30224609375,
            "timestamp": 746
        },
        {
            "dx": 124.78501892089844,
            "dy": 127.301025390625,
            "timestamp": 753
        },
        {
            "dx": 123.78640747070312,
            "dy": 130.2991943359375,
            "timestamp": 762
        },
        {
            "dx": 123.287109375,
            "dy": 133.29736328125,
            "timestamp": 770
        },
        {
            "dx": 122.78779602050781,
            "dy": 136.79522705078125,
            "timestamp": 779
        },
        {
            "dx": 122.78779602050781,
            "dy": 140.29312133789062,
            "timestamp": 786
        },
        {
            "dx": 122.78779602050781,
            "dy": 143.79098510742188,
            "timestamp": 795
        },
        {
            "dx": 123.287109375,
            "dy": 148.78793334960938,
            "timestamp": 803
        },
        {
            "dx": 123.78640747070312,
            "dy": 153.78488159179688,
            "timestamp": 812
        },
        {
            "dx": 124.28572082519531,
            "dy": 159.28152465820312,
            "timestamp": 820
        },
        {
            "dx": 125.28433227539062,
            "dy": 164.77816772460938,
            "timestamp": 829
        },
        {
            "dx": 126.78225708007812,
            "dy": 171.27423095703125,
            "timestamp": 837
        },
        {
            "dx": 128.28016662597656,
            "dy": 177.770263671875,
            "timestamp": 846
        },
        {
            "dx": 129.77809143066406,
            "dy": 184.26629638671875,
            "timestamp": 853
        },
        {
            "dx": 131.27601623535156,
            "dy": 191.26202392578125,
            "timestamp": 863
        },
        {
            "dx": 132.77392578125,
            "dy": 197.758056640625,
            "timestamp": 870
        },
        {
            "dx": 134.77114868164062,
            "dy": 205.25350952148438,
            "timestamp": 879
        },
        {
            "dx": 136.26907348632812,
            "dy": 212.24923706054688,
            "timestamp": 887
        },
        {
            "dx": 137.76699829101562,
            "dy": 219.74465942382812,
            "timestamp": 896
        },
        {
            "dx": 139.26490783691406,
            "dy": 226.74038696289062,
            "timestamp": 904
        },
        {
            "dx": 140.76283264160156,
            "dy": 233.2364501953125,
            "timestamp": 913
        },
        {
            "dx": 142.26075744628906,
            "dy": 240.73187255859375,
            "timestamp": 921
        },
        {
            "dx": 143.7586669921875,
            "dy": 248.227294921875,
            "timestamp": 930
        },
        {
            "dx": 144.7572784423828,
            "dy": 255.2230224609375,
            "timestamp": 937
        },
        {
            "dx": 145.7559051513672,
            "dy": 261.71905517578125,
            "timestamp": 946
        },
        {
            "dx": 145.7559051513672,
            "dy": 269.2145080566406,
            "timestamp": 954
        },
        {
            "dx": 146.2552032470703,
            "dy": 276.7099304199219,
            "timestamp": 963
        },
        {
            "dx": 146.2552032470703,
            "dy": 287.2035217285156,
            "timestamp": 970
        },
        {
            "dx": 146.2552032470703,
            "dy": 297.19744873046875,
            "timestamp": 979
        },
        {
            "dx": 0.0,
            "dy": 0.0,
            "timestamp": 987
        }
    ],
    [
        {
            "dx": 197.99999999999997,
            "dy": 80.99999999999994,
            "timestamp": 0
        },
        {
            "dx": 205.99999999999994,
            "dy": 69.99999999999994,
            "timestamp": 38
        },
        {
            "dx": 211.99999999999997,
            "dy": 63.99999999999994,
            "timestamp": 39
        },
        {
            "dx": 222.99999999999997,
            "dy": 58.99999999999994,
            "timestamp": 70
        },
        {
            "dx": 228.99999999999997,
            "dy": 57.99999999999994,
            "timestamp": 95
        },
        {
            "dx": 238.99999999999997,
            "dy": 57.99999999999994,
            "timestamp": 134
        },
        {
            "dx": 243.99999999999997,
            "dy": 58.99999999999994,
            "timestamp": 157
        },
        {
            "dx": 241.99999999999997,
            "dy": 60.99999999999994,
            "timestamp": 189
        },
        {
            "dx": 239.99999999999997,
            "dy": 61.99999999999994,
            "timestamp": 189
        },
        {
            "dx": 234.99999999999997,
            "dy": 65.99999999999994,
            "timestamp": 213
        },
        {
            "dx": 205.99999999999994,
            "dy": 83.99999999999994,
            "timestamp": 247
        },
        {
            "dx": 170.99999999999997,
            "dy": 112.99999999999994,
            "timestamp": 280
        },
        {
            "dx": 161,
            "dy": 127.99999999999994,
            "timestamp": 305
        },
        {
            "dx": 151.99999999999997,
            "dy": 142.99999999999994,
            "timestamp": 305
        },
        {
            "dx": 146.99999999999997,
            "dy": 159.99999999999994,
            "timestamp": 326
        },
        {
            "dx": 142.99999999999997,
            "dy": 178.99999999999994,
            "timestamp": 358
        },
        {
            "dx": 140.99999999999997,
            "dy": 198.99999999999994,
            "timestamp": 358
        },
        {
            "dx": 141.99999999999997,
            "dy": 222.99999999999994,
            "timestamp": 381
        },
        {
            "dx": 147.99999999999997,
            "dy": 282,
            "timestamp": 409
        },
        {
            "dx": 0,
            "dy": 0,
            "timestamp": 434
        }
    ],
    [
        {
            "dx": 197.2093963623047,
            "dy": 94.8817138671875,
            "timestamp": 0
        },
        {
            "dx": 196.6233673095703,
            "dy": 95.93661499023438,
            "timestamp": 42
        },
        {
            "dx": 194.92401123046875,
            "dy": 99.2769775390625,
            "timestamp": 43
        },
        {
            "dx": 193.6934051513672,
            "dy": 102.50021362304688,
            "timestamp": 80
        },
        {
            "dx": 192.93157958984375,
            "dy": 104.14120483398438,
            "timestamp": 81
        },
        {
            "dx": 192.63861083984375,
            "dy": 104.55136108398438,
            "timestamp": 117
        },
        {
            "dx": 192.63861083984375,
            "dy": 104.14120483398438,
            "timestamp": 118
        },
        {
            "dx": 193.1073760986328,
            "dy": 101.79696655273438,
            "timestamp": 149
        },
        {
            "dx": 193.81060791015625,
            "dy": 99.1011962890625,
            "timestamp": 150
        },
        {
            "dx": 194.63101196289062,
            "dy": 97.4603271484375,
            "timestamp": 152
        },
        {
            "dx": 195.68576049804688,
            "dy": 96.75701904296875,
            "timestamp": 181
        },
        {
            "dx": 196.7405548095703,
            "dy": 96.69842529296875,
            "timestamp": 212
        },
        {
            "dx": 197.50238037109375,
            "dy": 97.6947021484375,
            "timestamp": 212
        },
        {
            "dx": 197.73675537109375,
            "dy": 98.74960327148438,
            "timestamp": 265
        },
        {
            "dx": 197.56097412109375,
            "dy": 99.80441284179688,
            "timestamp": 266
        },
        {
            "dx": 196.79916381835938,
            "dy": 100.80068969726562,
            "timestamp": 266
        },
        {
            "dx": 195.33416748046875,
            "dy": 101.79696655273438,
            "timestamp": 296
        },
        {
            "dx": 193.1659698486328,
            "dy": 103.1448974609375,
            "timestamp": 297
        },
        {
            "dx": 189.9430389404297,
            "dy": 104.37557983398438,
            "timestamp": 327
        },
        {
            "dx": 186.66143798828125,
            "dy": 105.66488647460938,
            "timestamp": 328
        },
        {
            "dx": 182.96966552734375,
            "dy": 106.60247802734375,
            "timestamp": 364
        },
        {
            "dx": 179.5122833251953,
            "dy": 107.30575561523438,
            "timestamp": 365
        },
        {
            "dx": 176.46505737304688,
            "dy": 108.06759643554688,
            "timestamp": 400
        },
        {
            "dx": 173.76947021484375,
            "dy": 109.0052490234375,
            "timestamp": 400
        },
        {
            "dx": 171.30828857421875,
            "dy": 110.52896118164062,
            "timestamp": 432
        },
        {
            "dx": 168.67132568359375,
            "dy": 112.40426635742188,
            "timestamp": 433
        },
        {
            "dx": 166.56170654296875,
            "dy": 113.86947631835938,
            "timestamp": 462
        },
        {
            "dx": 164.8623504638672,
            "dy": 115.80331420898438,
            "timestamp": 463
        },
        {
            "dx": 163.45596313476562,
            "dy": 117.97164916992188,
            "timestamp": 492
        },
        {
            "dx": 162.4011688232422,
            "dy": 120.84335327148438,
            "timestamp": 492
        },
        {
            "dx": 161.58074951171875,
            "dy": 123.83212280273438,
            "timestamp": 536
        },
        {
            "dx": 160.93612670898438,
            "dy": 127.46551513671875,
            "timestamp": 536
        },
        {
            "dx": 160.17437744140625,
            "dy": 131.56777954101562,
            "timestamp": 537
        },
        {
            "dx": 159.5883331298828,
            "dy": 136.13897705078125,
            "timestamp": 566
        },
        {
            "dx": 159.11956787109375,
            "dy": 140.94442749023438,
            "timestamp": 595
        },
        {
            "dx": 158.59214782714844,
            "dy": 146.45321655273438,
            "timestamp": 595
        },
        {
            "dx": 158.1233673095703,
            "dy": 152.54803466796875,
            "timestamp": 625
        },
        {
            "dx": 157.5959930419922,
            "dy": 159.2288818359375,
            "timestamp": 626
        },
        {
            "dx": 157.24435424804688,
            "dy": 166.73028564453125,
            "timestamp": 656
        },
        {
            "dx": 156.65838623046875,
            "dy": 175.11065673828125,
            "timestamp": 657
        },
        {
            "dx": 155.8965606689453,
            "dy": 184.1356201171875,
            "timestamp": 686
        },
        {
            "dx": 154.95895385742188,
            "dy": 192.86758422851562,
            "timestamp": 687
        },
        {
            "dx": 154.31439208984375,
            "dy": 201.24795532226562,
            "timestamp": 717
        },
        {
            "dx": 154.31439208984375,
            "dy": 205.58462524414062,
            "timestamp": 717
        },
        {
            "dx": 0,
            "dy": 0,
            "timestamp": 719
        }
    ],
    [
        {
            "dx": 180.69105529785156,
            "dy": 62.036224365234375,
            "timestamp": 0
        },
        {
            "dx": 181.38177490234375,
            "dy": 58.43646240234375,
            "timestamp": 0
        },
        {
            "dx": 182.03622436523438,
            "dy": 55.23651123046875,
            "timestamp": 1
        },
        {
            "dx": 182.72727966308594,
            "dy": 52,
            "timestamp": 1
        },
        {
            "dx": 183.38177490234375,
            "dy": 49.38177490234375,
            "timestamp": 24
        },
        {
            "dx": 183.96380615234375,
            "dy": 47.12713623046875,
            "timestamp": 24
        },
        {
            "dx": 184.36366271972656,
            "dy": 45.49076843261719,
            "timestamp": 24
        },
        {
            "dx": 184.72727966308594,
            "dy": 44.218048095703125,
            "timestamp": 24
        },
        {
            "dx": 185.0181121826172,
            "dy": 43.34553527832031,
            "timestamp": 24
        },
        {
            "dx": 185.19993591308594,
            "dy": 42.47265625,
            "timestamp": 24
        },
        {
            "dx": 185.30897521972656,
            "dy": 42,
            "timestamp": 45
        },
        {
            "dx": 185.4907684326172,
            "dy": 41.60014343261719,
            "timestamp": 45
        },
        {
            "dx": 185.70916748046875,
            "dy": 41.01811218261719,
            "timestamp": 45
        },
        {
            "dx": 186.0727996826172,
            "dy": 40.43646240234375,
            "timestamp": 45
        },
        {
            "dx": 186.2908477783203,
            "dy": 40.145599365234375,
            "timestamp": 45
        },
        {
            "dx": 186.5454559326172,
            "dy": 39.63636779785156,
            "timestamp": 60
        },
        {
            "dx": 187.0546875,
            "dy": 39.272735595703125,
            "timestamp": 60
        },
        {
            "dx": 187.41835021972656,
            "dy": 38.98191833496094,
            "timestamp": 60
        },
        {
            "dx": 187.8181915283203,
            "dy": 38.76350402832031,
            "timestamp": 60
        },
        {
            "dx": 188.47265625,
            "dy": 38.29084777832031,
            "timestamp": 74
        },
        {
            "dx": 189.16371154785156,
            "dy": 38.07279968261719,
            "timestamp": 74
        },
        {
            "dx": 189.8181915283203,
            "dy": 37.8909912109375,
            "timestamp": 74
        },
        {
            "dx": 190.80007934570312,
            "dy": 37.70916748046875,
            "timestamp": 89
        },
        {
            "dx": 191.85443115234375,
            "dy": 37.60014343261719,
            "timestamp": 89
        },
        {
            "dx": 192.90911865234375,
            "dy": 37.49076843261719,
            "timestamp": 89
        },
        {
            "dx": 194.0727996826172,
            "dy": 37.3089599609375,
            "timestamp": 89
        },
        {
            "dx": 195.12713623046875,
            "dy": 37.19993591308594,
            "timestamp": 103
        },
        {
            "dx": 196.18182373046875,
            "dy": 37.19993591308594,
            "timestamp": 103
        },
        {
            "dx": 197.23651123046875,
            "dy": 37.19993591308594,
            "timestamp": 103
        },
        {
            "dx": 198.2908477783203,
            "dy": 37.19993591308594,
            "timestamp": 116
        },
        {
            "dx": 199.4545440673828,
            "dy": 37.19993591308594,
            "timestamp": 117
        },
        {
            "dx": 200.5092315673828,
            "dy": 37.3089599609375,
            "timestamp": 117
        },
        {
            "dx": 201.78196716308594,
            "dy": 37.49076843261719,
            "timestamp": 117
        },
        {
            "dx": 203.0181121826172,
            "dy": 37.78196716308594,
            "timestamp": 133
        },
        {
            "dx": 204.25462341308594,
            "dy": 38.07279968261719,
            "timestamp": 133
        },
        {
            "dx": 205.52734375,
            "dy": 38.58168029785156,
            "timestamp": 133
        },
        {
            "dx": 206.69105529785156,
            "dy": 39.16371154785156,
            "timestamp": 134
        },
        {
            "dx": 207.74539184570312,
            "dy": 39.63636779785156,
            "timestamp": 150
        },
        {
            "dx": 208.80007934570312,
            "dy": 40.145599365234375,
            "timestamp": 150
        },
        {
            "dx": 209.74537658691406,
            "dy": 40.618255615234375,
            "timestamp": 150
        },
        {
            "dx": 210.61827087402344,
            "dy": 41.090911865234375,
            "timestamp": 150
        },
        {
            "dx": 211.3817901611328,
            "dy": 41.60014343261719,
            "timestamp": 167
        },
        {
            "dx": 212.25462341308594,
            "dy": 42.07279968261719,
            "timestamp": 167
        },
        {
            "dx": 213.0181121826172,
            "dy": 42.58168029785156,
            "timestamp": 167
        },
        {
            "dx": 213.7091827392578,
            "dy": 43.0546875,
            "timestamp": 167
        },
        {
            "dx": 214.58168029785156,
            "dy": 43.63636779785156,
            "timestamp": 183
        },
        {
            "dx": 215.2365264892578,
            "dy": 44.10902404785156,
            "timestamp": 183
        },
        {
            "dx": 215.8181915283203,
            "dy": 44.618255615234375,
            "timestamp": 183
        },
        {
            "dx": 216.10902404785156,
            "dy": 44.90911865234375,
            "timestamp": 183
        },
        {
            "dx": 216.3998565673828,
            "dy": 45.3089599609375,
            "timestamp": 201
        },
        {
            "dx": 216.69105529785156,
            "dy": 45.60014343261719,
            "timestamp": 201
        },
        {
            "dx": 216.8728790283203,
            "dy": 45.78196716308594,
            "timestamp": 201
        },
        {
            "dx": 216.9818878173828,
            "dy": 45.96380615234375,
            "timestamp": 201
        },
        {
            "dx": 217.05470275878906,
            "dy": 46.18182373046875,
            "timestamp": 219
        },
        {
            "dx": 217.16371154785156,
            "dy": 46.3636474609375,
            "timestamp": 219
        },
        {
            "dx": 217.16371154785156,
            "dy": 46.47265625,
            "timestamp": 219
        },
        {
            "dx": 217.16371154785156,
            "dy": 46.54545593261719,
            "timestamp": 219
        },
        {
            "dx": 217.05470275878906,
            "dy": 46.76350402832031,
            "timestamp": 234
        },
        {
            "dx": 216.7635040283203,
            "dy": 47.23651123046875,
            "timestamp": 250
        },
        {
            "dx": 216.21803283691406,
            "dy": 47.81819152832031,
            "timestamp": 250
        },
        {
            "dx": 215.2365264892578,
            "dy": 48.618255615234375,
            "timestamp": 250
        },
        {
            "dx": 214.1818389892578,
            "dy": 49.38177490234375,
            "timestamp": 251
        },
        {
            "dx": 213.0181121826172,
            "dy": 49.96380615234375,
            "timestamp": 267
        },
        {
            "dx": 211.67259216308594,
            "dy": 50.65447998046875,
            "timestamp": 267
        },
        {
            "dx": 209.8544464111328,
            "dy": 51.34553527832031,
            "timestamp": 267
        },
        {
            "dx": 208.03622436523438,
            "dy": 52,
            "timestamp": 267
        },
        {
            "dx": 206,
            "dy": 52.69105529785156,
            "timestamp": 284
        },
        {
            "dx": 203.6001434326172,
            "dy": 53.38177490234375,
            "timestamp": 284
        },
        {
            "dx": 200.80007934570312,
            "dy": 54.07279968261719,
            "timestamp": 284
        },
        {
            "dx": 198.10902404785156,
            "dy": 54.72727966308594,
            "timestamp": 284
        },
        {
            "dx": 195.52734375,
            "dy": 55.4183349609375,
            "timestamp": 284
        },
        {
            "dx": 193.0181121826172,
            "dy": 56.10902404785156,
            "timestamp": 300
        },
        {
            "dx": 190.61825561523438,
            "dy": 56.69105529785156,
            "timestamp": 301
        },
        {
            "dx": 188.18182373046875,
            "dy": 57.16371154785156,
            "timestamp": 301
        },
        {
            "dx": 185.30897521972656,
            "dy": 58.145599365234375,
            "timestamp": 317
        },
        {
            "dx": 182.5092315673828,
            "dy": 59.12713623046875,
            "timestamp": 317
        },
        {
            "dx": 179.8181915283203,
            "dy": 60,
            "timestamp": 317
        },
        {
            "dx": 176.7635040283203,
            "dy": 61.163726806640625,
            "timestamp": 318
        },
        {
            "dx": 173.74539184570312,
            "dy": 62.254638671875,
            "timestamp": 333
        },
        {
            "dx": 171.16371154785156,
            "dy": 63.49078369140625,
            "timestamp": 334
        },
        {
            "dx": 168.58168029785156,
            "dy": 64.76348876953125,
            "timestamp": 334
        },
        {
            "dx": 166.0727996826172,
            "dy": 65.92724609375,
            "timestamp": 334
        },
        {
            "dx": 163.96380615234375,
            "dy": 67.01812744140625,
            "timestamp": 334
        },
        {
            "dx": 161.3455352783203,
            "dy": 68.3636474609375,
            "timestamp": 350
        },
        {
            "dx": 158.5454559326172,
            "dy": 69.74539184570312,
            "timestamp": 351
        },
        {
            "dx": 155.96377563476562,
            "dy": 71.01812744140625,
            "timestamp": 351
        },
        {
            "dx": 153.63636779785156,
            "dy": 72.47265625,
            "timestamp": 351
        },
        {
            "dx": 151.0546875,
            "dy": 73.92724609375,
            "timestamp": 367
        },
        {
            "dx": 148.72727966308594,
            "dy": 75.38174438476562,
            "timestamp": 367
        },
        {
            "dx": 146.5454559326172,
            "dy": 76.9453125,
            "timestamp": 367
        },
        {
            "dx": 144.14559936523438,
            "dy": 78.58169555664062,
            "timestamp": 367
        },
        {
            "dx": 142.14559936523438,
            "dy": 80.43643188476562,
            "timestamp": 384
        },
        {
            "dx": 140.10902404785156,
            "dy": 82.29083251953125,
            "timestamp": 384
        },
        {
            "dx": 138.10902404785156,
            "dy": 84.54547119140625,
            "timestamp": 384
        },
        {
            "dx": 135.6001434326172,
            "dy": 86.58169555664062,
            "timestamp": 384
        },
        {
            "dx": 133.199951171875,
            "dy": 88.50927734375,
            "timestamp": 401
        },
        {
            "dx": 130.80007934570312,
            "dy": 90.3636474609375,
            "timestamp": 401
        },
        {
            "dx": 128.61825561523438,
            "dy": 92.03622436523438,
            "timestamp": 401
        },
        {
            "dx": 126.58168029785156,
            "dy": 93.60015869140625,
            "timestamp": 418
        },
        {
            "dx": 124.39985656738281,
            "dy": 95.23651123046875,
            "timestamp": 418
        },
        {
            "dx": 122.29084777832031,
            "dy": 97.09091186523438,
            "timestamp": 419
        },
        {
            "dx": 120.254638671875,
            "dy": 99.0546875,
            "timestamp": 419
        },
        {
            "dx": 118.43643188476562,
            "dy": 100.80007934570312,
            "timestamp": 419
        },
        {
            "dx": 116.80007934570312,
            "dy": 102.54547119140625,
            "timestamp": 436
        },
        {
            "dx": 115.27273559570312,
            "dy": 104.39990234375,
            "timestamp": 436
        },
        {
            "dx": 113.85440063476562,
            "dy": 106.43643188476562,
            "timestamp": 436
        },
        {
            "dx": 112.39985656738281,
            "dy": 108.76348876953125,
            "timestamp": 436
        },
        {
            "dx": 111.27273559570312,
            "dy": 111.01812744140625,
            "timestamp": 436
        },
        {
            "dx": 109.70918273925781,
            "dy": 112.98193359375,
            "timestamp": 453
        },
        {
            "dx": 108,
            "dy": 115.01812744140625,
            "timestamp": 454
        },
        {
            "dx": 106.47265625,
            "dy": 117.16372680664062,
            "timestamp": 454
        },
        {
            "dx": 105.12715148925781,
            "dy": 119.38174438476562,
            "timestamp": 454
        },
        {
            "dx": 103.78196716308594,
            "dy": 121.81817626953125,
            "timestamp": 470
        },
        {
            "dx": 102.54545593261719,
            "dy": 124.254638671875,
            "timestamp": 471
        },
        {
            "dx": 101.19993591308594,
            "dy": 126.90908813476562,
            "timestamp": 471
        },
        {
            "dx": 100.14559936523438,
            "dy": 129.70916748046875,
            "timestamp": 471
        },
        {
            "dx": 98.98188781738281,
            "dy": 132.8363037109375,
            "timestamp": 487
        },
        {
            "dx": 97.92720031738281,
            "dy": 135.85440063476562,
            "timestamp": 488
        },
        {
            "dx": 96.87287902832031,
            "dy": 138.76351928710938,
            "timestamp": 488
        },
        {
            "dx": 95.81819152832031,
            "dy": 141.60018920898438,
            "timestamp": 488
        },
        {
            "dx": 94.87287902832031,
            "dy": 144.50927734375,
            "timestamp": 505
        },
        {
            "dx": 94,
            "dy": 147.52734375,
            "timestamp": 505
        },
        {
            "dx": 93.23652648925781,
            "dy": 150.54550170898438,
            "timestamp": 505
        },
        {
            "dx": 92.65449523925781,
            "dy": 153.781982421875,
            "timestamp": 505
        },
        {
            "dx": 92.25462341308594,
            "dy": 156.98193359375,
            "timestamp": 522
        },
        {
            "dx": 91.78196716308594,
            "dy": 160,
            "timestamp": 522
        },
        {
            "dx": 91.41831970214844,
            "dy": 163.01815795898438,
            "timestamp": 522
        },
        {
            "dx": 91.01811218261719,
            "dy": 166.14559936523438,
            "timestamp": 522
        },
        {
            "dx": 90.54545593261719,
            "dy": 169.63638305664062,
            "timestamp": 540
        },
        {
            "dx": 90.14559936523438,
            "dy": 173.12713623046875,
            "timestamp": 541
        },
        {
            "dx": 89.96377563476562,
            "dy": 176.54547119140625,
            "timestamp": 541
        },
        {
            "dx": 89.78196716308594,
            "dy": 180.254638671875,
            "timestamp": 541
        },
        {
            "dx": 89.67259216308594,
            "dy": 184.03622436523438,
            "timestamp": 541
        },
        {
            "dx": 89.60014343261719,
            "dy": 188.03622436523438,
            "timestamp": 556
        },
        {
            "dx": 89.60014343261719,
            "dy": 192.14559936523438,
            "timestamp": 557
        },
        {
            "dx": 89.49076843261719,
            "dy": 196.69107055664062,
            "timestamp": 557
        },
        {
            "dx": 89.60014343261719,
            "dy": 201.09091186523438,
            "timestamp": 557
        },
        {
            "dx": 89.78196716308594,
            "dy": 205.74539184570312,
            "timestamp": 570
        },
        {
            "dx": 90.36363220214844,
            "dy": 210.727294921875,
            "timestamp": 571
        },
        {
            "dx": 91.30894470214844,
            "dy": 216.18182373046875,
            "timestamp": 571
        },
        {
            "dx": 91.60014343261719,
            "dy": 221.45455932617188,
            "timestamp": 571
        },
        {
            "dx": 92.07279968261719,
            "dy": 226.39987182617188,
            "timestamp": 585
        },
        {
            "dx": 92.83628845214844,
            "dy": 231.27273559570312,
            "timestamp": 585
        },
        {
            "dx": 94,
            "dy": 236.32742309570312,
            "timestamp": 585
        },
        {
            "dx": 95.41831970214844,
            "dy": 241.70916748046875,
            "timestamp": 601
        },
        {
            "dx": 96.69105529785156,
            "dy": 246.9453125,
            "timestamp": 602
        },
        {
            "dx": 98.03622436523438,
            "dy": 251.92721557617188,
            "timestamp": 602
        },
        {
            "dx": 100.03622436523438,
            "dy": 258.1455993652344,
            "timestamp": 602
        },
        {
            "dx": 101.78196716308594,
            "dy": 264.2908935546875,
            "timestamp": 616
        },
        {
            "dx": 103.19993591308594,
            "dy": 270.4364929199219,
            "timestamp": 616
        },
        {
            "dx": 104.54545593261719,
            "dy": 275.672607421875,
            "timestamp": 616
        },
        {
            "dx": 0,
            "dy": 0,
            "timestamp": 617
        }
    ],
    [
        {
            "dx": 148,
            "dy": 111.33334350585938,
            "timestamp": 0
        },
        {
            "dx": 148,
            "dy": 111.33334350585938,
            "timestamp": 52
        },
        {
            "dx": 148,
            "dy": 111.33334350585938,
            "timestamp": 52
        },
        {
            "dx": 148.6666717529297,
            "dy": 111,
            "timestamp": 81
        },
        {
            "dx": 151.33334350585938,
            "dy": 110.33334350585938,
            "timestamp": 81
        },
        {
            "dx": 155,
            "dy": 109,
            "timestamp": 81
        },
        {
            "dx": 162,
            "dy": 107,
            "timestamp": 114
        },
        {
            "dx": 167.6666717529297,
            "dy": 105.33334350585938,
            "timestamp": 114
        },
        {
            "dx": 172.33334350585938,
            "dy": 104.66668701171875,
            "timestamp": 114
        },
        {
            "dx": 174.6666717529297,
            "dy": 104,
            "timestamp": 114
        },
        {
            "dx": 176,
            "dy": 104,
            "timestamp": 143
        },
        {
            "dx": 177,
            "dy": 103.66668701171875,
            "timestamp": 143
        },
        {
            "dx": 177.6666717529297,
            "dy": 103.66668701171875,
            "timestamp": 143
        },
        {
            "dx": 178.33334350585938,
            "dy": 103.66668701171875,
            "timestamp": 143
        },
        {
            "dx": 178.6666717529297,
            "dy": 104,
            "timestamp": 172
        },
        {
            "dx": 179,
            "dy": 104,
            "timestamp": 172
        },
        {
            "dx": 179.33334350585938,
            "dy": 104.33334350585938,
            "timestamp": 200
        },
        {
            "dx": 179.33334350585938,
            "dy": 105,
            "timestamp": 200
        },
        {
            "dx": 177.6666717529297,
            "dy": 107.33334350585938,
            "timestamp": 233
        },
        {
            "dx": 174,
            "dy": 110.33334350585938,
            "timestamp": 233
        },
        {
            "dx": 172,
            "dy": 111.66668701171875,
            "timestamp": 233
        },
        {
            "dx": 170.33334350585938,
            "dy": 112.66668701171875,
            "timestamp": 233
        },
        {
            "dx": 168.6666717529297,
            "dy": 113.66668701171875,
            "timestamp": 270
        },
        {
            "dx": 167.33334350585938,
            "dy": 114,
            "timestamp": 270
        },
        {
            "dx": 166.33334350585938,
            "dy": 114.33334350585938,
            "timestamp": 270
        },
        {
            "dx": 165.6666717529297,
            "dy": 114.66668701171875,
            "timestamp": 270
        },
        {
            "dx": 164.6666717529297,
            "dy": 114.66668701171875,
            "timestamp": 295
        },
        {
            "dx": 164.33334350585938,
            "dy": 115,
            "timestamp": 296
        },
        {
            "dx": 163.6666717529297,
            "dy": 114.66668701171875,
            "timestamp": 296
        },
        {
            "dx": 162.6666717529297,
            "dy": 114.66668701171875,
            "timestamp": 296
        },
        {
            "dx": 162,
            "dy": 114.33334350585938,
            "timestamp": 324
        },
        {
            "dx": 161.33334350585938,
            "dy": 113.66668701171875,
            "timestamp": 324
        },
        {
            "dx": 160.6666717529297,
            "dy": 113.33334350585938,
            "timestamp": 325
        },
        {
            "dx": 160.33334350585938,
            "dy": 113,
            "timestamp": 352
        },
        {
            "dx": 160,
            "dy": 112.66668701171875,
            "timestamp": 353
        },
        {
            "dx": 159.6666717529297,
            "dy": 112.33334350585938,
            "timestamp": 353
        },
        {
            "dx": 159.33334350585938,
            "dy": 112,
            "timestamp": 353
        },
        {
            "dx": 159.33334350585938,
            "dy": 111.66668701171875,
            "timestamp": 385
        },
        {
            "dx": 159,
            "dy": 111,
            "timestamp": 386
        },
        {
            "dx": 159,
            "dy": 110,
            "timestamp": 386
        },
        {
            "dx": 159.6666717529297,
            "dy": 108.66668701171875,
            "timestamp": 413
        },
        {
            "dx": 161,
            "dy": 107,
            "timestamp": 413
        },
        {
            "dx": 163.6666717529297,
            "dy": 104.66668701171875,
            "timestamp": 413
        },
        {
            "dx": 167.6666717529297,
            "dy": 102.66668701171875,
            "timestamp": 413
        },
        {
            "dx": 171,
            "dy": 101.33334350585938,
            "timestamp": 443
        },
        {
            "dx": 176.33334350585938,
            "dy": 100,
            "timestamp": 443
        },
        {
            "dx": 178.33334350585938,
            "dy": 99.33334350585938,
            "timestamp": 474
        },
        {
            "dx": 180,
            "dy": 99.33334350585938,
            "timestamp": 474
        },
        {
            "dx": 181.6666717529297,
            "dy": 99.33334350585938,
            "timestamp": 475
        },
        {
            "dx": 183.33334350585938,
            "dy": 99.33334350585938,
            "timestamp": 475
        },
        {
            "dx": 184.33334350585938,
            "dy": 99.66668701171875,
            "timestamp": 503
        },
        {
            "dx": 185.33334350585938,
            "dy": 100,
            "timestamp": 503
        },
        {
            "dx": 187,
            "dy": 100.66668701171875,
            "timestamp": 504
        },
        {
            "dx": 188,
            "dy": 101.66668701171875,
            "timestamp": 504
        },
        {
            "dx": 188.6666717529297,
            "dy": 102.66668701171875,
            "timestamp": 536
        },
        {
            "dx": 189.33334350585938,
            "dy": 104,
            "timestamp": 536
        },
        {
            "dx": 190,
            "dy": 105.66668701171875,
            "timestamp": 537
        },
        {
            "dx": 189.6666717529297,
            "dy": 108,
            "timestamp": 537
        },
        {
            "dx": 189.33334350585938,
            "dy": 110.66668701171875,
            "timestamp": 568
        },
        {
            "dx": 188.33334350585938,
            "dy": 113.33334350585938,
            "timestamp": 570
        },
        {
            "dx": 187,
            "dy": 117,
            "timestamp": 570
        },
        {
            "dx": 185,
            "dy": 120.66668701171875,
            "timestamp": 601
        },
        {
            "dx": 183,
            "dy": 123.66668701171875,
            "timestamp": 602
        },
        {
            "dx": 180.33334350585938,
            "dy": 126.66668701171875,
            "timestamp": 602
        },
        {
            "dx": 175.6666717529297,
            "dy": 131,
            "timestamp": 602
        },
        {
            "dx": 172.33334350585938,
            "dy": 133.66668701171875,
            "timestamp": 602
        },
        {
            "dx": 170,
            "dy": 135.66668701171875,
            "timestamp": 632
        },
        {
            "dx": 167.33334350585938,
            "dy": 137.33334350585938,
            "timestamp": 633
        },
        {
            "dx": 165,
            "dy": 138.66668701171875,
            "timestamp": 633
        },
        {
            "dx": 162.33334350585938,
            "dy": 140,
            "timestamp": 663
        },
        {
            "dx": 159.33334350585938,
            "dy": 141.33334350585938,
            "timestamp": 664
        },
        {
            "dx": 155.33334350585938,
            "dy": 143,
            "timestamp": 664
        },
        {
            "dx": 152.6666717529297,
            "dy": 144,
            "timestamp": 664
        },
        {
            "dx": 150.33334350585938,
            "dy": 145,
            "timestamp": 695
        },
        {
            "dx": 148.6666717529297,
            "dy": 145.66668701171875,
            "timestamp": 695
        },
        {
            "dx": 146.6666717529297,
            "dy": 146.66668701171875,
            "timestamp": 695
        },
        {
            "dx": 145.33334350585938,
            "dy": 147.33334350585938,
            "timestamp": 695
        },
        {
            "dx": 143.6666717529297,
            "dy": 148.33334350585938,
            "timestamp": 723
        },
        {
            "dx": 142.33334350585938,
            "dy": 150,
            "timestamp": 724
        },
        {
            "dx": 140.6666717529297,
            "dy": 152,
            "timestamp": 724
        },
        {
            "dx": 139.33334350585938,
            "dy": 154.33334350585938,
            "timestamp": 754
        },
        {
            "dx": 138.33334350585938,
            "dy": 156.66668701171875,
            "timestamp": 755
        },
        {
            "dx": 137.33334350585938,
            "dy": 159.33334350585938,
            "timestamp": 755
        },
        {
            "dx": 136.6666717529297,
            "dy": 162,
            "timestamp": 755
        },
        {
            "dx": 136,
            "dy": 164.66668701171875,
            "timestamp": 786
        },
        {
            "dx": 135.6666717529297,
            "dy": 167.33334350585938,
            "timestamp": 787
        },
        {
            "dx": 135.33334350585938,
            "dy": 178.33334350585938,
            "timestamp": 819
        },
        {
            "dx": 136,
            "dy": 181.66668701171875,
            "timestamp": 819
        },
        {
            "dx": 136.6666717529297,
            "dy": 185,
            "timestamp": 819
        },
        {
            "dx": 137.33334350585938,
            "dy": 188,
            "timestamp": 820
        },
        {
            "dx": 137.6666717529297,
            "dy": 190.66668701171875,
            "timestamp": 852
        },
        {
            "dx": 138.33334350585938,
            "dy": 193,
            "timestamp": 852
        },
        {
            "dx": 139,
            "dy": 197,
            "timestamp": 852
        },
        {
            "dx": 139.6666717529297,
            "dy": 200.33334350585938,
            "timestamp": 853
        },
        {
            "dx": 140,
            "dy": 203.66668701171875,
            "timestamp": 883
        },
        {
            "dx": 141,
            "dy": 206.66668701171875,
            "timestamp": 883
        },
        {
            "dx": 141.33334350585938,
            "dy": 209.33334350585938,
            "timestamp": 884
        },
        {
            "dx": 142,
            "dy": 212,
            "timestamp": 914
        },
        {
            "dx": 142.6666717529297,
            "dy": 214.66668701171875,
            "timestamp": 914
        },
        {
            "dx": 143.6666717529297,
            "dy": 218.66668701171875,
            "timestamp": 914
        },
        {
            "dx": 144.33334350585938,
            "dy": 222.66668701171875,
            "timestamp": 914
        },
        {
            "dx": 145,
            "dy": 226,
            "timestamp": 944
        },
        {
            "dx": 145.6666717529297,
            "dy": 228.66668701171875,
            "timestamp": 945
        },
        {
            "dx": 146,
            "dy": 231,
            "timestamp": 945
        },
        {
            "dx": 146.6666717529297,
            "dy": 233.33334350585938,
            "timestamp": 945
        },
        {
            "dx": 147,
            "dy": 235.33334350585938,
            "timestamp": 976
        },
        {
            "dx": 147.33334350585938,
            "dy": 238,
            "timestamp": 977
        },
        {
            "dx": 148,
            "dy": 242.66668701171875,
            "timestamp": 977
        },
        {
            "dx": 0,
            "dy": 0,
            "timestamp": 979
        }
    ],
    [
        {
            "dx": 173.811279296875,
            "dy": 80.52987670898438,
            "timestamp": 0
        },
        {
            "dx": 173.811279296875,
            "dy": 76.531494140625,
            "timestamp": 1
        },
        {
            "dx": 173.478271484375,
            "dy": 71.86676025390625,
            "timestamp": 1
        },
        {
            "dx": 173.478271484375,
            "dy": 68.53475952148438,
            "timestamp": 1
        },
        {
            "dx": 173.478271484375,
            "dy": 66.20236206054688,
            "timestamp": 21
        },
        {
            "dx": 173.478271484375,
            "dy": 63.8699951171875,
            "timestamp": 21
        },
        {
            "dx": 173.478271484375,
            "dy": 61.87078857421875,
            "timestamp": 21
        },
        {
            "dx": 173.478271484375,
            "dy": 59.87164306640625,
            "timestamp": 21
        },
        {
            "dx": 173.478271484375,
            "dy": 56.87286376953125,
            "timestamp": 22
        },
        {
            "dx": 173.478271484375,
            "dy": 54.207244873046875,
            "timestamp": 23
        },
        {
            "dx": 173.478271484375,
            "dy": 52.541259765625,
            "timestamp": 46
        },
        {
            "dx": 173.478271484375,
            "dy": 51.208465576171875,
            "timestamp": 46
        },
        {
            "dx": 173.811279296875,
            "dy": 49.54248046875,
            "timestamp": 46
        },
        {
            "dx": 174.1443328857422,
            "dy": 48.209686279296875,
            "timestamp": 46
        },
        {
            "dx": 174.81036376953125,
            "dy": 46.87689208984375,
            "timestamp": 46
        },
        {
            "dx": 175.14340209960938,
            "dy": 45.54412841796875,
            "timestamp": 46
        },
        {
            "dx": 175.80943298339844,
            "dy": 44.2113037109375,
            "timestamp": 70
        },
        {
            "dx": 176.8085174560547,
            "dy": 42.878509521484375,
            "timestamp": 70
        },
        {
            "dx": 177.47457885742188,
            "dy": 41.54571533203125,
            "timestamp": 70
        },
        {
            "dx": 178.4736328125,
            "dy": 40.546142578125,
            "timestamp": 70
        },
        {
            "dx": 179.1396942138672,
            "dy": 39.879730224609375,
            "timestamp": 70
        },
        {
            "dx": 180.13876342773438,
            "dy": 38.54693603515625,
            "timestamp": 70
        },
        {
            "dx": 181.4708709716797,
            "dy": 37.21417236328125,
            "timestamp": 94
        },
        {
            "dx": 182.80296325683594,
            "dy": 35.54815673828125,
            "timestamp": 94
        },
        {
            "dx": 184.80111694335938,
            "dy": 34.21537780761719,
            "timestamp": 94
        },
        {
            "dx": 186.79925537109375,
            "dy": 32.54937744140625,
            "timestamp": 94
        },
        {
            "dx": 188.4644012451172,
            "dy": 31.216598510742188,
            "timestamp": 95
        },
        {
            "dx": 190.4625701904297,
            "dy": 29.8837890625,
            "timestamp": 95
        },
        {
            "dx": 192.460693359375,
            "dy": 28.551010131835938,
            "timestamp": 120
        },
        {
            "dx": 194.45884704589844,
            "dy": 27.884613037109375,
            "timestamp": 120
        },
        {
            "dx": 196.12396240234375,
            "dy": 26.885009765625,
            "timestamp": 120
        },
        {
            "dx": 198.1221160888672,
            "dy": 26.218612670898438,
            "timestamp": 120
        },
        {
            "dx": 199.7872314453125,
            "dy": 25.219039916992188,
            "timestamp": 121
        },
        {
            "dx": 201.78538513183594,
            "dy": 24.552658081054688,
            "timestamp": 121
        },
        {
            "dx": 203.78353881835938,
            "dy": 23.88623046875,
            "timestamp": 121
        },
        {
            "dx": 205.44866943359375,
            "dy": 23.219833374023438,
            "timestamp": 146
        },
        {
            "dx": 206.78076171875,
            "dy": 22.886642456054688,
            "timestamp": 147
        },
        {
            "dx": 208.11285400390625,
            "dy": 22.553451538085938,
            "timestamp": 147
        },
        {
            "dx": 209.4449920654297,
            "dy": 22.553451538085938,
            "timestamp": 147
        },
        {
            "dx": 210.77706909179688,
            "dy": 22.220260620117188,
            "timestamp": 147
        },
        {
            "dx": 211.7761688232422,
            "dy": 22.220260620117188,
            "timestamp": 147
        },
        {
            "dx": 212.4421844482422,
            "dy": 22.220260620117188,
            "timestamp": 147
        },
        {
            "dx": 213.44126892089844,
            "dy": 22.220260620117188,
            "timestamp": 171
        },
        {
            "dx": 214.1072998046875,
            "dy": 22.220260620117188,
            "timestamp": 171
        },
        {
            "dx": 214.7733612060547,
            "dy": 22.220260620117188,
            "timestamp": 171
        },
        {
            "dx": 215.10638427734375,
            "dy": 22.220260620117188,
            "timestamp": 171
        },
        {
            "dx": 215.43942260742188,
            "dy": 22.220260620117188,
            "timestamp": 171
        },
        {
            "dx": 215.77244567871094,
            "dy": 22.220260620117188,
            "timestamp": 171
        },
        {
            "dx": 215.77244567871094,
            "dy": 22.553451538085938,
            "timestamp": 171
        },
        {
            "dx": 216.10546875,
            "dy": 22.886642456054688,
            "timestamp": 196
        },
        {
            "dx": 216.4384765625,
            "dy": 22.886642456054688,
            "timestamp": 196
        },
        {
            "dx": 216.4384765625,
            "dy": 23.55303955078125,
            "timestamp": 196
        },
        {
            "dx": 216.7715301513672,
            "dy": 24.21942138671875,
            "timestamp": 197
        },
        {
            "dx": 216.7715301513672,
            "dy": 24.885833740234375,
            "timestamp": 197
        },
        {
            "dx": 216.7715301513672,
            "dy": 25.552230834960938,
            "timestamp": 197
        },
        {
            "dx": 217.1045379638672,
            "dy": 26.55181884765625,
            "timestamp": 197
        },
        {
            "dx": 217.1045379638672,
            "dy": 27.551437377929688,
            "timestamp": 222
        },
        {
            "dx": 217.1045379638672,
            "dy": 28.551010131835938,
            "timestamp": 223
        },
        {
            "dx": 217.1045379638672,
            "dy": 29.8837890625,
            "timestamp": 223
        },
        {
            "dx": 217.1045379638672,
            "dy": 31.216598510742188,
            "timestamp": 223
        },
        {
            "dx": 216.7715301513672,
            "dy": 32.882568359375,
            "timestamp": 223
        },
        {
            "dx": 216.4384765625,
            "dy": 34.54856872558594,
            "timestamp": 223
        },
        {
            "dx": 215.77244567871094,
            "dy": 35.88134765625,
            "timestamp": 255
        },
        {
            "dx": 214.7733612060547,
            "dy": 37.21417236328125,
            "timestamp": 257
        },
        {
            "dx": 214.1072998046875,
            "dy": 38.880126953125,
            "timestamp": 257
        },
        {
            "dx": 213.10824584960938,
            "dy": 40.21295166015625,
            "timestamp": 258
        },
        {
            "dx": 212.1091766357422,
            "dy": 42.212127685546875,
            "timestamp": 258
        },
        {
            "dx": 211.11009216308594,
            "dy": 43.87811279296875,
            "timestamp": 258
        },
        {
            "dx": 209.7779998779297,
            "dy": 45.8773193359375,
            "timestamp": 258
        },
        {
            "dx": 208.77891540527344,
            "dy": 47.87652587890625,
            "timestamp": 258
        },
        {
            "dx": 207.7798309326172,
            "dy": 49.54248046875,
            "timestamp": 258
        },
        {
            "dx": 206.78076171875,
            "dy": 51.208465576171875,
            "timestamp": 280
        },
        {
            "dx": 205.78167724609375,
            "dy": 52.87445068359375,
            "timestamp": 280
        },
        {
            "dx": 204.7826385498047,
            "dy": 54.54046630859375,
            "timestamp": 281
        },
        {
            "dx": 203.78353881835938,
            "dy": 56.2064208984375,
            "timestamp": 281
        },
        {
            "dx": 202.7844696044922,
            "dy": 58.20562744140625,
            "timestamp": 281
        },
        {
            "dx": 201.45236206054688,
            "dy": 59.87164306640625,
            "timestamp": 281
        },
        {
            "dx": 200.4532928466797,
            "dy": 61.87078857421875,
            "timestamp": 281
        },
        {
            "dx": 199.45420837402344,
            "dy": 63.203582763671875,
            "timestamp": 302
        },
        {
            "dx": 198.1221160888672,
            "dy": 64.86956787109375,
            "timestamp": 303
        },
        {
            "dx": 196.45700073242188,
            "dy": 66.53558349609375,
            "timestamp": 303
        },
        {
            "dx": 194.7918701171875,
            "dy": 67.53515625,
            "timestamp": 303
        },
        {
            "dx": 193.1267547607422,
            "dy": 69.201171875,
            "timestamp": 303
        },
        {
            "dx": 191.79464721679688,
            "dy": 70.533935546875,
            "timestamp": 303
        },
        {
            "dx": 190.4625701904297,
            "dy": 71.86676025390625,
            "timestamp": 327
        },
        {
            "dx": 188.7974090576172,
            "dy": 73.19952392578125,
            "timestamp": 328
        },
        {
            "dx": 187.46531677246094,
            "dy": 74.53231811523438,
            "timestamp": 328
        },
        {
            "dx": 186.1332244873047,
            "dy": 75.8651123046875,
            "timestamp": 328
        },
        {
            "dx": 184.80111694335938,
            "dy": 77.19793701171875,
            "timestamp": 328
        },
        {
            "dx": 183.4690399169922,
            "dy": 78.53070068359375,
            "timestamp": 328
        },
        {
            "dx": 182.46994018554688,
            "dy": 79.86349487304688,
            "timestamp": 351
        },
        {
            "dx": 181.1378631591797,
            "dy": 81.52947998046875,
            "timestamp": 351
        },
        {
            "dx": 179.80575561523438,
            "dy": 83.19549560546875,
            "timestamp": 351
        },
        {
            "dx": 178.8066864013672,
            "dy": 84.8614501953125,
            "timestamp": 351
        },
        {
            "dx": 177.80758666992188,
            "dy": 86.52743530273438,
            "timestamp": 351
        },
        {
            "dx": 176.8085174560547,
            "dy": 88.19345092773438,
            "timestamp": 351
        },
        {
            "dx": 175.80943298339844,
            "dy": 89.52621459960938,
            "timestamp": 351
        },
        {
            "dx": 174.81036376953125,
            "dy": 91.19223022460938,
            "timestamp": 375
        },
        {
            "dx": 173.811279296875,
            "dy": 92.52499389648438,
            "timestamp": 378
        },
        {
            "dx": 172.81222534179688,
            "dy": 93.8577880859375,
            "timestamp": 378
        },
        {
            "dx": 172.1461639404297,
            "dy": 95.19061279296875,
            "timestamp": 378
        },
        {
            "dx": 171.4801025390625,
            "dy": 96.52337646484375,
            "timestamp": 378
        },
        {
            "dx": 170.81407165527344,
            "dy": 97.52294921875,
            "timestamp": 378
        },
        {
            "dx": 170.14801025390625,
            "dy": 98.85577392578125,
            "timestamp": 400
        },
        {
            "dx": 169.4819793701172,
            "dy": 100.18856811523438,
            "timestamp": 400
        },
        {
            "dx": 168.81591796875,
            "dy": 101.52133178710938,
            "timestamp": 400
        },
        {
            "dx": 168.14987182617188,
            "dy": 102.8541259765625,
            "timestamp": 400
        },
        {
            "dx": 167.81683349609375,
            "dy": 104.18695068359375,
            "timestamp": 400
        },
        {
            "dx": 167.1508026123047,
            "dy": 105.8529052734375,
            "timestamp": 400
        },
        {
            "dx": 166.8177947998047,
            "dy": 107.85211181640625,
            "timestamp": 400
        },
        {
            "dx": 166.4847412109375,
            "dy": 109.18490600585938,
            "timestamp": 424
        },
        {
            "dx": 166.15171813964844,
            "dy": 110.5177001953125,
            "timestamp": 424
        },
        {
            "dx": 166.15171813964844,
            "dy": 111.51730346679688,
            "timestamp": 424
        },
        {
            "dx": 165.81869506835938,
            "dy": 112.85006713867188,
            "timestamp": 425
        },
        {
            "dx": 165.48565673828125,
            "dy": 114.51608276367188,
            "timestamp": 425
        },
        {
            "dx": 165.1526336669922,
            "dy": 115.84884643554688,
            "timestamp": 425
        },
        {
            "dx": 165.1526336669922,
            "dy": 117.181640625,
            "timestamp": 450
        },
        {
            "dx": 164.8196258544922,
            "dy": 118.51446533203125,
            "timestamp": 451
        },
        {
            "dx": 164.8196258544922,
            "dy": 119.5140380859375,
            "timestamp": 451
        },
        {
            "dx": 164.8196258544922,
            "dy": 120.8468017578125,
            "timestamp": 451
        },
        {
            "dx": 164.8196258544922,
            "dy": 122.17962646484375,
            "timestamp": 451
        },
        {
            "dx": 164.4866180419922,
            "dy": 123.17919921875,
            "timestamp": 451
        },
        {
            "dx": 164.4866180419922,
            "dy": 124.17880249023438,
            "timestamp": 451
        },
        {
            "dx": 164.4866180419922,
            "dy": 125.17840576171875,
            "timestamp": 476
        },
        {
            "dx": 164.4866180419922,
            "dy": 126.8443603515625,
            "timestamp": 477
        },
        {
            "dx": 164.4866180419922,
            "dy": 128.5103759765625,
            "timestamp": 477
        },
        {
            "dx": 164.4866180419922,
            "dy": 130.17636108398438,
            "timestamp": 477
        },
        {
            "dx": 164.4866180419922,
            "dy": 131.5091552734375,
            "timestamp": 477
        },
        {
            "dx": 164.4866180419922,
            "dy": 132.50875854492188,
            "timestamp": 477
        },
        {
            "dx": 164.4866180419922,
            "dy": 133.841552734375,
            "timestamp": 477
        },
        {
            "dx": 164.4866180419922,
            "dy": 134.84115600585938,
            "timestamp": 504
        },
        {
            "dx": 164.4866180419922,
            "dy": 136.17391967773438,
            "timestamp": 505
        },
        {
            "dx": 164.4866180419922,
            "dy": 137.17352294921875,
            "timestamp": 505
        },
        {
            "dx": 164.4866180419922,
            "dy": 138.50631713867188,
            "timestamp": 505
        },
        {
            "dx": 164.4866180419922,
            "dy": 139.17269897460938,
            "timestamp": 505
        },
        {
            "dx": 164.4866180419922,
            "dy": 140.17230224609375,
            "timestamp": 505
        },
        {
            "dx": 164.4866180419922,
            "dy": 140.83871459960938,
            "timestamp": 505
        },
        {
            "dx": 164.4866180419922,
            "dy": 141.50509643554688,
            "timestamp": 505
        },
        {
            "dx": 164.4866180419922,
            "dy": 142.17147827148438,
            "timestamp": 529
        },
        {
            "dx": 164.4866180419922,
            "dy": 143.17108154296875,
            "timestamp": 530
        },
        {
            "dx": 164.4866180419922,
            "dy": 143.83749389648438,
            "timestamp": 530
        },
        {
            "dx": 164.4866180419922,
            "dy": 144.50387573242188,
            "timestamp": 530
        },
        {
            "dx": 164.8196258544922,
            "dy": 145.50350952148438,
            "timestamp": 530
        },
        {
            "dx": 164.8196258544922,
            "dy": 145.836669921875,
            "timestamp": 530
        },
        {
            "dx": 164.8196258544922,
            "dy": 146.5030517578125,
            "timestamp": 554
        },
        {
            "dx": 164.8196258544922,
            "dy": 147.16943359375,
            "timestamp": 555
        },
        {
            "dx": 165.1526336669922,
            "dy": 148.16903686523438,
            "timestamp": 555
        },
        {
            "dx": 165.48565673828125,
            "dy": 149.5018310546875,
            "timestamp": 555
        },
        {
            "dx": 165.48565673828125,
            "dy": 150.50143432617188,
            "timestamp": 555
        },
        {
            "dx": 165.48565673828125,
            "dy": 151.834228515625,
            "timestamp": 555
        },
        {
            "dx": 165.81869506835938,
            "dy": 153.50021362304688,
            "timestamp": 555
        },
        {
            "dx": 166.15171813964844,
            "dy": 154.49984741210938,
            "timestamp": 579
        },
        {
            "dx": 166.4847412109375,
            "dy": 155.83261108398438,
            "timestamp": 579
        },
        {
            "dx": 166.4847412109375,
            "dy": 157.49862670898438,
            "timestamp": 579
        },
        {
            "dx": 166.8177947998047,
            "dy": 158.83139038085938,
            "timestamp": 579
        },
        {
            "dx": 167.1508026123047,
            "dy": 160.1641845703125,
            "timestamp": 579
        },
        {
            "dx": 167.4838104248047,
            "dy": 161.4969482421875,
            "timestamp": 579
        },
        {
            "dx": 167.81683349609375,
            "dy": 163.1629638671875,
            "timestamp": 603
        },
        {
            "dx": 168.48289489746094,
            "dy": 164.4957275390625,
            "timestamp": 603
        },
        {
            "dx": 168.81591796875,
            "dy": 166.1617431640625,
            "timestamp": 603
        },
        {
            "dx": 169.4819793701172,
            "dy": 168.16098022460938,
            "timestamp": 603
        },
        {
            "dx": 170.14801025390625,
            "dy": 170.16012573242188,
            "timestamp": 603
        },
        {
            "dx": 170.81407165527344,
            "dy": 172.82568359375,
            "timestamp": 603
        },
        {
            "dx": 171.4801025390625,
            "dy": 176.4908447265625,
            "timestamp": 603
        },
        {
            "dx": 172.1461639404297,
            "dy": 179.82284545898438,
            "timestamp": 628
        },
        {
            "dx": 172.81222534179688,
            "dy": 182.82162475585938,
            "timestamp": 628
        },
        {
            "dx": 173.478271484375,
            "dy": 185.82040405273438,
            "timestamp": 628
        },
        {
            "dx": 174.4773406982422,
            "dy": 188.81918334960938,
            "timestamp": 628
        },
        {
            "dx": 175.80943298339844,
            "dy": 192.81756591796875,
            "timestamp": 628
        },
        {
            "dx": 176.8085174560547,
            "dy": 197.48236083984375,
            "timestamp": 628
        },
        {
            "dx": 177.80758666992188,
            "dy": 202.8134765625,
            "timestamp": 654
        },
        {
            "dx": 178.4736328125,
            "dy": 207.478271484375,
            "timestamp": 654
        },
        {
            "dx": 179.80575561523438,
            "dy": 211.47665405273438,
            "timestamp": 654
        },
        {
            "dx": 180.8048095703125,
            "dy": 216.80783081054688,
            "timestamp": 655
        },
        {
            "dx": 181.1378631591797,
            "dy": 218.47381591796875,
            "timestamp": 655
        },
        {
            "dx": 0,
            "dy": 0,
            "timestamp": 658
        }
    ]
]