[
    [
        {
            "dx": 207.1138153076172,
            "dy": 95.85699462890625,
            "timestamp": 0
        },
        {
            "dx": 210.44403076171875,
            "dy": 96.8565673828125,
            "timestamp": 0
        },
        {
            "dx": 214.1072998046875,
            "dy": 97.85617065429688,
            "timestamp": 18
        },
        {
            "dx": 216.4384765625,
            "dy": 98.52255249023438,
            "timestamp": 18
        },
        {
            "dx": 218.43663024902344,
            "dy": 98.85577392578125,
            "timestamp": 19
        },
        {
            "dx": 220.10177612304688,
            "dy": 99.18896484375,
            "timestamp": 19
        },
        {
            "dx": 221.4338836669922,
            "dy": 99.18896484375,
            "timestamp": 44
        },
        {
            "dx": 223.09898376464844,
            "dy": 99.18896484375,
            "timestamp": 44
        },
        {
            "dx": 225.76318359375,
            "dy": 99.18896484375,
            "timestamp": 44
        },
        {
            "dx": 227.42831420898438,
            "dy": 99.52215576171875,
            "timestamp": 44
        },
        {
            "dx": 228.76043701171875,
            "dy": 99.52215576171875,
            "timestamp": 44
        },
        {
            "dx": 229.75949096679688,
            "dy": 99.18896484375,
            "timestamp": 44
        },
        {
            "dx": 230.75860595703125,
            "dy": 98.85577392578125,
            "timestamp": 44
        },
        {
            "dx": 231.75762939453125,
            "dy": 98.18939208984375,
            "timestamp": 46
        },
        {
            "dx": 232.7567138671875,
            "dy": 97.18978881835938,
            "timestamp": 69
        },
        {
            "dx": 233.75579833984375,
            "dy": 95.85699462890625,
            "timestamp": 70
        },
        {
            "dx": 234.42184448242188,
            "dy": 94.85739135742188,
            "timestamp": 70
        },
        {
            "dx": 234.7548828125,
            "dy": 93.52459716796875,
            "timestamp": 70
        },
        {
            "dx": 235.087890625,
            "dy": 92.52499389648438,
            "timestamp": 70
        },
        {
            "dx": 235.087890625,
            "dy": 91.525390625,
            "timestamp": 70
        },
        {
            "dx": 235.4208984375,
            "dy": 90.192626953125,
            "timestamp": 95
        },
        {
            "dx": 235.4208984375,
            "dy": 89.19305419921875,
            "timestamp": 95
        },
        {
            "dx": 235.4208984375,
            "dy": 88.526611328125,
            "timestamp": 95
        },
        {
            "dx": 235.4208984375,
            "dy": 87.8602294921875,
            "timestamp": 95
        },
        {
            "dx": 235.4208984375,
            "dy": 86.86065673828125,
            "timestamp": 95
        },
        {
            "dx": 235.087890625,
            "dy": 85.86105346679688,
            "timestamp": 95
        },
        {
            "dx": 234.7548828125,
            "dy": 85.19464111328125,
            "timestamp": 119
        },
        {
            "dx": 234.42184448242188,
            "dy": 84.8614501953125,
            "timestamp": 119
        },
        {
            "dx": 234.42184448242188,
            "dy": 84.52825927734375,
            "timestamp": 120
        },
        {
            "dx": 234.08880615234375,
            "dy": 83.86187744140625,
            "timestamp": 120
        },
        {
            "dx": 233.75579833984375,
            "dy": 83.52865600585938,
            "timestamp": 120
        },
        {
            "dx": 233.08978271484375,
            "dy": 83.52865600585938,
            "timestamp": 120
        },
        {
            "dx": 232.7567138671875,
            "dy": 83.19549560546875,
            "timestamp": 120
        },
        {
            "dx": 232.7567138671875,
            "dy": 82.86227416992188,
            "timestamp": 144
        },
        {
            "dx": 232.09066772460938,
            "dy": 82.86227416992188,
            "timestamp": 144
        },
        {
            "dx": 231.75762939453125,
            "dy": 82.86227416992188,
            "timestamp": 144
        },
        {
            "dx": 231.42462158203125,
            "dy": 82.529052734375,
            "timestamp": 144
        },
        {
            "dx": 231.09161376953125,
            "dy": 82.529052734375,
            "timestamp": 144
        },
        {
            "dx": 230.75860595703125,
            "dy": 82.529052734375,
            "timestamp": 168
        },
        {
            "dx": 230.425537109375,
            "dy": 82.529052734375,
            "timestamp": 169
        },
        {
            "dx": 230.092529296875,
            "dy": 82.529052734375,
            "timestamp": 169
        },
        {
            "dx": 229.75949096679688,
            "dy": 82.529052734375,
            "timestamp": 169
        },
        {
            "dx": 229.42645263671875,
            "dy": 82.529052734375,
            "timestamp": 169
        },
        {
            "dx": 229.09344482421875,
            "dy": 82.529052734375,
            "timestamp": 169
        },
        {
            "dx": 228.42742919921875,
            "dy": 82.86227416992188,
            "timestamp": 169
        },
        {
            "dx": 227.42831420898438,
            "dy": 83.52865600585938,
            "timestamp": 194
        },
        {
            "dx": 226.42926025390625,
            "dy": 84.52825927734375,
            "timestamp": 194
        },
        {
            "dx": 225.09713745117188,
            "dy": 85.52783203125,
            "timestamp": 194
        },
        {
            "dx": 224.0980682373047,
            "dy": 86.52743530273438,
            "timestamp": 194
        },
        {
            "dx": 222.76596069335938,
            "dy": 87.52703857421875,
            "timestamp": 194
        },
        {
            "dx": 221.100830078125,
            "dy": 88.85983276367188,
            "timestamp": 194
        },
        {
            "dx": 219.76873779296875,
            "dy": 90.192626953125,
            "timestamp": 194
        },
        {
            "dx": 218.10362243652344,
            "dy": 91.19223022460938,
            "timestamp": 219
        },
        {
            "dx": 216.7715301513672,
            "dy": 92.52499389648438,
            "timestamp": 220
        },
        {
            "dx": 215.43942260742188,
            "dy": 93.52459716796875,
            "timestamp": 220
        },
        {
            "dx": 213.7742919921875,
            "dy": 94.524169921875,
            "timestamp": 220
        },
        {
            "dx": 212.1091766357422,
            "dy": 95.52377319335938,
            "timestamp": 220
        },
        {
            "dx": 210.44403076171875,
            "dy": 96.8565673828125,
            "timestamp": 220
        },
        {
            "dx": 209.1119384765625,
            "dy": 97.85617065429688,
            "timestamp": 256
        },
        {
            "dx": 207.7798309326172,
            "dy": 98.85577392578125,
            "timestamp": 257
        },
        {
            "dx": 206.11471557617188,
            "dy": 99.8553466796875,
            "timestamp": 258
        },
        {
            "dx": 204.7826385498047,
            "dy": 100.85494995117188,
            "timestamp": 258
        },
        {
            "dx": 203.78353881835938,
            "dy": 101.52133178710938,
            "timestamp": 258
        },
        {
            "dx": 202.4514617919922,
            "dy": 102.52093505859375,
            "timestamp": 258
        },
        {
            "dx": 201.45236206054688,
            "dy": 103.18734741210938,
            "timestamp": 258
        },
        {
            "dx": 200.1202850341797,
            "dy": 103.85372924804688,
            "timestamp": 258
        },
        {
            "dx": 199.12118530273438,
            "dy": 104.18695068359375,
            "timestamp": 258
        },
        {
            "dx": 198.1221160888672,
            "dy": 104.85333251953125,
            "timestamp": 286
        },
        {
            "dx": 197.12303161621094,
            "dy": 105.51971435546875,
            "timestamp": 287
        },
        {
            "dx": 196.12396240234375,
            "dy": 105.8529052734375,
            "timestamp": 287
        },
        {
            "dx": 195.1248779296875,
            "dy": 106.18612670898438,
            "timestamp": 287
        },
        {
            "dx": 194.12582397460938,
            "dy": 106.519287109375,
            "timestamp": 287
        },
        {
            "dx": 193.4597625732422,
            "dy": 106.85250854492188,
            "timestamp": 287
        },
        {
            "dx": 193.1267547607422,
            "dy": 106.85250854492188,
            "timestamp": 287
        },
        {
            "dx": 192.460693359375,
            "dy": 106.85250854492188,
            "timestamp": 287
        },
        {
            "dx": 191.79464721679688,
            "dy": 106.85250854492188,
            "timestamp": 287
        },
        {
            "dx": 191.46160888671875,
            "dy": 107.18572998046875,
            "timestamp": 310
        },
        {
            "dx": 191.1285858154297,
            "dy": 107.18572998046875,
            "timestamp": 311
        },
        {
            "dx": 190.7955780029297,
            "dy": 107.18572998046875,
            "timestamp": 311
        },
        {
            "dx": 190.4625701904297,
            "dy": 107.18572998046875,
            "timestamp": 311
        },
        {
            "dx": 190.1295166015625,
            "dy": 107.18572998046875,
            "timestamp": 311
        },
        {
            "dx": 189.79649353027344,
            "dy": 107.18572998046875,
            "timestamp": 311
        },
        {
            "dx": 189.46347045898438,
            "dy": 107.18572998046875,
            "timestamp": 311
        },
        {
            "dx": 188.7974090576172,
            "dy": 107.18572998046875,
            "timestamp": 337
        },
        {
            "dx": 188.1313934326172,
            "dy": 106.85250854492188,
            "timestamp": 338
        },
        {
            "dx": 187.46531677246094,
            "dy": 106.18612670898438,
            "timestamp": 338
        },
        {
            "dx": 186.79925537109375,
            "dy": 105.51971435546875,
            "timestamp": 338
        },
        {
            "dx": 186.1332244873047,
            "dy": 104.52011108398438,
            "timestamp": 338
        },
        {
            "dx": 185.4671630859375,
            "dy": 103.5205078125,
            "timestamp": 338
        },
        {
            "dx": 184.80111694335938,
            "dy": 102.52093505859375,
            "timestamp": 338
        },
        {
            "dx": 184.46807861328125,
            "dy": 101.52133178710938,
            "timestamp": 359
        },
        {
            "dx": 184.13507080078125,
            "dy": 100.521728515625,
            "timestamp": 362
        },
        {
            "dx": 183.4690399169922,
            "dy": 99.18896484375,
            "timestamp": 363
        },
        {
            "dx": 183.135986328125,
            "dy": 98.18939208984375,
            "timestamp": 364
        },
        {
            "dx": 182.80296325683594,
            "dy": 97.18978881835938,
            "timestamp": 364
        },
        {
            "dx": 182.46994018554688,
            "dy": 95.85699462890625,
            "timestamp": 364
        },
        {
            "dx": 182.13690185546875,
            "dy": 94.85739135742188,
            "timestamp": 388
        },
        {
            "dx": 182.13690185546875,
            "dy": 93.8577880859375,
            "timestamp": 388
        },
        {
            "dx": 181.80389404296875,
            "dy": 92.85821533203125,
            "timestamp": 388
        },
        {
            "dx": 181.4708709716797,
            "dy": 92.19183349609375,
            "timestamp": 388
        },
        {
            "dx": 181.4708709716797,
            "dy": 91.525390625,
            "timestamp": 388
        },
        {
            "dx": 181.1378631591797,
            "dy": 90.8590087890625,
            "timestamp": 388
        },
        {
            "dx": 181.1378631591797,
            "dy": 90.52581787109375,
            "timestamp": 409
        },
        {
            "dx": 180.8048095703125,
            "dy": 90.192626953125,
            "timestamp": 409
        },
        {
            "dx": 180.8048095703125,
            "dy": 89.85943603515625,
            "timestamp": 409
        },
        {
            "dx": 180.8048095703125,
            "dy": 89.52621459960938,
            "timestamp": 431
        },
        {
            "dx": 180.47178649902344,
            "dy": 89.52621459960938,
            "timestamp": 431
        },
        {
            "dx": 180.47178649902344,
            "dy": 89.85943603515625,
            "timestamp": 455
        },
        {
            "dx": 180.47178649902344,
            "dy": 90.192626953125,
            "timestamp": 455
        },
        {
            "dx": 180.47178649902344,
            "dy": 90.52581787109375,
            "timestamp": 477
        },
        {
            "dx": 180.47178649902344,
            "dy": 90.8590087890625,
            "timestamp": 477
        },
        {
            "dx": 180.47178649902344,
            "dy": 91.525390625,
            "timestamp": 477
        },
        {
            "dx": 179.80575561523438,
            "dy": 92.52499389648438,
            "timestamp": 477
        },
        {
            "dx": 179.1396942138672,
            "dy": 93.52459716796875,
            "timestamp": 477
        },
        {
            "dx": 178.8066864013672,
            "dy": 94.85739135742188,
            "timestamp": 477
        },
        {
            "dx": 178.14060974121094,
            "dy": 95.85699462890625,
            "timestamp": 503
        },
        {
            "dx": 177.47457885742188,
            "dy": 97.18978881835938,
            "timestamp": 504
        },
        {
            "dx": 176.8085174560547,
            "dy": 98.18939208984375,
            "timestamp": 504
        },
        {
            "dx": 176.1424560546875,
            "dy": 99.18896484375,
            "timestamp": 504
        },
        {
            "dx": 175.80943298339844,
            "dy": 100.18856811523438,
            "timestamp": 504
        },
        {
            "dx": 175.14340209960938,
            "dy": 101.52133178710938,
            "timestamp": 504
        },
        {
            "dx": 174.4773406982422,
            "dy": 102.52093505859375,
            "timestamp": 504
        },
        {
            "dx": 173.811279296875,
            "dy": 103.5205078125,
            "timestamp": 529
        },
        {
            "dx": 173.14524841308594,
            "dy": 104.52011108398438,
            "timestamp": 530
        },
        {
            "dx": 172.81222534179688,
            "dy": 104.85333251953125,
            "timestamp": 530
        },
        {
            "dx": 172.1461639404297,
            "dy": 105.51971435546875,
            "timestamp": 530
        },
        {
            "dx": 171.4801025390625,
            "dy": 106.18612670898438,
            "timestamp": 530
        },
        {
            "dx": 170.81407165527344,
            "dy": 107.18572998046875,
            "timestamp": 530
        },
        {
            "dx": 170.14801025390625,
            "dy": 108.185302734375,
            "timestamp": 530
        },
        {
            "dx": 169.8149871826172,
            "dy": 108.51849365234375,
            "timestamp": 553
        },
        {
            "dx": 169.1489715576172,
            "dy": 109.18490600585938,
            "timestamp": 553
        },
        {
            "dx": 168.81591796875,
            "dy": 109.51812744140625,
            "timestamp": 553
        },
        {
            "dx": 168.14987182617188,
            "dy": 109.85128784179688,
            "timestamp": 554
        },
        {
            "dx": 167.81683349609375,
            "dy": 110.18450927734375,
            "timestamp": 554
        },
        {
            "dx": 167.1508026123047,
            "dy": 110.85089111328125,
            "timestamp": 554
        },
        {
            "dx": 166.4847412109375,
            "dy": 111.18408203125,
            "timestamp": 577
        },
        {
            "dx": 165.81869506835938,
            "dy": 111.51730346679688,
            "timestamp": 578
        },
        {
            "dx": 165.48565673828125,
            "dy": 111.51730346679688,
            "timestamp": 578
        },
        {
            "dx": 164.8196258544922,
            "dy": 111.8504638671875,
            "timestamp": 578
        },
        {
            "dx": 164.4866180419922,
            "dy": 112.18368530273438,
            "timestamp": 578
        },
        {
            "dx": 163.82054138183594,
            "dy": 112.18368530273438,
            "timestamp": 578
        },
        {
            "dx": 163.48751831054688,
            "dy": 112.18368530273438,
            "timestamp": 603
        },
        {
            "dx": 162.82147216796875,
            "dy": 112.51690673828125,
            "timestamp": 604
        },
        {
            "dx": 162.4884490966797,
            "dy": 112.51690673828125,
            "timestamp": 604
        },
        {
            "dx": 162.1554412841797,
            "dy": 112.51690673828125,
            "timestamp": 604
        },
        {
            "dx": 161.8223876953125,
            "dy": 112.51690673828125,
            "timestamp": 604
        },
        {
            "dx": 161.48936462402344,
            "dy": 112.51690673828125,
            "timestamp": 604
        },
        {
            "dx": 161.15634155273438,
            "dy": 112.51690673828125,
            "timestamp": 604
        },
        {
            "dx": 160.49029541015625,
            "dy": 112.51690673828125,
            "timestamp": 634
        },
        {
            "dx": 159.8242645263672,
            "dy": 112.51690673828125,
            "timestamp": 634
        },
        {
            "dx": 158.49215698242188,
            "dy": 112.18368530273438,
            "timestamp": 634
        },
        {
            "dx": 157.4930877685547,
            "dy": 111.51730346679688,
            "timestamp": 634
        },
        {
            "dx": 155.82794189453125,
            "dy": 110.85089111328125,
            "timestamp": 634
        },
        {
            "dx": 154.16282653808594,
            "dy": 109.85128784179688,
            "timestamp": 634
        },
        {
            "dx": 152.8307342529297,
            "dy": 108.51849365234375,
            "timestamp": 634
        },
        {
            "dx": 151.83164978027344,
            "dy": 106.85250854492188,
            "timestamp": 634
        },
        {
            "dx": 150.8325653076172,
            "dy": 105.1865234375,
            "timestamp": 660
        },
        {
            "dx": 149.83349609375,
            "dy": 103.18734741210938,
            "timestamp": 660
        },
        {
            "dx": 148.83441162109375,
            "dy": 100.85494995117188,
            "timestamp": 660
        },
        {
            "dx": 148.1683807373047,
            "dy": 98.18939208984375,
            "timestamp": 660
        },
        {
            "dx": 147.8353729248047,
            "dy": 95.19061279296875,
            "timestamp": 660
        },
        {
            "dx": 147.16929626464844,
            "dy": 92.52499389648438,
            "timestamp": 660
        },
        {
            "dx": 146.83627319335938,
            "dy": 89.85943603515625,
            "timestamp": 661
        },
        {
            "dx": 146.50323486328125,
            "dy": 87.8602294921875,
            "timestamp": 688
        },
        {
            "dx": 146.1702117919922,
            "dy": 85.52783203125,
            "timestamp": 688
        },
        {
            "dx": 145.8372039794922,
            "dy": 83.52865600585938,
            "timestamp": 689
        },
        {
            "dx": 145.5041961669922,
            "dy": 81.52947998046875,
            "timestamp": 689
        },
        {
            "dx": 145.171142578125,
            "dy": 79.86349487304688,
            "timestamp": 689
        },
        {
            "dx": 145.171142578125,
            "dy": 78.197509765625,
            "timestamp": 689
        },
        {
            "dx": 144.83811950683594,
            "dy": 76.86468505859375,
            "timestamp": 689
        },
        {
            "dx": 144.83811950683594,
            "dy": 75.53192138671875,
            "timestamp": 689
        },
        {
            "dx": 144.83811950683594,
            "dy": 74.53231811523438,
            "timestamp": 715
        },
        {
            "dx": 144.50509643554688,
            "dy": 72.8663330078125,
            "timestamp": 715
        },
        {
            "dx": 144.50509643554688,
            "dy": 72.53314208984375,
            "timestamp": 715
        },
        {
            "dx": 144.50509643554688,
            "dy": 72.199951171875,
            "timestamp": 744
        },
        {
            "dx": 144.50509643554688,
            "dy": 72.53314208984375,
            "timestamp": 768
        },
        {
            "dx": 144.50509643554688,
            "dy": 72.8663330078125,
            "timestamp": 791
        },
        {
            "dx": 144.50509643554688,
            "dy": 73.19952392578125,
            "timestamp": 791
        },
        {
            "dx": 144.50509643554688,
            "dy": 73.53271484375,
            "timestamp": 791
        },
        {
            "dx": 144.50509643554688,
            "dy": 73.86590576171875,
            "timestamp": 791
        },
        {
            "dx": 144.50509643554688,
            "dy": 74.19915771484375,
            "timestamp": 791
        },
        {
            "dx": 144.50509643554688,
            "dy": 74.53231811523438,
            "timestamp": 791
        },
        {
            "dx": 144.50509643554688,
            "dy": 75.19873046875,
            "timestamp": 814
        },
        {
            "dx": 144.50509643554688,
            "dy": 76.531494140625,
            "timestamp": 815
        },
        {
            "dx": 144.50509643554688,
            "dy": 78.197509765625,
            "timestamp": 815
        },
        {
            "dx": 144.50509643554688,
            "dy": 79.86349487304688,
            "timestamp": 815
        },
        {
            "dx": 143.8390350341797,
            "dy": 82.529052734375,
            "timestamp": 815
        },
        {
            "dx": 143.5060272216797,
            "dy": 84.8614501953125,
            "timestamp": 815
        },
        {
            "dx": 142.8399658203125,
            "dy": 87.19384765625,
            "timestamp": 841
        },
        {
            "dx": 142.50694274902344,
            "dy": 88.85983276367188,
            "timestamp": 842
        },
        {
            "dx": 141.84088134765625,
            "dy": 91.19223022460938,
            "timestamp": 842
        },
        {
            "dx": 140.8418426513672,
            "dy": 93.19140625,
            "timestamp": 842
        },
        {
            "dx": 140.17576599121094,
            "dy": 95.19061279296875,
            "timestamp": 842
        },
        {
            "dx": 139.17669677734375,
            "dy": 97.18978881835938,
            "timestamp": 842
        },
        {
            "dx": 138.1776123046875,
            "dy": 98.85577392578125,
            "timestamp": 842
        },
        {
            "dx": 137.51156616210938,
            "dy": 100.521728515625,
            "timestamp": 842
        },
        {
            "dx": 136.5124969482422,
            "dy": 102.52093505859375,
            "timestamp": 866
        },
        {
            "dx": 135.18038940429688,
            "dy": 104.18695068359375,
            "timestamp": 866
        },
        {
            "dx": 134.1813201904297,
            "dy": 106.519287109375,
            "timestamp": 866
        },
        {
            "dx": 133.1822509765625,
            "dy": 108.51849365234375,
            "timestamp": 866
        },
        {
            "dx": 131.8501434326172,
            "dy": 110.5177001953125,
            "timestamp": 866
        },
        {
            "dx": 130.51803588867188,
            "dy": 112.18368530273438,
            "timestamp": 866
        },
        {
            "dx": 128.85293579101562,
            "dy": 113.84967041015625,
            "timestamp": 890
        },
        {
            "dx": 127.18778991699219,
            "dy": 115.51568603515625,
            "timestamp": 891
        },
        {
            "dx": 125.52267456054688,
            "dy": 116.84844970703125,
            "timestamp": 891
        },
        {
            "dx": 123.8575439453125,
            "dy": 118.51446533203125,
            "timestamp": 891
        },
        {
            "dx": 122.19241333007812,
            "dy": 120.180419921875,
            "timestamp": 891
        },
        {
            "dx": 120.19427490234375,
            "dy": 121.51327514648438,
            "timestamp": 891
        },
        {
            "dx": 118.19613647460938,
            "dy": 122.84603881835938,
            "timestamp": 923
        },
        {
            "dx": 116.53099060058594,
            "dy": 124.17880249023438,
            "timestamp": 924
        },
        {
            "dx": 114.5328369140625,
            "dy": 125.84481811523438,
            "timestamp": 924
        },
        {
            "dx": 112.86772155761719,
            "dy": 126.8443603515625,
            "timestamp": 924
        },
        {
            "dx": 111.20260620117188,
            "dy": 128.5103759765625,
            "timestamp": 924
        },
        {
            "dx": 109.20443725585938,
            "dy": 129.8431396484375,
            "timestamp": 924
        },
        {
            "dx": 106.87327575683594,
            "dy": 131.17596435546875,
            "timestamp": 924
        },
        {
            "dx": 104.54209899902344,
            "dy": 132.50875854492188,
            "timestamp": 947
        },
        {
            "dx": 102.5439453125,
            "dy": 133.17514038085938,
            "timestamp": 947
        },
        {
            "dx": 100.87881469726562,
            "dy": 133.841552734375,
            "timestamp": 947
        },
        {
            "dx": 98.88067626953125,
            "dy": 134.5079345703125,
            "timestamp": 947
        },
        {
            "dx": 97.21554565429688,
            "dy": 135.17431640625,
            "timestamp": 948
        },
        {
            "dx": 95.21739196777344,
            "dy": 135.84075927734375,
            "timestamp": 948
        },
        {
            "dx": 93.88529968261719,
            "dy": 136.17391967773438,
            "timestamp": 948
        },
        {
            "dx": 91.88714599609375,
            "dy": 136.50717163085938,
            "timestamp": 948
        },
        {
            "dx": 90.22201538085938,
            "dy": 137.17352294921875,
            "timestamp": 948
        },
        {
            "dx": 88.22386932373047,
            "dy": 137.5067138671875,
            "timestamp": 976
        },
        {
            "dx": 85.89269256591797,
            "dy": 138.173095703125,
            "timestamp": 977
        },
        {
            "dx": 84.22756958007812,
            "dy": 138.173095703125,
            "timestamp": 977
        },
        {
            "dx": 81.89639282226562,
            "dy": 138.50631713867188,
            "timestamp": 977
        },
        {
            "dx": 79.89824676513672,
            "dy": 138.50631713867188,
            "timestamp": 977
        },
        {
            "dx": 77.90010833740234,
            "dy": 138.83953857421875,
            "timestamp": 977
        },
        {
            "dx": 75.90194702148438,
            "dy": 138.83953857421875,
            "timestamp": 977
        },
        {
            "dx": 74.23681640625,
            "dy": 138.83953857421875,
            "timestamp": 1001
        },
        {
            "dx": 72.57170104980469,
            "dy": 138.83953857421875,
            "timestamp": 1001
        },
        {
            "dx": 70.90657806396484,
            "dy": 138.83953857421875,
            "timestamp": 1001
        },
        {
            "dx": 69.5744857788086,
            "dy": 138.83953857421875,
            "timestamp": 1001
        },
        {
            "dx": 67.90934753417969,
            "dy": 138.83953857421875,
            "timestamp": 1001
        },
        {
            "dx": 66.57723999023438,
            "dy": 138.83953857421875,
            "timestamp": 1001
        },
        {
            "dx": 65.24514770507812,
            "dy": 138.83953857421875,
            "timestamp": 1027
        },
        {
            "dx": 63.913047790527344,
            "dy": 138.83953857421875,
            "timestamp": 1027
        },
        {
            "dx": 62.580955505371094,
            "dy": 138.83953857421875,
            "timestamp": 1027
        },
        {
            "dx": 61.581871032714844,
            "dy": 138.83953857421875,
            "timestamp": 1027
        },
        {
            "dx": 60.249778747558594,
            "dy": 138.83953857421875,
            "timestamp": 1027
        },
        {
            "dx": 59.250694274902344,
            "dy": 138.83953857421875,
            "timestamp": 1027
        },
        {
            "dx": 58.58464813232422,
            "dy": 138.83953857421875,
            "timestamp": 1027
        },
        {
            "dx": 57.5855712890625,
            "dy": 138.83953857421875,
            "timestamp": 1028
        },
        {
            "dx": 56.919517517089844,
            "dy": 138.83953857421875,
            "timestamp": 1052
        },
        {
            "dx": 56.586509704589844,
            "dy": 138.83953857421875,
            "timestamp": 1052
        },
        {
            "dx": 55.920440673828125,
            "dy": 138.83953857421875,
            "timestamp": 1053
        },
        {
            "dx": 55.25439453125,
            "dy": 138.83953857421875,
            "timestamp": 1053
        },
        {
            "dx": 54.92137145996094,
            "dy": 138.83953857421875,
            "timestamp": 1053
        },
        {
            "dx": 54.25532531738281,
            "dy": 138.83953857421875,
            "timestamp": 1053
        },
        {
            "dx": 53.92229461669922,
            "dy": 138.83953857421875,
            "timestamp": 1078
        },
        {
            "dx": 53.58927917480469,
            "dy": 138.83953857421875,
            "timestamp": 1078
        },
        {
            "dx": 53.256248474121094,
            "dy": 138.50631713867188,
            "timestamp": 1078
        },
        {
            "dx": 52.9232177734375,
            "dy": 138.50631713867188,
            "timestamp": 1078
        },
        {
            "dx": 52.59019470214844,
            "dy": 138.173095703125,
            "timestamp": 1079
        },
        {
            "dx": 52.257171630859375,
            "dy": 137.83993530273438,
            "timestamp": 1079
        },
        {
            "dx": 51.92414855957031,
            "dy": 137.5067138671875,
            "timestamp": 1102
        },
        {
            "dx": 51.59112548828125,
            "dy": 136.50717163085938,
            "timestamp": 1102
        },
        {
            "dx": 51.25810241699219,
            "dy": 136.50717163085938,
            "timestamp": 1102
        },
        {
            "dx": 0,
            "dy": 0,
            "timestamp": 1104
        },
        {
            "dx": 173.14524841308594,
            "dy": 23.55303955078125,
            "timestamp": 1390
        },
        {
            "dx": 171.1470947265625,
            "dy": 24.885833740234375,
            "timestamp": 1391
        },
        {
            "dx": 168.48289489746094,
            "dy": 26.885009765625,
            "timestamp": 1391
        },
        {
            "dx": 165.81869506835938,
            "dy": 28.884201049804688,
            "timestamp": 1391
        },
        {
            "dx": 163.15447998046875,
            "dy": 31.216598510742188,
            "timestamp": 1391
        },
        {
            "dx": 159.4912109375,
            "dy": 34.21537780761719,
            "timestamp": 1421
        },
        {
            "dx": 156.82701110839844,
            "dy": 36.54779052734375,
            "timestamp": 1421
        },
        {
            "dx": 154.828857421875,
            "dy": 38.54693603515625,
            "timestamp": 1421
        },
        {
            "dx": 152.4976806640625,
            "dy": 39.879730224609375,
            "timestamp": 1422
        },
        {
            "dx": 150.16650390625,
            "dy": 41.87890625,
            "timestamp": 1422
        },
        {
            "dx": 148.1683807373047,
            "dy": 43.21173095703125,
            "timestamp": 1422
        },
        {
            "dx": 146.1702117919922,
            "dy": 45.210906982421875,
            "timestamp": 1422
        },
        {
            "dx": 144.17205810546875,
            "dy": 47.2100830078125,
            "timestamp": 1422
        },
        {
            "dx": 142.17391967773438,
            "dy": 49.54248046875,
            "timestamp": 1423
        },
        {
            "dx": 140.5087890625,
            "dy": 51.54168701171875,
            "timestamp": 1459
        },
        {
            "dx": 138.8436737060547,
            "dy": 53.54083251953125,
            "timestamp": 1460
        },
        {
            "dx": 137.17855834960938,
            "dy": 55.5400390625,
            "timestamp": 1460
        },
        {
            "dx": 135.513427734375,
            "dy": 58.20562744140625,
            "timestamp": 1460
        },
        {
            "dx": 134.1813201904297,
            "dy": 61.20440673828125,
            "timestamp": 1460
        },
        {
            "dx": 132.84921264648438,
            "dy": 63.53680419921875,
            "timestamp": 1460
        },
        {
            "dx": 131.8501434326172,
            "dy": 65.2027587890625,
            "timestamp": 1460
        },
        {
            "dx": 130.51803588867188,
            "dy": 67.20196533203125,
            "timestamp": 1460
        },
        {
            "dx": 129.5189666748047,
            "dy": 69.201171875,
            "timestamp": 1490
        },
        {
            "dx": 128.18687438964844,
            "dy": 70.86712646484375,
            "timestamp": 1490
        },
        {
            "dx": 126.85476684570312,
            "dy": 73.19952392578125,
            "timestamp": 1490
        },
        {
            "dx": 126.52175903320312,
            "dy": 73.53271484375,
            "timestamp": 1491
        },
        {
            "dx": 126.85476684570312,
            "dy": 73.19952392578125,
            "timestamp": 1491
        },
        {
            "dx": 0,
            "dy": 0,
            "timestamp": 1492
        }
    ]
]