[
    [
        {
            "dx": 228.33334350585938,
            "dy": 78.33334350585938,
            "timestamp": 0
        },
        {
            "dx": 229,
            "dy": 79,
            "timestamp": 19
        },
        {
            "dx": 229.66668701171875,
            "dy": 79.66668701171875,
            "timestamp": 19
        },
        {
            "dx": 230.33334350585938,
            "dy": 80.33334350585938,
            "timestamp": 19
        },
        {
            "dx": 231,
            "dy": 81.66668701171875,
            "timestamp": 36
        },
        {
            "dx": 231.66668701171875,
            "dy": 82.33334350585938,
            "timestamp": 36
        },
        {
            "dx": 232.33334350585938,
            "dy": 83,
            "timestamp": 36
        },
        {
            "dx": 233.66668701171875,
            "dy": 83.66668701171875,
            "timestamp": 53
        },
        {
            "dx": 235,
            "dy": 84.33334350585938,
            "timestamp": 53
        },
        {
            "dx": 235.66668701171875,
            "dy": 85,
            "timestamp": 70
        },
        {
            "dx": 237.66668701171875,
            "dy": 85.66668701171875,
            "timestamp": 70
        },
        {
            "dx": 238.33334350585938,
            "dy": 87,
            "timestamp": 70
        },
        {
            "dx": 239.66668701171875,
            "dy": 87,
            "timestamp": 89
        },
        {
            "dx": 241,
            "dy": 87.66668701171875,
            "timestamp": 89
        },
        {
            "dx": 241.66668701171875,
            "dy": 87.66668701171875,
            "timestamp": 89
        },
        {
            "dx": 242.33334350585938,
            "dy": 87.66668701171875,
            "timestamp": 107
        },
        {
            "dx": 243,
            "dy": 87.66668701171875,
            "timestamp": 107
        },
        {
            "dx": 243.66668701171875,
            "dy": 87.66668701171875,
            "timestamp": 124
        },
        {
            "dx": 244.33334350585938,
            "dy": 87.66668701171875,
            "timestamp": 124
        },
        {
            "dx": 245,
            "dy": 87,
            "timestamp": 124
        },
        {
            "dx": 245.66668701171875,
            "dy": 87,
            "timestamp": 124
        },
        {
            "dx": 246.33334350585938,
            "dy": 86.33334350585938,
            "timestamp": 141
        },
        {
            "dx": 247,
            "dy": 85.66668701171875,
            "timestamp": 142
        },
        {
            "dx": 247.66668701171875,
            "dy": 85,
            "timestamp": 159
        },
        {
            "dx": 248.33334350585938,
            "dy": 83.66668701171875,
            "timestamp": 159
        },
        {
            "dx": 249,
            "dy": 83,
            "timestamp": 159
        },
        {
            "dx": 249,
            "dy": 81,
            "timestamp": 181
        },
        {
            "dx": 249.66668701171875,
            "dy": 79.66668701171875,
            "timestamp": 181
        },
        {
            "dx": 249.66668701171875,
            "dy": 78.33334350585938,
            "timestamp": 181
        },
        {
            "dx": 249.66668701171875,
            "dy": 77,
            "timestamp": 200
        },
        {
            "dx": 249.66668701171875,
            "dy": 75.66668701171875,
            "timestamp": 200
        },
        {
            "dx": 249.66668701171875,
            "dy": 74.33334350585938,
            "timestamp": 201
        },
        {
            "dx": 249.66668701171875,
            "dy": 73,
            "timestamp": 201
        },
        {
            "dx": 249.66668701171875,
            "dy": 72.33334350585938,
            "timestamp": 219
        },
        {
            "dx": 249.66668701171875,
            "dy": 71.66668701171875,
            "timestamp": 219
        },
        {
            "dx": 249,
            "dy": 69,
            "timestamp": 250
        },
        {
            "dx": 249,
            "dy": 69.66668701171875,
            "timestamp": 250
        },
        {
            "dx": 249.66668701171875,
            "dy": 70.33334350585938,
            "timestamp": 250
        },
        {
            "dx": 248.33334350585938,
            "dy": 69,
            "timestamp": 251
        },
        {
            "dx": 247.66668701171875,
            "dy": 68.33334350585938,
            "timestamp": 251
        },
        {
            "dx": 246.33334350585938,
            "dy": 67,
            "timestamp": 251
        },
        {
            "dx": 245.66668701171875,
            "dy": 67,
            "timestamp": 267
        },
        {
            "dx": 243.66668701171875,
            "dy": 66.33334350585938,
            "timestamp": 267
        },
        {
            "dx": 242.33334350585938,
            "dy": 66.33334350585938,
            "timestamp": 283
        },
        {
            "dx": 241,
            "dy": 66.33334350585938,
            "timestamp": 283
        },
        {
            "dx": 239.66668701171875,
            "dy": 66.33334350585938,
            "timestamp": 301
        },
        {
            "dx": 239,
            "dy": 66.33334350585938,
            "timestamp": 301
        },
        {
            "dx": 238.33334350585938,
            "dy": 67,
            "timestamp": 301
        },
        {
            "dx": 237,
            "dy": 68.33334350585938,
            "timestamp": 302
        },
        {
            "dx": 236.33334350585938,
            "dy": 69,
            "timestamp": 318
        },
        {
            "dx": 235.66668701171875,
            "dy": 70.33334350585938,
            "timestamp": 318
        },
        {
            "dx": 235,
            "dy": 71.66668701171875,
            "timestamp": 335
        },
        {
            "dx": 234.33334350585938,
            "dy": 73,
            "timestamp": 335
        },
        {
            "dx": 234.33334350585938,
            "dy": 74.33334350585938,
            "timestamp": 351
        },
        {
            "dx": 233.66668701171875,
            "dy": 75.66668701171875,
            "timestamp": 352
        },
        {
            "dx": 233.66668701171875,
            "dy": 77,
            "timestamp": 352
        },
        {
            "dx": 233.66668701171875,
            "dy": 78.33334350585938,
            "timestamp": 352
        },
        {
            "dx": 233.66668701171875,
            "dy": 79.66668701171875,
            "timestamp": 368
        },
        {
            "dx": 233,
            "dy": 81.66668701171875,
            "timestamp": 368
        },
        {
            "dx": 233,
            "dy": 83,
            "timestamp": 384
        },
        {
            "dx": 233.66668701171875,
            "dy": 84.33334350585938,
            "timestamp": 384
        },
        {
            "dx": 233.66668701171875,
            "dy": 85.66668701171875,
            "timestamp": 402
        },
        {
            "dx": 233.66668701171875,
            "dy": 87.66668701171875,
            "timestamp": 402
        },
        {
            "dx": 234.33334350585938,
            "dy": 88.33334350585938,
            "timestamp": 402
        },
        {
            "dx": 234.33334350585938,
            "dy": 89.66668701171875,
            "timestamp": 403
        },
        {
            "dx": 235,
            "dy": 91,
            "timestamp": 419
        },
        {
            "dx": 235.66668701171875,
            "dy": 92.33334350585938,
            "timestamp": 419
        },
        {
            "dx": 236.33334350585938,
            "dy": 93.66668701171875,
            "timestamp": 435
        },
        {
            "dx": 236.33334350585938,
            "dy": 95,
            "timestamp": 436
        },
        {
            "dx": 237.66668701171875,
            "dy": 96.33334350585938,
            "timestamp": 436
        },
        {
            "dx": 237.66668701171875,
            "dy": 97,
            "timestamp": 452
        },
        {
            "dx": 238.33334350585938,
            "dy": 99,
            "timestamp": 452
        },
        {
            "dx": 239,
            "dy": 100.33334350585938,
            "timestamp": 452
        },
        {
            "dx": 239,
            "dy": 101.66668701171875,
            "timestamp": 468
        },
        {
            "dx": 239.66668701171875,
            "dy": 103,
            "timestamp": 469
        },
        {
            "dx": 239.66668701171875,
            "dy": 104.33334350585938,
            "timestamp": 485
        },
        {
            "dx": 239.66668701171875,
            "dy": 106.33334350585938,
            "timestamp": 485
        },
        {
            "dx": 239.66668701171875,
            "dy": 107.66668701171875,
            "timestamp": 503
        },
        {
            "dx": 239.66668701171875,
            "dy": 109,
            "timestamp": 503
        },
        {
            "dx": 239,
            "dy": 110.33334350585938,
            "timestamp": 503
        },
        {
            "dx": 238.33334350585938,
            "dy": 112.33334350585938,
            "timestamp": 503
        },
        {
            "dx": 237.66668701171875,
            "dy": 114.33334350585938,
            "timestamp": 520
        },
        {
            "dx": 236.33334350585938,
            "dy": 116.33334350585938,
            "timestamp": 520
        },
        {
            "dx": 235,
            "dy": 118.33334350585938,
            "timestamp": 537
        },
        {
            "dx": 233.66668701171875,
            "dy": 121,
            "timestamp": 537
        },
        {
            "dx": 231.66668701171875,
            "dy": 123,
            "timestamp": 538
        },
        {
            "dx": 229,
            "dy": 125,
            "timestamp": 554
        },
        {
            "dx": 226.33334350585938,
            "dy": 126.33334350585938,
            "timestamp": 554
        },
        {
            "dx": 223.66668701171875,
            "dy": 127.66668701171875,
            "timestamp": 554
        },
        {
            "dx": 222.33334350585938,
            "dy": 129,
            "timestamp": 571
        },
        {
            "dx": 220.33334350585938,
            "dy": 129.66668701171875,
            "timestamp": 572
        },
        {
            "dx": 217,
            "dy": 130.33334350585938,
            "timestamp": 589
        },
        {
            "dx": 213.66668701171875,
            "dy": 131.66668701171875,
            "timestamp": 589
        },
        {
            "dx": 210.33334350585938,
            "dy": 132.33334350585938,
            "timestamp": 589
        },
        {
            "dx": 207.66668701171875,
            "dy": 133,
            "timestamp": 589
        },
        {
            "dx": 205,
            "dy": 133.66668701171875,
            "timestamp": 607
        },
        {
            "dx": 203.66668701171875,
            "dy": 133.66668701171875,
            "timestamp": 608
        },
        {
            "dx": 201.66668701171875,
            "dy": 133.66668701171875,
            "timestamp": 625
        },
        {
            "dx": 199.66668701171875,
            "dy": 133.66668701171875,
            "timestamp": 625
        },
        {
            "dx": 197,
            "dy": 133.66668701171875,
            "timestamp": 625
        },
        {
            "dx": 194.33334350585938,
            "dy": 133.66668701171875,
            "timestamp": 642
        },
        {
            "dx": 191.66668701171875,
            "dy": 133,
            "timestamp": 642
        },
        {
            "dx": 189.66668701171875,
            "dy": 132.33334350585938,
            "timestamp": 642
        },
        {
            "dx": 187.66668701171875,
            "dy": 132.33334350585938,
            "timestamp": 660
        },
        {
            "dx": 186.33334350585938,
            "dy": 131,
            "timestamp": 660
        },
        {
            "dx": 185,
            "dy": 130.33334350585938,
            "timestamp": 678
        },
        {
            "dx": 183.66668701171875,
            "dy": 129.66668701171875,
            "timestamp": 678
        },
        {
            "dx": 181.66668701171875,
            "dy": 129,
            "timestamp": 678
        },
        {
            "dx": 181,
            "dy": 127.66668701171875,
            "timestamp": 678
        },
        {
            "dx": 180.33334350585938,
            "dy": 126.33334350585938,
            "timestamp": 695
        },
        {
            "dx": 179.66668701171875,
            "dy": 125.66668701171875,
            "timestamp": 696
        },
        {
            "dx": 179,
            "dy": 124.33334350585938,
            "timestamp": 716
        },
        {
            "dx": 178.33334350585938,
            "dy": 123,
            "timestamp": 716
        },
        {
            "dx": 178.33334350585938,
            "dy": 122.33334350585938,
            "timestamp": 716
        },
        {
            "dx": 178.33334350585938,
            "dy": 121.66668701171875,
            "timestamp": 716
        },
        {
            "dx": 178.33334350585938,
            "dy": 121,
            "timestamp": 734
        },
        {
            "dx": 179,
            "dy": 120.33334350585938,
            "timestamp": 734
        },
        {
            "dx": 179.66668701171875,
            "dy": 119.66668701171875,
            "timestamp": 752
        },
        {
            "dx": 180.33334350585938,
            "dy": 119,
            "timestamp": 753
        },
        {
            "dx": 181,
            "dy": 118.33334350585938,
            "timestamp": 753
        },
        {
            "dx": 182.33334350585938,
            "dy": 117.66668701171875,
            "timestamp": 771
        },
        {
            "dx": 184.33334350585938,
            "dy": 117,
            "timestamp": 771
        },
        {
            "dx": 186.33334350585938,
            "dy": 116.33334350585938,
            "timestamp": 771
        },
        {
            "dx": 188.33334350585938,
            "dy": 115.66668701171875,
            "timestamp": 789
        },
        {
            "dx": 189.66668701171875,
            "dy": 115.66668701171875,
            "timestamp": 789
        },
        {
            "dx": 191.66668701171875,
            "dy": 116.33334350585938,
            "timestamp": 790
        },
        {
            "dx": 193.66668701171875,
            "dy": 117,
            "timestamp": 810
        },
        {
            "dx": 192.33334350585938,
            "dy": 117,
            "timestamp": 810
        },
        {
            "dx": 195.66668701171875,
            "dy": 117.66668701171875,
            "timestamp": 810
        },
        {
            "dx": 197,
            "dy": 119,
            "timestamp": 829
        },
        {
            "dx": 199,
            "dy": 119.66668701171875,
            "timestamp": 830
        },
        {
            "dx": 200.33334350585938,
            "dy": 121.66668701171875,
            "timestamp": 830
        },
        {
            "dx": 201,
            "dy": 123,
            "timestamp": 847
        },
        {
            "dx": 202.33334350585938,
            "dy": 124.33334350585938,
            "timestamp": 847
        },
        {
            "dx": 203,
            "dy": 125.66668701171875,
            "timestamp": 847
        },
        {
            "dx": 203.66668701171875,
            "dy": 127.66668701171875,
            "timestamp": 865
        },
        {
            "dx": 204.33334350585938,
            "dy": 129.66668701171875,
            "timestamp": 865
        },
        {
            "dx": 205,
            "dy": 131,
            "timestamp": 865
        },
        {
            "dx": 205.66668701171875,
            "dy": 133.66668701171875,
            "timestamp": 883
        },
        {
            "dx": 206.33334350585938,
            "dy": 135.66668701171875,
            "timestamp": 884
        },
        {
            "dx": 206.33334350585938,
            "dy": 137.66668701171875,
            "timestamp": 884
        },
        {
            "dx": 206.33334350585938,
            "dy": 139.66668701171875,
            "timestamp": 902
        },
        {
            "dx": 205.66668701171875,
            "dy": 141.66668701171875,
            "timestamp": 902
        },
        {
            "dx": 205,
            "dy": 143.66668701171875,
            "timestamp": 920
        },
        {
            "dx": 205,
            "dy": 145,
            "timestamp": 921
        },
        {
            "dx": 203.66668701171875,
            "dy": 149,
            "timestamp": 921
        },
        {
            "dx": 204.33334350585938,
            "dy": 146.33334350585938,
            "timestamp": 921
        },
        {
            "dx": 202.33334350585938,
            "dy": 151,
            "timestamp": 940
        },
        {
            "dx": 201,
            "dy": 153.66668701171875,
            "timestamp": 940
        },
        {
            "dx": 199.66668701171875,
            "dy": 155.66668701171875,
            "timestamp": 940
        },
        {
            "dx": 199,
            "dy": 157.66668701171875,
            "timestamp": 958
        },
        {
            "dx": 197.66668701171875,
            "dy": 159.66668701171875,
            "timestamp": 958
        },
        {
            "dx": 195.66668701171875,
            "dy": 161,
            "timestamp": 958
        },
        {
            "dx": 193,
            "dy": 162.33334350585938,
            "timestamp": 977
        },
        {
            "dx": 190.33334350585938,
            "dy": 163.66668701171875,
            "timestamp": 978
        },
        {
            "dx": 188.33334350585938,
            "dy": 165,
            "timestamp": 997
        },
        {
            "dx": 186.33334350585938,
            "dy": 165.66668701171875,
            "timestamp": 997
        },
        {
            "dx": 183.66668701171875,
            "dy": 167,
            "timestamp": 997
        },
        {
            "dx": 181,
            "dy": 167.66668701171875,
            "timestamp": 997
        },
        {
            "dx": 178.33334350585938,
            "dy": 168.33334350585938,
            "timestamp": 1015
        },
        {
            "dx": 176.33334350585938,
            "dy": 169,
            "timestamp": 1016
        },
        {
            "dx": 175.66668701171875,
            "dy": 169.66668701171875,
            "timestamp": 1036
        },
        {
            "dx": 176.33334350585938,
            "dy": 169,
            "timestamp": 1036
        },
        {
            "dx": 0,
            "dy": 0,
            "timestamp": 1038
        }
    ],
    [
        {
            "dx": 196.12396240234375,
            "dy": 72.199951171875,
            "timestamp": 0
        },
        {
            "dx": 197.12303161621094,
            "dy": 72.53314208984375,
            "timestamp": 26
        },
        {
            "dx": 199.12118530273438,
            "dy": 73.19952392578125,
            "timestamp": 27
        },
        {
            "dx": 202.118408203125,
            "dy": 74.86553955078125,
            "timestamp": 27
        },
        {
            "dx": 204.11656188964844,
            "dy": 76.19830322265625,
            "timestamp": 27
        },
        {
            "dx": 206.11471557617188,
            "dy": 76.86468505859375,
            "timestamp": 27
        },
        {
            "dx": 207.4468231201172,
            "dy": 77.86431884765625,
            "timestamp": 27
        },
        {
            "dx": 208.77891540527344,
            "dy": 78.53070068359375,
            "timestamp": 27
        },
        {
            "dx": 210.1110076904297,
            "dy": 79.19708251953125,
            "timestamp": 56
        },
        {
            "dx": 211.443115234375,
            "dy": 79.86349487304688,
            "timestamp": 56
        },
        {
            "dx": 212.77520751953125,
            "dy": 80.52987670898438,
            "timestamp": 57
        },
        {
            "dx": 213.7742919921875,
            "dy": 80.86309814453125,
            "timestamp": 57
        },
        {
            "dx": 215.10638427734375,
            "dy": 81.1962890625,
            "timestamp": 57
        },
        {
            "dx": 216.4384765625,
            "dy": 81.52947998046875,
            "timestamp": 57
        },
        {
            "dx": 217.43756103515625,
            "dy": 81.52947998046875,
            "timestamp": 57
        },
        {
            "dx": 218.43663024902344,
            "dy": 81.8626708984375,
            "timestamp": 57
        },
        {
            "dx": 219.1027069091797,
            "dy": 81.8626708984375,
            "timestamp": 87
        },
        {
            "dx": 220.10177612304688,
            "dy": 81.8626708984375,
            "timestamp": 87
        },
        {
            "dx": 220.76780700683594,
            "dy": 81.8626708984375,
            "timestamp": 87
        },
        {
            "dx": 221.7668914794922,
            "dy": 81.8626708984375,
            "timestamp": 87
        },
        {
            "dx": 222.43295288085938,
            "dy": 81.8626708984375,
            "timestamp": 87
        },
        {
            "dx": 223.09898376464844,
            "dy": 81.8626708984375,
            "timestamp": 87
        },
        {
            "dx": 223.7650604248047,
            "dy": 81.8626708984375,
            "timestamp": 87
        },
        {
            "dx": 224.0980682373047,
            "dy": 81.8626708984375,
            "timestamp": 87
        },
        {
            "dx": 224.76409912109375,
            "dy": 81.8626708984375,
            "timestamp": 118
        },
        {
            "dx": 225.43016052246094,
            "dy": 81.52947998046875,
            "timestamp": 118
        },
        {
            "dx": 225.76318359375,
            "dy": 81.1962890625,
            "timestamp": 118
        },
        {
            "dx": 226.42926025390625,
            "dy": 80.52987670898438,
            "timestamp": 118
        },
        {
            "dx": 226.76226806640625,
            "dy": 80.19671630859375,
            "timestamp": 118
        },
        {
            "dx": 227.09527587890625,
            "dy": 79.5302734375,
            "timestamp": 118
        },
        {
            "dx": 227.09527587890625,
            "dy": 78.8638916015625,
            "timestamp": 118
        },
        {
            "dx": 227.42831420898438,
            "dy": 78.197509765625,
            "timestamp": 119
        },
        {
            "dx": 227.7613525390625,
            "dy": 77.53109741210938,
            "timestamp": 153
        },
        {
            "dx": 227.7613525390625,
            "dy": 76.86468505859375,
            "timestamp": 153
        },
        {
            "dx": 228.0943603515625,
            "dy": 76.19830322265625,
            "timestamp": 153
        },
        {
            "dx": 228.0943603515625,
            "dy": 75.53192138671875,
            "timestamp": 153
        },
        {
            "dx": 228.0943603515625,
            "dy": 75.19873046875,
            "timestamp": 153
        },
        {
            "dx": 228.0943603515625,
            "dy": 74.53231811523438,
            "timestamp": 153
        },
        {
            "dx": 228.0943603515625,
            "dy": 73.86590576171875,
            "timestamp": 153
        },
        {
            "dx": 228.0943603515625,
            "dy": 73.19952392578125,
            "timestamp": 153
        },
        {
            "dx": 228.0943603515625,
            "dy": 72.53314208984375,
            "timestamp": 153
        },
        {
            "dx": 228.0943603515625,
            "dy": 71.86676025390625,
            "timestamp": 176
        },
        {
            "dx": 228.0943603515625,
            "dy": 71.20037841796875,
            "timestamp": 176
        },
        {
            "dx": 228.0943603515625,
            "dy": 70.86712646484375,
            "timestamp": 176
        },
        {
            "dx": 228.0943603515625,
            "dy": 70.20074462890625,
            "timestamp": 176
        },
        {
            "dx": 228.0943603515625,
            "dy": 69.8675537109375,
            "timestamp": 176
        },
        {
            "dx": 228.0943603515625,
            "dy": 69.53436279296875,
            "timestamp": 176
        },
        {
            "dx": 228.0943603515625,
            "dy": 69.201171875,
            "timestamp": 206
        },
        {
            "dx": 228.0943603515625,
            "dy": 68.86798095703125,
            "timestamp": 206
        },
        {
            "dx": 228.0943603515625,
            "dy": 68.53475952148438,
            "timestamp": 206
        },
        {
            "dx": 227.7613525390625,
            "dy": 68.53475952148438,
            "timestamp": 207
        },
        {
            "dx": 227.7613525390625,
            "dy": 68.20159912109375,
            "timestamp": 231
        },
        {
            "dx": 227.42831420898438,
            "dy": 68.20159912109375,
            "timestamp": 231
        },
        {
            "dx": 227.09527587890625,
            "dy": 68.20159912109375,
            "timestamp": 231
        },
        {
            "dx": 226.76226806640625,
            "dy": 68.20159912109375,
            "timestamp": 231
        },
        {
            "dx": 226.42926025390625,
            "dy": 68.20159912109375,
            "timestamp": 231
        },
        {
            "dx": 226.09625244140625,
            "dy": 68.20159912109375,
            "timestamp": 232
        },
        {
            "dx": 225.43016052246094,
            "dy": 68.20159912109375,
            "timestamp": 253
        },
        {
            "dx": 224.43109130859375,
            "dy": 68.20159912109375,
            "timestamp": 254
        },
        {
            "dx": 223.09898376464844,
            "dy": 68.20159912109375,
            "timestamp": 254
        },
        {
            "dx": 221.4338836669922,
            "dy": 68.20159912109375,
            "timestamp": 254
        },
        {
            "dx": 219.76873779296875,
            "dy": 68.20159912109375,
            "timestamp": 254
        },
        {
            "dx": 218.10362243652344,
            "dy": 68.53475952148438,
            "timestamp": 254
        },
        {
            "dx": 216.10546875,
            "dy": 68.86798095703125,
            "timestamp": 279
        },
        {
            "dx": 214.4403533935547,
            "dy": 69.53436279296875,
            "timestamp": 279
        },
        {
            "dx": 212.1091766357422,
            "dy": 70.20074462890625,
            "timestamp": 279
        },
        {
            "dx": 209.7779998779297,
            "dy": 71.20037841796875,
            "timestamp": 279
        },
        {
            "dx": 207.4468231201172,
            "dy": 72.199951171875,
            "timestamp": 279
        },
        {
            "dx": 204.7826385498047,
            "dy": 73.53271484375,
            "timestamp": 279
        },
        {
            "dx": 202.118408203125,
            "dy": 74.86553955078125,
            "timestamp": 279
        },
        {
            "dx": 199.45420837402344,
            "dy": 76.19830322265625,
            "timestamp": 303
        },
        {
            "dx": 197.12303161621094,
            "dy": 77.53109741210938,
            "timestamp": 303
        },
        {
            "dx": 194.45884704589844,
            "dy": 78.8638916015625,
            "timestamp": 304
        },
        {
            "dx": 192.460693359375,
            "dy": 79.86349487304688,
            "timestamp": 304
        },
        {
            "dx": 190.1295166015625,
            "dy": 81.1962890625,
            "timestamp": 304
        },
        {
            "dx": 187.79833984375,
            "dy": 82.86227416992188,
            "timestamp": 305
        },
        {
            "dx": 185.8002166748047,
            "dy": 84.8614501953125,
            "timestamp": 333
        },
        {
            "dx": 184.13507080078125,
            "dy": 86.19427490234375,
            "timestamp": 334
        },
        {
            "dx": 182.13690185546875,
            "dy": 87.19384765625,
            "timestamp": 334
        },
        {
            "dx": 180.47178649902344,
            "dy": 88.526611328125,
            "timestamp": 334
        },
        {
            "dx": 178.4736328125,
            "dy": 90.192626953125,
            "timestamp": 334
        },
        {
            "dx": 176.8085174560547,
            "dy": 91.525390625,
            "timestamp": 334
        },
        {
            "dx": 175.14340209960938,
            "dy": 92.85821533203125,
            "timestamp": 334
        },
        {
            "dx": 173.478271484375,
            "dy": 93.8577880859375,
            "timestamp": 334
        },
        {
            "dx": 171.8131561279297,
            "dy": 95.19061279296875,
            "timestamp": 353
        },
        {
            "dx": 170.14801025390625,
            "dy": 96.190185546875,
            "timestamp": 353
        },
        {
            "dx": 168.81591796875,
            "dy": 97.52294921875,
            "timestamp": 353
        },
        {
            "dx": 167.4838104248047,
            "dy": 98.52255249023438,
            "timestamp": 354
        },
        {
            "dx": 166.15171813964844,
            "dy": 99.52215576171875,
            "timestamp": 354
        },
        {
            "dx": 164.8196258544922,
            "dy": 100.521728515625,
            "timestamp": 354
        },
        {
            "dx": 163.48751831054688,
            "dy": 101.18817138671875,
            "timestamp": 381
        },
        {
            "dx": 162.1554412841797,
            "dy": 101.85455322265625,
            "timestamp": 382
        },
        {
            "dx": 161.15634155273438,
            "dy": 102.52093505859375,
            "timestamp": 385
        },
        {
            "dx": 160.49029541015625,
            "dy": 102.8541259765625,
            "timestamp": 386
        },
        {
            "dx": 159.4912109375,
            "dy": 103.18734741210938,
            "timestamp": 386
        },
        {
            "dx": 158.82516479492188,
            "dy": 103.5205078125,
            "timestamp": 386
        },
        {
            "dx": 158.15911865234375,
            "dy": 103.85372924804688,
            "timestamp": 386
        },
        {
            "dx": 157.8260955810547,
            "dy": 104.18695068359375,
            "timestamp": 411
        },
        {
            "dx": 157.1600341796875,
            "dy": 104.18695068359375,
            "timestamp": 411
        },
        {
            "dx": 156.82701110839844,
            "dy": 104.52011108398438,
            "timestamp": 411
        },
        {
            "dx": 156.49398803710938,
            "dy": 104.52011108398438,
            "timestamp": 411
        },
        {
            "dx": 156.16098022460938,
            "dy": 104.52011108398438,
            "timestamp": 411
        },
        {
            "dx": 155.82794189453125,
            "dy": 104.52011108398438,
            "timestamp": 411
        },
        {
            "dx": 155.4949188232422,
            "dy": 104.52011108398438,
            "timestamp": 411
        },
        {
            "dx": 155.1619110107422,
            "dy": 104.52011108398438,
            "timestamp": 436
        },
        {
            "dx": 154.828857421875,
            "dy": 104.52011108398438,
            "timestamp": 437
        },
        {
            "dx": 154.49583435058594,
            "dy": 104.52011108398438,
            "timestamp": 437
        },
        {
            "dx": 154.16282653808594,
            "dy": 104.52011108398438,
            "timestamp": 438
        },
        {
            "dx": 153.82980346679688,
            "dy": 104.52011108398438,
            "timestamp": 463
        },
        {
            "dx": 153.49676513671875,
            "dy": 104.52011108398438,
            "timestamp": 463
        },
        {
            "dx": 153.1637420654297,
            "dy": 104.18695068359375,
            "timestamp": 464
        },
        {
            "dx": 152.8307342529297,
            "dy": 103.85372924804688,
            "timestamp": 464
        },
        {
            "dx": 152.4976806640625,
            "dy": 103.5205078125,
            "timestamp": 464
        },
        {
            "dx": 152.4976806640625,
            "dy": 103.18734741210938,
            "timestamp": 465
        },
        {
            "dx": 152.1646728515625,
            "dy": 102.52093505859375,
            "timestamp": 466
        },
        {
            "dx": 151.83164978027344,
            "dy": 101.52133178710938,
            "timestamp": 488
        },
        {
            "dx": 151.83164978027344,
            "dy": 100.85494995117188,
            "timestamp": 488
        },
        {
            "dx": 151.83164978027344,
            "dy": 100.521728515625,
            "timestamp": 488
        },
        {
            "dx": 151.83164978027344,
            "dy": 99.8553466796875,
            "timestamp": 488
        },
        {
            "dx": 151.83164978027344,
            "dy": 99.18896484375,
            "timestamp": 488
        },
        {
            "dx": 151.83164978027344,
            "dy": 98.52255249023438,
            "timestamp": 488
        },
        {
            "dx": 151.83164978027344,
            "dy": 97.85617065429688,
            "timestamp": 488
        },
        {
            "dx": 151.83164978027344,
            "dy": 96.8565673828125,
            "timestamp": 514
        },
        {
            "dx": 151.83164978027344,
            "dy": 96.190185546875,
            "timestamp": 514
        },
        {
            "dx": 151.83164978027344,
            "dy": 95.52377319335938,
            "timestamp": 514
        },
        {
            "dx": 151.83164978027344,
            "dy": 94.524169921875,
            "timestamp": 514
        },
        {
            "dx": 152.1646728515625,
            "dy": 93.52459716796875,
            "timestamp": 514
        },
        {
            "dx": 152.8307342529297,
            "dy": 92.52499389648438,
            "timestamp": 514
        },
        {
            "dx": 153.49676513671875,
            "dy": 91.525390625,
            "timestamp": 514
        },
        {
            "dx": 154.16282653808594,
            "dy": 90.52581787109375,
            "timestamp": 540
        },
        {
            "dx": 154.828857421875,
            "dy": 89.85943603515625,
            "timestamp": 541
        },
        {
            "dx": 155.82794189453125,
            "dy": 89.19305419921875,
            "timestamp": 541
        },
        {
            "dx": 156.49398803710938,
            "dy": 88.526611328125,
            "timestamp": 542
        },
        {
            "dx": 157.1600341796875,
            "dy": 88.19345092773438,
            "timestamp": 542
        },
        {
            "dx": 157.8260955810547,
            "dy": 87.8602294921875,
            "timestamp": 543
        },
        {
            "dx": 158.82516479492188,
            "dy": 87.52703857421875,
            "timestamp": 544
        },
        {
            "dx": 159.4912109375,
            "dy": 87.19384765625,
            "timestamp": 571
        },
        {
            "dx": 159.8242645263672,
            "dy": 87.19384765625,
            "timestamp": 572
        },
        {
            "dx": 160.49029541015625,
            "dy": 86.86065673828125,
            "timestamp": 573
        },
        {
            "dx": 161.15634155273438,
            "dy": 86.52743530273438,
            "timestamp": 573
        },
        {
            "dx": 162.1554412841797,
            "dy": 86.52743530273438,
            "timestamp": 573
        },
        {
            "dx": 162.82147216796875,
            "dy": 86.52743530273438,
            "timestamp": 573
        },
        {
            "dx": 163.82054138183594,
            "dy": 86.52743530273438,
            "timestamp": 573
        },
        {
            "dx": 165.1526336669922,
            "dy": 86.52743530273438,
            "timestamp": 574
        },
        {
            "dx": 166.4847412109375,
            "dy": 86.52743530273438,
            "timestamp": 599
        },
        {
            "dx": 167.4838104248047,
            "dy": 86.52743530273438,
            "timestamp": 600
        },
        {
            "dx": 168.81591796875,
            "dy": 86.52743530273438,
            "timestamp": 600
        },
        {
            "dx": 169.8149871826172,
            "dy": 86.86065673828125,
            "timestamp": 600
        },
        {
            "dx": 170.81407165527344,
            "dy": 87.19384765625,
            "timestamp": 600
        },
        {
            "dx": 171.4801025390625,
            "dy": 87.8602294921875,
            "timestamp": 600
        },
        {
            "dx": 172.47918701171875,
            "dy": 88.526611328125,
            "timestamp": 601
        },
        {
            "dx": 173.14524841308594,
            "dy": 89.19305419921875,
            "timestamp": 601
        },
        {
            "dx": 174.1443328857422,
            "dy": 90.192626953125,
            "timestamp": 627
        },
        {
            "dx": 174.81036376953125,
            "dy": 90.8590087890625,
            "timestamp": 627
        },
        {
            "dx": 175.47642517089844,
            "dy": 91.85861206054688,
            "timestamp": 627
        },
        {
            "dx": 176.1424560546875,
            "dy": 92.85821533203125,
            "timestamp": 627
        },
        {
            "dx": 176.4755096435547,
            "dy": 93.8577880859375,
            "timestamp": 627
        },
        {
            "dx": 176.8085174560547,
            "dy": 95.19061279296875,
            "timestamp": 627
        },
        {
            "dx": 177.14154052734375,
            "dy": 96.52337646484375,
            "timestamp": 628
        },
        {
            "dx": 177.47457885742188,
            "dy": 97.85617065429688,
            "timestamp": 659
        },
        {
            "dx": 177.47457885742188,
            "dy": 99.18896484375,
            "timestamp": 659
        },
        {
            "dx": 177.47457885742188,
            "dy": 100.521728515625,
            "timestamp": 659
        },
        {
            "dx": 177.47457885742188,
            "dy": 102.187744140625,
            "timestamp": 659
        },
        {
            "dx": 177.47457885742188,
            "dy": 103.5205078125,
            "timestamp": 659
        },
        {
            "dx": 177.47457885742188,
            "dy": 105.1865234375,
            "timestamp": 659
        },
        {
            "dx": 177.47457885742188,
            "dy": 106.85250854492188,
            "timestamp": 659
        },
        {
            "dx": 177.47457885742188,
            "dy": 108.8516845703125,
            "timestamp": 659
        },
        {
            "dx": 177.47457885742188,
            "dy": 110.5177001953125,
            "timestamp": 659
        },
        {
            "dx": 176.8085174560547,
            "dy": 111.8504638671875,
            "timestamp": 691
        },
        {
            "dx": 176.1424560546875,
            "dy": 113.5164794921875,
            "timestamp": 692
        },
        {
            "dx": 175.47642517089844,
            "dy": 114.8492431640625,
            "timestamp": 692
        },
        {
            "dx": 174.4773406982422,
            "dy": 116.5152587890625,
            "timestamp": 693
        },
        {
            "dx": 173.811279296875,
            "dy": 117.8480224609375,
            "timestamp": 693
        },
        {
            "dx": 172.81222534179688,
            "dy": 118.84762573242188,
            "timestamp": 693
        },
        {
            "dx": 172.1461639404297,
            "dy": 120.180419921875,
            "timestamp": 693
        },
        {
            "dx": 171.1470947265625,
            "dy": 121.18002319335938,
            "timestamp": 693
        },
        {
            "dx": 170.14801025390625,
            "dy": 122.17962646484375,
            "timestamp": 720
        },
        {
            "dx": 169.1489715576172,
            "dy": 123.17919921875,
            "timestamp": 720
        },
        {
            "dx": 168.48289489746094,
            "dy": 124.17880249023438,
            "timestamp": 720
        },
        {
            "dx": 167.4838104248047,
            "dy": 125.17840576171875,
            "timestamp": 720
        },
        {
            "dx": 166.15171813964844,
            "dy": 126.177978515625,
            "timestamp": 720
        },
        {
            "dx": 165.1526336669922,
            "dy": 127.51083374023438,
            "timestamp": 720
        },
        {
            "dx": 164.153564453125,
            "dy": 128.84359741210938,
            "timestamp": 724
        },
        {
            "dx": 163.15447998046875,
            "dy": 130.17636108398438,
            "timestamp": 724
        },
        {
            "dx": 162.1554412841797,
            "dy": 131.17596435546875,
            "timestamp": 747
        },
        {
            "dx": 161.48936462402344,
            "dy": 132.175537109375,
            "timestamp": 748
        },
        {
            "dx": 160.49029541015625,
            "dy": 133.17514038085938,
            "timestamp": 748
        },
        {
            "dx": 159.15818786621094,
            "dy": 134.17474365234375,
            "timestamp": 749
        },
        {
            "dx": 158.15911865234375,
            "dy": 135.17431640625,
            "timestamp": 749
        },
        {
            "dx": 157.4930877685547,
            "dy": 136.50717163085938,
            "timestamp": 749
        },
        {
            "dx": 156.49398803710938,
            "dy": 137.5067138671875,
            "timestamp": 749
        },
        {
            "dx": 155.1619110107422,
            "dy": 138.83953857421875,
            "timestamp": 776
        },
        {
            "dx": 154.16282653808594,
            "dy": 139.839111328125,
            "timestamp": 777
        },
        {
            "dx": 153.49676513671875,
            "dy": 140.5054931640625,
            "timestamp": 777
        },
        {
            "dx": 152.4976806640625,
            "dy": 141.50509643554688,
            "timestamp": 777
        },
        {
            "dx": 151.83164978027344,
            "dy": 142.50473022460938,
            "timestamp": 777
        },
        {
            "dx": 151.16558837890625,
            "dy": 143.5042724609375,
            "timestamp": 777
        },
        {
            "dx": 150.16650390625,
            "dy": 144.170654296875,
            "timestamp": 777
        },
        {
            "dx": 149.50047302246094,
            "dy": 144.83709716796875,
            "timestamp": 777
        },
        {
            "dx": 148.83441162109375,
            "dy": 145.50350952148438,
            "timestamp": 802
        },
        {
            "dx": 148.5013885498047,
            "dy": 146.16986083984375,
            "timestamp": 802
        },
        {
            "dx": 147.8353729248047,
            "dy": 146.83627319335938,
            "timestamp": 803
        },
        {
            "dx": 147.5023193359375,
            "dy": 147.50265502929688,
            "timestamp": 803
        },
        {
            "dx": 147.16929626464844,
            "dy": 148.16903686523438,
            "timestamp": 803
        },
        {
            "dx": 146.83627319335938,
            "dy": 148.50228881835938,
            "timestamp": 803
        },
        {
            "dx": 146.1702117919922,
            "dy": 148.83544921875,
            "timestamp": 803
        },
        {
            "dx": 145.8372039794922,
            "dy": 149.16864013671875,
            "timestamp": 831
        },
        {
            "dx": 145.5041961669922,
            "dy": 149.5018310546875,
            "timestamp": 831
        },
        {
            "dx": 145.171142578125,
            "dy": 149.83505249023438,
            "timestamp": 831
        },
        {
            "dx": 144.83811950683594,
            "dy": 150.50143432617188,
            "timestamp": 831
        },
        {
            "dx": 144.50509643554688,
            "dy": 151.16781616210938,
            "timestamp": 831
        },
        {
            "dx": 143.8390350341797,
            "dy": 152.5006103515625,
            "timestamp": 831
        },
        {
            "dx": 143.8390350341797,
            "dy": 153.83343505859375,
            "timestamp": 831
        },
        {
            "dx": 143.5060272216797,
            "dy": 154.16659545898438,
            "timestamp": 832
        },
        {
            "dx": 0,
            "dy": 0,
            "timestamp": 860
        }
    ]
]