[
    [
        {
            "dx": 200.6796112060547,
            "dy": 81.82876586914062,
            "timestamp": 0
        },
        {
            "dx": 200.6796112060547,
            "dy": 81.82876586914062,
            "timestamp": 33
        },
        {
            "dx": 200.6796112060547,
            "dy": 82.32846069335938,
            "timestamp": 83
        },
        {
            "dx": 201.17892456054688,
            "dy": 83.32785034179688,
            "timestamp": 93
        },
        {
            "dx": 202.1775360107422,
            "dy": 85.32662963867188,
            "timestamp": 101
        },
        {
            "dx": 203.1761474609375,
            "dy": 87.32540893554688,
            "timestamp": 109
        },
        {
            "dx": 205.6726837158203,
            "dy": 90.32357788085938,
            "timestamp": 117
        },
        {
            "dx": 208.16921997070312,
            "dy": 93.32174682617188,
            "timestamp": 126
        },
        {
            "dx": 212.16366577148438,
            "dy": 97.31930541992188,
            "timestamp": 134
        },
        {
            "dx": 216.15811157226562,
            "dy": 101.31686401367188,
            "timestamp": 142
        },
        {
            "dx": 220.65187072753906,
            "dy": 104.81475830078125,
            "timestamp": 150
        },
        {
            "dx": 225.1456298828125,
            "dy": 108.81231689453125,
            "timestamp": 159
        },
        {
            "dx": 228.1414794921875,
            "dy": 111.81048583984375,
            "timestamp": 168
        },
        {
            "dx": 231.1373291015625,
            "dy": 114.80865478515625,
            "timestamp": 176
        },
        {
            "dx": 233.13455200195312,
            "dy": 117.80682373046875,
            "timestamp": 184
        },
        {
            "dx": 235.63107299804688,
            "dy": 121.3046875,
            "timestamp": 193
        },
        {
            "dx": 237.12899780273438,
            "dy": 124.3028564453125,
            "timestamp": 201
        },
        {
            "dx": 238.62692260742188,
            "dy": 127.301025390625,
            "timestamp": 209
        },
        {
            "dx": 239.62551879882812,
            "dy": 130.79888916015625,
            "timestamp": 217
        },
        {
            "dx": 240.6241455078125,
            "dy": 134.2967529296875,
            "timestamp": 226
        },
        {
            "dx": 241.12344360351562,
            "dy": 137.79464721679688,
            "timestamp": 234
        },
        {
            "dx": 241.62274169921875,
            "dy": 141.79220581054688,
            "timestamp": 243
        },
        {
            "dx": 241.12344360351562,
            "dy": 146.28945922851562,
            "timestamp": 251
        },
        {
            "dx": 240.6241455078125,
            "dy": 151.28640747070312,
            "timestamp": 260
        },
        {
            "dx": 238.62692260742188,
            "dy": 156.78305053710938,
            "timestamp": 267
        },
        {
            "dx": 237.12899780273438,
            "dy": 162.27969360351562,
            "timestamp": 276
        },
        {
            "dx": 233.13455200195312,
            "dy": 168.27603149414062,
            "timestamp": 284
        },
        {
            "dx": 229.639404296875,
            "dy": 174.7720947265625,
            "timestamp": 293
        },
        {
            "dx": 224.1470184326172,
            "dy": 180.26873779296875,
            "timestamp": 301
        },
        {
            "dx": 219.15396118164062,
            "dy": 185.765380859375,
            "timestamp": 310
        },
        {
            "dx": 213.1622772216797,
            "dy": 190.26263427734375,
            "timestamp": 318
        },
        {
            "dx": 207.1706085205078,
            "dy": 194.26019287109375,
            "timestamp": 327
        },
        {
            "dx": 200.6796112060547,
            "dy": 197.25836181640625,
            "timestamp": 334
        },
        {
            "dx": 194.18862915039062,
            "dy": 200.7562255859375,
            "timestamp": 343
        },
        {
            "dx": 187.19833374023438,
            "dy": 202.75503540039062,
            "timestamp": 351
        },
        {
            "dx": 180.7073516845703,
            "dy": 205.25350952148438,
            "timestamp": 360
        },
        {
            "dx": 174.21636962890625,
            "dy": 206.25289916992188,
            "timestamp": 368
        },
        {
            "dx": 168.2246856689453,
            "dy": 207.75198364257812,
            "timestamp": 377
        },
        {
            "dx": 162.23301696777344,
            "dy": 208.25167846679688,
            "timestamp": 385
        },
        {
            "dx": 156.2413330078125,
            "dy": 209.25106811523438,
            "timestamp": 393
        },
        {
            "dx": 150.74896240234375,
            "dy": 209.25106811523438,
            "timestamp": 402
        },
        {
            "dx": 145.7559051513672,
            "dy": 209.25106811523438,
            "timestamp": 410
        },
        {
            "dx": 139.76422119140625,
            "dy": 208.25167846679688,
            "timestamp": 418
        },
        {
            "dx": 133.7725372314453,
            "dy": 207.25228881835938,
            "timestamp": 427
        },
        {
            "dx": 127.78086853027344,
            "dy": 204.75381469726562,
            "timestamp": 435
        },
        {
            "dx": 122.28849792480469,
            "dy": 202.75503540039062,
            "timestamp": 443
        },
        {
            "dx": 116.79612731933594,
            "dy": 199.25714111328125,
            "timestamp": 452
        },
        {
            "dx": 111.30374145507812,
            "dy": 196.25897216796875,
            "timestamp": 461
        },
        {
            "dx": 106.31068420410156,
            "dy": 192.26141357421875,
            "timestamp": 468
        },
        {
            "dx": 101.81692504882812,
            "dy": 188.26385498046875,
            "timestamp": 477
        },
        {
            "dx": 97.82247161865234,
            "dy": 183.7666015625,
            "timestamp": 485
        },
        {
            "dx": 94.32732391357422,
            "dy": 179.76904296875,
            "timestamp": 494
        },
        {
            "dx": 90.83218383789062,
            "dy": 174.7720947265625,
            "timestamp": 502
        },
        {
            "dx": 87.83634185791016,
            "dy": 169.775146484375,
            "timestamp": 510
        },
        {
            "dx": 85.33980560302734,
            "dy": 164.77816772460938,
            "timestamp": 518
        },
        {
            "dx": 83.34258270263672,
            "dy": 160.28091430664062,
            "timestamp": 527
        },
        {
            "dx": 81.84466552734375,
            "dy": 155.78366088867188,
            "timestamp": 535
        },
        {
            "dx": 80.8460464477539,
            "dy": 150.78671264648438,
            "timestamp": 544
        },
        {
            "dx": 80.34674072265625,
            "dy": 145.78976440429688,
            "timestamp": 552
        },
        {
            "dx": 80.34674072265625,
            "dy": 140.79281616210938,
            "timestamp": 561
        },
        {
            "dx": 81.3453598022461,
            "dy": 134.79644775390625,
            "timestamp": 568
        },
        {
            "dx": 82.84327697753906,
            "dy": 129.2998046875,
            "timestamp": 577
        },
        {
            "dx": 85.33980560302734,
            "dy": 123.80316162109375,
            "timestamp": 585
        },
        {
            "dx": 88.33564758300781,
            "dy": 118.3065185546875,
            "timestamp": 594
        },
        {
            "dx": 92.3301010131836,
            "dy": 113.3095703125,
            "timestamp": 602
        },
        {
            "dx": 96.32455444335938,
            "dy": 108.3126220703125,
            "timestamp": 611
        },
        {
            "dx": 100.31900024414062,
            "dy": 104.31503295898438,
            "timestamp": 619
        },
        {
            "dx": 104.31346130371094,
            "dy": 100.31747436523438,
            "timestamp": 628
        },
        {
            "dx": 107.80860900878906,
            "dy": 97.31930541992188,
            "timestamp": 635
        },
        {
            "dx": 111.80305480957031,
            "dy": 94.82083129882812,
            "timestamp": 644
        },
        {
            "dx": 115.79750061035156,
            "dy": 92.82205200195312,
            "timestamp": 652
        },
        {
            "dx": 119.79196166992188,
            "dy": 91.32296752929688,
            "timestamp": 661
        },
        {
            "dx": 122.78779602050781,
            "dy": 90.82327270507812,
            "timestamp": 669
        },
        {
            "dx": 125.78363037109375,
            "dy": 89.82388305664062,
            "timestamp": 678
        },
        {
            "dx": 128.28016662597656,
            "dy": 89.32418823242188,
            "timestamp": 686
        },
        {
            "dx": 130.77670288085938,
            "dy": 88.82449340820312,
            "timestamp": 695
        },
        {
            "dx": 132.27462768554688,
            "dy": 88.82449340820312,
            "timestamp": 702
        },
        {
            "dx": 133.7725372314453,
            "dy": 88.82449340820312,
            "timestamp": 712
        },
        {
            "dx": 134.77114868164062,
            "dy": 89.32418823242188,
            "timestamp": 719
        },
        {
            "dx": 136.26907348632812,
            "dy": 89.82388305664062,
            "timestamp": 728
        },
        {
            "dx": 137.26768493652344,
            "dy": 90.32357788085938,
            "timestamp": 736
        },
        {
            "dx": 138.76560974121094,
            "dy": 90.82327270507812,
            "timestamp": 745
        },
        {
            "dx": 139.26490783691406,
            "dy": 91.82266235351562,
            "timestamp": 753
        },
        {
            "dx": 139.76422119140625,
            "dy": 93.32174682617188,
            "timestamp": 761
        },
        {
            "dx": 139.76422119140625,
            "dy": 94.32113647460938,
            "timestamp": 769
        },
        {
            "dx": 140.26351928710938,
            "dy": 95.82022094726562,
            "timestamp": 778
        },
        {
            "dx": 139.76422119140625,
            "dy": 97.31930541992188,
            "timestamp": 786
        },
        {
            "dx": 139.76422119140625,
            "dy": 98.81838989257812,
            "timestamp": 795
        },
        {
            "dx": 138.76560974121094,
            "dy": 100.81716918945312,
            "timestamp": 803
        },
        {
            "dx": 138.26629638671875,
            "dy": 103.31564331054688,
            "timestamp": 812
        },
        {
            "dx": 136.26907348632812,
            "dy": 105.81414794921875,
            "timestamp": 819
        },
        {
            "dx": 134.77114868164062,
            "dy": 108.81231689453125,
            "timestamp": 828
        },
        {
            "dx": 131.7753143310547,
            "dy": 111.81048583984375,
            "timestamp": 836
        },
        {
            "dx": 129.27877807617188,
            "dy": 115.308349609375,
            "timestamp": 846
        },
        {
            "dx": 125.28433227539062,
            "dy": 118.3065185546875,
            "timestamp": 853
        },
        {
            "dx": 121.28987121582031,
            "dy": 121.3046875,
            "timestamp": 862
        },
        {
            "dx": 116.29681396484375,
            "dy": 124.80255126953125,
            "timestamp": 869
        },
        {
            "dx": 111.30374145507812,
            "dy": 127.80072021484375,
            "timestamp": 879
        },
        {
            "dx": 104.81275939941406,
            "dy": 131.79827880859375,
            "timestamp": 887
        },
        {
            "dx": 98.32177734375,
            "dy": 136.2955322265625,
            "timestamp": 895
        },
        {
            "dx": 90.33287048339844,
            "dy": 140.29312133789062,
            "timestamp": 903
        },
        {
            "dx": 82.84327697753906,
            "dy": 144.79037475585938,
            "timestamp": 911
        },
        {
            "dx": 74.8543701171875,
            "dy": 148.78793334960938,
            "timestamp": 920
        },
        {
            "dx": 66.86546325683594,
            "dy": 153.28518676757812,
            "timestamp": 929
        },
        {
            "dx": 59.87517547607422,
            "dy": 157.28274536132812,
            "timestamp": 936
        },
        {
            "dx": 52.8848876953125,
            "dy": 160.78060913085938,
            "timestamp": 945
        },
        {
            "dx": 46.89320373535156,
            "dy": 163.77877807617188,
            "timestamp": 953
        },
        {
            "dx": 41.40083312988281,
            "dy": 167.27664184570312,
            "timestamp": 962
        },
        {
            "dx": 37.90568542480469,
            "dy": 169.27545166015625,
            "timestamp": 970
        },
        {
            "dx": 34.410545349121094,
            "dy": 171.27423095703125,
            "timestamp": 979
        },
        {
            "dx": 31.414703369140625,
            "dy": 172.27362060546875,
            "timestamp": 987
        },
        {
            "dx": 28.918170928955078,
            "dy": 173.772705078125,
            "timestamp": 995
        },
        {
            "dx": 26.920944213867188,
            "dy": 174.27239990234375,
            "timestamp": 1003
        },
        {
            "dx": 25.423023223876953,
            "dy": 175.27178955078125,
            "timestamp": 1013
        },
        {
            "dx": 24.42441177368164,
            "dy": 175.771484375,
            "timestamp": 1020
        },
        {
            "dx": 23.425800323486328,
            "dy": 176.27117919921875,
            "timestamp": 1029
        },
        {
            "dx": 22.42718505859375,
            "dy": 176.27117919921875,
            "timestamp": 1037
        },
        {
            "dx": 21.927879333496094,
            "dy": 176.7708740234375,
            "timestamp": 1046
        },
        {
            "dx": 21.428573608398438,
            "dy": 176.7708740234375,
            "timestamp": 1054
        },
        {
            "dx": 20.92926788330078,
            "dy": 176.7708740234375,
            "timestamp": 1062
        },
        {
            "dx": 20.42995834350586,
            "dy": 176.7708740234375,
            "timestamp": 1071
        },
        {
            "dx": 20.42995834350586,
            "dy": 176.27117919921875,
            "timestamp": 1122
        },
        {
            "dx": 20.42995834350586,
            "dy": 175.771484375,
            "timestamp": 1138
        },
        {
            "dx": 20.92926788330078,
            "dy": 175.771484375,
            "timestamp": 1146
        },
        {
            "dx": 20.92926788330078,
            "dy": 175.27178955078125,
            "timestamp": 1154
        },
        {
            "dx": 21.428573608398438,
            "dy": 175.27178955078125,
            "timestamp": 1163
        },
        {
            "dx": 22.42718505859375,
            "dy": 174.7720947265625,
            "timestamp": 1171
        },
        {
            "dx": 23.425800323486328,
            "dy": 174.27239990234375,
            "timestamp": 1180
        },
        {
            "dx": 24.42441177368164,
            "dy": 173.772705078125,
            "timestamp": 1187
        },
        {
            "dx": 25.922332763671875,
            "dy": 173.772705078125,
            "timestamp": 1196
        },
        {
            "dx": 0.0,
            "dy": 0.0,
            "timestamp": 1204
        },
        {
            "dx": 160.2357940673828,
            "dy": 154.78427124023438,
            "timestamp": 1473
        },
        {
            "dx": 0.0,
            "dy": 0.0,
            "timestamp": 1505
        },
        {
            "dx": 178.7101287841797,
            "dy": 149.78732299804688,
            "timestamp": 2208
        },
        {
            "dx": 178.7101287841797,
            "dy": 149.78732299804688,
            "timestamp": 2242
        },
        {
            "dx": 0.0,
            "dy": 0.0,
            "timestamp": 2258
        }
    ],
    [
        {
            "dx": 213.99999999999997,
            "dy": 97.99999999999994,
            "timestamp": 0
        },
        {
            "dx": 211.99999999999997,
            "dy": 123.99999999999994,
            "timestamp": 37
        },
        {
            "dx": 209.99999999999997,
            "dy": 157.99999999999994,
            "timestamp": 37
        },
        {
            "dx": 206.99999999999997,
            "dy": 186.99999999999994,
            "timestamp": 55
        },
        {
            "dx": 200.99999999999997,
            "dy": 212.99999999999994,
            "timestamp": 87
        },
        {
            "dx": 188.99999999999994,
            "dy": 232.99999999999994,
            "timestamp": 87
        },
        {
            "dx": 173.99999999999997,
            "dy": 249,
            "timestamp": 106
        },
        {
            "dx": 157.99999999999997,
            "dy": 260,
            "timestamp": 130
        },
        {
            "dx": 131.99999999999997,
            "dy": 256.99999999999994,
            "timestamp": 156
        },
        {
            "dx": 122.99999999999997,
            "dy": 246.99999999999994,
            "timestamp": 186
        },
        {
            "dx": 119.99999999999997,
            "dy": 217.9999999999999,
            "timestamp": 187
        },
        {
            "dx": 125.99999999999997,
            "dy": 169.99999999999994,
            "timestamp": 209
        },
        {
            "dx": 130.99999999999997,
            "dy": 138.99999999999994,
            "timestamp": 233
        },
        {
            "dx": 0,
            "dy": 0,
            "timestamp": 234
        },
        {
            "dx": 167.99999999999994,
            "dy": 172,
            "timestamp": 510
        },
        {
            "dx": 0,
            "dy": 0,
            "timestamp": 528
        }
    ],
    [
        {
            "dx": 200.49093627929688,
            "dy": 120.31582641601562,
            "timestamp": 0
        },
        {
            "dx": 200.25656127929688,
            "dy": 121.6051025390625,
            "timestamp": 42
        },
        {
            "dx": 199.90496826171875,
            "dy": 123.77352905273438,
            "timestamp": 42
        },
        {
            "dx": 199.1431427001953,
            "dy": 127.0552978515625,
            "timestamp": 81
        },
        {
            "dx": 198.32278442382812,
            "dy": 130.8646240234375,
            "timestamp": 81
        },
        {
            "dx": 197.50238037109375,
            "dy": 134.84970092773438,
            "timestamp": 121
        },
        {
            "dx": 197.09219360351562,
            "dy": 139.3035888671875,
            "timestamp": 123
        },
        {
            "dx": 196.97500610351562,
            "dy": 143.99185180664062,
            "timestamp": 124
        },
        {
            "dx": 196.7405548095703,
            "dy": 148.68023681640625,
            "timestamp": 162
        },
        {
            "dx": 196.3303985595703,
            "dy": 153.6614990234375,
            "timestamp": 162
        },
        {
            "dx": 195.74435424804688,
            "dy": 158.52572631835938,
            "timestamp": 209
        },
        {
            "dx": 195.09979248046875,
            "dy": 163.03817749023438,
            "timestamp": 210
        },
        {
            "dx": 194.2207794189453,
            "dy": 167.3162841796875,
            "timestamp": 210
        },
        {
            "dx": 192.81439208984375,
            "dy": 171.06695556640625,
            "timestamp": 249
        },
        {
            "dx": 191.5252227783203,
            "dy": 173.99716186523438,
            "timestamp": 249
        },
        {
            "dx": 190.23602294921875,
            "dy": 176.75155639648438,
            "timestamp": 280
        },
        {
            "dx": 188.65383911132812,
            "dy": 179.50595092773438,
            "timestamp": 281
        },
        {
            "dx": 187.36459350585938,
            "dy": 181.6156005859375,
            "timestamp": 311
        },
        {
            "dx": 185.54803466796875,
            "dy": 183.49102783203125,
            "timestamp": 312
        },
        {
            "dx": 182.8524627685547,
            "dy": 185.6593017578125,
            "timestamp": 343
        },
        {
            "dx": 179.7466583251953,
            "dy": 188.06210327148438,
            "timestamp": 343
        },
        {
            "dx": 175.99627685546875,
            "dy": 190.58209228515625,
            "timestamp": 374
        },
        {
            "dx": 172.12872314453125,
            "dy": 192.6917724609375,
            "timestamp": 375
        },
        {
            "dx": 168.4955291748047,
            "dy": 194.2154541015625,
            "timestamp": 404
        },
        {
            "dx": 164.97955322265625,
            "dy": 195.4461669921875,
            "timestamp": 404
        },
        {
            "dx": 161.2877655029297,
            "dy": 196.03228759765625,
            "timestamp": 451
        },
        {
            "dx": 157.77178955078125,
            "dy": 196.03228759765625,
            "timestamp": 451
        },
        {
            "dx": 154.43157958984375,
            "dy": 195.2117919921875,
            "timestamp": 452
        },
        {
            "dx": 151.20858764648438,
            "dy": 193.21917724609375,
            "timestamp": 480
        },
        {
            "dx": 147.39959716796875,
            "dy": 190.52349853515625,
            "timestamp": 509
        },
        {
            "dx": 143.2390594482422,
            "dy": 187.65191650390625,
            "timestamp": 509
        },
        {
            "dx": 140.01605224609375,
            "dy": 183.9598388671875,
            "timestamp": 538
        },
        {
            "dx": 138.19944763183594,
            "dy": 178.21664428710938,
            "timestamp": 538
        },
        {
            "dx": 137.67205810546875,
            "dy": 170.0120849609375,
            "timestamp": 568
        },
        {
            "dx": 137.78924560546875,
            "dy": 158.58432006835938,
            "timestamp": 568
        },
        {
            "dx": 137.78924560546875,
            "dy": 154.30621337890625,
            "timestamp": 600
        },
        {
            "dx": 0,
            "dy": 0,
            "timestamp": 601
        },
        {
            "dx": 165.9757537841797,
            "dy": 148.21133422851562,
            "timestamp": 900
        },
        {
            "dx": 166.32733154296875,
            "dy": 150.4383544921875,
            "timestamp": 937
        },
        {
            "dx": 166.79611206054688,
            "dy": 152.07919311523438,
            "timestamp": 938
        },
        {
            "dx": 166.91329956054688,
            "dy": 152.72381591796875,
            "timestamp": 974
        },
        {
            "dx": 167.03054809570312,
            "dy": 152.72381591796875,
            "timestamp": 975
        },
        {
            "dx": 166.6789093017578,
            "dy": 151.61044311523438,
            "timestamp": 1012
        },
        {
            "dx": 166.44451904296875,
            "dy": 150.4383544921875,
            "timestamp": 1012
        },
        {
            "dx": 0,
            "dy": 0,
            "timestamp": 1013
        }
    ],
    [
        {
            "dx": 221.30894470214844,
            "dy": 59.3089599609375,
            "timestamp": 0
        },
        {
            "dx": 221.30894470214844,
            "dy": 62.54547119140625,
            "timestamp": 1
        },
        {
            "dx": 221.1271514892578,
            "dy": 65.74539184570312,
            "timestamp": 1
        },
        {
            "dx": 221.0181121826172,
            "dy": 68.65447998046875,
            "timestamp": 19
        },
        {
            "dx": 220.9091339111328,
            "dy": 72.47265625,
            "timestamp": 19
        },
        {
            "dx": 221.0181121826172,
            "dy": 76.54547119140625,
            "timestamp": 19
        },
        {
            "dx": 221.19993591308594,
            "dy": 80.65447998046875,
            "timestamp": 19
        },
        {
            "dx": 221.30894470214844,
            "dy": 84.14559936523438,
            "timestamp": 20
        },
        {
            "dx": 221.4907684326172,
            "dy": 87.45458984375,
            "timestamp": 43
        },
        {
            "dx": 221.6001434326172,
            "dy": 91.16372680664062,
            "timestamp": 43
        },
        {
            "dx": 221.89097595214844,
            "dy": 94.9453125,
            "timestamp": 43
        },
        {
            "dx": 221.67259216308594,
            "dy": 99.0546875,
            "timestamp": 43
        },
        {
            "dx": 221.89097595214844,
            "dy": 103.01812744140625,
            "timestamp": 43
        },
        {
            "dx": 221.9638214111328,
            "dy": 105.56356811523438,
            "timestamp": 62
        },
        {
            "dx": 222.1818389892578,
            "dy": 108.39990234375,
            "timestamp": 62
        },
        {
            "dx": 222.25462341308594,
            "dy": 111.3089599609375,
            "timestamp": 62
        },
        {
            "dx": 222.36363220214844,
            "dy": 114.14559936523438,
            "timestamp": 62
        },
        {
            "dx": 222.47267150878906,
            "dy": 117.45458984375,
            "timestamp": 62
        },
        {
            "dx": 222.36363220214844,
            "dy": 120.76348876953125,
            "timestamp": 80
        },
        {
            "dx": 221.89097595214844,
            "dy": 124.65447998046875,
            "timestamp": 80
        },
        {
            "dx": 221.78196716308594,
            "dy": 128.43643188476562,
            "timestamp": 80
        },
        {
            "dx": 221.3817901611328,
            "dy": 131.96377563476562,
            "timestamp": 81
        },
        {
            "dx": 220.9091339111328,
            "dy": 135.672607421875,
            "timestamp": 81
        },
        {
            "dx": 220.5454559326172,
            "dy": 139.56356811523438,
            "timestamp": 96
        },
        {
            "dx": 219.9638214111328,
            "dy": 143.81820678710938,
            "timestamp": 97
        },
        {
            "dx": 219.27272033691406,
            "dy": 147.92724609375,
            "timestamp": 97
        },
        {
            "dx": 218.5092315673828,
            "dy": 151.70916748046875,
            "timestamp": 111
        },
        {
            "dx": 217.8544464111328,
            "dy": 155.60018920898438,
            "timestamp": 111
        },
        {
            "dx": 217.05470275878906,
            "dy": 159.60018920898438,
            "timestamp": 111
        },
        {
            "dx": 216.10902404785156,
            "dy": 164.47265625,
            "timestamp": 112
        },
        {
            "dx": 214.8728790283203,
            "dy": 169.0546875,
            "timestamp": 127
        },
        {
            "dx": 213.78196716308594,
            "dy": 173.4183349609375,
            "timestamp": 127
        },
        {
            "dx": 212.5454559326172,
            "dy": 177.4183349609375,
            "timestamp": 128
        },
        {
            "dx": 211.30894470214844,
            "dy": 181.01812744140625,
            "timestamp": 128
        },
        {
            "dx": 210.03623962402344,
            "dy": 184.61825561523438,
            "timestamp": 146
        },
        {
            "dx": 208.69105529785156,
            "dy": 188.14559936523438,
            "timestamp": 146
        },
        {
            "dx": 207.3455352783203,
            "dy": 191.85440063476562,
            "timestamp": 146
        },
        {
            "dx": 205.6001434326172,
            "dy": 195.45455932617188,
            "timestamp": 146
        },
        {
            "dx": 204.0727996826172,
            "dy": 198.65447998046875,
            "timestamp": 161
        },
        {
            "dx": 202.32742309570312,
            "dy": 201.56356811523438,
            "timestamp": 161
        },
        {
            "dx": 199.85443115234375,
            "dy": 204.58169555664062,
            "timestamp": 161
        },
        {
            "dx": 197.9272003173828,
            "dy": 207.23651123046875,
            "timestamp": 161
        },
        {
            "dx": 196.2908477783203,
            "dy": 209.56356811523438,
            "timestamp": 176
        },
        {
            "dx": 194.65447998046875,
            "dy": 211.8909912109375,
            "timestamp": 176
        },
        {
            "dx": 193.0181121826172,
            "dy": 214.21804809570312,
            "timestamp": 176
        },
        {
            "dx": 191.38177490234375,
            "dy": 216.47265625,
            "timestamp": 176
        },
        {
            "dx": 189.52734375,
            "dy": 218.80007934570312,
            "timestamp": 189
        },
        {
            "dx": 187.52734375,
            "dy": 221.23651123046875,
            "timestamp": 190
        },
        {
            "dx": 185.4907684326172,
            "dy": 223.38180541992188,
            "timestamp": 190
        },
        {
            "dx": 183.27273559570312,
            "dy": 225.3455810546875,
            "timestamp": 204
        },
        {
            "dx": 181.16371154785156,
            "dy": 227.27273559570312,
            "timestamp": 204
        },
        {
            "dx": 178.65447998046875,
            "dy": 229.12713623046875,
            "timestamp": 204
        },
        {
            "dx": 175.6001434326172,
            "dy": 230.8729248046875,
            "timestamp": 204
        },
        {
            "dx": 172.90911865234375,
            "dy": 232.54547119140625,
            "timestamp": 234
        },
        {
            "dx": 170.2908477783203,
            "dy": 234,
            "timestamp": 234
        },
        {
            "dx": 167.78196716308594,
            "dy": 235.38180541992188,
            "timestamp": 234
        },
        {
            "dx": 165.4907684326172,
            "dy": 236.61825561523438,
            "timestamp": 234
        },
        {
            "dx": 163.56356811523438,
            "dy": 237.60015869140625,
            "timestamp": 234
        },
        {
            "dx": 161.52734375,
            "dy": 238.58169555664062,
            "timestamp": 235
        },
        {
            "dx": 158.7635040283203,
            "dy": 239.63638305664062,
            "timestamp": 235
        },
        {
            "dx": 156.14559936523438,
            "dy": 240.50924682617188,
            "timestamp": 254
        },
        {
            "dx": 153.56356811523438,
            "dy": 241.199951171875,
            "timestamp": 254
        },
        {
            "dx": 151.16371154785156,
            "dy": 241.70916748046875,
            "timestamp": 254
        },
        {
            "dx": 148.9453125,
            "dy": 242.07281494140625,
            "timestamp": 254
        },
        {
            "dx": 146.72727966308594,
            "dy": 242.18182373046875,
            "timestamp": 254
        },
        {
            "dx": 144.5092315673828,
            "dy": 242.2908935546875,
            "timestamp": 274
        },
        {
            "dx": 142.3998565673828,
            "dy": 242.2908935546875,
            "timestamp": 275
        },
        {
            "dx": 141.27273559570312,
            "dy": 242.2908935546875,
            "timestamp": 275
        },
        {
            "dx": 139.74539184570312,
            "dy": 242.2908935546875,
            "timestamp": 275
        },
        {
            "dx": 137.0546875,
            "dy": 242,
            "timestamp": 275
        },
        {
            "dx": 134.5454559326172,
            "dy": 241.60015869140625,
            "timestamp": 293
        },
        {
            "dx": 132.254638671875,
            "dy": 241.199951171875,
            "timestamp": 293
        },
        {
            "dx": 130.03622436523438,
            "dy": 240.727294921875,
            "timestamp": 293
        },
        {
            "dx": 128.21804809570312,
            "dy": 240.03622436523438,
            "timestamp": 293
        },
        {
            "dx": 125.81819152832031,
            "dy": 239.16372680664062,
            "timestamp": 311
        },
        {
            "dx": 123.63636779785156,
            "dy": 238.47265625,
            "timestamp": 311
        },
        {
            "dx": 121.70918273925781,
            "dy": 237.60015869140625,
            "timestamp": 311
        },
        {
            "dx": 119.96377563476562,
            "dy": 236.727294921875,
            "timestamp": 311
        },
        {
            "dx": 118.43643188476562,
            "dy": 235.85446166992188,
            "timestamp": 311
        },
        {
            "dx": 117.01811218261719,
            "dy": 234.8729248046875,
            "timestamp": 327
        },
        {
            "dx": 116.25462341308594,
            "dy": 234.2908935546875,
            "timestamp": 327
        },
        {
            "dx": 115.27273559570312,
            "dy": 233.52734375,
            "timestamp": 327
        },
        {
            "dx": 114.32742309570312,
            "dy": 232.65447998046875,
            "timestamp": 343
        },
        {
            "dx": 112.69105529785156,
            "dy": 231.16372680664062,
            "timestamp": 343
        },
        {
            "dx": 111.45454406738281,
            "dy": 229.8182373046875,
            "timestamp": 343
        },
        {
            "dx": 110.47265625,
            "dy": 228.65447998046875,
            "timestamp": 343
        },
        {
            "dx": 109.52734375,
            "dy": 227.38180541992188,
            "timestamp": 344
        },
        {
            "dx": 108.65449523925781,
            "dy": 226.10903930664062,
            "timestamp": 358
        },
        {
            "dx": 107.70918273925781,
            "dy": 224.8363037109375,
            "timestamp": 358
        },
        {
            "dx": 106.76350402832031,
            "dy": 223.38180541992188,
            "timestamp": 358
        },
        {
            "dx": 105.78196716308594,
            "dy": 221.92721557617188,
            "timestamp": 373
        },
        {
            "dx": 105.01811218261719,
            "dy": 220.58169555664062,
            "timestamp": 373
        },
        {
            "dx": 104.43643188476562,
            "dy": 219.38174438476562,
            "timestamp": 373
        },
        {
            "dx": 103.89097595214844,
            "dy": 218.14559936523438,
            "timestamp": 373
        },
        {
            "dx": 103.19993591308594,
            "dy": 216.47265625,
            "timestamp": 388
        },
        {
            "dx": 102.54545593261719,
            "dy": 214.727294921875,
            "timestamp": 388
        },
        {
            "dx": 101.96377563476562,
            "dy": 212.98190307617188,
            "timestamp": 389
        },
        {
            "dx": 101.38174438476562,
            "dy": 211.3089599609375,
            "timestamp": 403
        },
        {
            "dx": 100.90908813476562,
            "dy": 209.45455932617188,
            "timestamp": 404
        },
        {
            "dx": 100.43643188476562,
            "dy": 207.60015869140625,
            "timestamp": 404
        },
        {
            "dx": 99.85440063476562,
            "dy": 205.27273559570312,
            "timestamp": 404
        },
        {
            "dx": 99.56356811523438,
            "dy": 203.0546875,
            "timestamp": 418
        },
        {
            "dx": 99.16371154785156,
            "dy": 201.199951171875,
            "timestamp": 418
        },
        {
            "dx": 98.80007934570312,
            "dy": 199.3455810546875,
            "timestamp": 418
        },
        {
            "dx": 98.50923156738281,
            "dy": 197.49078369140625,
            "timestamp": 418
        },
        {
            "dx": 98.21804809570312,
            "dy": 194.9453125,
            "timestamp": 435
        },
        {
            "dx": 97.92720031738281,
            "dy": 192.61825561523438,
            "timestamp": 435
        },
        {
            "dx": 97.74539184570312,
            "dy": 190.65447998046875,
            "timestamp": 435
        },
        {
            "dx": 97.63636779785156,
            "dy": 188.727294921875,
            "timestamp": 435
        },
        {
            "dx": 97.63636779785156,
            "dy": 186.7635498046875,
            "timestamp": 450
        },
        {
            "dx": 97.63636779785156,
            "dy": 184.90908813476562,
            "timestamp": 451
        },
        {
            "dx": 97.63636779785156,
            "dy": 183.16372680664062,
            "timestamp": 451
        },
        {
            "dx": 97.63636779785156,
            "dy": 182.50924682617188,
            "timestamp": 451
        },
        {
            "dx": 97.74539184570312,
            "dy": 181.3089599609375,
            "timestamp": 467
        },
        {
            "dx": 97.81819152832031,
            "dy": 179.672607421875,
            "timestamp": 467
        },
        {
            "dx": 98.03622436523438,
            "dy": 177.8182373046875,
            "timestamp": 467
        },
        {
            "dx": 98.58168029785156,
            "dy": 175.38174438476562,
            "timestamp": 467
        },
        {
            "dx": 99.38174438476562,
            "dy": 172.47265625,
            "timestamp": 484
        },
        {
            "dx": 100.80007934570312,
            "dy": 169.52734375,
            "timestamp": 484
        },
        {
            "dx": 102.54545593261719,
            "dy": 165.85440063476562,
            "timestamp": 484
        },
        {
            "dx": 104.65449523925781,
            "dy": 162.14559936523438,
            "timestamp": 484
        },
        {
            "dx": 106.83628845214844,
            "dy": 158.43643188476562,
            "timestamp": 499
        },
        {
            "dx": 108.76350402832031,
            "dy": 154.43643188476562,
            "timestamp": 499
        },
        {
            "dx": 110.87287902832031,
            "dy": 150.76351928710938,
            "timestamp": 499
        },
        {
            "dx": 0,
            "dy": 0,
            "timestamp": 500
        },
        {
            "dx": 164.32742309570312,
            "dy": 159.12713623046875,
            "timestamp": 818
        },
        {
            "dx": 164.72727966308594,
            "dy": 159.70916748046875,
            "timestamp": 819
        },
        {
            "dx": 165.09091186523438,
            "dy": 160.18182373046875,
            "timestamp": 819
        },
        {
            "dx": 165.30897521972656,
            "dy": 160.47265625,
            "timestamp": 846
        },
        {
            "dx": 165.6001434326172,
            "dy": 160.76351928710938,
            "timestamp": 846
        },
        {
            "dx": 166.14559936523438,
            "dy": 161.27273559570312,
            "timestamp": 846
        },
        {
            "dx": 166.43646240234375,
            "dy": 161.45458984375,
            "timestamp": 846
        },
        {
            "dx": 166.72727966308594,
            "dy": 161.63638305664062,
            "timestamp": 847
        },
        {
            "dx": 167.30897521972656,
            "dy": 162.03622436523438,
            "timestamp": 847
        },
        {
            "dx": 167.6001434326172,
            "dy": 162.254638671875,
            "timestamp": 879
        },
        {
            "dx": 168.18182373046875,
            "dy": 162.54550170898438,
            "timestamp": 879
        },
        {
            "dx": 168.58168029785156,
            "dy": 162.727294921875,
            "timestamp": 880
        },
        {
            "dx": 168.9453125,
            "dy": 162.8363037109375,
            "timestamp": 880
        },
        {
            "dx": 169.3455352783203,
            "dy": 163.01815795898438,
            "timestamp": 880
        },
        {
            "dx": 169.70916748046875,
            "dy": 163.12713623046875,
            "timestamp": 880
        },
        {
            "dx": 170,
            "dy": 163.199951171875,
            "timestamp": 880
        },
        {
            "dx": 170.2908477783203,
            "dy": 163.199951171875,
            "timestamp": 880
        },
        {
            "dx": 170.2908477783203,
            "dy": 163.12713623046875,
            "timestamp": 935
        },
        {
            "dx": 170.21804809570312,
            "dy": 163.01815795898438,
            "timestamp": 936
        },
        {
            "dx": 170.10902404785156,
            "dy": 162.90908813476562,
            "timestamp": 936
        },
        {
            "dx": 169.9272003173828,
            "dy": 162.8363037109375,
            "timestamp": 936
        },
        {
            "dx": 169.70916748046875,
            "dy": 162.727294921875,
            "timestamp": 961
        },
        {
            "dx": 169.52734375,
            "dy": 162.61825561523438,
            "timestamp": 962
        },
        {
            "dx": 169.3455352783203,
            "dy": 162.54550170898438,
            "timestamp": 962
        },
        {
            "dx": 169.12713623046875,
            "dy": 162.43643188476562,
            "timestamp": 962
        },
        {
            "dx": 168.8728790283203,
            "dy": 162.32742309570312,
            "timestamp": 962
        },
        {
            "dx": 168.58168029785156,
            "dy": 162.32742309570312,
            "timestamp": 962
        },
        {
            "dx": 168.2908477783203,
            "dy": 162.32742309570312,
            "timestamp": 993
        },
        {
            "dx": 168,
            "dy": 162.32742309570312,
            "timestamp": 993
        },
        {
            "dx": 167.30897521972656,
            "dy": 162.54550170898438,
            "timestamp": 993
        },
        {
            "dx": 166.14559936523438,
            "dy": 163.12713623046875,
            "timestamp": 993
        },
        {
            "dx": 164.72727966308594,
            "dy": 164.29086303710938,
            "timestamp": 993
        },
        {
            "dx": 163.38177490234375,
            "dy": 165.63638305664062,
            "timestamp": 993
        },
        {
            "dx": 162.3998565673828,
            "dy": 167.3089599609375,
            "timestamp": 994
        },
        {
            "dx": 0,
            "dy": 0,
            "timestamp": 995
        }
    ],
    [
        {
            "dx": 188,
            "dy": 133,
            "timestamp": 0
        },
        {
            "dx": 188,
            "dy": 133,
            "timestamp": 1
        },
        {
            "dx": 188.33334350585938,
            "dy": 134.33334350585938,
            "timestamp": 47
        },
        {
            "dx": 188.6666717529297,
            "dy": 136.66668701171875,
            "timestamp": 47
        },
        {
            "dx": 188.6666717529297,
            "dy": 139.33334350585938,
            "timestamp": 47
        },
        {
            "dx": 188.6666717529297,
            "dy": 143.66668701171875,
            "timestamp": 47
        },
        {
            "dx": 188.33334350585938,
            "dy": 148.66668701171875,
            "timestamp": 76
        },
        {
            "dx": 188,
            "dy": 155.33334350585938,
            "timestamp": 76
        },
        {
            "dx": 186.6666717529297,
            "dy": 161,
            "timestamp": 77
        },
        {
            "dx": 185,
            "dy": 166.33334350585938,
            "timestamp": 106
        },
        {
            "dx": 182.33334350585938,
            "dy": 172.33334350585938,
            "timestamp": 106
        },
        {
            "dx": 179.33334350585938,
            "dy": 179,
            "timestamp": 106
        },
        {
            "dx": 175.6666717529297,
            "dy": 185.33334350585938,
            "timestamp": 106
        },
        {
            "dx": 172,
            "dy": 190.33334350585938,
            "timestamp": 134
        },
        {
            "dx": 168.6666717529297,
            "dy": 195.66668701171875,
            "timestamp": 134
        },
        {
            "dx": 165.33334350585938,
            "dy": 200.33334350585938,
            "timestamp": 134
        },
        {
            "dx": 162.6666717529297,
            "dy": 203.66668701171875,
            "timestamp": 164
        },
        {
            "dx": 160.33334350585938,
            "dy": 207,
            "timestamp": 164
        },
        {
            "dx": 157.33334350585938,
            "dy": 209.66668701171875,
            "timestamp": 165
        },
        {
            "dx": 155,
            "dy": 211.66668701171875,
            "timestamp": 165
        },
        {
            "dx": 152.33334350585938,
            "dy": 213.33334350585938,
            "timestamp": 205
        },
        {
            "dx": 149.33334350585938,
            "dy": 215,
            "timestamp": 206
        },
        {
            "dx": 146.33334350585938,
            "dy": 216,
            "timestamp": 206
        },
        {
            "dx": 141,
            "dy": 216.66668701171875,
            "timestamp": 206
        },
        {
            "dx": 135,
            "dy": 216.33334350585938,
            "timestamp": 248
        },
        {
            "dx": 129,
            "dy": 215,
            "timestamp": 248
        },
        {
            "dx": 124,
            "dy": 213,
            "timestamp": 248
        },
        {
            "dx": 118,
            "dy": 209.33334350585938,
            "timestamp": 248
        },
        {
            "dx": 114.66667175292969,
            "dy": 206.33334350585938,
            "timestamp": 249
        },
        {
            "dx": 111.66667175292969,
            "dy": 203.33334350585938,
            "timestamp": 249
        },
        {
            "dx": 109.66667175292969,
            "dy": 201,
            "timestamp": 332
        },
        {
            "dx": 108,
            "dy": 198.33334350585938,
            "timestamp": 332
        },
        {
            "dx": 106.66667175292969,
            "dy": 195.66668701171875,
            "timestamp": 332
        },
        {
            "dx": 105.66667175292969,
            "dy": 192.33334350585938,
            "timestamp": 332
        },
        {
            "dx": 105,
            "dy": 189.66668701171875,
            "timestamp": 332
        },
        {
            "dx": 104.66667175292969,
            "dy": 187,
            "timestamp": 332
        },
        {
            "dx": 104.66667175292969,
            "dy": 183,
            "timestamp": 332
        },
        {
            "dx": 105,
            "dy": 180,
            "timestamp": 332
        },
        {
            "dx": 106,
            "dy": 176,
            "timestamp": 332
        },
        {
            "dx": 107,
            "dy": 172.66668701171875,
            "timestamp": 332
        },
        {
            "dx": 108,
            "dy": 170.33334350585938,
            "timestamp": 349
        },
        {
            "dx": 109,
            "dy": 168.66668701171875,
            "timestamp": 350
        },
        {
            "dx": 109.33334350585938,
            "dy": 168,
            "timestamp": 369
        },
        {
            "dx": 109.66667175292969,
            "dy": 167.66668701171875,
            "timestamp": 369
        },
        {
            "dx": 110,
            "dy": 167,
            "timestamp": 369
        },
        {
            "dx": 110,
            "dy": 167,
            "timestamp": 387
        },
        {
            "dx": 110,
            "dy": 167,
            "timestamp": 405
        },
        {
            "dx": 110,
            "dy": 167,
            "timestamp": 405
        },
        {
            "dx": 0,
            "dy": 0,
            "timestamp": 422
        },
        {
            "dx": 151,
            "dy": 177.66668701171875,
            "timestamp": 582
        },
        {
            "dx": 151,
            "dy": 177.66668701171875,
            "timestamp": 647
        },
        {
            "dx": 151,
            "dy": 177.66668701171875,
            "timestamp": 684
        },
        {
            "dx": 0,
            "dy": 0,
            "timestamp": 686
        }
    ],
    [
        {
            "dx": 202.118408203125,
            "dy": 57.206024169921875,
            "timestamp": 0
        },
        {
            "dx": 202.7844696044922,
            "dy": 61.20440673828125,
            "timestamp": 0
        },
        {
            "dx": 203.45050048828125,
            "dy": 65.86920166015625,
            "timestamp": 19
        },
        {
            "dx": 204.11656188964844,
            "dy": 68.86798095703125,
            "timestamp": 19
        },
        {
            "dx": 204.4495849609375,
            "dy": 71.53353881835938,
            "timestamp": 19
        },
        {
            "dx": 205.1156463623047,
            "dy": 74.19915771484375,
            "timestamp": 19
        },
        {
            "dx": 205.44866943359375,
            "dy": 76.86468505859375,
            "timestamp": 19
        },
        {
            "dx": 206.11471557617188,
            "dy": 79.86349487304688,
            "timestamp": 52
        },
        {
            "dx": 207.1138153076172,
            "dy": 84.52825927734375,
            "timestamp": 52
        },
        {
            "dx": 208.11285400390625,
            "dy": 88.19345092773438,
            "timestamp": 52
        },
        {
            "dx": 208.44589233398438,
            "dy": 91.19223022460938,
            "timestamp": 52
        },
        {
            "dx": 209.1119384765625,
            "dy": 93.8577880859375,
            "timestamp": 52
        },
        {
            "dx": 209.4449920654297,
            "dy": 96.52337646484375,
            "timestamp": 52
        },
        {
            "dx": 209.7779998779297,
            "dy": 98.85577392578125,
            "timestamp": 52
        },
        {
            "dx": 210.1110076904297,
            "dy": 101.18817138671875,
            "timestamp": 53
        },
        {
            "dx": 210.44403076171875,
            "dy": 103.85372924804688,
            "timestamp": 83
        },
        {
            "dx": 210.77706909179688,
            "dy": 106.519287109375,
            "timestamp": 83
        },
        {
            "dx": 210.77706909179688,
            "dy": 109.18490600585938,
            "timestamp": 83
        },
        {
            "dx": 210.77706909179688,
            "dy": 112.18368530273438,
            "timestamp": 83
        },
        {
            "dx": 210.77706909179688,
            "dy": 114.8492431640625,
            "timestamp": 83
        },
        {
            "dx": 210.77706909179688,
            "dy": 117.181640625,
            "timestamp": 83
        },
        {
            "dx": 210.77706909179688,
            "dy": 119.5140380859375,
            "timestamp": 83
        },
        {
            "dx": 210.44403076171875,
            "dy": 121.51327514648438,
            "timestamp": 83
        },
        {
            "dx": 210.1110076904297,
            "dy": 123.51242065429688,
            "timestamp": 110
        },
        {
            "dx": 209.1119384765625,
            "dy": 125.17840576171875,
            "timestamp": 111
        },
        {
            "dx": 208.44589233398438,
            "dy": 127.17758178710938,
            "timestamp": 111
        },
        {
            "dx": 207.1138153076172,
            "dy": 129.50997924804688,
            "timestamp": 112
        },
        {
            "dx": 206.11471557617188,
            "dy": 131.5091552734375,
            "timestamp": 112
        },
        {
            "dx": 204.7826385498047,
            "dy": 133.17514038085938,
            "timestamp": 113
        },
        {
            "dx": 203.45050048828125,
            "dy": 134.84115600585938,
            "timestamp": 113
        },
        {
            "dx": 201.78538513183594,
            "dy": 136.84033203125,
            "timestamp": 140
        },
        {
            "dx": 200.1202850341797,
            "dy": 138.173095703125,
            "timestamp": 141
        },
        {
            "dx": 197.7891082763672,
            "dy": 139.839111328125,
            "timestamp": 141
        },
        {
            "dx": 195.4579315185547,
            "dy": 140.83871459960938,
            "timestamp": 141
        },
        {
            "dx": 193.1267547607422,
            "dy": 142.17147827148438,
            "timestamp": 141
        },
        {
            "dx": 190.7955780029297,
            "dy": 142.837890625,
            "timestamp": 141
        },
        {
            "dx": 188.4644012451172,
            "dy": 143.83749389648438,
            "timestamp": 141
        },
        {
            "dx": 186.4662322998047,
            "dy": 144.83709716796875,
            "timestamp": 141
        },
        {
            "dx": 184.80111694335938,
            "dy": 145.50350952148438,
            "timestamp": 166
        },
        {
            "dx": 182.46994018554688,
            "dy": 146.16986083984375,
            "timestamp": 166
        },
        {
            "dx": 180.13876342773438,
            "dy": 146.83627319335938,
            "timestamp": 173
        },
        {
            "dx": 177.80758666992188,
            "dy": 147.83587646484375,
            "timestamp": 174
        },
        {
            "dx": 175.14340209960938,
            "dy": 148.16903686523438,
            "timestamp": 174
        },
        {
            "dx": 172.47918701171875,
            "dy": 148.50228881835938,
            "timestamp": 174
        },
        {
            "dx": 169.4819793701172,
            "dy": 148.50228881835938,
            "timestamp": 174
        },
        {
            "dx": 166.4847412109375,
            "dy": 148.50228881835938,
            "timestamp": 206
        },
        {
            "dx": 163.82054138183594,
            "dy": 148.50228881835938,
            "timestamp": 207
        },
        {
            "dx": 161.15634155273438,
            "dy": 148.50228881835938,
            "timestamp": 207
        },
        {
            "dx": 158.82516479492188,
            "dy": 148.50228881835938,
            "timestamp": 207
        },
        {
            "dx": 156.16098022460938,
            "dy": 147.83587646484375,
            "timestamp": 207
        },
        {
            "dx": 153.82980346679688,
            "dy": 147.16943359375,
            "timestamp": 207
        },
        {
            "dx": 151.49862670898438,
            "dy": 146.5030517578125,
            "timestamp": 207
        },
        {
            "dx": 149.16744995117188,
            "dy": 145.836669921875,
            "timestamp": 207
        },
        {
            "dx": 147.16929626464844,
            "dy": 144.50387573242188,
            "timestamp": 207
        },
        {
            "dx": 145.171142578125,
            "dy": 143.17108154296875,
            "timestamp": 207
        },
        {
            "dx": 143.1730194091797,
            "dy": 141.50509643554688,
            "timestamp": 240
        },
        {
            "dx": 141.50787353515625,
            "dy": 139.839111328125,
            "timestamp": 240
        },
        {
            "dx": 140.5087890625,
            "dy": 138.50631713867188,
            "timestamp": 240
        },
        {
            "dx": 139.50973510742188,
            "dy": 136.50717163085938,
            "timestamp": 240
        },
        {
            "dx": 138.51065063476562,
            "dy": 134.84115600585938,
            "timestamp": 241
        },
        {
            "dx": 137.51156616210938,
            "dy": 132.50875854492188,
            "timestamp": 241
        },
        {
            "dx": 136.5124969482422,
            "dy": 130.17636108398438,
            "timestamp": 241
        },
        {
            "dx": 135.846435546875,
            "dy": 127.84396362304688,
            "timestamp": 241
        },
        {
            "dx": 135.846435546875,
            "dy": 125.5115966796875,
            "timestamp": 241
        },
        {
            "dx": 135.513427734375,
            "dy": 123.17919921875,
            "timestamp": 260
        },
        {
            "dx": 135.513427734375,
            "dy": 120.8468017578125,
            "timestamp": 260
        },
        {
            "dx": 135.513427734375,
            "dy": 118.51446533203125,
            "timestamp": 260
        },
        {
            "dx": 135.513427734375,
            "dy": 116.5152587890625,
            "timestamp": 260
        },
        {
            "dx": 135.513427734375,
            "dy": 114.51608276367188,
            "timestamp": 260
        },
        {
            "dx": 135.513427734375,
            "dy": 112.51690673828125,
            "timestamp": 261
        },
        {
            "dx": 136.17947387695312,
            "dy": 110.5177001953125,
            "timestamp": 295
        },
        {
            "dx": 136.84552001953125,
            "dy": 108.8516845703125,
            "timestamp": 296
        },
        {
            "dx": 137.51156616210938,
            "dy": 106.85250854492188,
            "timestamp": 297
        },
        {
            "dx": 138.51065063476562,
            "dy": 105.1865234375,
            "timestamp": 297
        },
        {
            "dx": 139.50973510742188,
            "dy": 103.18734741210938,
            "timestamp": 297
        },
        {
            "dx": 140.5087890625,
            "dy": 101.18817138671875,
            "timestamp": 298
        },
        {
            "dx": 141.84088134765625,
            "dy": 99.52215576171875,
            "timestamp": 298
        },
        {
            "dx": 143.1730194091797,
            "dy": 97.85617065429688,
            "timestamp": 298
        },
        {
            "dx": 144.50509643554688,
            "dy": 95.85699462890625,
            "timestamp": 322
        },
        {
            "dx": 145.5041961669922,
            "dy": 94.524169921875,
            "timestamp": 323
        },
        {
            "dx": 147.16929626464844,
            "dy": 93.19140625,
            "timestamp": 323
        },
        {
            "dx": 148.5013885498047,
            "dy": 91.85861206054688,
            "timestamp": 323
        },
        {
            "dx": 150.16650390625,
            "dy": 90.8590087890625,
            "timestamp": 323
        },
        {
            "dx": 151.49862670898438,
            "dy": 89.52621459960938,
            "timestamp": 323
        },
        {
            "dx": 152.8307342529297,
            "dy": 88.526611328125,
            "timestamp": 323
        },
        {
            "dx": 154.16282653808594,
            "dy": 87.52703857421875,
            "timestamp": 323
        },
        {
            "dx": 155.1619110107422,
            "dy": 86.19427490234375,
            "timestamp": 350
        },
        {
            "dx": 156.16098022460938,
            "dy": 85.52783203125,
            "timestamp": 350
        },
        {
            "dx": 157.4930877685547,
            "dy": 84.52825927734375,
            "timestamp": 350
        },
        {
            "dx": 158.82516479492188,
            "dy": 83.86187744140625,
            "timestamp": 351
        },
        {
            "dx": 160.1572723388672,
            "dy": 83.19549560546875,
            "timestamp": 351
        },
        {
            "dx": 161.48936462402344,
            "dy": 82.529052734375,
            "timestamp": 351
        },
        {
            "dx": 163.15447998046875,
            "dy": 82.19586181640625,
            "timestamp": 351
        },
        {
            "dx": 164.4866180419922,
            "dy": 81.52947998046875,
            "timestamp": 351
        },
        {
            "dx": 165.81869506835938,
            "dy": 80.86309814453125,
            "timestamp": 383
        },
        {
            "dx": 167.1508026123047,
            "dy": 80.52987670898438,
            "timestamp": 384
        },
        {
            "dx": 168.14987182617188,
            "dy": 79.86349487304688,
            "timestamp": 384
        },
        {
            "dx": 169.4819793701172,
            "dy": 79.5302734375,
            "timestamp": 384
        },
        {
            "dx": 170.14801025390625,
            "dy": 79.19708251953125,
            "timestamp": 384
        },
        {
            "dx": 170.81407165527344,
            "dy": 78.8638916015625,
            "timestamp": 384
        },
        {
            "dx": 171.1470947265625,
            "dy": 78.8638916015625,
            "timestamp": 384
        },
        {
            "dx": 171.8131561279297,
            "dy": 78.8638916015625,
            "timestamp": 384
        },
        {
            "dx": 172.1461639404297,
            "dy": 78.8638916015625,
            "timestamp": 421
        },
        {
            "dx": 172.47918701171875,
            "dy": 78.8638916015625,
            "timestamp": 421
        },
        {
            "dx": 172.81222534179688,
            "dy": 79.19708251953125,
            "timestamp": 421
        },
        {
            "dx": 172.81222534179688,
            "dy": 79.5302734375,
            "timestamp": 421
        },
        {
            "dx": 172.81222534179688,
            "dy": 80.52987670898438,
            "timestamp": 449
        },
        {
            "dx": 172.81222534179688,
            "dy": 81.52947998046875,
            "timestamp": 450
        },
        {
            "dx": 172.81222534179688,
            "dy": 81.8626708984375,
            "timestamp": 450
        },
        {
            "dx": 0,
            "dy": 0,
            "timestamp": 452
        },
        {
            "dx": 181.80389404296875,
            "dy": 112.85006713867188,
            "timestamp": 703
        },
        {
            "dx": 181.80389404296875,
            "dy": 115.18246459960938,
            "timestamp": 704
        },
        {
            "dx": 181.4708709716797,
            "dy": 116.84844970703125,
            "timestamp": 728
        },
        {
            "dx": 180.8048095703125,
            "dy": 118.51446533203125,
            "timestamp": 729
        },
        {
            "dx": 180.47178649902344,
            "dy": 120.180419921875,
            "timestamp": 729
        },
        {
            "dx": 180.13876342773438,
            "dy": 121.84640502929688,
            "timestamp": 729
        },
        {
            "dx": 179.80575561523438,
            "dy": 123.17919921875,
            "timestamp": 729
        },
        {
            "dx": 179.1396942138672,
            "dy": 126.177978515625,
            "timestamp": 729
        },
        {
            "dx": 178.8066864013672,
            "dy": 127.84396362304688,
            "timestamp": 737
        },
        {
            "dx": 178.4736328125,
            "dy": 129.50997924804688,
            "timestamp": 758
        },
        {
            "dx": 178.4736328125,
            "dy": 130.84274291992188,
            "timestamp": 758
        },
        {
            "dx": 0,
            "dy": 0,
            "timestamp": 764
        }
    ]
]