[
    [
        {
            "dx": 252.60748291015625,
            "dy": 97.31930541992188,
            "timestamp": 0
        },
        {
            "dx": 252.60748291015625,
            "dy": 97.31930541992188,
            "timestamp": 67
        },
        {
            "dx": 251.10958862304688,
            "dy": 101.81655883789062,
            "timestamp": 118
        },
        {
            "dx": 247.1151123046875,
            "dy": 125.30224609375,
            "timestamp": 161
        },
        {
            "dx": 246.11651611328125,
            "dy": 128.80010986328125,
            "timestamp": 166
        },
        {
            "dx": 242.1220703125,
            "dy": 136.79522705078125,
            "timestamp": 201
        },
        {
            "dx": 238.12759399414062,
            "dy": 140.79281616210938,
            "timestamp": 236
        },
        {
            "dx": 235.13177490234375,
            "dy": 141.79220581054688,
            "timestamp": 267
        },
        {
            "dx": 234.13314819335938,
            "dy": 141.79220581054688,
            "timestamp": 270
        },
        {
            "dx": 230.63800048828125,
            "dy": 140.79281616210938,
            "timestamp": 299
        },
        {
            "dx": 229.14007568359375,
            "dy": 139.79342651367188,
            "timestamp": 302
        },
        {
            "dx": 224.64633178710938,
            "dy": 132.79766845703125,
            "timestamp": 344
        },
        {
            "dx": 224.1470184326172,
            "dy": 130.79888916015625,
            "timestamp": 351
        },
        {
            "dx": 222.64910888671875,
            "dy": 126.3016357421875,
            "timestamp": 383
        },
        {
            "dx": 222.14979553222656,
            "dy": 125.30224609375,
            "timestamp": 384
        },
        {
            "dx": 222.14979553222656,
            "dy": 122.3040771484375,
            "timestamp": 428
        },
        {
            "dx": 222.14979553222656,
            "dy": 121.80438232421875,
            "timestamp": 434
        },
        {
            "dx": 222.14979553222656,
            "dy": 121.3046875,
            "timestamp": 466
        },
        {
            "dx": 222.14979553222656,
            "dy": 121.3046875,
            "timestamp": 504
        },
        {
            "dx": 222.14979553222656,
            "dy": 122.3040771484375,
            "timestamp": 551
        },
        {
            "dx": 221.65049743652344,
            "dy": 123.80316162109375,
            "timestamp": 582
        },
        {
            "dx": 221.15118408203125,
            "dy": 124.3028564453125,
            "timestamp": 585
        },
        {
            "dx": 220.15257263183594,
            "dy": 125.80194091796875,
            "timestamp": 624
        },
        {
            "dx": 219.65325927734375,
            "dy": 126.80133056640625,
            "timestamp": 627
        },
        {
            "dx": 219.15396118164062,
            "dy": 127.80072021484375,
            "timestamp": 636
        },
        {
            "dx": 215.6588134765625,
            "dy": 132.2979736328125,
            "timestamp": 669
        },
        {
            "dx": 209.16783142089844,
            "dy": 140.79281616210938,
            "timestamp": 716
        },
        {
            "dx": 207.66990661621094,
            "dy": 142.79159545898438,
            "timestamp": 719
        },
        {
            "dx": 203.1761474609375,
            "dy": 148.28823852539062,
            "timestamp": 752
        },
        {
            "dx": 201.67822265625,
            "dy": 149.78732299804688,
            "timestamp": 754
        },
        {
            "dx": 195.68655395507812,
            "dy": 154.78427124023438,
            "timestamp": 791
        },
        {
            "dx": 194.18862915039062,
            "dy": 156.28335571289062,
            "timestamp": 795
        },
        {
            "dx": 192.19140625,
            "dy": 157.28274536132812,
            "timestamp": 802
        },
        {
            "dx": 187.19833374023438,
            "dy": 160.28091430664062,
            "timestamp": 835
        },
        {
            "dx": 185.20111083984375,
            "dy": 161.28030395507812,
            "timestamp": 837
        },
        {
            "dx": 176.21359252929688,
            "dy": 166.77694702148438,
            "timestamp": 881
        },
        {
            "dx": 174.21636962890625,
            "dy": 167.77633666992188,
            "timestamp": 886
        },
        {
            "dx": 168.7239990234375,
            "dy": 170.27484130859375,
            "timestamp": 918
        },
        {
            "dx": 166.72677612304688,
            "dy": 170.7745361328125,
            "timestamp": 920
        },
        {
            "dx": 160.2357940673828,
            "dy": 173.27301025390625,
            "timestamp": 955
        },
        {
            "dx": 158.7378692626953,
            "dy": 173.772705078125,
            "timestamp": 962
        },
        {
            "dx": 156.7406463623047,
            "dy": 173.772705078125,
            "timestamp": 969
        },
        {
            "dx": 151.24827575683594,
            "dy": 174.7720947265625,
            "timestamp": 1002
        },
        {
            "dx": 149.25103759765625,
            "dy": 175.27178955078125,
            "timestamp": 1005
        },
        {
            "dx": 138.76560974121094,
            "dy": 176.7708740234375,
            "timestamp": 1046
        },
        {
            "dx": 136.26907348632812,
            "dy": 176.7708740234375,
            "timestamp": 1055
        },
        {
            "dx": 127.78086853027344,
            "dy": 177.770263671875,
            "timestamp": 1090
        },
        {
            "dx": 125.28433227539062,
            "dy": 178.26995849609375,
            "timestamp": 1095
        },
        {
            "dx": 123.287109375,
            "dy": 178.26995849609375,
            "timestamp": 1105
        },
        {
            "dx": 113.80027770996094,
            "dy": 178.26995849609375,
            "timestamp": 1140
        },
        {
            "dx": 111.80305480957031,
            "dy": 178.26995849609375,
            "timestamp": 1148
        },
        {
            "dx": 109.80583190917969,
            "dy": 177.770263671875,
            "timestamp": 1155
        },
        {
            "dx": 103.31484985351562,
            "dy": 177.27056884765625,
            "timestamp": 1190
        },
        {
            "dx": 101.31761169433594,
            "dy": 176.7708740234375,
            "timestamp": 1191
        },
        {
            "dx": 99.8197021484375,
            "dy": 176.27117919921875,
            "timestamp": 1198
        },
        {
            "dx": 97.82247161865234,
            "dy": 175.771484375,
            "timestamp": 1204
        },
        {
            "dx": 92.3301010131836,
            "dy": 173.27301025390625,
            "timestamp": 1242
        },
        {
            "dx": 90.83218383789062,
            "dy": 172.7733154296875,
            "timestamp": 1247
        },
        {
            "dx": 89.33425903320312,
            "dy": 171.77392578125,
            "timestamp": 1255
        },
        {
            "dx": 83.84188842773438,
            "dy": 167.27664184570312,
            "timestamp": 1301
        },
        {
            "dx": 82.84327697753906,
            "dy": 166.27725219726562,
            "timestamp": 1305
        },
        {
            "dx": 78.84882354736328,
            "dy": 162.27969360351562,
            "timestamp": 1340
        },
        {
            "dx": 77.35090637207031,
            "dy": 159.78121948242188,
            "timestamp": 1370
        },
        {
            "dx": 76.85160064697266,
            "dy": 159.28152465820312,
            "timestamp": 1373
        },
        {
            "dx": 74.8543701171875,
            "dy": 153.28518676757812,
            "timestamp": 1411
        },
        {
            "dx": 74.8543701171875,
            "dy": 151.78610229492188,
            "timestamp": 1414
        },
        {
            "dx": 74.35506439208984,
            "dy": 149.28762817382812,
            "timestamp": 1422
        },
        {
            "dx": 73.85575866699219,
            "dy": 142.79159545898438,
            "timestamp": 1453
        },
        {
            "dx": 73.35645294189453,
            "dy": 140.29312133789062,
            "timestamp": 1457
        },
        {
            "dx": 73.35645294189453,
            "dy": 127.80072021484375,
            "timestamp": 1500
        },
        {
            "dx": 73.35645294189453,
            "dy": 125.80194091796875,
            "timestamp": 1505
        },
        {
            "dx": 73.35645294189453,
            "dy": 121.80438232421875,
            "timestamp": 1536
        },
        {
            "dx": 73.35645294189453,
            "dy": 120.80499267578125,
            "timestamp": 1540
        },
        {
            "dx": 73.35645294189453,
            "dy": 118.80621337890625,
            "timestamp": 1575
        },
        {
            "dx": 73.35645294189453,
            "dy": 118.80621337890625,
            "timestamp": 1589
        },
        {
            "dx": 73.85575866699219,
            "dy": 119.305908203125,
            "timestamp": 1646
        },
        {
            "dx": 0.0,
            "dy": 0.0,
            "timestamp": 1649
        },
        {
            "dx": 224.64633178710938,
            "dy": 79.33029174804688,
            "timestamp": 2124
        },
        {
            "dx": 224.64633178710938,
            "dy": 79.33029174804688,
            "timestamp": 2261
        },
        {
            "dx": 224.64633178710938,
            "dy": 79.33029174804688,
            "timestamp": 2331
        },
        {
            "dx": 224.64633178710938,
            "dy": 79.33029174804688,
            "timestamp": 2392
        },
        {
            "dx": 224.64633178710938,
            "dy": 79.33029174804688,
            "timestamp": 2475
        },
        {
            "dx": 0.0,
            "dy": 0.0,
            "timestamp": 2510
        },
        {
            "dx": 151.24827575683594,
            "dy": 204.75381469726562,
            "timestamp": 3179
        },
        {
            "dx": 151.24827575683594,
            "dy": 204.75381469726562,
            "timestamp": 3223
        },
        {
            "dx": 151.24827575683594,
            "dy": 204.75381469726562,
            "timestamp": 3345
        },
        {
            "dx": 151.24827575683594,
            "dy": 204.75381469726562,
            "timestamp": 3563
        },
        {
            "dx": 0.0,
            "dy": 0.0,
            "timestamp": 3589
        }
    ]
]