[
    [
        {
            "dx": 246.80006408691406,
            "dy": 126.21804809570312,
            "timestamp": 0
        },
        {
            "dx": 246.14561462402344,
            "dy": 128.07281494140625,
            "timestamp": 1
        },
        {
            "dx": 244.8728790283203,
            "dy": 130.69107055664062,
            "timestamp": 24
        },
        {
            "dx": 243.7091827392578,
            "dy": 132.9453125,
            "timestamp": 24
        },
        {
            "dx": 242.58168029785156,
            "dy": 135.16372680664062,
            "timestamp": 24
        },
        {
            "dx": 241.2365264892578,
            "dy": 137.70916748046875,
            "timestamp": 24
        },
        {
            "dx": 239.78196716308594,
            "dy": 140.21804809570312,
            "timestamp": 25
        },
        {
            "dx": 238.5454559326172,
            "dy": 142.47265625,
            "timestamp": 25
        },
        {
            "dx": 237.09092712402344,
            "dy": 144.90908813476562,
            "timestamp": 45
        },
        {
            "dx": 235.8181915283203,
            "dy": 146.9453125,
            "timestamp": 45
        },
        {
            "dx": 234.47267150878906,
            "dy": 149.09091186523438,
            "timestamp": 45
        },
        {
            "dx": 233.3455352783203,
            "dy": 150.8363037109375,
            "timestamp": 45
        },
        {
            "dx": 232.00001525878906,
            "dy": 152.21804809570312,
            "timestamp": 46
        },
        {
            "dx": 230.5454559326172,
            "dy": 153.56356811523438,
            "timestamp": 68
        },
        {
            "dx": 229.0181121826172,
            "dy": 154.727294921875,
            "timestamp": 69
        },
        {
            "dx": 227.56358337402344,
            "dy": 155.8909912109375,
            "timestamp": 69
        },
        {
            "dx": 225.9272003173828,
            "dy": 156.69107055664062,
            "timestamp": 69
        },
        {
            "dx": 224.3998565673828,
            "dy": 157.38174438476562,
            "timestamp": 69
        },
        {
            "dx": 222.94532775878906,
            "dy": 157.85440063476562,
            "timestamp": 69
        },
        {
            "dx": 221.3817901611328,
            "dy": 158.254638671875,
            "timestamp": 88
        },
        {
            "dx": 220.03623962402344,
            "dy": 158.54550170898438,
            "timestamp": 89
        },
        {
            "dx": 218.61827087402344,
            "dy": 158.727294921875,
            "timestamp": 89
        },
        {
            "dx": 217.16371154785156,
            "dy": 158.8363037109375,
            "timestamp": 89
        },
        {
            "dx": 215.7091827392578,
            "dy": 158.8363037109375,
            "timestamp": 89
        },
        {
            "dx": 214.94532775878906,
            "dy": 158.727294921875,
            "timestamp": 104
        },
        {
            "dx": 214.00001525878906,
            "dy": 158.54550170898438,
            "timestamp": 105
        },
        {
            "dx": 212.72727966308594,
            "dy": 158.14559936523438,
            "timestamp": 105
        },
        {
            "dx": 211.09092712402344,
            "dy": 157.45458984375,
            "timestamp": 105
        },
        {
            "dx": 209.38177490234375,
            "dy": 156.50927734375,
            "timestamp": 122
        },
        {
            "dx": 207.8181915283203,
            "dy": 155.52734375,
            "timestamp": 122
        },
        {
            "dx": 206.58168029785156,
            "dy": 154.43643188476562,
            "timestamp": 122
        },
        {
            "dx": 205.41835021972656,
            "dy": 153.27273559570312,
            "timestamp": 122
        },
        {
            "dx": 203.96380615234375,
            "dy": 151.63638305664062,
            "timestamp": 137
        },
        {
            "dx": 202.72727966308594,
            "dy": 150.07284545898438,
            "timestamp": 137
        },
        {
            "dx": 201.56356811523438,
            "dy": 148.32742309570312,
            "timestamp": 137
        },
        {
            "dx": 200.69105529785156,
            "dy": 146.76351928710938,
            "timestamp": 151
        },
        {
            "dx": 200.21804809570312,
            "dy": 145.38174438476562,
            "timestamp": 151
        },
        {
            "dx": 199.56356811523438,
            "dy": 142.9453125,
            "timestamp": 151
        },
        {
            "dx": 199.09091186523438,
            "dy": 140.43643188476562,
            "timestamp": 151
        },
        {
            "dx": 198.69105529785156,
            "dy": 137.8909912109375,
            "timestamp": 168
        },
        {
            "dx": 198.10902404785156,
            "dy": 135.34555053710938,
            "timestamp": 168
        },
        {
            "dx": 197.8181915283203,
            "dy": 132.9453125,
            "timestamp": 168
        },
        {
            "dx": 197.70916748046875,
            "dy": 130.50927734375,
            "timestamp": 168
        },
        {
            "dx": 197.63636779785156,
            "dy": 128.14559936523438,
            "timestamp": 184
        },
        {
            "dx": 197.52734375,
            "dy": 125.92724609375,
            "timestamp": 184
        },
        {
            "dx": 197.4545440673828,
            "dy": 124.65447998046875,
            "timestamp": 184
        },
        {
            "dx": 197.16371154785156,
            "dy": 122.61825561523438,
            "timestamp": 184
        },
        {
            "dx": 197.16371154785156,
            "dy": 120.76348876953125,
            "timestamp": 201
        },
        {
            "dx": 197.16371154785156,
            "dy": 118.90908813476562,
            "timestamp": 201
        },
        {
            "dx": 197.16371154785156,
            "dy": 117.45458984375,
            "timestamp": 201
        },
        {
            "dx": 197.16371154785156,
            "dy": 115.70916748046875,
            "timestamp": 201
        },
        {
            "dx": 197.16371154785156,
            "dy": 114.03622436523438,
            "timestamp": 217
        },
        {
            "dx": 197.16371154785156,
            "dy": 112.47265625,
            "timestamp": 218
        },
        {
            "dx": 197.16371154785156,
            "dy": 111.199951171875,
            "timestamp": 218
        },
        {
            "dx": 197.16371154785156,
            "dy": 109.96377563476562,
            "timestamp": 218
        },
        {
            "dx": 197.16371154785156,
            "dy": 108.87286376953125,
            "timestamp": 234
        },
        {
            "dx": 197.16371154785156,
            "dy": 108,
            "timestamp": 234
        },
        {
            "dx": 197.16371154785156,
            "dy": 107.3089599609375,
            "timestamp": 234
        },
        {
            "dx": 197.16371154785156,
            "dy": 106.8363037109375,
            "timestamp": 234
        },
        {
            "dx": 197.16371154785156,
            "dy": 106.3636474609375,
            "timestamp": 251
        },
        {
            "dx": 197.16371154785156,
            "dy": 105.85440063476562,
            "timestamp": 251
        },
        {
            "dx": 197.16371154785156,
            "dy": 105.38174438476562,
            "timestamp": 251
        },
        {
            "dx": 197.16371154785156,
            "dy": 104.87286376953125,
            "timestamp": 251
        },
        {
            "dx": 197.16371154785156,
            "dy": 104.58169555664062,
            "timestamp": 267
        },
        {
            "dx": 197.16371154785156,
            "dy": 104.39990234375,
            "timestamp": 268
        },
        {
            "dx": 197.16371154785156,
            "dy": 104.50927734375,
            "timestamp": 285
        },
        {
            "dx": 197.16371154785156,
            "dy": 104.69107055664062,
            "timestamp": 285
        },
        {
            "dx": 197.23651123046875,
            "dy": 105.27273559570312,
            "timestamp": 302
        },
        {
            "dx": 197.4545440673828,
            "dy": 106.14559936523438,
            "timestamp": 302
        },
        {
            "dx": 197.63636779785156,
            "dy": 107.60015869140625,
            "timestamp": 302
        },
        {
            "dx": 197.8181915283203,
            "dy": 109.45458984375,
            "timestamp": 302
        },
        {
            "dx": 197.9272003173828,
            "dy": 111.3089599609375,
            "timestamp": 302
        },
        {
            "dx": 198,
            "dy": 113.27273559570312,
            "timestamp": 318
        },
        {
            "dx": 198.2908477783203,
            "dy": 115.49078369140625,
            "timestamp": 318
        },
        {
            "dx": 198.5092315673828,
            "dy": 117.92724609375,
            "timestamp": 318
        },
        {
            "dx": 198.80007934570312,
            "dy": 120.65447998046875,
            "timestamp": 318
        },
        {
            "dx": 198.8728790283203,
            "dy": 123.38174438476562,
            "timestamp": 334
        },
        {
            "dx": 198.9818878173828,
            "dy": 126.50927734375,
            "timestamp": 335
        },
        {
            "dx": 199.16371154785156,
            "dy": 129.81817626953125,
            "timestamp": 335
        },
        {
            "dx": 199.27273559570312,
            "dy": 133.01815795898438,
            "timestamp": 335
        },
        {
            "dx": 199.3455352783203,
            "dy": 136.03622436523438,
            "timestamp": 351
        },
        {
            "dx": 199.56356811523438,
            "dy": 138.87289428710938,
            "timestamp": 352
        },
        {
            "dx": 199.63636779785156,
            "dy": 141.70916748046875,
            "timestamp": 352
        },
        {
            "dx": 199.74539184570312,
            "dy": 144.21804809570312,
            "timestamp": 352
        },
        {
            "dx": 199.74539184570312,
            "dy": 146.65447998046875,
            "timestamp": 368
        },
        {
            "dx": 199.56356811523438,
            "dy": 148.80007934570312,
            "timestamp": 369
        },
        {
            "dx": 199.3455352783203,
            "dy": 150.8363037109375,
            "timestamp": 369
        },
        {
            "dx": 198.9818878173828,
            "dy": 152.80007934570312,
            "timestamp": 369
        },
        {
            "dx": 198.69105529785156,
            "dy": 154.43643188476562,
            "timestamp": 385
        },
        {
            "dx": 198.21804809570312,
            "dy": 156.29086303710938,
            "timestamp": 385
        },
        {
            "dx": 197.63636779785156,
            "dy": 157.96377563476562,
            "timestamp": 385
        },
        {
            "dx": 196.8728790283203,
            "dy": 159.3089599609375,
            "timestamp": 385
        },
        {
            "dx": 196.18182373046875,
            "dy": 160.58169555664062,
            "timestamp": 402
        },
        {
            "dx": 195.41835021972656,
            "dy": 161.63638305664062,
            "timestamp": 402
        },
        {
            "dx": 194.65447998046875,
            "dy": 162.54550170898438,
            "timestamp": 402
        },
        {
            "dx": 193.78196716308594,
            "dy": 163.199951171875,
            "timestamp": 402
        },
        {
            "dx": 193.09091186523438,
            "dy": 163.60018920898438,
            "timestamp": 420
        },
        {
            "dx": 192.25462341308594,
            "dy": 163.8909912109375,
            "timestamp": 420
        },
        {
            "dx": 190.80007934570312,
            "dy": 164.47265625,
            "timestamp": 420
        },
        {
            "dx": 189.3455352783203,
            "dy": 164.87289428710938,
            "timestamp": 420
        },
        {
            "dx": 187.8181915283203,
            "dy": 165.0546875,
            "timestamp": 437
        },
        {
            "dx": 185.89100646972656,
            "dy": 165.16372680664062,
            "timestamp": 437
        },
        {
            "dx": 183.56356811523438,
            "dy": 165.16372680664062,
            "timestamp": 437
        },
        {
            "dx": 180.9818878173828,
            "dy": 165.16372680664062,
            "timestamp": 437
        },
        {
            "dx": 177.52734375,
            "dy": 164.98193359375,
            "timestamp": 454
        },
        {
            "dx": 174.32742309570312,
            "dy": 164.58169555664062,
            "timestamp": 454
        },
        {
            "dx": 171.4545440673828,
            "dy": 164.18182373046875,
            "timestamp": 454
        },
        {
            "dx": 168.65447998046875,
            "dy": 163.70916748046875,
            "timestamp": 454
        },
        {
            "dx": 165.85443115234375,
            "dy": 163.3089599609375,
            "timestamp": 454
        },
        {
            "dx": 162.32742309570312,
            "dy": 162.61825561523438,
            "timestamp": 471
        },
        {
            "dx": 158.7635040283203,
            "dy": 162.14559936523438,
            "timestamp": 471
        },
        {
            "dx": 154.9818878173828,
            "dy": 161.74539184570312,
            "timestamp": 471
        },
        {
            "dx": 151.63636779785156,
            "dy": 161.0546875,
            "timestamp": 471
        },
        {
            "dx": 148.5454559326172,
            "dy": 160.58169555664062,
            "timestamp": 488
        },
        {
            "dx": 145.56356811523438,
            "dy": 160.58169555664062,
            "timestamp": 488
        },
        {
            "dx": 142.90908813476562,
            "dy": 160.58169555664062,
            "timestamp": 488
        },
        {
            "dx": 141.56356811523438,
            "dy": 160.69107055664062,
            "timestamp": 488
        },
        {
            "dx": 139.74539184570312,
            "dy": 160.98193359375,
            "timestamp": 505
        },
        {
            "dx": 136.9453125,
            "dy": 161.74539184570312,
            "timestamp": 506
        },
        {
            "dx": 134.5454559326172,
            "dy": 162.61825561523438,
            "timestamp": 506
        },
        {
            "dx": 132.254638671875,
            "dy": 163.4183349609375,
            "timestamp": 506
        },
        {
            "dx": 130.14559936523438,
            "dy": 164.3636474609375,
            "timestamp": 521
        },
        {
            "dx": 128.14559936523438,
            "dy": 165.34555053710938,
            "timestamp": 521
        },
        {
            "dx": 126.39985656738281,
            "dy": 166.43643188476562,
            "timestamp": 522
        },
        {
            "dx": 124.47265625,
            "dy": 167.60018920898438,
            "timestamp": 522
        },
        {
            "dx": 123.12715148925781,
            "dy": 168.9453125,
            "timestamp": 539
        },
        {
            "dx": 121.8909912109375,
            "dy": 170.39990234375,
            "timestamp": 540
        },
        {
            "dx": 120.8363037109375,
            "dy": 171.781982421875,
            "timestamp": 540
        },
        {
            "dx": 119.781982421875,
            "dy": 173.34555053710938,
            "timestamp": 540
        },
        {
            "dx": 118.90908813476562,
            "dy": 174.98193359375,
            "timestamp": 556
        },
        {
            "dx": 118.07279968261719,
            "dy": 176.8363037109375,
            "timestamp": 557
        },
        {
            "dx": 117.38174438476562,
            "dy": 178.8729248046875,
            "timestamp": 557
        },
        {
            "dx": 116.727294921875,
            "dy": 180.9453125,
            "timestamp": 557
        },
        {
            "dx": 116.43643188476562,
            "dy": 183.09091186523438,
            "timestamp": 557
        },
        {
            "dx": 116.14559936523438,
            "dy": 185.199951171875,
            "timestamp": 574
        },
        {
            "dx": 115.85440063476562,
            "dy": 186.98190307617188,
            "timestamp": 574
        },
        {
            "dx": 115.56356811523438,
            "dy": 188.8363037109375,
            "timestamp": 574
        },
        {
            "dx": 115.19993591308594,
            "dy": 190.9453125,
            "timestamp": 574
        },
        {
            "dx": 114.98188781738281,
            "dy": 193.01812744140625,
            "timestamp": 591
        },
        {
            "dx": 114.69105529785156,
            "dy": 194.8729248046875,
            "timestamp": 591
        },
        {
            "dx": 114.32742309570312,
            "dy": 196.69107055664062,
            "timestamp": 591
        },
        {
            "dx": 113.92720031738281,
            "dy": 198.47265625,
            "timestamp": 592
        },
        {
            "dx": 113.45454406738281,
            "dy": 200.21804809570312,
            "timestamp": 606
        },
        {
            "dx": 113.09091186523438,
            "dy": 201.781982421875,
            "timestamp": 606
        },
        {
            "dx": 112.50923156738281,
            "dy": 203.3455810546875,
            "timestamp": 606
        },
        {
            "dx": 111.81819152832031,
            "dy": 204.98190307617188,
            "timestamp": 606
        },
        {
            "dx": 111.0546875,
            "dy": 206.9453125,
            "timestamp": 621
        },
        {
            "dx": 109.70918273925781,
            "dy": 208.7635498046875,
            "timestamp": 621
        },
        {
            "dx": 108.76350402832031,
            "dy": 210.43643188476562,
            "timestamp": 621
        },
        {
            "dx": 107.23652648925781,
            "dy": 211.8909912109375,
            "timestamp": 621
        },
        {
            "dx": 105.60014343261719,
            "dy": 213.3455810546875,
            "timestamp": 636
        },
        {
            "dx": 103.89097595214844,
            "dy": 214.61825561523438,
            "timestamp": 636
        },
        {
            "dx": 101.85440063476562,
            "dy": 215.8909912109375,
            "timestamp": 636
        },
        {
            "dx": 99.38174438476562,
            "dy": 217.16372680664062,
            "timestamp": 652
        },
        {
            "dx": 96.98188781738281,
            "dy": 218.32742309570312,
            "timestamp": 652
        },
        {
            "dx": 94.36363220214844,
            "dy": 219.49078369140625,
            "timestamp": 652
        },
        {
            "dx": 91.60014343261719,
            "dy": 220.7635498046875,
            "timestamp": 652
        },
        {
            "dx": 88.25462341308594,
            "dy": 222.10903930664062,
            "timestamp": 652
        },
        {
            "dx": 84.87287902832031,
            "dy": 223.199951171875,
            "timestamp": 669
        },
        {
            "dx": 81.34552764892578,
            "dy": 224.07281494140625,
            "timestamp": 669
        },
        {
            "dx": 77.49076843261719,
            "dy": 224.9453125,
            "timestamp": 669
        },
        {
            "dx": 73.7819595336914,
            "dy": 225.70916748046875,
            "timestamp": 669
        },
        {
            "dx": 70.10902404785156,
            "dy": 226.2908935546875,
            "timestamp": 687
        },
        {
            "dx": 66.39985656738281,
            "dy": 226.61825561523438,
            "timestamp": 688
        },
        {
            "dx": 62.65448760986328,
            "dy": 226.69107055664062,
            "timestamp": 688
        },
        {
            "dx": 59.01811218261719,
            "dy": 226.69107055664062,
            "timestamp": 688
        },
        {
            "dx": 55.63636779785156,
            "dy": 226.50924682617188,
            "timestamp": 702
        },
        {
            "dx": 53.16371154785156,
            "dy": 226.2908935546875,
            "timestamp": 703
        },
        {
            "dx": 50,
            "dy": 225.8182373046875,
            "timestamp": 703
        },
        {
            "dx": 47.01811218261719,
            "dy": 225.23651123046875,
            "timestamp": 703
        },
        {
            "dx": 44.218040466308594,
            "dy": 224.65447998046875,
            "timestamp": 719
        },
        {
            "dx": 41.45454406738281,
            "dy": 223.8909912109375,
            "timestamp": 719
        },
        {
            "dx": 38.87287902832031,
            "dy": 222.98190307617188,
            "timestamp": 719
        },
        {
            "dx": 36.36363983154297,
            "dy": 222.10903930664062,
            "timestamp": 719
        },
        {
            "dx": 34.254615783691406,
            "dy": 221.0546875,
            "timestamp": 735
        },
        {
            "dx": 32.254615783691406,
            "dy": 219.8909912109375,
            "timestamp": 735
        },
        {
            "dx": 30.036224365234375,
            "dy": 218.43643188476562,
            "timestamp": 735
        },
        {
            "dx": 27.454544067382812,
            "dy": 216.65447998046875,
            "timestamp": 736
        },
        {
            "dx": 25.818191528320312,
            "dy": 215.12713623046875,
            "timestamp": 752
        },
        {
            "dx": 24.18181610107422,
            "dy": 213.0546875,
            "timestamp": 752
        },
        {
            "dx": 22.83629608154297,
            "dy": 211.01812744140625,
            "timestamp": 752
        },
        {
            "dx": 21.70915985107422,
            "dy": 208.7635498046875,
            "timestamp": 752
        },
        {
            "dx": 21.23650360107422,
            "dy": 206.14559936523438,
            "timestamp": 769
        },
        {
            "dx": 21.018112182617188,
            "dy": 203.8182373046875,
            "timestamp": 769
        },
        {
            "dx": 21.12712860107422,
            "dy": 200.69107055664062,
            "timestamp": 769
        },
        {
            "dx": 21.89098358154297,
            "dy": 195.23651123046875,
            "timestamp": 769
        },
        {
            "dx": 23.70915985107422,
            "dy": 189.3089599609375,
            "timestamp": 784
        },
        {
            "dx": 0,
            "dy": 0,
            "timestamp": 785
        },
        {
            "dx": 240.25462341308594,
            "dy": 36.8363037109375,
            "timestamp": 1019
        },
        {
            "dx": 238.32740783691406,
            "dy": 39.745391845703125,
            "timestamp": 1020
        },
        {
            "dx": 235.74537658691406,
            "dy": 43.23651123046875,
            "timestamp": 1020
        },
        {
            "dx": 233.2365264892578,
            "dy": 46.54545593261719,
            "timestamp": 1044
        },
        {
            "dx": 230.25462341308594,
            "dy": 50.25462341308594,
            "timestamp": 1045
        },
        {
            "dx": 227.27272033691406,
            "dy": 54.07279968261719,
            "timestamp": 1045
        },
        {
            "dx": 223.52735900878906,
            "dy": 57.96380615234375,
            "timestamp": 1045
        },
        {
            "dx": 220.03623962402344,
            "dy": 61.745391845703125,
            "timestamp": 1045
        },
        {
            "dx": 216.58168029785156,
            "dy": 65.34552001953125,
            "timestamp": 1045
        },
        {
            "dx": 213.41831970214844,
            "dy": 68.47265625,
            "timestamp": 1071
        },
        {
            "dx": 210.4364776611328,
            "dy": 71.38174438476562,
            "timestamp": 1072
        },
        {
            "dx": 207.52734375,
            "dy": 74.10903930664062,
            "timestamp": 1072
        },
        {
            "dx": 204.65447998046875,
            "dy": 76.43643188476562,
            "timestamp": 1072
        },
        {
            "dx": 201.96380615234375,
            "dy": 78.80007934570312,
            "timestamp": 1072
        },
        {
            "dx": 200.14559936523438,
            "dy": 80.254638671875,
            "timestamp": 1072
        },
        {
            "dx": 197.8181915283203,
            "dy": 82.29083251953125,
            "timestamp": 1098
        },
        {
            "dx": 195.6001434326172,
            "dy": 84.254638671875,
            "timestamp": 1098
        },
        {
            "dx": 193.6001434326172,
            "dy": 86.18182373046875,
            "timestamp": 1098
        },
        {
            "dx": 191.38177490234375,
            "dy": 88.21804809570312,
            "timestamp": 1098
        },
        {
            "dx": 188.9818878173828,
            "dy": 90.18182373046875,
            "timestamp": 1098
        },
        {
            "dx": 186.5454559326172,
            "dy": 91.92724609375,
            "timestamp": 1099
        },
        {
            "dx": 184.0727996826172,
            "dy": 93.60015869140625,
            "timestamp": 1099
        },
        {
            "dx": 181.56356811523438,
            "dy": 95.16372680664062,
            "timestamp": 1122
        },
        {
            "dx": 178.9453125,
            "dy": 96.61825561523438,
            "timestamp": 1122
        },
        {
            "dx": 176.36366271972656,
            "dy": 97.8909912109375,
            "timestamp": 1122
        },
        {
            "dx": 174.72727966308594,
            "dy": 98.76348876953125,
            "timestamp": 1123
        },
        {
            "dx": 173.4907684326172,
            "dy": 99.12713623046875,
            "timestamp": 1123
        },
        {
            "dx": 0,
            "dy": 0,
            "timestamp": 1124
        },
        {
            "dx": 227.8544464111328,
            "dy": 30.581680297851562,
            "timestamp": 1321
        },
        {
            "dx": 225.8181915283203,
            "dy": 34.10902404785156,
            "timestamp": 1322
        },
        {
            "dx": 223.2365264892578,
            "dy": 37.60014343261719,
            "timestamp": 1323
        },
        {
            "dx": 221.0181121826172,
            "dy": 40.90911865234375,
            "timestamp": 1323
        },
        {
            "dx": 218.32740783691406,
            "dy": 44.218048095703125,
            "timestamp": 1323
        },
        {
            "dx": 215.63636779785156,
            "dy": 47.4183349609375,
            "timestamp": 1352
        },
        {
            "dx": 213.1271514892578,
            "dy": 50.9453125,
            "timestamp": 1353
        },
        {
            "dx": 210.5092315673828,
            "dy": 54.3636474609375,
            "timestamp": 1353
        },
        {
            "dx": 207.3455352783203,
            "dy": 58.327423095703125,
            "timestamp": 1353
        },
        {
            "dx": 204.0727996826172,
            "dy": 62.145599365234375,
            "timestamp": 1353
        },
        {
            "dx": 200.61825561523438,
            "dy": 65.45458984375,
            "timestamp": 1353
        },
        {
            "dx": 197.52734375,
            "dy": 68.9453125,
            "timestamp": 1353
        },
        {
            "dx": 194.36366271972656,
            "dy": 73.23651123046875,
            "timestamp": 1354
        },
        {
            "dx": 191.16371154785156,
            "dy": 77.4183349609375,
            "timestamp": 1383
        },
        {
            "dx": 187.8181915283203,
            "dy": 82.58169555664062,
            "timestamp": 1383
        },
        {
            "dx": 184.25462341308594,
            "dy": 87.45458984375,
            "timestamp": 1384
        },
        {
            "dx": 180.5092315673828,
            "dy": 92.03622436523438,
            "timestamp": 1384
        },
        {
            "dx": 176.9453125,
            "dy": 96.69107055664062,
            "timestamp": 1384
        },
        {
            "dx": 173.4907684326172,
            "dy": 101.199951171875,
            "timestamp": 1384
        },
        {
            "dx": 0,
            "dy": 0,
            "timestamp": 1385
        },
        {
            "dx": 232.7635040283203,
            "dy": 102.65447998046875,
            "timestamp": 1639
        },
        {
            "dx": 234.10902404785156,
            "dy": 105.27273559570312,
            "timestamp": 1640
        },
        {
            "dx": 235.63636779785156,
            "dy": 107.81817626953125,
            "timestamp": 1641
        },
        {
            "dx": 237.56358337402344,
            "dy": 110.43643188476562,
            "timestamp": 1641
        },
        {
            "dx": 239.78196716308594,
            "dy": 113.27273559570312,
            "timestamp": 1642
        },
        {
            "dx": 242.58168029785156,
            "dy": 116.3636474609375,
            "timestamp": 1671
        },
        {
            "dx": 0,
            "dy": 0,
            "timestamp": 1673
        }
    ]
]