[
    [
        {
            "dx": 207.1706085205078,
            "dy": 83.82754516601562,
            "timestamp": 0
        },
        {
            "dx": 207.66990661621094,
            "dy": 84.32723999023438,
            "timestamp": 50
        },
        {
            "dx": 216.6574249267578,
            "dy": 97.31930541992188,
            "timestamp": 84
        },
        {
            "dx": 223.14840698242188,
            "dy": 119.80560302734375,
            "timestamp": 121
        },
        {
            "dx": 223.14840698242188,
            "dy": 125.30224609375,
            "timestamp": 126
        },
        {
            "dx": 222.14979553222656,
            "dy": 127.80072021484375,
            "timestamp": 133
        },
        {
            "dx": 214.160888671875,
            "dy": 141.79220581054688,
            "timestamp": 168
        },
        {
            "dx": 194.6879425048828,
            "dy": 159.78121948242188,
            "timestamp": 205
        },
        {
            "dx": 189.19557189941406,
            "dy": 164.27847290039062,
            "timestamp": 210
        },
        {
            "dx": 185.20111083984375,
            "dy": 166.77694702148438,
            "timestamp": 216
        },
        {
            "dx": 174.71568298339844,
            "dy": 174.27239990234375,
            "timestamp": 255
        },
        {
            "dx": 173.21775817871094,
            "dy": 175.27178955078125,
            "timestamp": 260
        },
        {
            "dx": 172.21914672851562,
            "dy": 175.771484375,
            "timestamp": 269
        },
        {
            "dx": 170.221923828125,
            "dy": 176.7708740234375,
            "timestamp": 300
        },
        {
            "dx": 170.221923828125,
            "dy": 176.7708740234375,
            "timestamp": 302
        },
        {
            "dx": 171.71983337402344,
            "dy": 175.771484375,
            "timestamp": 340
        },
        {
            "dx": 173.21775817871094,
            "dy": 175.771484375,
            "timestamp": 342
        },
        {
            "dx": 175.21498107910156,
            "dy": 175.771484375,
            "timestamp": 351
        },
        {
            "dx": 184.20249938964844,
            "dy": 176.7708740234375,
            "timestamp": 388
        },
        {
            "dx": 186.69903564453125,
            "dy": 177.27056884765625,
            "timestamp": 395
        },
        {
            "dx": 188.19696044921875,
            "dy": 178.26995849609375,
            "timestamp": 401
        },
        {
            "dx": 192.6907196044922,
            "dy": 182.7672119140625,
            "timestamp": 434
        },
        {
            "dx": 193.1900177001953,
            "dy": 184.26629638671875,
            "timestamp": 436
        },
        {
            "dx": 193.6893310546875,
            "dy": 193.26080322265625,
            "timestamp": 468
        },
        {
            "dx": 187.69764709472656,
            "dy": 205.75320434570312,
            "timestamp": 507
        },
        {
            "dx": 185.20111083984375,
            "dy": 209.25106811523438,
            "timestamp": 511
        },
        {
            "dx": 182.2052764892578,
            "dy": 211.24984741210938,
            "timestamp": 518
        },
        {
            "dx": 156.2413330078125,
            "dy": 224.24191284179688,
            "timestamp": 591
        },
        {
            "dx": 152.74618530273438,
            "dy": 225.24130249023438,
            "timestamp": 594
        },
        {
            "dx": 148.75173950195312,
            "dy": 225.74099731445312,
            "timestamp": 604
        },
        {
            "dx": 118.29403686523438,
            "dy": 223.24252319335938,
            "timestamp": 676
        },
        {
            "dx": 114.79888916015625,
            "dy": 222.24313354492188,
            "timestamp": 680
        },
        {
            "dx": 111.80305480957031,
            "dy": 220.74404907226562,
            "timestamp": 687
        },
        {
            "dx": 89.83356475830078,
            "dy": 189.762939453125,
            "timestamp": 821
        },
        {
            "dx": 89.83356475830078,
            "dy": 187.76416015625,
            "timestamp": 828
        },
        {
            "dx": 89.83356475830078,
            "dy": 184.7659912109375,
            "timestamp": 836
        },
        {
            "dx": 92.3301010131836,
            "dy": 173.27301025390625,
            "timestamp": 876
        },
        {
            "dx": 93.3287124633789,
            "dy": 170.7745361328125,
            "timestamp": 879
        },
        {
            "dx": 93.82801818847656,
            "dy": 168.27603149414062,
            "timestamp": 886
        },
        {
            "dx": 98.82109069824219,
            "dy": 158.28213500976562,
            "timestamp": 930
        },
        {
            "dx": 100.81831359863281,
            "dy": 154.78427124023438,
            "timestamp": 936
        },
        {
            "dx": 119.29264831542969,
            "dy": 122.80377197265625,
            "timestamp": 1007
        },
        {
            "dx": 0.0,
            "dy": 0.0,
            "timestamp": 1009
        },
        {
            "dx": 0.0,
            "dy": 0.0,
            "timestamp": 1354
        },
        {
            "dx": 203.1761474609375,
            "dy": 65.33880615234375,
            "timestamp": 2141
        },
        {
            "dx": 203.1761474609375,
            "dy": 65.33880615234375,
            "timestamp": 2192
        },
        {
            "dx": 203.1761474609375,
            "dy": 65.33880615234375,
            "timestamp": 2274
        },
        {
            "dx": 203.1761474609375,
            "dy": 65.33880615234375,
            "timestamp": 2306
        },
        {
            "dx": 203.1761474609375,
            "dy": 65.33880615234375,
            "timestamp": 2308
        },
        {
            "dx": 202.1775360107422,
            "dy": 65.33880615234375,
            "timestamp": 2341
        },
        {
            "dx": 196.68516540527344,
            "dy": 66.33819580078125,
            "timestamp": 2377
        },
        {
            "dx": 195.18724060058594,
            "dy": 66.837890625,
            "timestamp": 2383
        },
        {
            "dx": 194.18862915039062,
            "dy": 66.837890625,
            "timestamp": 2391
        },
        {
            "dx": 193.1900177001953,
            "dy": 65.8385009765625,
            "timestamp": 2423
        },
        {
            "dx": 193.1900177001953,
            "dy": 65.33880615234375,
            "timestamp": 2427
        },
        {
            "dx": 197.18446350097656,
            "dy": 60.34185791015625,
            "timestamp": 2483
        },
        {
            "dx": 198.18309020996094,
            "dy": 59.8421630859375,
            "timestamp": 2485
        },
        {
            "dx": 198.68238830566406,
            "dy": 58.8427734375,
            "timestamp": 2491
        },
        {
            "dx": 201.17892456054688,
            "dy": 56.843994140625,
            "timestamp": 2540
        },
        {
            "dx": 202.1775360107422,
            "dy": 56.843994140625,
            "timestamp": 2590
        },
        {
            "dx": 202.1775360107422,
            "dy": 56.843994140625,
            "timestamp": 2625
        },
        {
            "dx": 203.6754608154297,
            "dy": 57.34368896484375,
            "timestamp": 2662
        },
        {
            "dx": 0.0,
            "dy": 0.0,
            "timestamp": 2664
        }
    ],
    [
        {
            "dx": 212.77520751953125,
            "dy": 39.879730224609375,
            "timestamp": 0
        },
        {
            "dx": 213.44126892089844,
            "dy": 39.879730224609375,
            "timestamp": 34
        },
        {
            "dx": 214.7733612060547,
            "dy": 40.21295166015625,
            "timestamp": 35
        },
        {
            "dx": 216.10546875,
            "dy": 40.87933349609375,
            "timestamp": 35
        },
        {
            "dx": 217.1045379638672,
            "dy": 41.54571533203125,
            "timestamp": 36
        },
        {
            "dx": 219.1027069091797,
            "dy": 42.878509521484375,
            "timestamp": 36
        },
        {
            "dx": 220.10177612304688,
            "dy": 44.2113037109375,
            "timestamp": 37
        },
        {
            "dx": 220.76780700683594,
            "dy": 45.210906982421875,
            "timestamp": 37
        },
        {
            "dx": 221.4338836669922,
            "dy": 46.543701171875,
            "timestamp": 38
        },
        {
            "dx": 221.4338836669922,
            "dy": 47.87652587890625,
            "timestamp": 38
        },
        {
            "dx": 221.4338836669922,
            "dy": 48.8760986328125,
            "timestamp": 86
        },
        {
            "dx": 221.4338836669922,
            "dy": 50.54205322265625,
            "timestamp": 86
        },
        {
            "dx": 221.4338836669922,
            "dy": 52.541259765625,
            "timestamp": 86
        },
        {
            "dx": 221.4338836669922,
            "dy": 54.54046630859375,
            "timestamp": 86
        },
        {
            "dx": 220.43478393554688,
            "dy": 57.206024169921875,
            "timestamp": 86
        },
        {
            "dx": 219.1027069091797,
            "dy": 60.204803466796875,
            "timestamp": 86
        },
        {
            "dx": 217.77059936523438,
            "dy": 62.537200927734375,
            "timestamp": 87
        },
        {
            "dx": 216.10546875,
            "dy": 64.86956787109375,
            "timestamp": 87
        },
        {
            "dx": 214.1072998046875,
            "dy": 67.20196533203125,
            "timestamp": 87
        },
        {
            "dx": 212.4421844482422,
            "dy": 69.53436279296875,
            "timestamp": 87
        },
        {
            "dx": 210.44403076171875,
            "dy": 71.53353881835938,
            "timestamp": 87
        },
        {
            "dx": 208.77891540527344,
            "dy": 73.53271484375,
            "timestamp": 87
        },
        {
            "dx": 207.1138153076172,
            "dy": 75.19873046875,
            "timestamp": 87
        },
        {
            "dx": 205.78167724609375,
            "dy": 76.531494140625,
            "timestamp": 87
        },
        {
            "dx": 204.4495849609375,
            "dy": 77.86431884765625,
            "timestamp": 131
        },
        {
            "dx": 203.11749267578125,
            "dy": 79.19708251953125,
            "timestamp": 131
        },
        {
            "dx": 202.118408203125,
            "dy": 80.52987670898438,
            "timestamp": 131
        },
        {
            "dx": 200.78631591796875,
            "dy": 81.8626708984375,
            "timestamp": 131
        },
        {
            "dx": 199.45420837402344,
            "dy": 83.52865600585938,
            "timestamp": 131
        },
        {
            "dx": 198.45513916015625,
            "dy": 85.19464111328125,
            "timestamp": 132
        },
        {
            "dx": 197.7891082763672,
            "dy": 86.19427490234375,
            "timestamp": 132
        },
        {
            "dx": 197.12303161621094,
            "dy": 86.86065673828125,
            "timestamp": 132
        },
        {
            "dx": 196.45700073242188,
            "dy": 87.52703857421875,
            "timestamp": 132
        },
        {
            "dx": 196.12396240234375,
            "dy": 87.8602294921875,
            "timestamp": 132
        },
        {
            "dx": 195.4579315185547,
            "dy": 88.526611328125,
            "timestamp": 132
        },
        {
            "dx": 195.1248779296875,
            "dy": 88.526611328125,
            "timestamp": 132
        },
        {
            "dx": 194.7918701171875,
            "dy": 88.85983276367188,
            "timestamp": 161
        },
        {
            "dx": 194.7918701171875,
            "dy": 89.19305419921875,
            "timestamp": 162
        },
        {
            "dx": 194.7918701171875,
            "dy": 89.52621459960938,
            "timestamp": 162
        },
        {
            "dx": 195.4579315185547,
            "dy": 90.192626953125,
            "timestamp": 191
        },
        {
            "dx": 196.45700073242188,
            "dy": 90.52581787109375,
            "timestamp": 224
        },
        {
            "dx": 197.7891082763672,
            "dy": 91.19223022460938,
            "timestamp": 224
        },
        {
            "dx": 198.78817749023438,
            "dy": 91.85861206054688,
            "timestamp": 224
        },
        {
            "dx": 200.4532928466797,
            "dy": 92.52499389648438,
            "timestamp": 224
        },
        {
            "dx": 201.78538513183594,
            "dy": 93.19140625,
            "timestamp": 224
        },
        {
            "dx": 203.11749267578125,
            "dy": 93.8577880859375,
            "timestamp": 224
        },
        {
            "dx": 204.4495849609375,
            "dy": 94.524169921875,
            "timestamp": 224
        },
        {
            "dx": 206.11471557617188,
            "dy": 95.19061279296875,
            "timestamp": 224
        },
        {
            "dx": 207.4468231201172,
            "dy": 95.85699462890625,
            "timestamp": 224
        },
        {
            "dx": 208.77891540527344,
            "dy": 96.190185546875,
            "timestamp": 266
        },
        {
            "dx": 210.1110076904297,
            "dy": 97.18978881835938,
            "timestamp": 266
        },
        {
            "dx": 211.443115234375,
            "dy": 97.85617065429688,
            "timestamp": 267
        },
        {
            "dx": 212.77520751953125,
            "dy": 98.85577392578125,
            "timestamp": 267
        },
        {
            "dx": 213.7742919921875,
            "dy": 99.52215576171875,
            "timestamp": 267
        },
        {
            "dx": 216.10546875,
            "dy": 101.52133178710938,
            "timestamp": 267
        },
        {
            "dx": 217.1045379638672,
            "dy": 102.187744140625,
            "timestamp": 267
        },
        {
            "dx": 217.77059936523438,
            "dy": 102.8541259765625,
            "timestamp": 267
        },
        {
            "dx": 218.43663024902344,
            "dy": 103.85372924804688,
            "timestamp": 267
        },
        {
            "dx": 219.1027069091797,
            "dy": 105.1865234375,
            "timestamp": 308
        },
        {
            "dx": 219.76873779296875,
            "dy": 106.85250854492188,
            "timestamp": 309
        },
        {
            "dx": 220.43478393554688,
            "dy": 108.8516845703125,
            "timestamp": 310
        },
        {
            "dx": 220.76780700683594,
            "dy": 110.5177001953125,
            "timestamp": 311
        },
        {
            "dx": 221.100830078125,
            "dy": 112.18368530273438,
            "timestamp": 311
        },
        {
            "dx": 221.100830078125,
            "dy": 114.182861328125,
            "timestamp": 311
        },
        {
            "dx": 221.4338836669922,
            "dy": 116.18206787109375,
            "timestamp": 312
        },
        {
            "dx": 221.4338836669922,
            "dy": 117.8480224609375,
            "timestamp": 312
        },
        {
            "dx": 221.4338836669922,
            "dy": 119.5140380859375,
            "timestamp": 313
        },
        {
            "dx": 221.4338836669922,
            "dy": 120.8468017578125,
            "timestamp": 313
        },
        {
            "dx": 221.100830078125,
            "dy": 122.5128173828125,
            "timestamp": 314
        },
        {
            "dx": 220.43478393554688,
            "dy": 124.51205444335938,
            "timestamp": 351
        },
        {
            "dx": 219.4357147216797,
            "dy": 126.51119995117188,
            "timestamp": 352
        },
        {
            "dx": 218.43663024902344,
            "dy": 128.5103759765625,
            "timestamp": 352
        },
        {
            "dx": 217.1045379638672,
            "dy": 130.84274291992188,
            "timestamp": 353
        },
        {
            "dx": 215.77244567871094,
            "dy": 132.84197998046875,
            "timestamp": 355
        },
        {
            "dx": 214.4403533935547,
            "dy": 134.5079345703125,
            "timestamp": 356
        },
        {
            "dx": 213.10824584960938,
            "dy": 136.17391967773438,
            "timestamp": 356
        },
        {
            "dx": 211.7761688232422,
            "dy": 137.5067138671875,
            "timestamp": 358
        },
        {
            "dx": 207.1138153076172,
            "dy": 141.50509643554688,
            "timestamp": 359
        },
        {
            "dx": 205.78167724609375,
            "dy": 142.50473022460938,
            "timestamp": 360
        },
        {
            "dx": 204.4495849609375,
            "dy": 143.17108154296875,
            "timestamp": 389
        },
        {
            "dx": 202.7844696044922,
            "dy": 144.170654296875,
            "timestamp": 390
        },
        {
            "dx": 200.78631591796875,
            "dy": 145.17025756835938,
            "timestamp": 391
        },
        {
            "dx": 198.78817749023438,
            "dy": 145.836669921875,
            "timestamp": 391
        },
        {
            "dx": 197.12303161621094,
            "dy": 146.5030517578125,
            "timestamp": 392
        },
        {
            "dx": 195.1248779296875,
            "dy": 147.16943359375,
            "timestamp": 392
        },
        {
            "dx": 193.1267547607422,
            "dy": 147.83587646484375,
            "timestamp": 392
        },
        {
            "dx": 191.46160888671875,
            "dy": 148.16903686523438,
            "timestamp": 392
        },
        {
            "dx": 189.79649353027344,
            "dy": 148.50228881835938,
            "timestamp": 392
        },
        {
            "dx": 188.4644012451172,
            "dy": 148.83544921875,
            "timestamp": 392
        },
        {
            "dx": 187.13229370117188,
            "dy": 148.83544921875,
            "timestamp": 392
        },
        {
            "dx": 185.8002166748047,
            "dy": 149.16864013671875,
            "timestamp": 432
        },
        {
            "dx": 184.46807861328125,
            "dy": 149.16864013671875,
            "timestamp": 434
        },
        {
            "dx": 182.80296325683594,
            "dy": 149.5018310546875,
            "timestamp": 435
        },
        {
            "dx": 181.4708709716797,
            "dy": 149.5018310546875,
            "timestamp": 435
        },
        {
            "dx": 179.80575561523438,
            "dy": 149.5018310546875,
            "timestamp": 436
        },
        {
            "dx": 178.14060974121094,
            "dy": 149.5018310546875,
            "timestamp": 436
        },
        {
            "dx": 176.4755096435547,
            "dy": 149.5018310546875,
            "timestamp": 437
        },
        {
            "dx": 174.4773406982422,
            "dy": 149.5018310546875,
            "timestamp": 437
        },
        {
            "dx": 172.81222534179688,
            "dy": 149.5018310546875,
            "timestamp": 437
        },
        {
            "dx": 171.1470947265625,
            "dy": 148.83544921875,
            "timestamp": 437
        },
        {
            "dx": 169.4819793701172,
            "dy": 147.83587646484375,
            "timestamp": 437
        },
        {
            "dx": 167.81683349609375,
            "dy": 147.16943359375,
            "timestamp": 463
        },
        {
            "dx": 166.4847412109375,
            "dy": 146.16986083984375,
            "timestamp": 463
        },
        {
            "dx": 164.8196258544922,
            "dy": 144.83709716796875,
            "timestamp": 463
        },
        {
            "dx": 163.48751831054688,
            "dy": 143.83749389648438,
            "timestamp": 463
        },
        {
            "dx": 162.4884490966797,
            "dy": 143.17108154296875,
            "timestamp": 463
        },
        {
            "dx": 161.48936462402344,
            "dy": 142.17147827148438,
            "timestamp": 463
        },
        {
            "dx": 160.49029541015625,
            "dy": 141.171875,
            "timestamp": 463
        },
        {
            "dx": 159.8242645263672,
            "dy": 139.839111328125,
            "timestamp": 463
        },
        {
            "dx": 158.82516479492188,
            "dy": 138.83953857421875,
            "timestamp": 463
        },
        {
            "dx": 158.15911865234375,
            "dy": 137.83993530273438,
            "timestamp": 490
        },
        {
            "dx": 157.4930877685547,
            "dy": 136.84033203125,
            "timestamp": 490
        },
        {
            "dx": 157.1600341796875,
            "dy": 135.84075927734375,
            "timestamp": 491
        },
        {
            "dx": 156.49398803710938,
            "dy": 134.84115600585938,
            "timestamp": 491
        },
        {
            "dx": 156.16098022460938,
            "dy": 133.50839233398438,
            "timestamp": 491
        },
        {
            "dx": 155.4949188232422,
            "dy": 132.50875854492188,
            "timestamp": 491
        },
        {
            "dx": 155.1619110107422,
            "dy": 131.5091552734375,
            "timestamp": 491
        },
        {
            "dx": 154.828857421875,
            "dy": 130.17636108398438,
            "timestamp": 520
        },
        {
            "dx": 154.828857421875,
            "dy": 128.84359741210938,
            "timestamp": 521
        },
        {
            "dx": 154.828857421875,
            "dy": 127.51083374023438,
            "timestamp": 521
        },
        {
            "dx": 154.828857421875,
            "dy": 126.177978515625,
            "timestamp": 521
        },
        {
            "dx": 154.828857421875,
            "dy": 124.84518432617188,
            "timestamp": 521
        },
        {
            "dx": 154.828857421875,
            "dy": 123.51242065429688,
            "timestamp": 521
        },
        {
            "dx": 154.828857421875,
            "dy": 121.84640502929688,
            "timestamp": 521
        },
        {
            "dx": 154.828857421875,
            "dy": 120.51364135742188,
            "timestamp": 521
        },
        {
            "dx": 154.828857421875,
            "dy": 119.18084716796875,
            "timestamp": 553
        },
        {
            "dx": 154.828857421875,
            "dy": 117.51486206054688,
            "timestamp": 554
        },
        {
            "dx": 155.4949188232422,
            "dy": 115.51568603515625,
            "timestamp": 554
        },
        {
            "dx": 156.16098022460938,
            "dy": 113.84967041015625,
            "timestamp": 554
        },
        {
            "dx": 156.82701110839844,
            "dy": 111.51730346679688,
            "timestamp": 555
        },
        {
            "dx": 157.8260955810547,
            "dy": 109.51812744140625,
            "timestamp": 555
        },
        {
            "dx": 159.15818786621094,
            "dy": 107.51889038085938,
            "timestamp": 555
        },
        {
            "dx": 160.1572723388672,
            "dy": 105.1865234375,
            "timestamp": 555
        },
        {
            "dx": 161.15634155273438,
            "dy": 103.18734741210938,
            "timestamp": 586
        },
        {
            "dx": 162.4884490966797,
            "dy": 101.52133178710938,
            "timestamp": 587
        },
        {
            "dx": 163.48751831054688,
            "dy": 99.8553466796875,
            "timestamp": 587
        },
        {
            "dx": 164.4866180419922,
            "dy": 98.52255249023438,
            "timestamp": 587
        },
        {
            "dx": 165.1526336669922,
            "dy": 97.18978881835938,
            "timestamp": 587
        },
        {
            "dx": 166.15171813964844,
            "dy": 95.85699462890625,
            "timestamp": 587
        },
        {
            "dx": 166.8177947998047,
            "dy": 94.85739135742188,
            "timestamp": 587
        },
        {
            "dx": 167.4838104248047,
            "dy": 93.8577880859375,
            "timestamp": 587
        },
        {
            "dx": 168.14987182617188,
            "dy": 92.85821533203125,
            "timestamp": 587
        },
        {
            "dx": 168.48289489746094,
            "dy": 92.19183349609375,
            "timestamp": 587
        },
        {
            "dx": 168.81591796875,
            "dy": 91.85861206054688,
            "timestamp": 620
        },
        {
            "dx": 169.1489715576172,
            "dy": 91.525390625,
            "timestamp": 620
        },
        {
            "dx": 169.4819793701172,
            "dy": 91.19223022460938,
            "timestamp": 621
        },
        {
            "dx": 169.8149871826172,
            "dy": 90.8590087890625,
            "timestamp": 621
        },
        {
            "dx": 170.14801025390625,
            "dy": 90.52581787109375,
            "timestamp": 621
        },
        {
            "dx": 170.48104858398438,
            "dy": 90.52581787109375,
            "timestamp": 621
        },
        {
            "dx": 170.81407165527344,
            "dy": 90.192626953125,
            "timestamp": 621
        },
        {
            "dx": 171.4801025390625,
            "dy": 89.85943603515625,
            "timestamp": 621
        },
        {
            "dx": 171.8131561279297,
            "dy": 89.52621459960938,
            "timestamp": 650
        },
        {
            "dx": 172.81222534179688,
            "dy": 89.19305419921875,
            "timestamp": 651
        },
        {
            "dx": 0,
            "dy": 0,
            "timestamp": 654
        },
        {
            "dx": 196.45700073242188,
            "dy": 24.21942138671875,
            "timestamp": 939
        },
        {
            "dx": 198.1221160888672,
            "dy": 24.552658081054688,
            "timestamp": 980
        },
        {
            "dx": 199.7872314453125,
            "dy": 24.885833740234375,
            "timestamp": 980
        },
        {
            "dx": 201.45236206054688,
            "dy": 25.219039916992188,
            "timestamp": 980
        },
        {
            "dx": 0,
            "dy": 0,
            "timestamp": 981
        }
    ]
]