[
    [
        {
            "dx": 191.6920928955078,
            "dy": 154.28457641601562,
            "timestamp": 0
        },
        {
            "dx": 191.6920928955078,
            "dy": 154.28457641601562,
            "timestamp": 16
        },
        {
            "dx": 191.6920928955078,
            "dy": 154.28457641601562,
            "timestamp": 33
        },
        {
            "dx": 191.6920928955078,
            "dy": 154.28457641601562,
            "timestamp": 50
        },
        {
            "dx": 190.6934814453125,
            "dy": 154.28457641601562,
            "timestamp": 66
        },
        {
            "dx": 189.6948699951172,
            "dy": 154.28457641601562,
            "timestamp": 75
        },
        {
            "dx": 186.19972229003906,
            "dy": 153.78488159179688,
            "timestamp": 83
        },
        {
            "dx": 182.70457458496094,
            "dy": 153.28518676757812,
            "timestamp": 91
        },
        {
            "dx": 176.21359252929688,
            "dy": 152.28579711914062,
            "timestamp": 99
        },
        {
            "dx": 170.221923828125,
            "dy": 151.28640747070312,
            "timestamp": 108
        },
        {
            "dx": 162.73231506347656,
            "dy": 149.28762817382812,
            "timestamp": 116
        },
        {
            "dx": 155.74203491210938,
            "dy": 147.28884887695312,
            "timestamp": 125
        },
        {
            "dx": 149.75035095214844,
            "dy": 144.79037475585938,
            "timestamp": 133
        },
        {
            "dx": 143.7586669921875,
            "dy": 142.29190063476562,
            "timestamp": 141
        },
        {
            "dx": 140.26351928710938,
            "dy": 139.79342651367188,
            "timestamp": 149
        },
        {
            "dx": 136.7683868408203,
            "dy": 137.29495239257812,
            "timestamp": 158
        },
        {
            "dx": 134.77114868164062,
            "dy": 134.2967529296875,
            "timestamp": 166
        },
        {
            "dx": 132.77392578125,
            "dy": 131.79827880859375,
            "timestamp": 175
        },
        {
            "dx": 131.7753143310547,
            "dy": 129.2998046875,
            "timestamp": 183
        },
        {
            "dx": 130.77670288085938,
            "dy": 126.80133056640625,
            "timestamp": 192
        },
        {
            "dx": 130.77670288085938,
            "dy": 125.30224609375,
            "timestamp": 200
        },
        {
            "dx": 130.77670288085938,
            "dy": 123.303466796875,
            "timestamp": 209
        },
        {
            "dx": 131.27601623535156,
            "dy": 120.80499267578125,
            "timestamp": 217
        },
        {
            "dx": 132.27462768554688,
            "dy": 118.80621337890625,
            "timestamp": 225
        },
        {
            "dx": 133.7725372314453,
            "dy": 116.80743408203125,
            "timestamp": 233
        },
        {
            "dx": 135.2704620361328,
            "dy": 115.308349609375,
            "timestamp": 242
        },
        {
            "dx": 137.76699829101562,
            "dy": 113.3095703125,
            "timestamp": 250
        },
        {
            "dx": 140.76283264160156,
            "dy": 111.81048583984375,
            "timestamp": 259
        },
        {
            "dx": 144.7572784423828,
            "dy": 110.3114013671875,
            "timestamp": 267
        },
        {
            "dx": 148.75173950195312,
            "dy": 109.31201171875,
            "timestamp": 276
        },
        {
            "dx": 154.24411010742188,
            "dy": 108.81231689453125,
            "timestamp": 284
        },
        {
            "dx": 159.73648071289062,
            "dy": 108.3126220703125,
            "timestamp": 292
        },
        {
            "dx": 166.2274627685547,
            "dy": 108.81231689453125,
            "timestamp": 300
        },
        {
            "dx": 173.21775817871094,
            "dy": 109.81170654296875,
            "timestamp": 309
        },
        {
            "dx": 179.708740234375,
            "dy": 111.310791015625,
            "timestamp": 317
        },
        {
            "dx": 186.69903564453125,
            "dy": 113.3095703125,
            "timestamp": 326
        },
        {
            "dx": 192.19140625,
            "dy": 115.80804443359375,
            "timestamp": 334
        },
        {
            "dx": 197.68377685546875,
            "dy": 118.3065185546875,
            "timestamp": 343
        },
        {
            "dx": 201.67822265625,
            "dy": 121.3046875,
            "timestamp": 350
        },
        {
            "dx": 206.17198181152344,
            "dy": 124.80255126953125,
            "timestamp": 359
        },
        {
            "dx": 209.16783142089844,
            "dy": 128.3004150390625,
            "timestamp": 367
        },
        {
            "dx": 212.66297912597656,
            "dy": 132.2979736328125,
            "timestamp": 376
        },
        {
            "dx": 214.6602020263672,
            "dy": 136.79522705078125,
            "timestamp": 384
        },
        {
            "dx": 216.6574249267578,
            "dy": 141.79220581054688,
            "timestamp": 392
        },
        {
            "dx": 217.65603637695312,
            "dy": 146.28945922851562,
            "timestamp": 400
        },
        {
            "dx": 218.65464782714844,
            "dy": 151.28640747070312,
            "timestamp": 409
        },
        {
            "dx": 218.65464782714844,
            "dy": 155.78366088867188,
            "timestamp": 417
        },
        {
            "dx": 219.15396118164062,
            "dy": 160.28091430664062,
            "timestamp": 426
        },
        {
            "dx": 218.1553497314453,
            "dy": 165.27786254882812,
            "timestamp": 434
        },
        {
            "dx": 217.65603637695312,
            "dy": 170.7745361328125,
            "timestamp": 443
        },
        {
            "dx": 215.1595001220703,
            "dy": 176.27117919921875,
            "timestamp": 450
        },
        {
            "dx": 213.1622772216797,
            "dy": 181.767822265625,
            "timestamp": 459
        },
        {
            "dx": 209.66712951660156,
            "dy": 186.7647705078125,
            "timestamp": 467
        },
        {
            "dx": 206.67129516601562,
            "dy": 191.76171875,
            "timestamp": 476
        },
        {
            "dx": 201.67822265625,
            "dy": 195.75927734375,
            "timestamp": 484
        },
        {
            "dx": 197.18446350097656,
            "dy": 200.7562255859375,
            "timestamp": 493
        },
        {
            "dx": 192.19140625,
            "dy": 204.75381469726562,
            "timestamp": 501
        },
        {
            "dx": 187.19833374023438,
            "dy": 209.25106811523438,
            "timestamp": 510
        },
        {
            "dx": 182.2052764892578,
            "dy": 212.74893188476562,
            "timestamp": 517
        },
        {
            "dx": 177.2122039794922,
            "dy": 216.24679565429688,
            "timestamp": 526
        },
        {
            "dx": 172.71844482421875,
            "dy": 218.74526977539062,
            "timestamp": 534
        },
        {
            "dx": 168.2246856689453,
            "dy": 221.74343872070312,
            "timestamp": 543
        },
        {
            "dx": 163.73092651367188,
            "dy": 224.24191284179688,
            "timestamp": 551
        },
        {
            "dx": 159.23716735839844,
            "dy": 226.74038696289062,
            "timestamp": 559
        },
        {
            "dx": 153.7447967529297,
            "dy": 229.23886108398438,
            "timestamp": 568
        },
        {
            "dx": 148.25242614746094,
            "dy": 232.73675537109375,
            "timestamp": 577
        },
        {
            "dx": 140.76283264160156,
            "dy": 236.234619140625,
            "timestamp": 584
        },
        {
            "dx": 133.7725372314453,
            "dy": 239.73248291015625,
            "timestamp": 593
        },
        {
            "dx": 121.7891845703125,
            "dy": 244.72943115234375,
            "timestamp": 601
        },
        {
            "dx": 109.80583190917969,
            "dy": 250.22607421875,
            "timestamp": 609
        },
        {
            "dx": 0.0,
            "dy": 0.0,
            "timestamp": 618
        }
    ],
    [
        {
            "dx": 189.99999999999997,
            "dy": 145.99999999999994,
            "timestamp": 0
        },
        {
            "dx": 179.99999999999997,
            "dy": 151.99999999999994,
            "timestamp": 20
        },
        {
            "dx": 168.99999999999997,
            "dy": 153.99999999999994,
            "timestamp": 47
        },
        {
            "dx": 161,
            "dy": 150.99999999999994,
            "timestamp": 74
        },
        {
            "dx": 156.99999999999994,
            "dy": 145.99999999999994,
            "timestamp": 74
        },
        {
            "dx": 156,
            "dy": 138.99999999999994,
            "timestamp": 98
        },
        {
            "dx": 159.99999999999997,
            "dy": 126.99999999999994,
            "timestamp": 122
        },
        {
            "dx": 164.99999999999997,
            "dy": 123.99999999999994,
            "timestamp": 155
        },
        {
            "dx": 170.99999999999997,
            "dy": 122.99999999999994,
            "timestamp": 156
        },
        {
            "dx": 178,
            "dy": 123.99999999999994,
            "timestamp": 179
        },
        {
            "dx": 197.99999999999997,
            "dy": 131.99999999999994,
            "timestamp": 206
        },
        {
            "dx": 216.99999999999997,
            "dy": 148.99999999999994,
            "timestamp": 237
        },
        {
            "dx": 224.99999999999997,
            "dy": 167.99999999999994,
            "timestamp": 237
        },
        {
            "dx": 222.99999999999997,
            "dy": 183,
            "timestamp": 256
        },
        {
            "dx": 215.99999999999997,
            "dy": 191.99999999999994,
            "timestamp": 278
        },
        {
            "dx": 184.99999999999997,
            "dy": 217.9999999999999,
            "timestamp": 307
        },
        {
            "dx": 167.99999999999994,
            "dy": 230.99999999999994,
            "timestamp": 331
        },
        {
            "dx": 156,
            "dy": 235.99999999999994,
            "timestamp": 331
        },
        {
            "dx": 0,
            "dy": 0,
            "timestamp": 333
        }
    ],
    [
        {
            "dx": 199.6705780029297,
            "dy": 133.20880126953125,
            "timestamp": 0
        },
        {
            "dx": 199.6705780029297,
            "dy": 134.55657958984375,
            "timestamp": 42
        },
        {
            "dx": 199.43618774414062,
            "dy": 135.61148071289062,
            "timestamp": 42
        },
        {
            "dx": 198.55718994140625,
            "dy": 136.31478881835938,
            "timestamp": 82
        },
        {
            "dx": 196.6233673095703,
            "dy": 137.07656860351562,
            "timestamp": 83
        },
        {
            "dx": 195.21697998046875,
            "dy": 137.42828369140625,
            "timestamp": 121
        },
        {
            "dx": 194.63101196289062,
            "dy": 136.8421630859375,
            "timestamp": 122
        },
        {
            "dx": 194.45516967773438,
            "dy": 134.79110717773438,
            "timestamp": 122
        },
        {
            "dx": 195.39276123046875,
            "dy": 133.32598876953125,
            "timestamp": 156
        },
        {
            "dx": 197.2093963623047,
            "dy": 132.32968139648438,
            "timestamp": 156
        },
        {
            "dx": 199.0845489501953,
            "dy": 132.32968139648438,
            "timestamp": 203
        },
        {
            "dx": 200.31515502929688,
            "dy": 133.6190185546875,
            "timestamp": 204
        },
        {
            "dx": 200.666748046875,
            "dy": 135.20126342773438,
            "timestamp": 204
        },
        {
            "dx": 199.5533905029297,
            "dy": 137.07656860351562,
            "timestamp": 235
        },
        {
            "dx": 197.50238037109375,
            "dy": 138.60028076171875,
            "timestamp": 236
        },
        {
            "dx": 195.92019653320312,
            "dy": 139.5379638671875,
            "timestamp": 264
        },
        {
            "dx": 194.68960571289062,
            "dy": 139.4793701171875,
            "timestamp": 293
        },
        {
            "dx": 193.81060791015625,
            "dy": 138.01425170898438,
            "timestamp": 294
        },
        {
            "dx": 193.45901489257812,
            "dy": 135.4942626953125,
            "timestamp": 323
        },
        {
            "dx": 193.81060791015625,
            "dy": 132.6226806640625,
            "timestamp": 324
        },
        {
            "dx": 194.8068084716797,
            "dy": 131.0989990234375,
            "timestamp": 353
        },
        {
            "dx": 195.86160278320312,
            "dy": 130.39569091796875,
            "timestamp": 353
        },
        {
            "dx": 197.1508026123047,
            "dy": 131.45059204101562,
            "timestamp": 387
        },
        {
            "dx": 198.7329864501953,
            "dy": 134.0291748046875,
            "timestamp": 388
        },
        {
            "dx": 199.90496826171875,
            "dy": 136.6663818359375,
            "timestamp": 429
        },
        {
            "dx": 200.49093627929688,
            "dy": 139.5965576171875,
            "timestamp": 430
        },
        {
            "dx": 200.54953002929688,
            "dy": 142.5267333984375,
            "timestamp": 458
        },
        {
            "dx": 199.6705780029297,
            "dy": 145.80865478515625,
            "timestamp": 459
        },
        {
            "dx": 197.9711456298828,
            "dy": 149.20761108398438,
            "timestamp": 489
        },
        {
            "dx": 196.21319580078125,
            "dy": 152.54803466796875,
            "timestamp": 490
        },
        {
            "dx": 193.1073760986328,
            "dy": 155.36102294921875,
            "timestamp": 520
        },
        {
            "dx": 188.65383911132812,
            "dy": 158.17401123046875,
            "timestamp": 520
        },
        {
            "dx": 181.32882690429688,
            "dy": 160.6939697265625,
            "timestamp": 551
        },
        {
            "dx": 172.4803009033203,
            "dy": 162.86239624023438,
            "timestamp": 551
        },
        {
            "dx": 164.62796020507812,
            "dy": 163.62417602539062,
            "timestamp": 581
        },
        {
            "dx": 159.64694213867188,
            "dy": 163.62417602539062,
            "timestamp": 611
        },
        {
            "dx": 157.5959930419922,
            "dy": 163.74139404296875,
            "timestamp": 612
        },
        {
            "dx": 157.36154174804688,
            "dy": 163.74139404296875,
            "timestamp": 612
        },
        {
            "dx": 0,
            "dy": 0,
            "timestamp": 614
        }
    ],
    [
        {
            "dx": 174.61825561523438,
            "dy": 141.3089599609375,
            "timestamp": 0
        },
        {
            "dx": 172.69105529785156,
            "dy": 141.199951171875,
            "timestamp": 21
        },
        {
            "dx": 170.7635040283203,
            "dy": 141.09091186523438,
            "timestamp": 21
        },
        {
            "dx": 168,
            "dy": 140.90908813476562,
            "timestamp": 21
        },
        {
            "dx": 165.4907684326172,
            "dy": 140.80007934570312,
            "timestamp": 21
        },
        {
            "dx": 162.8728790283203,
            "dy": 140.727294921875,
            "timestamp": 21
        },
        {
            "dx": 160.2908477783203,
            "dy": 140.61825561523438,
            "timestamp": 41
        },
        {
            "dx": 157.19993591308594,
            "dy": 140.32742309570312,
            "timestamp": 41
        },
        {
            "dx": 154.5092315673828,
            "dy": 140.03622436523438,
            "timestamp": 41
        },
        {
            "dx": 151.70916748046875,
            "dy": 139.63638305664062,
            "timestamp": 41
        },
        {
            "dx": 149.0181121826172,
            "dy": 139.0546875,
            "timestamp": 41
        },
        {
            "dx": 146.5454559326172,
            "dy": 138.3636474609375,
            "timestamp": 59
        },
        {
            "dx": 143.96377563476562,
            "dy": 137.60018920898438,
            "timestamp": 59
        },
        {
            "dx": 141.63636779785156,
            "dy": 136.90908813476562,
            "timestamp": 60
        },
        {
            "dx": 139.0546875,
            "dy": 136.03622436523438,
            "timestamp": 60
        },
        {
            "dx": 136.58168029785156,
            "dy": 134.87289428710938,
            "timestamp": 76
        },
        {
            "dx": 134.1818389892578,
            "dy": 133.70916748046875,
            "timestamp": 76
        },
        {
            "dx": 131.96377563476562,
            "dy": 132.54550170898438,
            "timestamp": 76
        },
        {
            "dx": 130.03622436523438,
            "dy": 131.38174438476562,
            "timestamp": 76
        },
        {
            "dx": 128.32742309570312,
            "dy": 130.10903930664062,
            "timestamp": 77
        },
        {
            "dx": 126.58168029785156,
            "dy": 128.9453125,
            "timestamp": 94
        },
        {
            "dx": 125.16371154785156,
            "dy": 127.49078369140625,
            "timestamp": 94
        },
        {
            "dx": 124.10902404785156,
            "dy": 126.58169555664062,
            "timestamp": 94
        },
        {
            "dx": 123.0546875,
            "dy": 125.52734375,
            "timestamp": 94
        },
        {
            "dx": 122.07279968261719,
            "dy": 124.47265625,
            "timestamp": 110
        },
        {
            "dx": 121.23652648925781,
            "dy": 123.38174438476562,
            "timestamp": 110
        },
        {
            "dx": 120.47265625,
            "dy": 122.21804809570312,
            "timestamp": 110
        },
        {
            "dx": 119.8909912109375,
            "dy": 121.16372680664062,
            "timestamp": 110
        },
        {
            "dx": 119.3089599609375,
            "dy": 120.07281494140625,
            "timestamp": 126
        },
        {
            "dx": 118.90908813476562,
            "dy": 119.01812744140625,
            "timestamp": 127
        },
        {
            "dx": 118.54545593261719,
            "dy": 117.92724609375,
            "timestamp": 127
        },
        {
            "dx": 118.254638671875,
            "dy": 116.9453125,
            "timestamp": 127
        },
        {
            "dx": 118.14559936523438,
            "dy": 116.07281494140625,
            "timestamp": 145
        },
        {
            "dx": 118.14559936523438,
            "dy": 115.60015869140625,
            "timestamp": 145
        },
        {
            "dx": 118.14559936523438,
            "dy": 114.90908813476562,
            "timestamp": 146
        },
        {
            "dx": 118.14559936523438,
            "dy": 113.92724609375,
            "timestamp": 146
        },
        {
            "dx": 118.3636474609375,
            "dy": 112.87286376953125,
            "timestamp": 161
        },
        {
            "dx": 119.199951171875,
            "dy": 111.199951171875,
            "timestamp": 162
        },
        {
            "dx": 120.07279968261719,
            "dy": 109.672607421875,
            "timestamp": 162
        },
        {
            "dx": 121.01811218261719,
            "dy": 108.18182373046875,
            "timestamp": 162
        },
        {
            "dx": 122.18183898925781,
            "dy": 106.9453125,
            "timestamp": 179
        },
        {
            "dx": 123.34553527832031,
            "dy": 105.85440063476562,
            "timestamp": 179
        },
        {
            "dx": 124.39985656738281,
            "dy": 104.80007934570312,
            "timestamp": 179
        },
        {
            "dx": 125.45454406738281,
            "dy": 103.81817626953125,
            "timestamp": 179
        },
        {
            "dx": 126.10902404785156,
            "dy": 103.34552001953125,
            "timestamp": 179
        },
        {
            "dx": 127.27273559570312,
            "dy": 102.65447998046875,
            "timestamp": 195
        },
        {
            "dx": 128.61825561523438,
            "dy": 101.96377563476562,
            "timestamp": 195
        },
        {
            "dx": 129.74539184570312,
            "dy": 101.27273559570312,
            "timestamp": 195
        },
        {
            "dx": 130.727294921875,
            "dy": 100.80007934570312,
            "timestamp": 195
        },
        {
            "dx": 131.781982421875,
            "dy": 100.39990234375,
            "timestamp": 212
        },
        {
            "dx": 132.8363037109375,
            "dy": 100,
            "timestamp": 212
        },
        {
            "dx": 133.8909912109375,
            "dy": 99.70916748046875,
            "timestamp": 212
        },
        {
            "dx": 135.2365264892578,
            "dy": 99.34552001953125,
            "timestamp": 212
        },
        {
            "dx": 136.47265625,
            "dy": 99.0546875,
            "timestamp": 229
        },
        {
            "dx": 138,
            "dy": 98.8363037109375,
            "timestamp": 229
        },
        {
            "dx": 139.63636779785156,
            "dy": 98.65447998046875,
            "timestamp": 229
        },
        {
            "dx": 141.27273559570312,
            "dy": 98.65447998046875,
            "timestamp": 229
        },
        {
            "dx": 142.90908813476562,
            "dy": 98.76348876953125,
            "timestamp": 246
        },
        {
            "dx": 145.0181121826172,
            "dy": 98.9453125,
            "timestamp": 246
        },
        {
            "dx": 146.72727966308594,
            "dy": 99.12713623046875,
            "timestamp": 246
        },
        {
            "dx": 149.23651123046875,
            "dy": 99.70916748046875,
            "timestamp": 246
        },
        {
            "dx": 151.41835021972656,
            "dy": 100.50927734375,
            "timestamp": 262
        },
        {
            "dx": 153.63636779785156,
            "dy": 101.56356811523438,
            "timestamp": 262
        },
        {
            "dx": 155.85440063476562,
            "dy": 102.727294921875,
            "timestamp": 262
        },
        {
            "dx": 157.78196716308594,
            "dy": 104.10903930664062,
            "timestamp": 262
        },
        {
            "dx": 159.6001434326172,
            "dy": 105.672607421875,
            "timestamp": 279
        },
        {
            "dx": 161.52734375,
            "dy": 107.81817626953125,
            "timestamp": 279
        },
        {
            "dx": 163.16371154785156,
            "dy": 110.254638671875,
            "timestamp": 279
        },
        {
            "dx": 164.72727966308594,
            "dy": 112.69107055664062,
            "timestamp": 279
        },
        {
            "dx": 166.25462341308594,
            "dy": 115.3089599609375,
            "timestamp": 295
        },
        {
            "dx": 167.78196716308594,
            "dy": 118.14559936523438,
            "timestamp": 296
        },
        {
            "dx": 169.23651123046875,
            "dy": 121.0546875,
            "timestamp": 296
        },
        {
            "dx": 170.58168029785156,
            "dy": 124.18182373046875,
            "timestamp": 296
        },
        {
            "dx": 171.74539184570312,
            "dy": 127.27273559570312,
            "timestamp": 312
        },
        {
            "dx": 172.69105529785156,
            "dy": 130.39990234375,
            "timestamp": 313
        },
        {
            "dx": 173.96380615234375,
            "dy": 133.52734375,
            "timestamp": 313
        },
        {
            "dx": 174.90911865234375,
            "dy": 136.61825561523438,
            "timestamp": 313
        },
        {
            "dx": 175.30897521972656,
            "dy": 139.56356811523438,
            "timestamp": 329
        },
        {
            "dx": 175.67259216308594,
            "dy": 142,
            "timestamp": 330
        },
        {
            "dx": 175.96380615234375,
            "dy": 144.43643188476562,
            "timestamp": 330
        },
        {
            "dx": 176.47265625,
            "dy": 147.45458984375,
            "timestamp": 330
        },
        {
            "dx": 176.47265625,
            "dy": 150.18182373046875,
            "timestamp": 330
        },
        {
            "dx": 176.47265625,
            "dy": 152.10903930664062,
            "timestamp": 346
        },
        {
            "dx": 176.18182373046875,
            "dy": 155.01815795898438,
            "timestamp": 346
        },
        {
            "dx": 175.78196716308594,
            "dy": 157.672607421875,
            "timestamp": 346
        },
        {
            "dx": 175.30897521972656,
            "dy": 160.29086303710938,
            "timestamp": 362
        },
        {
            "dx": 174.61825561523438,
            "dy": 162.727294921875,
            "timestamp": 363
        },
        {
            "dx": 173.56356811523438,
            "dy": 165.45458984375,
            "timestamp": 363
        },
        {
            "dx": 172.69105529785156,
            "dy": 168.29086303710938,
            "timestamp": 363
        },
        {
            "dx": 171.56356811523438,
            "dy": 171.199951171875,
            "timestamp": 363
        },
        {
            "dx": 170.2908477783203,
            "dy": 174.03622436523438,
            "timestamp": 379
        },
        {
            "dx": 169.0546875,
            "dy": 176.54547119140625,
            "timestamp": 379
        },
        {
            "dx": 167.78196716308594,
            "dy": 178.98190307617188,
            "timestamp": 379
        },
        {
            "dx": 166.5454559326172,
            "dy": 181.23651123046875,
            "timestamp": 379
        },
        {
            "dx": 165.38177490234375,
            "dy": 183.56356811523438,
            "timestamp": 395
        },
        {
            "dx": 164.14559936523438,
            "dy": 185.70916748046875,
            "timestamp": 396
        },
        {
            "dx": 162.58168029785156,
            "dy": 187.92721557617188,
            "timestamp": 396
        },
        {
            "dx": 161.0546875,
            "dy": 190.07281494140625,
            "timestamp": 396
        },
        {
            "dx": 159.0546875,
            "dy": 192.50924682617188,
            "timestamp": 412
        },
        {
            "dx": 157.0181121826172,
            "dy": 194.7635498046875,
            "timestamp": 413
        },
        {
            "dx": 154.9818878173828,
            "dy": 196.98190307617188,
            "timestamp": 413
        },
        {
            "dx": 152.9818878173828,
            "dy": 199.12713623046875,
            "timestamp": 413
        },
        {
            "dx": 150.36366271972656,
            "dy": 200.98190307617188,
            "timestamp": 430
        },
        {
            "dx": 148.0727996826172,
            "dy": 202.8363037109375,
            "timestamp": 430
        },
        {
            "dx": 145.67259216308594,
            "dy": 204.58169555664062,
            "timestamp": 430
        },
        {
            "dx": 143.19993591308594,
            "dy": 206.254638671875,
            "timestamp": 430
        },
        {
            "dx": 140.58168029785156,
            "dy": 207.70916748046875,
            "timestamp": 447
        },
        {
            "dx": 137.7091827392578,
            "dy": 209.672607421875,
            "timestamp": 447
        },
        {
            "dx": 134.0727996826172,
            "dy": 211.4183349609375,
            "timestamp": 448
        },
        {
            "dx": 130.254638671875,
            "dy": 213.16372680664062,
            "timestamp": 448
        },
        {
            "dx": 126.32742309570312,
            "dy": 214.61825561523438,
            "timestamp": 464
        },
        {
            "dx": 122.3636474609375,
            "dy": 216,
            "timestamp": 465
        },
        {
            "dx": 118.65449523925781,
            "dy": 217.3455810546875,
            "timestamp": 465
        },
        {
            "dx": 115.19993591308594,
            "dy": 218.61825561523438,
            "timestamp": 465
        },
        {
            "dx": 110.29084777832031,
            "dy": 219.8909912109375,
            "timestamp": 483
        },
        {
            "dx": 105.70918273925781,
            "dy": 221.16372680664062,
            "timestamp": 483
        },
        {
            "dx": 100.69105529785156,
            "dy": 222.39987182617188,
            "timestamp": 483
        },
        {
            "dx": 96,
            "dy": 223.60015869140625,
            "timestamp": 483
        },
        {
            "dx": 91.19993591308594,
            "dy": 224.8363037109375,
            "timestamp": 483
        },
        {
            "dx": 86.61825561523438,
            "dy": 226.21804809570312,
            "timestamp": 499
        },
        {
            "dx": 81.23651885986328,
            "dy": 227.85446166992188,
            "timestamp": 500
        },
        {
            "dx": 75.38175964355469,
            "dy": 229.63638305664062,
            "timestamp": 500
        },
        {
            "dx": 70.39985656738281,
            "dy": 231.38180541992188,
            "timestamp": 500
        },
        {
            "dx": 65.81818389892578,
            "dy": 233.23651123046875,
            "timestamp": 518
        },
        {
            "dx": 62.07279968261719,
            "dy": 235.16372680664062,
            "timestamp": 518
        },
        {
            "dx": 56.218040466308594,
            "dy": 237.12713623046875,
            "timestamp": 518
        },
        {
            "dx": 0,
            "dy": 0,
            "timestamp": 519
        }
    ],
    [
        {
            "dx": 149.6666717529297,
            "dy": 135.66668701171875,
            "timestamp": 0
        },
        {
            "dx": 149.6666717529297,
            "dy": 135.66668701171875,
            "timestamp": 50
        },
        {
            "dx": 151.33334350585938,
            "dy": 135.66668701171875,
            "timestamp": 50
        },
        {
            "dx": 153.6666717529297,
            "dy": 136,
            "timestamp": 50
        },
        {
            "dx": 156.33334350585938,
            "dy": 136,
            "timestamp": 79
        },
        {
            "dx": 158,
            "dy": 136.33334350585938,
            "timestamp": 80
        },
        {
            "dx": 161.6666717529297,
            "dy": 137,
            "timestamp": 80
        },
        {
            "dx": 164,
            "dy": 137.66668701171875,
            "timestamp": 110
        },
        {
            "dx": 165.6666717529297,
            "dy": 138,
            "timestamp": 111
        },
        {
            "dx": 167,
            "dy": 138.33334350585938,
            "timestamp": 111
        },
        {
            "dx": 168,
            "dy": 138.66668701171875,
            "timestamp": 112
        },
        {
            "dx": 169,
            "dy": 139,
            "timestamp": 115
        },
        {
            "dx": 170,
            "dy": 139.66668701171875,
            "timestamp": 152
        },
        {
            "dx": 170.6666717529297,
            "dy": 140.33334350585938,
            "timestamp": 152
        },
        {
            "dx": 171.33334350585938,
            "dy": 140.66668701171875,
            "timestamp": 152
        },
        {
            "dx": 172,
            "dy": 141.66668701171875,
            "timestamp": 152
        },
        {
            "dx": 172.6666717529297,
            "dy": 142.66668701171875,
            "timestamp": 186
        },
        {
            "dx": 173,
            "dy": 144.33334350585938,
            "timestamp": 187
        },
        {
            "dx": 172.6666717529297,
            "dy": 146.66668701171875,
            "timestamp": 187
        },
        {
            "dx": 172,
            "dy": 148.66668701171875,
            "timestamp": 187
        },
        {
            "dx": 170.6666717529297,
            "dy": 152,
            "timestamp": 218
        },
        {
            "dx": 168.6666717529297,
            "dy": 154.33334350585938,
            "timestamp": 219
        },
        {
            "dx": 167.33334350585938,
            "dy": 156,
            "timestamp": 219
        },
        {
            "dx": 166,
            "dy": 157.33334350585938,
            "timestamp": 220
        },
        {
            "dx": 164.33334350585938,
            "dy": 158.33334350585938,
            "timestamp": 252
        },
        {
            "dx": 163,
            "dy": 159,
            "timestamp": 253
        },
        {
            "dx": 161.6666717529297,
            "dy": 159.33334350585938,
            "timestamp": 253
        },
        {
            "dx": 160.33334350585938,
            "dy": 159.33334350585938,
            "timestamp": 253
        },
        {
            "dx": 158.33334350585938,
            "dy": 158.66668701171875,
            "timestamp": 279
        },
        {
            "dx": 157,
            "dy": 158,
            "timestamp": 279
        },
        {
            "dx": 156,
            "dy": 157.66668701171875,
            "timestamp": 279
        },
        {
            "dx": 155,
            "dy": 156.66668701171875,
            "timestamp": 304
        },
        {
            "dx": 154.33334350585938,
            "dy": 156.33334350585938,
            "timestamp": 304
        },
        {
            "dx": 154,
            "dy": 155.66668701171875,
            "timestamp": 304
        },
        {
            "dx": 153.6666717529297,
            "dy": 155,
            "timestamp": 330
        },
        {
            "dx": 153.33334350585938,
            "dy": 154.33334350585938,
            "timestamp": 330
        },
        {
            "dx": 153.33334350585938,
            "dy": 153,
            "timestamp": 331
        },
        {
            "dx": 153.33334350585938,
            "dy": 152,
            "timestamp": 331
        },
        {
            "dx": 153.6666717529297,
            "dy": 150.66668701171875,
            "timestamp": 354
        },
        {
            "dx": 153.6666717529297,
            "dy": 150,
            "timestamp": 354
        },
        {
            "dx": 154,
            "dy": 149.33334350585938,
            "timestamp": 355
        },
        {
            "dx": 154,
            "dy": 148.66668701171875,
            "timestamp": 379
        },
        {
            "dx": 154,
            "dy": 148.33334350585938,
            "timestamp": 380
        },
        {
            "dx": 154.33334350585938,
            "dy": 148,
            "timestamp": 380
        },
        {
            "dx": 154.33334350585938,
            "dy": 147.66668701171875,
            "timestamp": 401
        },
        {
            "dx": 154.6666717529297,
            "dy": 147.33334350585938,
            "timestamp": 422
        },
        {
            "dx": 155.33334350585938,
            "dy": 146.66668701171875,
            "timestamp": 423
        },
        {
            "dx": 156.6666717529297,
            "dy": 146,
            "timestamp": 423
        },
        {
            "dx": 158,
            "dy": 145.33334350585938,
            "timestamp": 444
        },
        {
            "dx": 159,
            "dy": 145.33334350585938,
            "timestamp": 444
        },
        {
            "dx": 160.6666717529297,
            "dy": 145.33334350585938,
            "timestamp": 473
        },
        {
            "dx": 162,
            "dy": 145.66668701171875,
            "timestamp": 473
        },
        {
            "dx": 164.33334350585938,
            "dy": 146,
            "timestamp": 473
        },
        {
            "dx": 166.33334350585938,
            "dy": 146.66668701171875,
            "timestamp": 474
        },
        {
            "dx": 167.6666717529297,
            "dy": 147.33334350585938,
            "timestamp": 503
        },
        {
            "dx": 169.6666717529297,
            "dy": 148.33334350585938,
            "timestamp": 503
        },
        {
            "dx": 171,
            "dy": 149.66668701171875,
            "timestamp": 504
        },
        {
            "dx": 172.6666717529297,
            "dy": 152,
            "timestamp": 530
        },
        {
            "dx": 174,
            "dy": 155.66668701171875,
            "timestamp": 530
        },
        {
            "dx": 174.6666717529297,
            "dy": 160,
            "timestamp": 530
        },
        {
            "dx": 175,
            "dy": 163.66668701171875,
            "timestamp": 530
        },
        {
            "dx": 175.33334350585938,
            "dy": 167,
            "timestamp": 554
        },
        {
            "dx": 175.33334350585938,
            "dy": 170.66668701171875,
            "timestamp": 554
        },
        {
            "dx": 174.33334350585938,
            "dy": 176.33334350585938,
            "timestamp": 554
        },
        {
            "dx": 173.33334350585938,
            "dy": 181,
            "timestamp": 580
        },
        {
            "dx": 172.33334350585938,
            "dy": 185,
            "timestamp": 580
        },
        {
            "dx": 171,
            "dy": 188.66668701171875,
            "timestamp": 580
        },
        {
            "dx": 168.6666717529297,
            "dy": 192.66668701171875,
            "timestamp": 602
        },
        {
            "dx": 166.33334350585938,
            "dy": 197.66668701171875,
            "timestamp": 603
        },
        {
            "dx": 164,
            "dy": 201.66668701171875,
            "timestamp": 603
        },
        {
            "dx": 161.33334350585938,
            "dy": 205.66668701171875,
            "timestamp": 625
        },
        {
            "dx": 158.33334350585938,
            "dy": 209,
            "timestamp": 625
        },
        {
            "dx": 156,
            "dy": 211.33334350585938,
            "timestamp": 654
        },
        {
            "dx": 153,
            "dy": 213.33334350585938,
            "timestamp": 655
        },
        {
            "dx": 149.33334350585938,
            "dy": 214.66668701171875,
            "timestamp": 655
        },
        {
            "dx": 143.6666717529297,
            "dy": 216,
            "timestamp": 682
        },
        {
            "dx": 0,
            "dy": 0,
            "timestamp": 684
        }
    ],
    [
        {
            "dx": 203.11749267578125,
            "dy": 98.18939208984375,
            "timestamp": 0
        },
        {
            "dx": 199.7872314453125,
            "dy": 99.52215576171875,
            "timestamp": 0
        },
        {
            "dx": 197.7891082763672,
            "dy": 100.521728515625,
            "timestamp": 0
        },
        {
            "dx": 196.12396240234375,
            "dy": 101.18817138671875,
            "timestamp": 0
        },
        {
            "dx": 194.45884704589844,
            "dy": 101.52133178710938,
            "timestamp": 0
        },
        {
            "dx": 193.1267547607422,
            "dy": 101.85455322265625,
            "timestamp": 19
        },
        {
            "dx": 191.79464721679688,
            "dy": 102.187744140625,
            "timestamp": 19
        },
        {
            "dx": 189.13043212890625,
            "dy": 103.18734741210938,
            "timestamp": 19
        },
        {
            "dx": 187.46531677246094,
            "dy": 103.5205078125,
            "timestamp": 19
        },
        {
            "dx": 186.1332244873047,
            "dy": 103.5205078125,
            "timestamp": 19
        },
        {
            "dx": 184.80111694335938,
            "dy": 103.85372924804688,
            "timestamp": 44
        },
        {
            "dx": 183.4690399169922,
            "dy": 103.85372924804688,
            "timestamp": 44
        },
        {
            "dx": 182.13690185546875,
            "dy": 103.85372924804688,
            "timestamp": 44
        },
        {
            "dx": 180.8048095703125,
            "dy": 103.85372924804688,
            "timestamp": 44
        },
        {
            "dx": 179.80575561523438,
            "dy": 103.85372924804688,
            "timestamp": 44
        },
        {
            "dx": 178.8066864013672,
            "dy": 103.85372924804688,
            "timestamp": 44
        },
        {
            "dx": 177.80758666992188,
            "dy": 103.85372924804688,
            "timestamp": 67
        },
        {
            "dx": 176.8085174560547,
            "dy": 103.85372924804688,
            "timestamp": 67
        },
        {
            "dx": 176.1424560546875,
            "dy": 103.5205078125,
            "timestamp": 67
        },
        {
            "dx": 175.47642517089844,
            "dy": 103.18734741210938,
            "timestamp": 67
        },
        {
            "dx": 174.4773406982422,
            "dy": 102.52093505859375,
            "timestamp": 67
        },
        {
            "dx": 173.811279296875,
            "dy": 101.85455322265625,
            "timestamp": 67
        },
        {
            "dx": 173.14524841308594,
            "dy": 101.18817138671875,
            "timestamp": 91
        },
        {
            "dx": 172.47918701171875,
            "dy": 99.8553466796875,
            "timestamp": 91
        },
        {
            "dx": 171.8131561279297,
            "dy": 98.85577392578125,
            "timestamp": 91
        },
        {
            "dx": 171.1470947265625,
            "dy": 97.52294921875,
            "timestamp": 91
        },
        {
            "dx": 170.81407165527344,
            "dy": 96.190185546875,
            "timestamp": 91
        },
        {
            "dx": 170.48104858398438,
            "dy": 94.85739135742188,
            "timestamp": 91
        },
        {
            "dx": 170.48104858398438,
            "dy": 93.52459716796875,
            "timestamp": 91
        },
        {
            "dx": 170.14801025390625,
            "dy": 92.19183349609375,
            "timestamp": 114
        },
        {
            "dx": 170.14801025390625,
            "dy": 91.19223022460938,
            "timestamp": 114
        },
        {
            "dx": 170.14801025390625,
            "dy": 90.192626953125,
            "timestamp": 114
        },
        {
            "dx": 170.14801025390625,
            "dy": 88.526611328125,
            "timestamp": 114
        },
        {
            "dx": 170.14801025390625,
            "dy": 86.86065673828125,
            "timestamp": 114
        },
        {
            "dx": 170.14801025390625,
            "dy": 85.86105346679688,
            "timestamp": 114
        },
        {
            "dx": 170.14801025390625,
            "dy": 84.52825927734375,
            "timestamp": 139
        },
        {
            "dx": 170.48104858398438,
            "dy": 82.86227416992188,
            "timestamp": 139
        },
        {
            "dx": 171.1470947265625,
            "dy": 81.8626708984375,
            "timestamp": 139
        },
        {
            "dx": 171.4801025390625,
            "dy": 80.86309814453125,
            "timestamp": 140
        },
        {
            "dx": 172.1461639404297,
            "dy": 79.86349487304688,
            "timestamp": 140
        },
        {
            "dx": 172.47918701171875,
            "dy": 78.8638916015625,
            "timestamp": 140
        },
        {
            "dx": 173.14524841308594,
            "dy": 77.86431884765625,
            "timestamp": 165
        },
        {
            "dx": 174.1443328857422,
            "dy": 76.86468505859375,
            "timestamp": 166
        },
        {
            "dx": 174.81036376953125,
            "dy": 75.8651123046875,
            "timestamp": 166
        },
        {
            "dx": 175.80943298339844,
            "dy": 74.53231811523438,
            "timestamp": 166
        },
        {
            "dx": 176.8085174560547,
            "dy": 73.53271484375,
            "timestamp": 166
        },
        {
            "dx": 178.14060974121094,
            "dy": 72.53314208984375,
            "timestamp": 166
        },
        {
            "dx": 179.47271728515625,
            "dy": 71.53353881835938,
            "timestamp": 166
        },
        {
            "dx": 181.1378631591797,
            "dy": 70.20074462890625,
            "timestamp": 190
        },
        {
            "dx": 182.46994018554688,
            "dy": 69.53436279296875,
            "timestamp": 191
        },
        {
            "dx": 183.8020477294922,
            "dy": 68.53475952148438,
            "timestamp": 191
        },
        {
            "dx": 185.4671630859375,
            "dy": 67.86834716796875,
            "timestamp": 191
        },
        {
            "dx": 186.4662322998047,
            "dy": 67.20196533203125,
            "timestamp": 191
        },
        {
            "dx": 187.79833984375,
            "dy": 66.8687744140625,
            "timestamp": 191
        },
        {
            "dx": 188.4644012451172,
            "dy": 66.8687744140625,
            "timestamp": 191
        },
        {
            "dx": 189.46347045898438,
            "dy": 66.53558349609375,
            "timestamp": 215
        },
        {
            "dx": 190.1295166015625,
            "dy": 66.53558349609375,
            "timestamp": 215
        },
        {
            "dx": 190.4625701904297,
            "dy": 66.53558349609375,
            "timestamp": 216
        },
        {
            "dx": 191.1285858154297,
            "dy": 66.53558349609375,
            "timestamp": 216
        },
        {
            "dx": 191.46160888671875,
            "dy": 66.53558349609375,
            "timestamp": 216
        },
        {
            "dx": 192.12767028808594,
            "dy": 66.53558349609375,
            "timestamp": 216
        },
        {
            "dx": 192.793701171875,
            "dy": 66.53558349609375,
            "timestamp": 216
        },
        {
            "dx": 193.4597625732422,
            "dy": 66.53558349609375,
            "timestamp": 254
        },
        {
            "dx": 193.79278564453125,
            "dy": 66.8687744140625,
            "timestamp": 254
        },
        {
            "dx": 194.45884704589844,
            "dy": 67.20196533203125,
            "timestamp": 254
        },
        {
            "dx": 195.1248779296875,
            "dy": 67.53515625,
            "timestamp": 255
        },
        {
            "dx": 195.7909393310547,
            "dy": 68.20159912109375,
            "timestamp": 255
        },
        {
            "dx": 196.12396240234375,
            "dy": 68.86798095703125,
            "timestamp": 255
        },
        {
            "dx": 196.45700073242188,
            "dy": 69.8675537109375,
            "timestamp": 255
        },
        {
            "dx": 197.12303161621094,
            "dy": 70.86712646484375,
            "timestamp": 255
        },
        {
            "dx": 197.7891082763672,
            "dy": 71.86676025390625,
            "timestamp": 255
        },
        {
            "dx": 198.1221160888672,
            "dy": 72.8663330078125,
            "timestamp": 274
        },
        {
            "dx": 198.78817749023438,
            "dy": 74.19915771484375,
            "timestamp": 274
        },
        {
            "dx": 199.12118530273438,
            "dy": 75.53192138671875,
            "timestamp": 274
        },
        {
            "dx": 199.7872314453125,
            "dy": 77.19793701171875,
            "timestamp": 274
        },
        {
            "dx": 200.4532928466797,
            "dy": 78.8638916015625,
            "timestamp": 275
        },
        {
            "dx": 200.78631591796875,
            "dy": 80.52987670898438,
            "timestamp": 275
        },
        {
            "dx": 201.45236206054688,
            "dy": 83.19549560546875,
            "timestamp": 302
        },
        {
            "dx": 202.4514617919922,
            "dy": 85.86105346679688,
            "timestamp": 302
        },
        {
            "dx": 203.11749267578125,
            "dy": 88.19345092773438,
            "timestamp": 302
        },
        {
            "dx": 203.78353881835938,
            "dy": 90.8590087890625,
            "timestamp": 302
        },
        {
            "dx": 204.11656188964844,
            "dy": 92.85821533203125,
            "timestamp": 302
        },
        {
            "dx": 204.7826385498047,
            "dy": 95.52377319335938,
            "timestamp": 303
        },
        {
            "dx": 205.1156463623047,
            "dy": 97.85617065429688,
            "timestamp": 303
        },
        {
            "dx": 205.78167724609375,
            "dy": 100.18856811523438,
            "timestamp": 331
        },
        {
            "dx": 206.11471557617188,
            "dy": 102.52093505859375,
            "timestamp": 331
        },
        {
            "dx": 206.78076171875,
            "dy": 104.85333251953125,
            "timestamp": 331
        },
        {
            "dx": 207.1138153076172,
            "dy": 107.51889038085938,
            "timestamp": 331
        },
        {
            "dx": 207.4468231201172,
            "dy": 109.85128784179688,
            "timestamp": 331
        },
        {
            "dx": 207.7798309326172,
            "dy": 112.18368530273438,
            "timestamp": 331
        },
        {
            "dx": 208.11285400390625,
            "dy": 114.182861328125,
            "timestamp": 331
        },
        {
            "dx": 208.11285400390625,
            "dy": 116.18206787109375,
            "timestamp": 332
        },
        {
            "dx": 208.44589233398438,
            "dy": 117.8480224609375,
            "timestamp": 375
        },
        {
            "dx": 208.44589233398438,
            "dy": 119.5140380859375,
            "timestamp": 375
        },
        {
            "dx": 208.44589233398438,
            "dy": 120.8468017578125,
            "timestamp": 375
        },
        {
            "dx": 208.44589233398438,
            "dy": 122.17962646484375,
            "timestamp": 375
        },
        {
            "dx": 208.44589233398438,
            "dy": 123.17919921875,
            "timestamp": 375
        },
        {
            "dx": 208.44589233398438,
            "dy": 124.17880249023438,
            "timestamp": 375
        },
        {
            "dx": 208.44589233398438,
            "dy": 125.5115966796875,
            "timestamp": 375
        },
        {
            "dx": 208.11285400390625,
            "dy": 126.51119995117188,
            "timestamp": 375
        },
        {
            "dx": 207.4468231201172,
            "dy": 127.51083374023438,
            "timestamp": 375
        },
        {
            "dx": 207.1138153076172,
            "dy": 128.84359741210938,
            "timestamp": 376
        },
        {
            "dx": 206.44773864746094,
            "dy": 130.17636108398438,
            "timestamp": 376
        },
        {
            "dx": 205.78167724609375,
            "dy": 131.17596435546875,
            "timestamp": 401
        },
        {
            "dx": 204.7826385498047,
            "dy": 132.50875854492188,
            "timestamp": 402
        },
        {
            "dx": 203.78353881835938,
            "dy": 133.50839233398438,
            "timestamp": 402
        },
        {
            "dx": 202.7844696044922,
            "dy": 134.84115600585938,
            "timestamp": 402
        },
        {
            "dx": 201.78538513183594,
            "dy": 136.17391967773438,
            "timestamp": 402
        },
        {
            "dx": 200.4532928466797,
            "dy": 137.17352294921875,
            "timestamp": 402
        },
        {
            "dx": 199.45420837402344,
            "dy": 138.173095703125,
            "timestamp": 402
        },
        {
            "dx": 198.1221160888672,
            "dy": 139.17269897460938,
            "timestamp": 402
        },
        {
            "dx": 196.79002380371094,
            "dy": 140.17230224609375,
            "timestamp": 431
        },
        {
            "dx": 195.4579315185547,
            "dy": 140.83871459960938,
            "timestamp": 432
        },
        {
            "dx": 194.12582397460938,
            "dy": 141.50509643554688,
            "timestamp": 432
        },
        {
            "dx": 192.460693359375,
            "dy": 142.50473022460938,
            "timestamp": 432
        },
        {
            "dx": 190.7955780029297,
            "dy": 143.5042724609375,
            "timestamp": 432
        },
        {
            "dx": 189.46347045898438,
            "dy": 144.50387573242188,
            "timestamp": 432
        },
        {
            "dx": 187.79833984375,
            "dy": 145.17025756835938,
            "timestamp": 432
        },
        {
            "dx": 186.4662322998047,
            "dy": 145.836669921875,
            "timestamp": 465
        },
        {
            "dx": 185.13414001464844,
            "dy": 146.5030517578125,
            "timestamp": 466
        },
        {
            "dx": 183.4690399169922,
            "dy": 147.16943359375,
            "timestamp": 466
        },
        {
            "dx": 181.80389404296875,
            "dy": 148.16903686523438,
            "timestamp": 466
        },
        {
            "dx": 180.47178649902344,
            "dy": 148.83544921875,
            "timestamp": 466
        },
        {
            "dx": 178.8066864013672,
            "dy": 149.5018310546875,
            "timestamp": 466
        },
        {
            "dx": 176.8085174560547,
            "dy": 150.50143432617188,
            "timestamp": 466
        },
        {
            "dx": 175.14340209960938,
            "dy": 151.50106811523438,
            "timestamp": 467
        },
        {
            "dx": 173.14524841308594,
            "dy": 152.5006103515625,
            "timestamp": 467
        },
        {
            "dx": 171.1470947265625,
            "dy": 153.1669921875,
            "timestamp": 467
        },
        {
            "dx": 169.1489715576172,
            "dy": 153.83343505859375,
            "timestamp": 492
        },
        {
            "dx": 167.4838104248047,
            "dy": 154.16659545898438,
            "timestamp": 492
        },
        {
            "dx": 165.81869506835938,
            "dy": 154.49984741210938,
            "timestamp": 492
        },
        {
            "dx": 164.153564453125,
            "dy": 154.8330078125,
            "timestamp": 492
        },
        {
            "dx": 162.4884490966797,
            "dy": 155.16619873046875,
            "timestamp": 492
        },
        {
            "dx": 160.82330322265625,
            "dy": 155.4993896484375,
            "timestamp": 492
        },
        {
            "dx": 159.8242645263672,
            "dy": 155.4993896484375,
            "timestamp": 492
        },
        {
            "dx": 158.15911865234375,
            "dy": 155.4993896484375,
            "timestamp": 516
        },
        {
            "dx": 156.82701110839844,
            "dy": 155.83261108398438,
            "timestamp": 516
        },
        {
            "dx": 155.82794189453125,
            "dy": 155.83261108398438,
            "timestamp": 517
        },
        {
            "dx": 154.49583435058594,
            "dy": 155.83261108398438,
            "timestamp": 517
        },
        {
            "dx": 153.1637420654297,
            "dy": 155.83261108398438,
            "timestamp": 517
        },
        {
            "dx": 152.1646728515625,
            "dy": 155.83261108398438,
            "timestamp": 517
        },
        {
            "dx": 151.49862670898438,
            "dy": 155.83261108398438,
            "timestamp": 552
        },
        {
            "dx": 150.8325653076172,
            "dy": 155.83261108398438,
            "timestamp": 552
        },
        {
            "dx": 149.83349609375,
            "dy": 155.83261108398438,
            "timestamp": 553
        },
        {
            "dx": 149.16744995117188,
            "dy": 155.83261108398438,
            "timestamp": 553
        },
        {
            "dx": 148.83441162109375,
            "dy": 155.83261108398438,
            "timestamp": 553
        },
        {
            "dx": 148.5013885498047,
            "dy": 155.83261108398438,
            "timestamp": 553
        },
        {
            "dx": 148.1683807373047,
            "dy": 155.4993896484375,
            "timestamp": 553
        },
        {
            "dx": 147.5023193359375,
            "dy": 155.16619873046875,
            "timestamp": 553
        },
        {
            "dx": 147.5023193359375,
            "dy": 154.8330078125,
            "timestamp": 553
        },
        {
            "dx": 147.16929626464844,
            "dy": 154.49984741210938,
            "timestamp": 554
        },
        {
            "dx": 147.16929626464844,
            "dy": 153.83343505859375,
            "timestamp": 577
        },
        {
            "dx": 146.83627319335938,
            "dy": 152.5006103515625,
            "timestamp": 577
        },
        {
            "dx": 146.83627319335938,
            "dy": 152.16741943359375,
            "timestamp": 577
        },
        {
            "dx": 0,
            "dy": 0,
            "timestamp": 607
        }
    ]
]