[
    [
        {
            "dx": 213.0181121826172,
            "dy": 125.52734375,
            "timestamp": 0
        },
        {
            "dx": 211.09092712402344,
            "dy": 126.10903930664062,
            "timestamp": 1
        },
        {
            "dx": 209.09091186523438,
            "dy": 126.69107055664062,
            "timestamp": 1
        },
        {
            "dx": 207.0546875,
            "dy": 127.199951171875,
            "timestamp": 24
        },
        {
            "dx": 205.23651123046875,
            "dy": 127.56356811523438,
            "timestamp": 24
        },
        {
            "dx": 203.30897521972656,
            "dy": 127.85440063476562,
            "timestamp": 24
        },
        {
            "dx": 201.78196716308594,
            "dy": 128.07281494140625,
            "timestamp": 24
        },
        {
            "dx": 200.32742309570312,
            "dy": 128.254638671875,
            "timestamp": 25
        },
        {
            "dx": 198.9818878173828,
            "dy": 128.3636474609375,
            "timestamp": 25
        },
        {
            "dx": 197.63636779785156,
            "dy": 128.43643188476562,
            "timestamp": 49
        },
        {
            "dx": 196.18182373046875,
            "dy": 128.43643188476562,
            "timestamp": 50
        },
        {
            "dx": 194.9453125,
            "dy": 128.43643188476562,
            "timestamp": 50
        },
        {
            "dx": 193.78196716308594,
            "dy": 128.3636474609375,
            "timestamp": 50
        },
        {
            "dx": 193.19993591308594,
            "dy": 128.254638671875,
            "timestamp": 50
        },
        {
            "dx": 192.5454559326172,
            "dy": 128.07281494140625,
            "timestamp": 50
        },
        {
            "dx": 191.85443115234375,
            "dy": 127.85440063476562,
            "timestamp": 51
        },
        {
            "dx": 191.16371154785156,
            "dy": 127.56356811523438,
            "timestamp": 72
        },
        {
            "dx": 190.61825561523438,
            "dy": 127.199951171875,
            "timestamp": 72
        },
        {
            "dx": 189.8181915283203,
            "dy": 126.69107055664062,
            "timestamp": 72
        },
        {
            "dx": 189.16371154785156,
            "dy": 126.21804809570312,
            "timestamp": 72
        },
        {
            "dx": 188.58168029785156,
            "dy": 125.52734375,
            "timestamp": 72
        },
        {
            "dx": 188.10902404785156,
            "dy": 124.9453125,
            "timestamp": 92
        },
        {
            "dx": 187.8181915283203,
            "dy": 124.3636474609375,
            "timestamp": 92
        },
        {
            "dx": 187.52734375,
            "dy": 123.781982421875,
            "timestamp": 92
        },
        {
            "dx": 187.3455352783203,
            "dy": 123.09091186523438,
            "timestamp": 92
        },
        {
            "dx": 187.23651123046875,
            "dy": 122.32742309570312,
            "timestamp": 112
        },
        {
            "dx": 187.23651123046875,
            "dy": 121.52734375,
            "timestamp": 112
        },
        {
            "dx": 187.23651123046875,
            "dy": 120.65447998046875,
            "timestamp": 112
        },
        {
            "dx": 187.3455352783203,
            "dy": 119.38174438476562,
            "timestamp": 112
        },
        {
            "dx": 187.63636779785156,
            "dy": 117.63638305664062,
            "timestamp": 112
        },
        {
            "dx": 188.10902404785156,
            "dy": 116,
            "timestamp": 133
        },
        {
            "dx": 188.69105529785156,
            "dy": 114.21804809570312,
            "timestamp": 133
        },
        {
            "dx": 189.3455352783203,
            "dy": 112.76348876953125,
            "timestamp": 133
        },
        {
            "dx": 190.21804809570312,
            "dy": 111.3089599609375,
            "timestamp": 133
        },
        {
            "dx": 191.56356811523438,
            "dy": 109.74539184570312,
            "timestamp": 133
        },
        {
            "dx": 192.72727966308594,
            "dy": 108.29083251953125,
            "timestamp": 154
        },
        {
            "dx": 193.96380615234375,
            "dy": 107.01812744140625,
            "timestamp": 154
        },
        {
            "dx": 194.9453125,
            "dy": 106.254638671875,
            "timestamp": 154
        },
        {
            "dx": 195.89100646972656,
            "dy": 105.56356811523438,
            "timestamp": 154
        },
        {
            "dx": 196.58168029785156,
            "dy": 105.09091186523438,
            "timestamp": 154
        },
        {
            "dx": 196.9453125,
            "dy": 104.87286376953125,
            "timestamp": 154
        },
        {
            "dx": 197.4545440673828,
            "dy": 104.69107055664062,
            "timestamp": 176
        },
        {
            "dx": 197.9272003173828,
            "dy": 104.50927734375,
            "timestamp": 176
        },
        {
            "dx": 198.3998565673828,
            "dy": 104.39990234375,
            "timestamp": 176
        },
        {
            "dx": 199.16371154785156,
            "dy": 104.29083251953125,
            "timestamp": 176
        },
        {
            "dx": 199.85443115234375,
            "dy": 104.29083251953125,
            "timestamp": 177
        },
        {
            "dx": 200.5092315673828,
            "dy": 104.29083251953125,
            "timestamp": 197
        },
        {
            "dx": 201.19993591308594,
            "dy": 104.29083251953125,
            "timestamp": 197
        },
        {
            "dx": 202.0727996826172,
            "dy": 104.39990234375,
            "timestamp": 197
        },
        {
            "dx": 203.12713623046875,
            "dy": 104.69107055664062,
            "timestamp": 197
        },
        {
            "dx": 204.25462341308594,
            "dy": 105.09091186523438,
            "timestamp": 197
        },
        {
            "dx": 205.3455352783203,
            "dy": 105.56356811523438,
            "timestamp": 216
        },
        {
            "dx": 206.47265625,
            "dy": 106.254638671875,
            "timestamp": 216
        },
        {
            "dx": 207.52734375,
            "dy": 106.9453125,
            "timestamp": 216
        },
        {
            "dx": 209.09091186523438,
            "dy": 108.47265625,
            "timestamp": 216
        },
        {
            "dx": 210.32740783691406,
            "dy": 110.03622436523438,
            "timestamp": 216
        },
        {
            "dx": 211.3817901611328,
            "dy": 111.60015869140625,
            "timestamp": 250
        },
        {
            "dx": 212.36363220214844,
            "dy": 113.27273559570312,
            "timestamp": 250
        },
        {
            "dx": 213.0181121826172,
            "dy": 114.727294921875,
            "timestamp": 251
        },
        {
            "dx": 213.7091827392578,
            "dy": 116.29083251953125,
            "timestamp": 251
        },
        {
            "dx": 214.36363220214844,
            "dy": 118.61825561523438,
            "timestamp": 251
        },
        {
            "dx": 215.05470275878906,
            "dy": 121.34552001953125,
            "timestamp": 251
        },
        {
            "dx": 215.41831970214844,
            "dy": 124.18182373046875,
            "timestamp": 251
        },
        {
            "dx": 215.7091827392578,
            "dy": 126.90908813476562,
            "timestamp": 251
        },
        {
            "dx": 215.7091827392578,
            "dy": 129.60015869140625,
            "timestamp": 251
        },
        {
            "dx": 215.7091827392578,
            "dy": 132.14559936523438,
            "timestamp": 272
        },
        {
            "dx": 215.63636779785156,
            "dy": 135.45458984375,
            "timestamp": 272
        },
        {
            "dx": 215.1271514892578,
            "dy": 139.16372680664062,
            "timestamp": 272
        },
        {
            "dx": 214.36363220214844,
            "dy": 143.23651123046875,
            "timestamp": 273
        },
        {
            "dx": 213.4907684326172,
            "dy": 147.23651123046875,
            "timestamp": 297
        },
        {
            "dx": 212.5454559326172,
            "dy": 150.8363037109375,
            "timestamp": 298
        },
        {
            "dx": 211.3817901611328,
            "dy": 154.14559936523438,
            "timestamp": 298
        },
        {
            "dx": 210.14561462402344,
            "dy": 157.56356811523438,
            "timestamp": 298
        },
        {
            "dx": 208.61825561523438,
            "dy": 160.98193359375,
            "timestamp": 298
        },
        {
            "dx": 206.9818878173828,
            "dy": 164.07284545898438,
            "timestamp": 298
        },
        {
            "dx": 204.65447998046875,
            "dy": 167.49081420898438,
            "timestamp": 298
        },
        {
            "dx": 202.43646240234375,
            "dy": 170.727294921875,
            "timestamp": 318
        },
        {
            "dx": 199.4545440673828,
            "dy": 173.92724609375,
            "timestamp": 319
        },
        {
            "dx": 196.47265625,
            "dy": 176.8363037109375,
            "timestamp": 319
        },
        {
            "dx": 193.4907684326172,
            "dy": 179.45455932617188,
            "timestamp": 319
        },
        {
            "dx": 190.61825561523438,
            "dy": 181.70916748046875,
            "timestamp": 319
        },
        {
            "dx": 187.8181915283203,
            "dy": 183.74539184570312,
            "timestamp": 338
        },
        {
            "dx": 184.90911865234375,
            "dy": 186,
            "timestamp": 339
        },
        {
            "dx": 180.69105529785156,
            "dy": 188.32742309570312,
            "timestamp": 339
        },
        {
            "dx": 176.5454559326172,
            "dy": 190.47265625,
            "timestamp": 339
        },
        {
            "dx": 172.3998565673828,
            "dy": 192.50924682617188,
            "timestamp": 339
        },
        {
            "dx": 168.2908477783203,
            "dy": 194.65447998046875,
            "timestamp": 361
        },
        {
            "dx": 164.14559936523438,
            "dy": 196.80007934570312,
            "timestamp": 362
        },
        {
            "dx": 159.8181915283203,
            "dy": 198.65447998046875,
            "timestamp": 362
        },
        {
            "dx": 155.09091186523438,
            "dy": 200.80007934570312,
            "timestamp": 362
        },
        {
            "dx": 150.2908477783203,
            "dy": 202.65447998046875,
            "timestamp": 362
        },
        {
            "dx": 145.67259216308594,
            "dy": 204.39987182617188,
            "timestamp": 379
        },
        {
            "dx": 141.3455352783203,
            "dy": 205.85440063476562,
            "timestamp": 379
        },
        {
            "dx": 137.0546875,
            "dy": 207.01812744140625,
            "timestamp": 379
        },
        {
            "dx": 132.727294921875,
            "dy": 208.10903930664062,
            "timestamp": 379
        },
        {
            "dx": 127.74539184570312,
            "dy": 209.27273559570312,
            "timestamp": 379
        },
        {
            "dx": 123.12715148925781,
            "dy": 210.54547119140625,
            "timestamp": 397
        },
        {
            "dx": 119.01811218261719,
            "dy": 211.70916748046875,
            "timestamp": 397
        },
        {
            "dx": 115.09091186523438,
            "dy": 212.58169555664062,
            "timestamp": 397
        },
        {
            "dx": 111.63636779785156,
            "dy": 213.3455810546875,
            "timestamp": 397
        },
        {
            "dx": 108.18183898925781,
            "dy": 213.85440063476562,
            "timestamp": 414
        },
        {
            "dx": 104.83628845214844,
            "dy": 214.32742309570312,
            "timestamp": 415
        },
        {
            "dx": 101.27273559570312,
            "dy": 214.61825561523438,
            "timestamp": 415
        },
        {
            "dx": 97.92720031738281,
            "dy": 214.8363037109375,
            "timestamp": 415
        },
        {
            "dx": 94.65449523925781,
            "dy": 214.8363037109375,
            "timestamp": 432
        },
        {
            "dx": 92.07279968261719,
            "dy": 214.43643188476562,
            "timestamp": 432
        },
        {
            "dx": 0,
            "dy": 0,
            "timestamp": 433
        },
        {
            "dx": 115.96377563476562,
            "dy": 83.09091186523438,
            "timestamp": 653
        },
        {
            "dx": 115.67259216308594,
            "dy": 85.8909912109375,
            "timestamp": 700
        },
        {
            "dx": 115.38174438476562,
            "dy": 89.12713623046875,
            "timestamp": 701
        },
        {
            "dx": 115.19993591308594,
            "dy": 92.32742309570312,
            "timestamp": 701
        },
        {
            "dx": 114.98188781738281,
            "dy": 96.61825561523438,
            "timestamp": 701
        },
        {
            "dx": 114.98188781738281,
            "dy": 101.27273559570312,
            "timestamp": 701
        },
        {
            "dx": 114.98188781738281,
            "dy": 106.03622436523438,
            "timestamp": 701
        },
        {
            "dx": 115.09091186523438,
            "dy": 110.727294921875,
            "timestamp": 701
        },
        {
            "dx": 115.38174438476562,
            "dy": 115.199951171875,
            "timestamp": 724
        },
        {
            "dx": 115.74539184570312,
            "dy": 119.781982421875,
            "timestamp": 724
        },
        {
            "dx": 116.14559936523438,
            "dy": 124.3636474609375,
            "timestamp": 724
        },
        {
            "dx": 116.90908813476562,
            "dy": 129.70916748046875,
            "timestamp": 725
        },
        {
            "dx": 118.254638671875,
            "dy": 135.16372680664062,
            "timestamp": 725
        },
        {
            "dx": 119.49076843261719,
            "dy": 140.50927734375,
            "timestamp": 725
        },
        {
            "dx": 120.18183898925781,
            "dy": 145.96377563476562,
            "timestamp": 751
        },
        {
            "dx": 121.4183349609375,
            "dy": 151.52734375,
            "timestamp": 751
        },
        {
            "dx": 123.34553527832031,
            "dy": 158.32742309570312,
            "timestamp": 751
        },
        {
            "dx": 124.69105529785156,
            "dy": 165.34555053710938,
            "timestamp": 752
        },
        {
            "dx": 126.58168029785156,
            "dy": 173.23651123046875,
            "timestamp": 752
        },
        {
            "dx": 0,
            "dy": 0,
            "timestamp": 753
        }
    ]
]