[
    [
        {
            "dx": 243.3455352783203,
            "dy": 140.14559936523438,
            "timestamp": 0
        },
        {
            "dx": 241.0181121826172,
            "dy": 139.92724609375,
            "timestamp": 23
        },
        {
            "dx": 238.5454559326172,
            "dy": 139.56356811523438,
            "timestamp": 24
        },
        {
            "dx": 236.32740783691406,
            "dy": 139.16372680664062,
            "timestamp": 24
        },
        {
            "dx": 233.41831970214844,
            "dy": 138.3636474609375,
            "timestamp": 24
        },
        {
            "dx": 231.41831970214844,
            "dy": 137.781982421875,
            "timestamp": 24
        },
        {
            "dx": 229.8544464111328,
            "dy": 137.3089599609375,
            "timestamp": 24
        },
        {
            "dx": 228.4364776611328,
            "dy": 136.727294921875,
            "timestamp": 48
        },
        {
            "dx": 227.4545440673828,
            "dy": 136.254638671875,
            "timestamp": 48
        },
        {
            "dx": 226.2908477783203,
            "dy": 135.672607421875,
            "timestamp": 48
        },
        {
            "dx": 225.16371154785156,
            "dy": 134.98193359375,
            "timestamp": 48
        },
        {
            "dx": 224.1818389892578,
            "dy": 134.18182373046875,
            "timestamp": 48
        },
        {
            "dx": 223.41831970214844,
            "dy": 133.52734375,
            "timestamp": 48
        },
        {
            "dx": 222.83628845214844,
            "dy": 132.8363037109375,
            "timestamp": 70
        },
        {
            "dx": 222.1818389892578,
            "dy": 131.96377563476562,
            "timestamp": 71
        },
        {
            "dx": 221.6001434326172,
            "dy": 131.16372680664062,
            "timestamp": 71
        },
        {
            "dx": 221.19993591308594,
            "dy": 130.50927734375,
            "timestamp": 71
        },
        {
            "dx": 220.9091339111328,
            "dy": 129.92724609375,
            "timestamp": 71
        },
        {
            "dx": 220.72727966308594,
            "dy": 129.4183349609375,
            "timestamp": 71
        },
        {
            "dx": 220.5454559326172,
            "dy": 129.12713623046875,
            "timestamp": 90
        },
        {
            "dx": 220.32740783691406,
            "dy": 128.727294921875,
            "timestamp": 90
        },
        {
            "dx": 220.25462341308594,
            "dy": 128.3636474609375,
            "timestamp": 90
        },
        {
            "dx": 220.14561462402344,
            "dy": 127.781982421875,
            "timestamp": 90
        },
        {
            "dx": 220.03623962402344,
            "dy": 127.38174438476562,
            "timestamp": 107
        },
        {
            "dx": 220.03623962402344,
            "dy": 126.10903930664062,
            "timestamp": 107
        },
        {
            "dx": 220.03623962402344,
            "dy": 125.52734375,
            "timestamp": 107
        },
        {
            "dx": 220.14561462402344,
            "dy": 125.4183349609375,
            "timestamp": 107
        },
        {
            "dx": 220.32740783691406,
            "dy": 125.34552001953125,
            "timestamp": 125
        },
        {
            "dx": 220.5454559326172,
            "dy": 125.34552001953125,
            "timestamp": 125
        },
        {
            "dx": 220.83628845214844,
            "dy": 125.34552001953125,
            "timestamp": 125
        },
        {
            "dx": 221.3817901611328,
            "dy": 125.34552001953125,
            "timestamp": 125
        },
        {
            "dx": 221.89097595214844,
            "dy": 125.34552001953125,
            "timestamp": 142
        },
        {
            "dx": 223.1271514892578,
            "dy": 125.4183349609375,
            "timestamp": 142
        },
        {
            "dx": 224.3998565673828,
            "dy": 125.70916748046875,
            "timestamp": 142
        },
        {
            "dx": 225.74537658691406,
            "dy": 126.10903930664062,
            "timestamp": 142
        },
        {
            "dx": 227.09092712402344,
            "dy": 126.69107055664062,
            "timestamp": 162
        },
        {
            "dx": 228.32740783691406,
            "dy": 127.27273559570312,
            "timestamp": 162
        },
        {
            "dx": 229.4907684326172,
            "dy": 127.96377563476562,
            "timestamp": 162
        },
        {
            "dx": 230.83628845214844,
            "dy": 128.9453125,
            "timestamp": 162
        },
        {
            "dx": 232.0727996826172,
            "dy": 130,
            "timestamp": 162
        },
        {
            "dx": 233.41831970214844,
            "dy": 131.45458984375,
            "timestamp": 181
        },
        {
            "dx": 234.58168029785156,
            "dy": 133.01815795898438,
            "timestamp": 181
        },
        {
            "dx": 235.4545440673828,
            "dy": 134.47265625,
            "timestamp": 181
        },
        {
            "dx": 236.21803283691406,
            "dy": 136.03622436523438,
            "timestamp": 182
        },
        {
            "dx": 237.09092712402344,
            "dy": 137.781982421875,
            "timestamp": 182
        },
        {
            "dx": 237.67259216308594,
            "dy": 139.63638305664062,
            "timestamp": 205
        },
        {
            "dx": 237.9638214111328,
            "dy": 141.70916748046875,
            "timestamp": 205
        },
        {
            "dx": 238.25462341308594,
            "dy": 144.10903930664062,
            "timestamp": 206
        },
        {
            "dx": 238.25462341308594,
            "dy": 146.76351928710938,
            "timestamp": 206
        },
        {
            "dx": 237.9638214111328,
            "dy": 149.781982421875,
            "timestamp": 206
        },
        {
            "dx": 237.27272033691406,
            "dy": 152.80007934570312,
            "timestamp": 233
        },
        {
            "dx": 236.32740783691406,
            "dy": 156.50927734375,
            "timestamp": 233
        },
        {
            "dx": 235.05470275878906,
            "dy": 159.8909912109375,
            "timestamp": 233
        },
        {
            "dx": 233.2365264892578,
            "dy": 163.70916748046875,
            "timestamp": 233
        },
        {
            "dx": 231.1271514892578,
            "dy": 167.49081420898438,
            "timestamp": 233
        },
        {
            "dx": 228.72727966308594,
            "dy": 171.09091186523438,
            "timestamp": 233
        },
        {
            "dx": 225.4545440673828,
            "dy": 174.69107055664062,
            "timestamp": 234
        },
        {
            "dx": 222.25462341308594,
            "dy": 178.21804809570312,
            "timestamp": 252
        },
        {
            "dx": 219.19993591308594,
            "dy": 181.70916748046875,
            "timestamp": 252
        },
        {
            "dx": 216.00001525878906,
            "dy": 184.90908813476562,
            "timestamp": 252
        },
        {
            "dx": 212.72727966308594,
            "dy": 187.85440063476562,
            "timestamp": 252
        },
        {
            "dx": 209.4545440673828,
            "dy": 190.7635498046875,
            "timestamp": 252
        },
        {
            "dx": 204.9453125,
            "dy": 193.672607421875,
            "timestamp": 272
        },
        {
            "dx": 200.14559936523438,
            "dy": 196.50924682617188,
            "timestamp": 272
        },
        {
            "dx": 195.70916748046875,
            "dy": 199.4183349609375,
            "timestamp": 272
        },
        {
            "dx": 191.4545440673828,
            "dy": 202.254638671875,
            "timestamp": 272
        },
        {
            "dx": 187.23651123046875,
            "dy": 204.98190307617188,
            "timestamp": 288
        },
        {
            "dx": 181.85443115234375,
            "dy": 208.18182373046875,
            "timestamp": 289
        },
        {
            "dx": 176.7635040283203,
            "dy": 210.727294921875,
            "timestamp": 289
        },
        {
            "dx": 171.9272003173828,
            "dy": 213.16372680664062,
            "timestamp": 289
        },
        {
            "dx": 167.23651123046875,
            "dy": 215.60015869140625,
            "timestamp": 289
        },
        {
            "dx": 162.58168029785156,
            "dy": 218.03622436523438,
            "timestamp": 309
        },
        {
            "dx": 158.18182373046875,
            "dy": 219.96377563476562,
            "timestamp": 309
        },
        {
            "dx": 153.74539184570312,
            "dy": 222.03622436523438,
            "timestamp": 309
        },
        {
            "dx": 148.9453125,
            "dy": 224.18182373046875,
            "timestamp": 309
        },
        {
            "dx": 144.25462341308594,
            "dy": 226.21804809570312,
            "timestamp": 310
        },
        {
            "dx": 139.9272003173828,
            "dy": 228.07281494140625,
            "timestamp": 324
        },
        {
            "dx": 136,
            "dy": 229.52734375,
            "timestamp": 324
        },
        {
            "dx": 130.43643188476562,
            "dy": 231.27273559570312,
            "timestamp": 324
        },
        {
            "dx": 125.81819152832031,
            "dy": 233.01812744140625,
            "timestamp": 324
        },
        {
            "dx": 121.52734375,
            "dy": 234.39987182617188,
            "timestamp": 339
        },
        {
            "dx": 117.85440063476562,
            "dy": 235.74539184570312,
            "timestamp": 340
        },
        {
            "dx": 114.21804809570312,
            "dy": 236.61825561523438,
            "timestamp": 340
        },
        {
            "dx": 0,
            "dy": 0,
            "timestamp": 341
        },
        {
            "dx": 43.090919494628906,
            "dy": 120.18182373046875,
            "timestamp": 567
        },
        {
            "dx": 44.436439514160156,
            "dy": 116.9453125,
            "timestamp": 567
        },
        {
            "dx": 46.07279968261719,
            "dy": 113.92724609375,
            "timestamp": 614
        },
        {
            "dx": 48.254615783691406,
            "dy": 111.01812744140625,
            "timestamp": 614
        },
        {
            "dx": 50.54545593261719,
            "dy": 108.29083251953125,
            "timestamp": 614
        },
        {
            "dx": 53.34552764892578,
            "dy": 105.672607421875,
            "timestamp": 614
        },
        {
            "dx": 56.618255615234375,
            "dy": 102.9453125,
            "timestamp": 614
        },
        {
            "dx": 59.672584533691406,
            "dy": 100.50927734375,
            "timestamp": 614
        },
        {
            "dx": 62.9453125,
            "dy": 98.18182373046875,
            "timestamp": 614
        },
        {
            "dx": 66.58168029785156,
            "dy": 96.03622436523438,
            "timestamp": 615
        },
        {
            "dx": 70.03622436523438,
            "dy": 94.254638671875,
            "timestamp": 615
        },
        {
            "dx": 72.3274154663086,
            "dy": 93.199951171875,
            "timestamp": 615
        },
        {
            "dx": 75.6725845336914,
            "dy": 91.23651123046875,
            "timestamp": 615
        },
        {
            "dx": 79.12714385986328,
            "dy": 89.3089599609375,
            "timestamp": 641
        },
        {
            "dx": 82.50923156738281,
            "dy": 87.27273559570312,
            "timestamp": 642
        },
        {
            "dx": 85.85440063476562,
            "dy": 85.199951171875,
            "timestamp": 642
        },
        {
            "dx": 89.89097595214844,
            "dy": 83.16372680664062,
            "timestamp": 642
        },
        {
            "dx": 93.89097595214844,
            "dy": 81.23651123046875,
            "timestamp": 642
        },
        {
            "dx": 97.81819152832031,
            "dy": 79.45458984375,
            "timestamp": 642
        },
        {
            "dx": 101.56356811523438,
            "dy": 77.70916748046875,
            "timestamp": 642
        },
        {
            "dx": 104.9453125,
            "dy": 76.14559936523438,
            "timestamp": 668
        },
        {
            "dx": 107.81819152832031,
            "dy": 74.61825561523438,
            "timestamp": 668
        },
        {
            "dx": 110.39985656738281,
            "dy": 73.23651123046875,
            "timestamp": 668
        },
        {
            "dx": 112.87287902832031,
            "dy": 72.18182373046875,
            "timestamp": 668
        },
        {
            "dx": 114.98188781738281,
            "dy": 71.3089599609375,
            "timestamp": 668
        },
        {
            "dx": 116.80007934570312,
            "dy": 70.61825561523438,
            "timestamp": 669
        },
        {
            "dx": 117.85440063476562,
            "dy": 70.21804809570312,
            "timestamp": 692
        },
        {
            "dx": 118.54545593261719,
            "dy": 70.03622436523438,
            "timestamp": 692
        },
        {
            "dx": 118.90908813476562,
            "dy": 69.81817626953125,
            "timestamp": 692
        },
        {
            "dx": 119.3089599609375,
            "dy": 69.74539184570312,
            "timestamp": 692
        },
        {
            "dx": 119.70918273925781,
            "dy": 69.74539184570312,
            "timestamp": 693
        },
        {
            "dx": 119.70918273925781,
            "dy": 69.81817626953125,
            "timestamp": 717
        },
        {
            "dx": 119.4183349609375,
            "dy": 70.21804809570312,
            "timestamp": 737
        },
        {
            "dx": 118.43643188476562,
            "dy": 71.49078369140625,
            "timestamp": 737
        },
        {
            "dx": 116.80007934570312,
            "dy": 73.63638305664062,
            "timestamp": 737
        },
        {
            "dx": 114.98188781738281,
            "dy": 75.96377563476562,
            "timestamp": 737
        },
        {
            "dx": 112.58168029785156,
            "dy": 78.69107055664062,
            "timestamp": 737
        },
        {
            "dx": 110.29084777832031,
            "dy": 81.4183349609375,
            "timestamp": 758
        },
        {
            "dx": 107.70918273925781,
            "dy": 84.254638671875,
            "timestamp": 759
        },
        {
            "dx": 104.83628845214844,
            "dy": 87.56356811523438,
            "timestamp": 759
        },
        {
            "dx": 102.03622436523438,
            "dy": 90.65447998046875,
            "timestamp": 759
        },
        {
            "dx": 98.98188781738281,
            "dy": 93.8909912109375,
            "timestamp": 759
        },
        {
            "dx": 96.10902404785156,
            "dy": 97.27273559570312,
            "timestamp": 780
        },
        {
            "dx": 93.23652648925781,
            "dy": 100.61825561523438,
            "timestamp": 781
        },
        {
            "dx": 90.43643188476562,
            "dy": 103.81817626953125,
            "timestamp": 781
        },
        {
            "dx": 88.14559936523438,
            "dy": 107.52734375,
            "timestamp": 781
        },
        {
            "dx": 85.45454406738281,
            "dy": 110.8363037109375,
            "timestamp": 781
        },
        {
            "dx": 82.98188781738281,
            "dy": 113.85440063476562,
            "timestamp": 781
        },
        {
            "dx": 80.76349639892578,
            "dy": 116.76348876953125,
            "timestamp": 802
        },
        {
            "dx": 78.9453125,
            "dy": 119.781982421875,
            "timestamp": 802
        },
        {
            "dx": 77.30895233154297,
            "dy": 122.69107055664062,
            "timestamp": 802
        },
        {
            "dx": 75.6725845336914,
            "dy": 125.12713623046875,
            "timestamp": 802
        },
        {
            "dx": 74.14559936523438,
            "dy": 127.672607421875,
            "timestamp": 803
        },
        {
            "dx": 73.1999282836914,
            "dy": 130.50927734375,
            "timestamp": 825
        },
        {
            "dx": 71.92720031738281,
            "dy": 133.3089599609375,
            "timestamp": 825
        },
        {
            "dx": 70.98188781738281,
            "dy": 136.14559936523438,
            "timestamp": 825
        },
        {
            "dx": 70.2180404663086,
            "dy": 138.98193359375,
            "timestamp": 825
        },
        {
            "dx": 69.63636779785156,
            "dy": 141.49081420898438,
            "timestamp": 826
        },
        {
            "dx": 69.2727279663086,
            "dy": 144.21804809570312,
            "timestamp": 847
        },
        {
            "dx": 69.0546875,
            "dy": 147.0546875,
            "timestamp": 847
        },
        {
            "dx": 68.87287139892578,
            "dy": 149.85440063476562,
            "timestamp": 847
        },
        {
            "dx": 68.76349639892578,
            "dy": 152.39990234375,
            "timestamp": 847
        },
        {
            "dx": 69.0546875,
            "dy": 155.3089599609375,
            "timestamp": 847
        },
        {
            "dx": 69.2727279663086,
            "dy": 157.96377563476562,
            "timestamp": 848
        },
        {
            "dx": 69.81818389892578,
            "dy": 160.47265625,
            "timestamp": 870
        },
        {
            "dx": 70.69105529785156,
            "dy": 163.01815795898438,
            "timestamp": 870
        },
        {
            "dx": 71.7453842163086,
            "dy": 165.45458984375,
            "timestamp": 870
        },
        {
            "dx": 72.98188781738281,
            "dy": 168,
            "timestamp": 870
        },
        {
            "dx": 74.2546157836914,
            "dy": 170.21804809570312,
            "timestamp": 870
        },
        {
            "dx": 75.7819595336914,
            "dy": 172.47265625,
            "timestamp": 892
        },
        {
            "dx": 77.23651885986328,
            "dy": 174.39990234375,
            "timestamp": 893
        },
        {
            "dx": 78.9453125,
            "dy": 176.254638671875,
            "timestamp": 893
        },
        {
            "dx": 80.76349639892578,
            "dy": 178,
            "timestamp": 893
        },
        {
            "dx": 82.58168029785156,
            "dy": 179.45455932617188,
            "timestamp": 893
        },
        {
            "dx": 84.39985656738281,
            "dy": 180.727294921875,
            "timestamp": 893
        },
        {
            "dx": 86.32742309570312,
            "dy": 181.8182373046875,
            "timestamp": 912
        },
        {
            "dx": 88.03622436523438,
            "dy": 182.50924682617188,
            "timestamp": 912
        },
        {
            "dx": 90.72727966308594,
            "dy": 183.27273559570312,
            "timestamp": 912
        },
        {
            "dx": 93.60014343261719,
            "dy": 184.03622436523438,
            "timestamp": 912
        },
        {
            "dx": 96.76350402832031,
            "dy": 184.61825561523438,
            "timestamp": 912
        },
        {
            "dx": 99.63636779785156,
            "dy": 185.01812744140625,
            "timestamp": 931
        },
        {
            "dx": 102.32742309570312,
            "dy": 185.12713623046875,
            "timestamp": 932
        },
        {
            "dx": 105.01811218261719,
            "dy": 185.12713623046875,
            "timestamp": 932
        },
        {
            "dx": 107.0546875,
            "dy": 185.01812744140625,
            "timestamp": 932
        },
        {
            "dx": 109.41831970214844,
            "dy": 184.8363037109375,
            "timestamp": 932
        },
        {
            "dx": 112.87287902832031,
            "dy": 184.14559936523438,
            "timestamp": 951
        },
        {
            "dx": 116.727294921875,
            "dy": 183.38174438476562,
            "timestamp": 951
        },
        {
            "dx": 120.254638671875,
            "dy": 182.2908935546875,
            "timestamp": 951
        },
        {
            "dx": 124,
            "dy": 181.23651123046875,
            "timestamp": 952
        },
        {
            "dx": 127.45454406738281,
            "dy": 179.96377563476562,
            "timestamp": 971
        },
        {
            "dx": 130.727294921875,
            "dy": 178.39987182617188,
            "timestamp": 971
        },
        {
            "dx": 134.254638671875,
            "dy": 176.43643188476562,
            "timestamp": 971
        },
        {
            "dx": 138,
            "dy": 174.39990234375,
            "timestamp": 971
        },
        {
            "dx": 141.4545440673828,
            "dy": 172.3636474609375,
            "timestamp": 971
        },
        {
            "dx": 145.0181121826172,
            "dy": 170.32742309570312,
            "timestamp": 991
        },
        {
            "dx": 148.72727966308594,
            "dy": 167.8909912109375,
            "timestamp": 991
        },
        {
            "dx": 151.9272003173828,
            "dy": 165.45458984375,
            "timestamp": 991
        },
        {
            "dx": 154.90908813476562,
            "dy": 163.199951171875,
            "timestamp": 992
        },
        {
            "dx": 157.30897521972656,
            "dy": 161.0546875,
            "timestamp": 992
        },
        {
            "dx": 159.8181915283203,
            "dy": 158.61825561523438,
            "timestamp": 1011
        },
        {
            "dx": 162.69105529785156,
            "dy": 155.70916748046875,
            "timestamp": 1012
        },
        {
            "dx": 165.19993591308594,
            "dy": 152.87289428710938,
            "timestamp": 1012
        },
        {
            "dx": 167.4907684326172,
            "dy": 150.18182373046875,
            "timestamp": 1012
        },
        {
            "dx": 169.70916748046875,
            "dy": 147.52734375,
            "timestamp": 1012
        },
        {
            "dx": 171.9272003173828,
            "dy": 144.90908813476562,
            "timestamp": 1034
        },
        {
            "dx": 173.96380615234375,
            "dy": 142.29086303710938,
            "timestamp": 1034
        },
        {
            "dx": 175.4907684326172,
            "dy": 139.45458984375,
            "timestamp": 1034
        },
        {
            "dx": 177.0181121826172,
            "dy": 137.3089599609375,
            "timestamp": 1034
        },
        {
            "dx": 178.3998565673828,
            "dy": 135.16372680664062,
            "timestamp": 1034
        },
        {
            "dx": 179.52734375,
            "dy": 132.9453125,
            "timestamp": 1035
        },
        {
            "dx": 180.69105529785156,
            "dy": 130.39990234375,
            "timestamp": 1056
        },
        {
            "dx": 181.85443115234375,
            "dy": 127.49078369140625,
            "timestamp": 1057
        },
        {
            "dx": 182.80007934570312,
            "dy": 124.76348876953125,
            "timestamp": 1057
        },
        {
            "dx": 183.85443115234375,
            "dy": 122.21804809570312,
            "timestamp": 1057
        },
        {
            "dx": 184.90911865234375,
            "dy": 119.01812744140625,
            "timestamp": 1057
        },
        {
            "dx": 185.78196716308594,
            "dy": 115.781982421875,
            "timestamp": 1078
        },
        {
            "dx": 186.83631896972656,
            "dy": 112.10903930664062,
            "timestamp": 1079
        },
        {
            "dx": 187.8181915283203,
            "dy": 108.18182373046875,
            "timestamp": 1079
        },
        {
            "dx": 188.69105529785156,
            "dy": 104.21804809570312,
            "timestamp": 1079
        },
        {
            "dx": 189.3455352783203,
            "dy": 100.21804809570312,
            "timestamp": 1079
        },
        {
            "dx": 190.03622436523438,
            "dy": 95.45458984375,
            "timestamp": 1098
        },
        {
            "dx": 190.3998565673828,
            "dy": 91.16372680664062,
            "timestamp": 1098
        },
        {
            "dx": 190.90911865234375,
            "dy": 87.56356811523438,
            "timestamp": 1098
        },
        {
            "dx": 0,
            "dy": 0,
            "timestamp": 1099
        },
        {
            "dx": 123.92720031738281,
            "dy": 139.74539184570312,
            "timestamp": 1335
        },
        {
            "dx": 127.45454406738281,
            "dy": 139.74539184570312,
            "timestamp": 1335
        },
        {
            "dx": 132.0727996826172,
            "dy": 139.34555053710938,
            "timestamp": 1360
        },
        {
            "dx": 0,
            "dy": 0,
            "timestamp": 1361
        }
    ],
    [
        {
            "dx": 192.12767028808594,
            "dy": 118.84762573242188,
            "timestamp": 0
        },
        {
            "dx": 191.79464721679688,
            "dy": 117.8480224609375,
            "timestamp": 0
        },
        {
            "dx": 191.46160888671875,
            "dy": 117.181640625,
            "timestamp": 0
        },
        {
            "dx": 191.1285858154297,
            "dy": 116.5152587890625,
            "timestamp": 0
        },
        {
            "dx": 191.1285858154297,
            "dy": 115.84884643554688,
            "timestamp": 0
        },
        {
            "dx": 191.1285858154297,
            "dy": 114.182861328125,
            "timestamp": 22
        },
        {
            "dx": 191.1285858154297,
            "dy": 112.51690673828125,
            "timestamp": 23
        },
        {
            "dx": 191.46160888671875,
            "dy": 111.51730346679688,
            "timestamp": 23
        },
        {
            "dx": 192.460693359375,
            "dy": 110.85089111328125,
            "timestamp": 23
        },
        {
            "dx": 193.79278564453125,
            "dy": 110.18450927734375,
            "timestamp": 23
        },
        {
            "dx": 195.1248779296875,
            "dy": 109.85128784179688,
            "timestamp": 23
        },
        {
            "dx": 196.79002380371094,
            "dy": 109.51812744140625,
            "timestamp": 50
        },
        {
            "dx": 198.1221160888672,
            "dy": 109.18490600585938,
            "timestamp": 50
        },
        {
            "dx": 199.45420837402344,
            "dy": 109.18490600585938,
            "timestamp": 50
        },
        {
            "dx": 200.78631591796875,
            "dy": 108.8516845703125,
            "timestamp": 51
        },
        {
            "dx": 202.4514617919922,
            "dy": 108.8516845703125,
            "timestamp": 51
        },
        {
            "dx": 204.11656188964844,
            "dy": 108.8516845703125,
            "timestamp": 51
        },
        {
            "dx": 206.11471557617188,
            "dy": 108.8516845703125,
            "timestamp": 51
        },
        {
            "dx": 208.11285400390625,
            "dy": 108.8516845703125,
            "timestamp": 52
        },
        {
            "dx": 209.7779998779297,
            "dy": 109.18490600585938,
            "timestamp": 77
        },
        {
            "dx": 211.443115234375,
            "dy": 109.51812744140625,
            "timestamp": 77
        },
        {
            "dx": 212.77520751953125,
            "dy": 110.18450927734375,
            "timestamp": 77
        },
        {
            "dx": 214.4403533935547,
            "dy": 110.85089111328125,
            "timestamp": 77
        },
        {
            "dx": 215.43942260742188,
            "dy": 111.51730346679688,
            "timestamp": 77
        },
        {
            "dx": 216.7715301513672,
            "dy": 112.18368530273438,
            "timestamp": 77
        },
        {
            "dx": 217.43756103515625,
            "dy": 112.85006713867188,
            "timestamp": 103
        },
        {
            "dx": 218.43663024902344,
            "dy": 113.84967041015625,
            "timestamp": 103
        },
        {
            "dx": 218.7696533203125,
            "dy": 114.51608276367188,
            "timestamp": 103
        },
        {
            "dx": 219.4357147216797,
            "dy": 115.18246459960938,
            "timestamp": 103
        },
        {
            "dx": 219.76873779296875,
            "dy": 116.18206787109375,
            "timestamp": 103
        },
        {
            "dx": 220.10177612304688,
            "dy": 117.51486206054688,
            "timestamp": 104
        },
        {
            "dx": 220.10177612304688,
            "dy": 118.84762573242188,
            "timestamp": 104
        },
        {
            "dx": 220.10177612304688,
            "dy": 120.180419921875,
            "timestamp": 129
        },
        {
            "dx": 220.10177612304688,
            "dy": 121.51327514648438,
            "timestamp": 129
        },
        {
            "dx": 219.76873779296875,
            "dy": 123.17919921875,
            "timestamp": 129
        },
        {
            "dx": 219.1027069091797,
            "dy": 125.17840576171875,
            "timestamp": 129
        },
        {
            "dx": 218.10362243652344,
            "dy": 127.17758178710938,
            "timestamp": 129
        },
        {
            "dx": 216.7715301513672,
            "dy": 129.1767578125,
            "timestamp": 129
        },
        {
            "dx": 215.43942260742188,
            "dy": 130.84274291992188,
            "timestamp": 129
        },
        {
            "dx": 214.1072998046875,
            "dy": 132.84197998046875,
            "timestamp": 158
        },
        {
            "dx": 212.4421844482422,
            "dy": 134.84115600585938,
            "timestamp": 158
        },
        {
            "dx": 210.44403076171875,
            "dy": 136.84033203125,
            "timestamp": 158
        },
        {
            "dx": 208.44589233398438,
            "dy": 138.83953857421875,
            "timestamp": 159
        },
        {
            "dx": 206.78076171875,
            "dy": 140.5054931640625,
            "timestamp": 159
        },
        {
            "dx": 204.7826385498047,
            "dy": 142.50473022460938,
            "timestamp": 159
        },
        {
            "dx": 202.7844696044922,
            "dy": 144.170654296875,
            "timestamp": 159
        },
        {
            "dx": 201.11935424804688,
            "dy": 145.836669921875,
            "timestamp": 159
        },
        {
            "dx": 198.78817749023438,
            "dy": 147.83587646484375,
            "timestamp": 193
        },
        {
            "dx": 196.45700073242188,
            "dy": 149.83505249023438,
            "timestamp": 193
        },
        {
            "dx": 194.12582397460938,
            "dy": 151.834228515625,
            "timestamp": 193
        },
        {
            "dx": 191.79464721679688,
            "dy": 153.83343505859375,
            "timestamp": 194
        },
        {
            "dx": 189.79649353027344,
            "dy": 155.83261108398438,
            "timestamp": 194
        },
        {
            "dx": 187.79833984375,
            "dy": 157.831787109375,
            "timestamp": 194
        },
        {
            "dx": 185.8002166748047,
            "dy": 159.83099365234375,
            "timestamp": 194
        },
        {
            "dx": 184.13507080078125,
            "dy": 161.83016967773438,
            "timestamp": 194
        },
        {
            "dx": 182.46994018554688,
            "dy": 163.49618530273438,
            "timestamp": 218
        },
        {
            "dx": 180.8048095703125,
            "dy": 165.49533081054688,
            "timestamp": 218
        },
        {
            "dx": 179.47271728515625,
            "dy": 167.4945068359375,
            "timestamp": 218
        },
        {
            "dx": 178.14060974121094,
            "dy": 169.49374389648438,
            "timestamp": 218
        },
        {
            "dx": 176.8085174560547,
            "dy": 171.49288940429688,
            "timestamp": 218
        },
        {
            "dx": 175.14340209960938,
            "dy": 174.49166870117188,
            "timestamp": 218
        },
        {
            "dx": 173.811279296875,
            "dy": 178.1568603515625,
            "timestamp": 218
        },
        {
            "dx": 172.81222534179688,
            "dy": 181.1556396484375,
            "timestamp": 218
        },
        {
            "dx": 172.1461639404297,
            "dy": 184.1544189453125,
            "timestamp": 240
        },
        {
            "dx": 172.1461639404297,
            "dy": 184.48764038085938,
            "timestamp": 240
        },
        {
            "dx": 0,
            "dy": 0,
            "timestamp": 241
        },
        {
            "dx": 192.12767028808594,
            "dy": 124.51205444335938,
            "timestamp": 853
        },
        {
            "dx": 195.1248779296875,
            "dy": 125.84481811523438,
            "timestamp": 853
        },
        {
            "dx": 198.45513916015625,
            "dy": 127.84396362304688,
            "timestamp": 874
        },
        {
            "dx": 200.78631591796875,
            "dy": 128.84359741210938,
            "timestamp": 874
        },
        {
            "dx": 202.4514617919922,
            "dy": 129.50997924804688,
            "timestamp": 874
        },
        {
            "dx": 204.11656188964844,
            "dy": 129.8431396484375,
            "timestamp": 875
        },
        {
            "dx": 205.78167724609375,
            "dy": 130.17636108398438,
            "timestamp": 875
        },
        {
            "dx": 207.1138153076172,
            "dy": 130.17636108398438,
            "timestamp": 896
        },
        {
            "dx": 210.1110076904297,
            "dy": 130.50961303710938,
            "timestamp": 896
        },
        {
            "dx": 212.4421844482422,
            "dy": 130.50961303710938,
            "timestamp": 896
        },
        {
            "dx": 214.4403533935547,
            "dy": 130.17636108398438,
            "timestamp": 896
        },
        {
            "dx": 216.7715301513672,
            "dy": 129.50997924804688,
            "timestamp": 896
        },
        {
            "dx": 217.43756103515625,
            "dy": 129.1767578125,
            "timestamp": 896
        },
        {
            "dx": 0,
            "dy": 0,
            "timestamp": 917
        },
        {
            "dx": 120.19427490234375,
            "dy": 89.19305419921875,
            "timestamp": 1757
        },
        {
            "dx": 119.52822875976562,
            "dy": 89.19305419921875,
            "timestamp": 1758
        },
        {
            "dx": 119.1951904296875,
            "dy": 89.19305419921875,
            "timestamp": 1793
        },
        {
            "dx": 118.52914428710938,
            "dy": 89.19305419921875,
            "timestamp": 1793
        },
        {
            "dx": 118.19613647460938,
            "dy": 89.19305419921875,
            "timestamp": 1793
        },
        {
            "dx": 117.86309814453125,
            "dy": 89.19305419921875,
            "timestamp": 1793
        },
        {
            "dx": 117.53007507324219,
            "dy": 89.19305419921875,
            "timestamp": 1794
        },
        {
            "dx": 117.19705200195312,
            "dy": 89.19305419921875,
            "timestamp": 1794
        },
        {
            "dx": 116.864013671875,
            "dy": 89.52621459960938,
            "timestamp": 1794
        },
        {
            "dx": 116.53099060058594,
            "dy": 89.52621459960938,
            "timestamp": 1794
        },
        {
            "dx": 116.19796752929688,
            "dy": 89.52621459960938,
            "timestamp": 1794
        },
        {
            "dx": 115.86495971679688,
            "dy": 89.52621459960938,
            "timestamp": 1820
        },
        {
            "dx": 115.53192138671875,
            "dy": 89.52621459960938,
            "timestamp": 1821
        },
        {
            "dx": 115.53192138671875,
            "dy": 89.85943603515625,
            "timestamp": 1821
        },
        {
            "dx": 115.19889831542969,
            "dy": 89.85943603515625,
            "timestamp": 1821
        },
        {
            "dx": 114.86587524414062,
            "dy": 89.85943603515625,
            "timestamp": 1842
        },
        {
            "dx": 115.19889831542969,
            "dy": 89.85943603515625,
            "timestamp": 1907
        },
        {
            "dx": 116.19796752929688,
            "dy": 89.85943603515625,
            "timestamp": 1908
        },
        {
            "dx": 117.53007507324219,
            "dy": 89.85943603515625,
            "timestamp": 1908
        },
        {
            "dx": 119.86123657226562,
            "dy": 89.52621459960938,
            "timestamp": 1908
        },
        {
            "dx": 121.85940551757812,
            "dy": 88.85983276367188,
            "timestamp": 1926
        },
        {
            "dx": 124.19058227539062,
            "dy": 88.526611328125,
            "timestamp": 1926
        },
        {
            "dx": 126.188720703125,
            "dy": 88.19345092773438,
            "timestamp": 1926
        },
        {
            "dx": 128.5198974609375,
            "dy": 87.8602294921875,
            "timestamp": 1926
        },
        {
            "dx": 130.51803588867188,
            "dy": 87.52703857421875,
            "timestamp": 1926
        },
        {
            "dx": 131.8501434326172,
            "dy": 87.19384765625,
            "timestamp": 1952
        },
        {
            "dx": 133.84829711914062,
            "dy": 86.86065673828125,
            "timestamp": 1952
        },
        {
            "dx": 135.513427734375,
            "dy": 86.86065673828125,
            "timestamp": 1952
        },
        {
            "dx": 136.84552001953125,
            "dy": 86.86065673828125,
            "timestamp": 1952
        },
        {
            "dx": 138.1776123046875,
            "dy": 86.86065673828125,
            "timestamp": 1952
        },
        {
            "dx": 139.17669677734375,
            "dy": 86.86065673828125,
            "timestamp": 1952
        },
        {
            "dx": 140.5087890625,
            "dy": 86.86065673828125,
            "timestamp": 1981
        },
        {
            "dx": 141.50787353515625,
            "dy": 86.86065673828125,
            "timestamp": 1981
        },
        {
            "dx": 142.17391967773438,
            "dy": 86.86065673828125,
            "timestamp": 1982
        },
        {
            "dx": 142.8399658203125,
            "dy": 86.86065673828125,
            "timestamp": 1982
        },
        {
            "dx": 143.1730194091797,
            "dy": 86.86065673828125,
            "timestamp": 1982
        },
        {
            "dx": 143.5060272216797,
            "dy": 86.86065673828125,
            "timestamp": 1982
        },
        {
            "dx": 143.8390350341797,
            "dy": 86.86065673828125,
            "timestamp": 2002
        },
        {
            "dx": 143.8390350341797,
            "dy": 87.52703857421875,
            "timestamp": 2024
        },
        {
            "dx": 143.8390350341797,
            "dy": 88.526611328125,
            "timestamp": 2024
        },
        {
            "dx": 143.8390350341797,
            "dy": 90.192626953125,
            "timestamp": 2024
        },
        {
            "dx": 142.8399658203125,
            "dy": 92.52499389648438,
            "timestamp": 2024
        },
        {
            "dx": 141.50787353515625,
            "dy": 94.524169921875,
            "timestamp": 2024
        },
        {
            "dx": 139.84274291992188,
            "dy": 97.52294921875,
            "timestamp": 2024
        },
        {
            "dx": 137.51156616210938,
            "dy": 100.85494995117188,
            "timestamp": 2024
        },
        {
            "dx": 135.18038940429688,
            "dy": 104.52011108398438,
            "timestamp": 2047
        },
        {
            "dx": 132.51620483398438,
            "dy": 108.185302734375,
            "timestamp": 2048
        },
        {
            "dx": 130.18502807617188,
            "dy": 111.8504638671875,
            "timestamp": 2048
        },
        {
            "dx": 127.52081298828125,
            "dy": 115.84884643554688,
            "timestamp": 2048
        },
        {
            "dx": 124.85662841796875,
            "dy": 119.5140380859375,
            "timestamp": 2048
        },
        {
            "dx": 121.85940551757812,
            "dy": 123.51242065429688,
            "timestamp": 2070
        },
        {
            "dx": 119.1951904296875,
            "dy": 127.17758178710938,
            "timestamp": 2071
        },
        {
            "dx": 116.864013671875,
            "dy": 130.50961303710938,
            "timestamp": 2071
        },
        {
            "dx": 114.5328369140625,
            "dy": 133.841552734375,
            "timestamp": 2071
        },
        {
            "dx": 112.20169067382812,
            "dy": 137.17352294921875,
            "timestamp": 2071
        },
        {
            "dx": 109.87051391601562,
            "dy": 140.5054931640625,
            "timestamp": 2071
        },
        {
            "dx": 107.53933715820312,
            "dy": 143.5042724609375,
            "timestamp": 2071
        },
        {
            "dx": 105.54116821289062,
            "dy": 146.5030517578125,
            "timestamp": 2100
        },
        {
            "dx": 103.54302978515625,
            "dy": 149.16864013671875,
            "timestamp": 2100
        },
        {
            "dx": 101.87789916992188,
            "dy": 151.834228515625,
            "timestamp": 2101
        },
        {
            "dx": 100.54580688476562,
            "dy": 154.49984741210938,
            "timestamp": 2101
        },
        {
            "dx": 99.54672241210938,
            "dy": 156.16586303710938,
            "timestamp": 2101
        },
        {
            "dx": 98.54763793945312,
            "dy": 158.4981689453125,
            "timestamp": 2101
        },
        {
            "dx": 97.54856872558594,
            "dy": 160.49740600585938,
            "timestamp": 2101
        },
        {
            "dx": 97.21554565429688,
            "dy": 162.16342163085938,
            "timestamp": 2128
        },
        {
            "dx": 96.88253021240234,
            "dy": 163.829345703125,
            "timestamp": 2129
        },
        {
            "dx": 96.54949188232422,
            "dy": 164.82894897460938,
            "timestamp": 2129
        },
        {
            "dx": 96.54949188232422,
            "dy": 165.82855224609375,
            "timestamp": 2129
        },
        {
            "dx": 96.54949188232422,
            "dy": 166.49496459960938,
            "timestamp": 2129
        },
        {
            "dx": 96.54949188232422,
            "dy": 166.828125,
            "timestamp": 2129
        },
        {
            "dx": 96.54949188232422,
            "dy": 167.16134643554688,
            "timestamp": 2129
        },
        {
            "dx": 96.54949188232422,
            "dy": 167.4945068359375,
            "timestamp": 2129
        },
        {
            "dx": 96.54949188232422,
            "dy": 168.16098022460938,
            "timestamp": 2155
        },
        {
            "dx": 97.21554565429688,
            "dy": 168.49411010742188,
            "timestamp": 2156
        },
        {
            "dx": 98.21463012695312,
            "dy": 169.1605224609375,
            "timestamp": 2156
        },
        {
            "dx": 99.87974548339844,
            "dy": 169.826904296875,
            "timestamp": 2156
        },
        {
            "dx": 101.87789916992188,
            "dy": 170.4932861328125,
            "timestamp": 2156
        },
        {
            "dx": 104.20907592773438,
            "dy": 170.82650756835938,
            "timestamp": 2156
        },
        {
            "dx": 106.87327575683594,
            "dy": 170.82650756835938,
            "timestamp": 2156
        },
        {
            "dx": 109.87051391601562,
            "dy": 170.82650756835938,
            "timestamp": 2183
        },
        {
            "dx": 112.86772155761719,
            "dy": 170.82650756835938,
            "timestamp": 2183
        },
        {
            "dx": 116.53099060058594,
            "dy": 170.82650756835938,
            "timestamp": 2186
        },
        {
            "dx": 120.19427490234375,
            "dy": 170.82650756835938,
            "timestamp": 2186
        },
        {
            "dx": 124.19058227539062,
            "dy": 170.4932861328125,
            "timestamp": 2186
        },
        {
            "dx": 128.18687438964844,
            "dy": 169.826904296875,
            "timestamp": 2186
        },
        {
            "dx": 132.18316650390625,
            "dy": 168.82733154296875,
            "timestamp": 2186
        },
        {
            "dx": 135.513427734375,
            "dy": 167.82772827148438,
            "timestamp": 2186
        },
        {
            "dx": 139.17669677734375,
            "dy": 166.828125,
            "timestamp": 2216
        },
        {
            "dx": 142.50694274902344,
            "dy": 165.49533081054688,
            "timestamp": 2217
        },
        {
            "dx": 145.5041961669922,
            "dy": 164.4957275390625,
            "timestamp": 2217
        },
        {
            "dx": 148.5013885498047,
            "dy": 163.1629638671875,
            "timestamp": 2217
        },
        {
            "dx": 151.49862670898438,
            "dy": 162.16342163085938,
            "timestamp": 2218
        },
        {
            "dx": 153.82980346679688,
            "dy": 160.83056640625,
            "timestamp": 2218
        },
        {
            "dx": 156.16098022460938,
            "dy": 159.83099365234375,
            "timestamp": 2218
        },
        {
            "dx": 158.15911865234375,
            "dy": 158.83139038085938,
            "timestamp": 2218
        },
        {
            "dx": 159.8242645263672,
            "dy": 158.16500854492188,
            "timestamp": 2243
        },
        {
            "dx": 160.82330322265625,
            "dy": 157.49862670898438,
            "timestamp": 2243
        },
        {
            "dx": 161.8223876953125,
            "dy": 157.1654052734375,
            "timestamp": 2243
        },
        {
            "dx": 162.1554412841797,
            "dy": 156.83221435546875,
            "timestamp": 2243
        },
        {
            "dx": 162.82147216796875,
            "dy": 156.49899291992188,
            "timestamp": 2244
        },
        {
            "dx": 163.15447998046875,
            "dy": 156.49899291992188,
            "timestamp": 2244
        },
        {
            "dx": 162.4884490966797,
            "dy": 156.49899291992188,
            "timestamp": 2277
        },
        {
            "dx": 160.49029541015625,
            "dy": 156.49899291992188,
            "timestamp": 2294
        },
        {
            "dx": 157.4930877685547,
            "dy": 157.1654052734375,
            "timestamp": 2294
        },
        {
            "dx": 153.82980346679688,
            "dy": 157.831787109375,
            "timestamp": 2294
        },
        {
            "dx": 150.4995574951172,
            "dy": 158.4981689453125,
            "timestamp": 2294
        },
        {
            "dx": 147.5023193359375,
            "dy": 159.16464233398438,
            "timestamp": 2321
        },
        {
            "dx": 145.171142578125,
            "dy": 159.49777221679688,
            "timestamp": 2321
        },
        {
            "dx": 0,
            "dy": 0,
            "timestamp": 2323
        },
        {
            "dx": 145.5041961669922,
            "dy": 134.84115600585938,
            "timestamp": 2461
        },
        {
            "dx": 150.8325653076172,
            "dy": 132.84197998046875,
            "timestamp": 2461
        },
        {
            "dx": 154.828857421875,
            "dy": 131.17596435546875,
            "timestamp": 2461
        },
        {
            "dx": 158.49215698242188,
            "dy": 129.8431396484375,
            "timestamp": 2461
        },
        {
            "dx": 162.1554412841797,
            "dy": 128.5103759765625,
            "timestamp": 2461
        },
        {
            "dx": 166.15171813964844,
            "dy": 127.17758178710938,
            "timestamp": 2484
        },
        {
            "dx": 170.14801025390625,
            "dy": 125.5115966796875,
            "timestamp": 2485
        },
        {
            "dx": 175.47642517089844,
            "dy": 123.51242065429688,
            "timestamp": 2485
        },
        {
            "dx": 176.1424560546875,
            "dy": 123.51242065429688,
            "timestamp": 2485
        },
        {
            "dx": 175.80943298339844,
            "dy": 123.51242065429688,
            "timestamp": 2485
        },
        {
            "dx": 0,
            "dy": 0,
            "timestamp": 2504
        }
    ]
]