[
    [
        {
            "dx": 231.09161376953125,
            "dy": 73.19952392578125,
            "timestamp": 0
        },
        {
            "dx": 230.092529296875,
            "dy": 76.86468505859375,
            "timestamp": 0
        },
        {
            "dx": 228.76043701171875,
            "dy": 80.19671630859375,
            "timestamp": 0
        },
        {
            "dx": 228.0943603515625,
            "dy": 82.19586181640625,
            "timestamp": 0
        },
        {
            "dx": 227.7613525390625,
            "dy": 83.52865600585938,
            "timestamp": 26
        },
        {
            "dx": 227.09527587890625,
            "dy": 84.8614501953125,
            "timestamp": 26
        },
        {
            "dx": 226.42926025390625,
            "dy": 86.19427490234375,
            "timestamp": 27
        },
        {
            "dx": 226.09625244140625,
            "dy": 86.86065673828125,
            "timestamp": 27
        },
        {
            "dx": 225.09713745117188,
            "dy": 88.526611328125,
            "timestamp": 27
        },
        {
            "dx": 224.0980682373047,
            "dy": 89.52621459960938,
            "timestamp": 60
        },
        {
            "dx": 223.4320068359375,
            "dy": 90.192626953125,
            "timestamp": 61
        },
        {
            "dx": 223.09898376464844,
            "dy": 90.52581787109375,
            "timestamp": 61
        },
        {
            "dx": 222.76596069335938,
            "dy": 90.8590087890625,
            "timestamp": 61
        },
        {
            "dx": 222.43295288085938,
            "dy": 91.19223022460938,
            "timestamp": 61
        },
        {
            "dx": 222.09991455078125,
            "dy": 91.19223022460938,
            "timestamp": 61
        },
        {
            "dx": 221.7668914794922,
            "dy": 91.19223022460938,
            "timestamp": 61
        },
        {
            "dx": 221.4338836669922,
            "dy": 91.19223022460938,
            "timestamp": 61
        },
        {
            "dx": 221.100830078125,
            "dy": 91.525390625,
            "timestamp": 61
        },
        {
            "dx": 220.76780700683594,
            "dy": 91.525390625,
            "timestamp": 84
        },
        {
            "dx": 220.43478393554688,
            "dy": 91.525390625,
            "timestamp": 84
        },
        {
            "dx": 220.10177612304688,
            "dy": 91.525390625,
            "timestamp": 84
        },
        {
            "dx": 219.76873779296875,
            "dy": 91.525390625,
            "timestamp": 84
        },
        {
            "dx": 219.4357147216797,
            "dy": 91.525390625,
            "timestamp": 114
        },
        {
            "dx": 219.1027069091797,
            "dy": 91.525390625,
            "timestamp": 114
        },
        {
            "dx": 218.7696533203125,
            "dy": 91.525390625,
            "timestamp": 114
        },
        {
            "dx": 218.43663024902344,
            "dy": 91.525390625,
            "timestamp": 115
        },
        {
            "dx": 218.10362243652344,
            "dy": 91.525390625,
            "timestamp": 115
        },
        {
            "dx": 217.77059936523438,
            "dy": 91.19223022460938,
            "timestamp": 115
        },
        {
            "dx": 217.1045379638672,
            "dy": 90.8590087890625,
            "timestamp": 115
        },
        {
            "dx": 216.7715301513672,
            "dy": 90.192626953125,
            "timestamp": 115
        },
        {
            "dx": 216.10546875,
            "dy": 89.52621459960938,
            "timestamp": 138
        },
        {
            "dx": 215.77244567871094,
            "dy": 88.526611328125,
            "timestamp": 139
        },
        {
            "dx": 215.43942260742188,
            "dy": 87.8602294921875,
            "timestamp": 139
        },
        {
            "dx": 214.7733612060547,
            "dy": 87.19384765625,
            "timestamp": 139
        },
        {
            "dx": 214.4403533935547,
            "dy": 86.19427490234375,
            "timestamp": 139
        },
        {
            "dx": 214.1072998046875,
            "dy": 85.19464111328125,
            "timestamp": 139
        },
        {
            "dx": 214.1072998046875,
            "dy": 84.195068359375,
            "timestamp": 139
        },
        {
            "dx": 213.7742919921875,
            "dy": 83.19549560546875,
            "timestamp": 165
        },
        {
            "dx": 213.44126892089844,
            "dy": 82.19586181640625,
            "timestamp": 165
        },
        {
            "dx": 213.10824584960938,
            "dy": 81.52947998046875,
            "timestamp": 165
        },
        {
            "dx": 213.10824584960938,
            "dy": 81.1962890625,
            "timestamp": 165
        },
        {
            "dx": 213.10824584960938,
            "dy": 80.86309814453125,
            "timestamp": 165
        },
        {
            "dx": 213.10824584960938,
            "dy": 80.52987670898438,
            "timestamp": 165
        },
        {
            "dx": 213.10824584960938,
            "dy": 80.19671630859375,
            "timestamp": 165
        },
        {
            "dx": 212.77520751953125,
            "dy": 80.19671630859375,
            "timestamp": 187
        },
        {
            "dx": 212.4421844482422,
            "dy": 80.19671630859375,
            "timestamp": 238
        },
        {
            "dx": 212.1091766357422,
            "dy": 80.52987670898438,
            "timestamp": 238
        },
        {
            "dx": 211.7761688232422,
            "dy": 81.1962890625,
            "timestamp": 238
        },
        {
            "dx": 210.77706909179688,
            "dy": 82.19586181640625,
            "timestamp": 238
        },
        {
            "dx": 209.4449920654297,
            "dy": 83.86187744140625,
            "timestamp": 238
        },
        {
            "dx": 208.44589233398438,
            "dy": 85.52783203125,
            "timestamp": 256
        },
        {
            "dx": 207.1138153076172,
            "dy": 87.19384765625,
            "timestamp": 256
        },
        {
            "dx": 205.78167724609375,
            "dy": 88.526611328125,
            "timestamp": 256
        },
        {
            "dx": 204.4495849609375,
            "dy": 90.52581787109375,
            "timestamp": 258
        },
        {
            "dx": 203.11749267578125,
            "dy": 91.85861206054688,
            "timestamp": 259
        },
        {
            "dx": 201.78538513183594,
            "dy": 93.52459716796875,
            "timestamp": 280
        },
        {
            "dx": 200.4532928466797,
            "dy": 95.52377319335938,
            "timestamp": 281
        },
        {
            "dx": 199.12118530273438,
            "dy": 97.52294921875,
            "timestamp": 281
        },
        {
            "dx": 197.7891082763672,
            "dy": 99.52215576171875,
            "timestamp": 281
        },
        {
            "dx": 196.12396240234375,
            "dy": 101.52133178710938,
            "timestamp": 281
        },
        {
            "dx": 194.45884704589844,
            "dy": 103.5205078125,
            "timestamp": 281
        },
        {
            "dx": 192.793701171875,
            "dy": 104.85333251953125,
            "timestamp": 313
        },
        {
            "dx": 191.1285858154297,
            "dy": 106.85250854492188,
            "timestamp": 313
        },
        {
            "dx": 189.46347045898438,
            "dy": 108.51849365234375,
            "timestamp": 313
        },
        {
            "dx": 188.1313934326172,
            "dy": 109.85128784179688,
            "timestamp": 313
        },
        {
            "dx": 186.79925537109375,
            "dy": 110.85089111328125,
            "timestamp": 313
        },
        {
            "dx": 185.4671630859375,
            "dy": 112.18368530273438,
            "timestamp": 313
        },
        {
            "dx": 184.13507080078125,
            "dy": 113.18328857421875,
            "timestamp": 313
        },
        {
            "dx": 182.80296325683594,
            "dy": 114.182861328125,
            "timestamp": 313
        },
        {
            "dx": 181.1378631591797,
            "dy": 115.18246459960938,
            "timestamp": 345
        },
        {
            "dx": 179.80575561523438,
            "dy": 115.84884643554688,
            "timestamp": 346
        },
        {
            "dx": 178.4736328125,
            "dy": 116.5152587890625,
            "timestamp": 346
        },
        {
            "dx": 177.14154052734375,
            "dy": 117.181640625,
            "timestamp": 346
        },
        {
            "dx": 176.1424560546875,
            "dy": 117.51486206054688,
            "timestamp": 346
        },
        {
            "dx": 174.81036376953125,
            "dy": 117.8480224609375,
            "timestamp": 347
        },
        {
            "dx": 173.811279296875,
            "dy": 117.8480224609375,
            "timestamp": 347
        },
        {
            "dx": 172.47918701171875,
            "dy": 117.8480224609375,
            "timestamp": 347
        },
        {
            "dx": 171.4801025390625,
            "dy": 117.8480224609375,
            "timestamp": 347
        },
        {
            "dx": 170.48104858398438,
            "dy": 117.8480224609375,
            "timestamp": 347
        },
        {
            "dx": 169.4819793701172,
            "dy": 117.8480224609375,
            "timestamp": 371
        },
        {
            "dx": 168.14987182617188,
            "dy": 117.8480224609375,
            "timestamp": 371
        },
        {
            "dx": 167.1508026123047,
            "dy": 117.8480224609375,
            "timestamp": 371
        },
        {
            "dx": 166.15171813964844,
            "dy": 117.8480224609375,
            "timestamp": 371
        },
        {
            "dx": 165.48565673828125,
            "dy": 117.8480224609375,
            "timestamp": 371
        },
        {
            "dx": 164.153564453125,
            "dy": 117.8480224609375,
            "timestamp": 372
        },
        {
            "dx": 163.15447998046875,
            "dy": 117.8480224609375,
            "timestamp": 372
        },
        {
            "dx": 161.8223876953125,
            "dy": 117.8480224609375,
            "timestamp": 396
        },
        {
            "dx": 160.82330322265625,
            "dy": 117.8480224609375,
            "timestamp": 397
        },
        {
            "dx": 159.8242645263672,
            "dy": 117.8480224609375,
            "timestamp": 397
        },
        {
            "dx": 158.82516479492188,
            "dy": 117.8480224609375,
            "timestamp": 397
        },
        {
            "dx": 157.4930877685547,
            "dy": 117.8480224609375,
            "timestamp": 397
        },
        {
            "dx": 156.49398803710938,
            "dy": 118.18124389648438,
            "timestamp": 398
        },
        {
            "dx": 155.4949188232422,
            "dy": 118.51446533203125,
            "timestamp": 422
        },
        {
            "dx": 154.16282653808594,
            "dy": 119.18084716796875,
            "timestamp": 423
        },
        {
            "dx": 153.1637420654297,
            "dy": 119.84722900390625,
            "timestamp": 423
        },
        {
            "dx": 152.1646728515625,
            "dy": 120.180419921875,
            "timestamp": 423
        },
        {
            "dx": 150.8325653076172,
            "dy": 121.18002319335938,
            "timestamp": 423
        },
        {
            "dx": 149.83349609375,
            "dy": 121.84640502929688,
            "timestamp": 423
        },
        {
            "dx": 148.5013885498047,
            "dy": 122.84603881835938,
            "timestamp": 423
        },
        {
            "dx": 147.16929626464844,
            "dy": 123.8455810546875,
            "timestamp": 448
        },
        {
            "dx": 146.1702117919922,
            "dy": 124.84518432617188,
            "timestamp": 449
        },
        {
            "dx": 144.83811950683594,
            "dy": 125.84481811523438,
            "timestamp": 449
        },
        {
            "dx": 143.8390350341797,
            "dy": 126.8443603515625,
            "timestamp": 449
        },
        {
            "dx": 142.8399658203125,
            "dy": 127.51083374023438,
            "timestamp": 449
        },
        {
            "dx": 141.50787353515625,
            "dy": 128.5103759765625,
            "timestamp": 449
        },
        {
            "dx": 140.5087890625,
            "dy": 129.50997924804688,
            "timestamp": 479
        },
        {
            "dx": 139.84274291992188,
            "dy": 130.50961303710938,
            "timestamp": 479
        },
        {
            "dx": 139.50973510742188,
            "dy": 131.5091552734375,
            "timestamp": 479
        },
        {
            "dx": 138.8436737060547,
            "dy": 132.175537109375,
            "timestamp": 479
        },
        {
            "dx": 138.1776123046875,
            "dy": 132.84197998046875,
            "timestamp": 479
        },
        {
            "dx": 137.51156616210938,
            "dy": 133.50839233398438,
            "timestamp": 481
        },
        {
            "dx": 137.17855834960938,
            "dy": 134.5079345703125,
            "timestamp": 481
        },
        {
            "dx": 136.84552001953125,
            "dy": 135.17431640625,
            "timestamp": 482
        },
        {
            "dx": 136.5124969482422,
            "dy": 135.84075927734375,
            "timestamp": 482
        },
        {
            "dx": 136.17947387695312,
            "dy": 136.84033203125,
            "timestamp": 503
        },
        {
            "dx": 135.846435546875,
            "dy": 137.83993530273438,
            "timestamp": 503
        },
        {
            "dx": 135.846435546875,
            "dy": 138.83953857421875,
            "timestamp": 504
        },
        {
            "dx": 135.513427734375,
            "dy": 139.50595092773438,
            "timestamp": 504
        },
        {
            "dx": 135.513427734375,
            "dy": 140.5054931640625,
            "timestamp": 504
        },
        {
            "dx": 135.513427734375,
            "dy": 141.50509643554688,
            "timestamp": 505
        },
        {
            "dx": 135.513427734375,
            "dy": 142.50473022460938,
            "timestamp": 531
        },
        {
            "dx": 135.513427734375,
            "dy": 143.5042724609375,
            "timestamp": 532
        },
        {
            "dx": 135.513427734375,
            "dy": 144.50387573242188,
            "timestamp": 532
        },
        {
            "dx": 135.846435546875,
            "dy": 145.50350952148438,
            "timestamp": 532
        },
        {
            "dx": 136.5124969482422,
            "dy": 146.83627319335938,
            "timestamp": 532
        },
        {
            "dx": 137.51156616210938,
            "dy": 147.50265502929688,
            "timestamp": 532
        },
        {
            "dx": 138.1776123046875,
            "dy": 148.50228881835938,
            "timestamp": 532
        },
        {
            "dx": 138.51065063476562,
            "dy": 148.50228881835938,
            "timestamp": 532
        },
        {
            "dx": 0,
            "dy": 0,
            "timestamp": 556
        },
        {
            "dx": 220.43478393554688,
            "dy": 126.177978515625,
            "timestamp": 754
        },
        {
            "dx": 221.7668914794922,
            "dy": 126.177978515625,
            "timestamp": 754
        },
        {
            "dx": 223.4320068359375,
            "dy": 126.177978515625,
            "timestamp": 754
        },
        {
            "dx": 224.76409912109375,
            "dy": 126.51119995117188,
            "timestamp": 754
        },
        {
            "dx": 226.42926025390625,
            "dy": 127.17758178710938,
            "timestamp": 780
        },
        {
            "dx": 227.7613525390625,
            "dy": 128.17718505859375,
            "timestamp": 780
        },
        {
            "dx": 229.75949096679688,
            "dy": 130.17636108398438,
            "timestamp": 781
        },
        {
            "dx": 230.75860595703125,
            "dy": 131.17596435546875,
            "timestamp": 781
        },
        {
            "dx": 231.42462158203125,
            "dy": 132.175537109375,
            "timestamp": 781
        },
        {
            "dx": 231.42462158203125,
            "dy": 133.17514038085938,
            "timestamp": 781
        },
        {
            "dx": 231.75762939453125,
            "dy": 134.17474365234375,
            "timestamp": 781
        },
        {
            "dx": 231.75762939453125,
            "dy": 135.17431640625,
            "timestamp": 815
        },
        {
            "dx": 231.75762939453125,
            "dy": 135.84075927734375,
            "timestamp": 815
        },
        {
            "dx": 231.75762939453125,
            "dy": 136.50717163085938,
            "timestamp": 815
        },
        {
            "dx": 231.75762939453125,
            "dy": 137.5067138671875,
            "timestamp": 815
        },
        {
            "dx": 231.42462158203125,
            "dy": 138.173095703125,
            "timestamp": 815
        },
        {
            "dx": 231.09161376953125,
            "dy": 138.83953857421875,
            "timestamp": 816
        },
        {
            "dx": 230.75860595703125,
            "dy": 139.50595092773438,
            "timestamp": 816
        },
        {
            "dx": 230.092529296875,
            "dy": 140.17230224609375,
            "timestamp": 816
        },
        {
            "dx": 229.42645263671875,
            "dy": 140.83871459960938,
            "timestamp": 842
        },
        {
            "dx": 228.42742919921875,
            "dy": 141.83831787109375,
            "timestamp": 842
        },
        {
            "dx": 227.42831420898438,
            "dy": 142.50473022460938,
            "timestamp": 843
        },
        {
            "dx": 226.09625244140625,
            "dy": 143.83749389648438,
            "timestamp": 843
        },
        {
            "dx": 224.76409912109375,
            "dy": 144.83709716796875,
            "timestamp": 843
        },
        {
            "dx": 223.4320068359375,
            "dy": 145.50350952148438,
            "timestamp": 843
        },
        {
            "dx": 222.43295288085938,
            "dy": 146.5030517578125,
            "timestamp": 843
        },
        {
            "dx": 221.100830078125,
            "dy": 147.50265502929688,
            "timestamp": 843
        },
        {
            "dx": 219.76873779296875,
            "dy": 148.50228881835938,
            "timestamp": 870
        },
        {
            "dx": 218.7696533203125,
            "dy": 149.16864013671875,
            "timestamp": 870
        },
        {
            "dx": 217.43756103515625,
            "dy": 150.50143432617188,
            "timestamp": 870
        },
        {
            "dx": 216.10546875,
            "dy": 151.50106811523438,
            "timestamp": 870
        },
        {
            "dx": 215.10638427734375,
            "dy": 152.5006103515625,
            "timestamp": 870
        },
        {
            "dx": 214.1072998046875,
            "dy": 153.83343505859375,
            "timestamp": 870
        },
        {
            "dx": 213.44126892089844,
            "dy": 154.8330078125,
            "timestamp": 870
        },
        {
            "dx": 212.77520751953125,
            "dy": 155.83261108398438,
            "timestamp": 894
        },
        {
            "dx": 212.1091766357422,
            "dy": 156.16586303710938,
            "timestamp": 894
        },
        {
            "dx": 211.7761688232422,
            "dy": 156.83221435546875,
            "timestamp": 894
        },
        {
            "dx": 211.443115234375,
            "dy": 157.1654052734375,
            "timestamp": 895
        },
        {
            "dx": 211.11009216308594,
            "dy": 157.831787109375,
            "timestamp": 895
        },
        {
            "dx": 211.11009216308594,
            "dy": 158.16500854492188,
            "timestamp": 918
        },
        {
            "dx": 0,
            "dy": 0,
            "timestamp": 957
        },
        {
            "dx": 163.15447998046875,
            "dy": 87.52703857421875,
            "timestamp": 1206
        },
        {
            "dx": 166.15171813964844,
            "dy": 85.86105346679688,
            "timestamp": 1206
        },
        {
            "dx": 169.4819793701172,
            "dy": 84.195068359375,
            "timestamp": 1206
        },
        {
            "dx": 171.4801025390625,
            "dy": 83.52865600585938,
            "timestamp": 1229
        },
        {
            "dx": 172.81222534179688,
            "dy": 82.86227416992188,
            "timestamp": 1229
        },
        {
            "dx": 173.811279296875,
            "dy": 82.529052734375,
            "timestamp": 1229
        },
        {
            "dx": 174.4773406982422,
            "dy": 82.19586181640625,
            "timestamp": 1229
        },
        {
            "dx": 175.14340209960938,
            "dy": 82.19586181640625,
            "timestamp": 1230
        },
        {
            "dx": 176.1424560546875,
            "dy": 81.52947998046875,
            "timestamp": 1258
        },
        {
            "dx": 177.47457885742188,
            "dy": 81.1962890625,
            "timestamp": 1258
        },
        {
            "dx": 178.4736328125,
            "dy": 81.1962890625,
            "timestamp": 1258
        },
        {
            "dx": 178.8066864013672,
            "dy": 80.86309814453125,
            "timestamp": 1258
        },
        {
            "dx": 179.1396942138672,
            "dy": 80.86309814453125,
            "timestamp": 1258
        },
        {
            "dx": 179.47271728515625,
            "dy": 80.86309814453125,
            "timestamp": 1258
        },
        {
            "dx": 179.80575561523438,
            "dy": 80.86309814453125,
            "timestamp": 1258
        },
        {
            "dx": 180.13876342773438,
            "dy": 80.86309814453125,
            "timestamp": 1285
        },
        {
            "dx": 180.47178649902344,
            "dy": 81.1962890625,
            "timestamp": 1285
        },
        {
            "dx": 180.8048095703125,
            "dy": 81.52947998046875,
            "timestamp": 1285
        },
        {
            "dx": 181.4708709716797,
            "dy": 82.529052734375,
            "timestamp": 1286
        },
        {
            "dx": 182.13690185546875,
            "dy": 83.52865600585938,
            "timestamp": 1286
        },
        {
            "dx": 182.46994018554688,
            "dy": 84.8614501953125,
            "timestamp": 1286
        },
        {
            "dx": 182.80296325683594,
            "dy": 86.19427490234375,
            "timestamp": 1310
        },
        {
            "dx": 183.4690399169922,
            "dy": 87.52703857421875,
            "timestamp": 1311
        },
        {
            "dx": 0,
            "dy": 0,
            "timestamp": 1312
        }
    ]
]