[
    [
        {
            "dx": 196.79002380371094,
            "dy": 62.87042236328125,
            "timestamp": 0
        },
        {
            "dx": 197.7891082763672,
            "dy": 59.2052001953125,
            "timestamp": 1
        },
        {
            "dx": 199.45420837402344,
            "dy": 54.8736572265625,
            "timestamp": 1
        },
        {
            "dx": 201.45236206054688,
            "dy": 51.8748779296875,
            "timestamp": 1
        },
        {
            "dx": 203.11749267578125,
            "dy": 49.20928955078125,
            "timestamp": 19
        },
        {
            "dx": 205.1156463623047,
            "dy": 46.87689208984375,
            "timestamp": 19
        },
        {
            "dx": 207.4468231201172,
            "dy": 44.54449462890625,
            "timestamp": 19
        },
        {
            "dx": 209.4449920654297,
            "dy": 43.21173095703125,
            "timestamp": 19
        },
        {
            "dx": 212.77520751953125,
            "dy": 41.2125244140625,
            "timestamp": 45
        },
        {
            "dx": 214.7733612060547,
            "dy": 39.879730224609375,
            "timestamp": 45
        },
        {
            "dx": 216.4384765625,
            "dy": 38.880126953125,
            "timestamp": 46
        },
        {
            "dx": 218.10362243652344,
            "dy": 38.54693603515625,
            "timestamp": 46
        },
        {
            "dx": 219.4357147216797,
            "dy": 38.2137451171875,
            "timestamp": 46
        },
        {
            "dx": 220.43478393554688,
            "dy": 37.88055419921875,
            "timestamp": 46
        },
        {
            "dx": 221.4338836669922,
            "dy": 37.54736328125,
            "timestamp": 46
        },
        {
            "dx": 222.43295288085938,
            "dy": 37.54736328125,
            "timestamp": 72
        },
        {
            "dx": 223.4320068359375,
            "dy": 37.21417236328125,
            "timestamp": 72
        },
        {
            "dx": 224.43109130859375,
            "dy": 37.21417236328125,
            "timestamp": 72
        },
        {
            "dx": 225.43016052246094,
            "dy": 37.21417236328125,
            "timestamp": 72
        },
        {
            "dx": 226.09625244140625,
            "dy": 37.21417236328125,
            "timestamp": 72
        },
        {
            "dx": 227.09527587890625,
            "dy": 37.21417236328125,
            "timestamp": 72
        },
        {
            "dx": 227.7613525390625,
            "dy": 37.21417236328125,
            "timestamp": 72
        },
        {
            "dx": 228.42742919921875,
            "dy": 37.54736328125,
            "timestamp": 97
        },
        {
            "dx": 229.09344482421875,
            "dy": 37.54736328125,
            "timestamp": 98
        },
        {
            "dx": 229.75949096679688,
            "dy": 38.2137451171875,
            "timestamp": 98
        },
        {
            "dx": 230.092529296875,
            "dy": 38.2137451171875,
            "timestamp": 98
        },
        {
            "dx": 230.425537109375,
            "dy": 38.54693603515625,
            "timestamp": 98
        },
        {
            "dx": 230.75860595703125,
            "dy": 38.54693603515625,
            "timestamp": 98
        },
        {
            "dx": 231.09161376953125,
            "dy": 38.880126953125,
            "timestamp": 98
        },
        {
            "dx": 231.42462158203125,
            "dy": 39.213348388671875,
            "timestamp": 122
        },
        {
            "dx": 231.42462158203125,
            "dy": 39.879730224609375,
            "timestamp": 122
        },
        {
            "dx": 231.42462158203125,
            "dy": 40.21295166015625,
            "timestamp": 122
        },
        {
            "dx": 231.75762939453125,
            "dy": 40.87933349609375,
            "timestamp": 122
        },
        {
            "dx": 231.75762939453125,
            "dy": 41.54571533203125,
            "timestamp": 122
        },
        {
            "dx": 231.75762939453125,
            "dy": 42.54534912109375,
            "timestamp": 122
        },
        {
            "dx": 231.75762939453125,
            "dy": 43.21173095703125,
            "timestamp": 122
        },
        {
            "dx": 231.75762939453125,
            "dy": 44.54449462890625,
            "timestamp": 144
        },
        {
            "dx": 231.75762939453125,
            "dy": 45.54412841796875,
            "timestamp": 144
        },
        {
            "dx": 231.75762939453125,
            "dy": 46.87689208984375,
            "timestamp": 145
        },
        {
            "dx": 231.75762939453125,
            "dy": 48.209686279296875,
            "timestamp": 145
        },
        {
            "dx": 231.75762939453125,
            "dy": 49.54248046875,
            "timestamp": 145
        },
        {
            "dx": 231.75762939453125,
            "dy": 50.87530517578125,
            "timestamp": 145
        },
        {
            "dx": 231.09161376953125,
            "dy": 52.541259765625,
            "timestamp": 168
        },
        {
            "dx": 230.425537109375,
            "dy": 54.207244873046875,
            "timestamp": 168
        },
        {
            "dx": 229.42645263671875,
            "dy": 56.539642333984375,
            "timestamp": 169
        },
        {
            "dx": 228.42742919921875,
            "dy": 59.2052001953125,
            "timestamp": 169
        },
        {
            "dx": 227.7613525390625,
            "dy": 62.2039794921875,
            "timestamp": 169
        },
        {
            "dx": 226.42926025390625,
            "dy": 64.86956787109375,
            "timestamp": 169
        },
        {
            "dx": 225.43016052246094,
            "dy": 67.20196533203125,
            "timestamp": 197
        },
        {
            "dx": 224.43109130859375,
            "dy": 69.53436279296875,
            "timestamp": 197
        },
        {
            "dx": 223.09898376464844,
            "dy": 71.20037841796875,
            "timestamp": 198
        },
        {
            "dx": 221.7668914794922,
            "dy": 72.8663330078125,
            "timestamp": 198
        },
        {
            "dx": 220.10177612304688,
            "dy": 74.53231811523438,
            "timestamp": 198
        },
        {
            "dx": 218.43663024902344,
            "dy": 76.19830322265625,
            "timestamp": 198
        },
        {
            "dx": 216.7715301513672,
            "dy": 77.86431884765625,
            "timestamp": 198
        },
        {
            "dx": 214.7733612060547,
            "dy": 78.8638916015625,
            "timestamp": 198
        },
        {
            "dx": 213.10824584960938,
            "dy": 80.52987670898438,
            "timestamp": 226
        },
        {
            "dx": 211.11009216308594,
            "dy": 82.86227416992188,
            "timestamp": 226
        },
        {
            "dx": 209.4449920654297,
            "dy": 84.8614501953125,
            "timestamp": 226
        },
        {
            "dx": 207.7798309326172,
            "dy": 86.86065673828125,
            "timestamp": 226
        },
        {
            "dx": 206.11471557617188,
            "dy": 88.19345092773438,
            "timestamp": 226
        },
        {
            "dx": 204.7826385498047,
            "dy": 89.52621459960938,
            "timestamp": 227
        },
        {
            "dx": 203.11749267578125,
            "dy": 90.8590087890625,
            "timestamp": 227
        },
        {
            "dx": 202.118408203125,
            "dy": 91.525390625,
            "timestamp": 256
        },
        {
            "dx": 200.4532928466797,
            "dy": 92.52499389648438,
            "timestamp": 257
        },
        {
            "dx": 199.12118530273438,
            "dy": 93.52459716796875,
            "timestamp": 257
        },
        {
            "dx": 197.7891082763672,
            "dy": 94.19100952148438,
            "timestamp": 257
        },
        {
            "dx": 196.45700073242188,
            "dy": 94.524169921875,
            "timestamp": 257
        },
        {
            "dx": 195.1248779296875,
            "dy": 94.85739135742188,
            "timestamp": 257
        },
        {
            "dx": 193.79278564453125,
            "dy": 95.19061279296875,
            "timestamp": 257
        },
        {
            "dx": 192.460693359375,
            "dy": 95.52377319335938,
            "timestamp": 257
        },
        {
            "dx": 191.46160888671875,
            "dy": 95.52377319335938,
            "timestamp": 275
        },
        {
            "dx": 190.4625701904297,
            "dy": 95.85699462890625,
            "timestamp": 276
        },
        {
            "dx": 189.46347045898438,
            "dy": 95.85699462890625,
            "timestamp": 276
        },
        {
            "dx": 188.4644012451172,
            "dy": 95.85699462890625,
            "timestamp": 276
        },
        {
            "dx": 187.79833984375,
            "dy": 95.85699462890625,
            "timestamp": 276
        },
        {
            "dx": 186.79925537109375,
            "dy": 95.85699462890625,
            "timestamp": 303
        },
        {
            "dx": 186.1332244873047,
            "dy": 95.85699462890625,
            "timestamp": 304
        },
        {
            "dx": 185.13414001464844,
            "dy": 95.85699462890625,
            "timestamp": 304
        },
        {
            "dx": 184.46807861328125,
            "dy": 95.85699462890625,
            "timestamp": 304
        },
        {
            "dx": 183.8020477294922,
            "dy": 95.85699462890625,
            "timestamp": 304
        },
        {
            "dx": 182.80296325683594,
            "dy": 95.52377319335938,
            "timestamp": 304
        },
        {
            "dx": 181.80389404296875,
            "dy": 94.524169921875,
            "timestamp": 325
        },
        {
            "dx": 180.8048095703125,
            "dy": 93.8577880859375,
            "timestamp": 326
        },
        {
            "dx": 180.13876342773438,
            "dy": 92.85821533203125,
            "timestamp": 326
        },
        {
            "dx": 179.47271728515625,
            "dy": 91.85861206054688,
            "timestamp": 326
        },
        {
            "dx": 178.8066864013672,
            "dy": 90.52581787109375,
            "timestamp": 326
        },
        {
            "dx": 178.14060974121094,
            "dy": 89.19305419921875,
            "timestamp": 326
        },
        {
            "dx": 177.47457885742188,
            "dy": 87.52703857421875,
            "timestamp": 326
        },
        {
            "dx": 176.8085174560547,
            "dy": 85.86105346679688,
            "timestamp": 348
        },
        {
            "dx": 176.1424560546875,
            "dy": 83.86187744140625,
            "timestamp": 349
        },
        {
            "dx": 176.1424560546875,
            "dy": 82.529052734375,
            "timestamp": 349
        },
        {
            "dx": 175.80943298339844,
            "dy": 81.1962890625,
            "timestamp": 349
        },
        {
            "dx": 175.47642517089844,
            "dy": 79.5302734375,
            "timestamp": 349
        },
        {
            "dx": 175.14340209960938,
            "dy": 78.197509765625,
            "timestamp": 349
        },
        {
            "dx": 175.14340209960938,
            "dy": 77.19793701171875,
            "timestamp": 349
        },
        {
            "dx": 175.14340209960938,
            "dy": 76.19830322265625,
            "timestamp": 376
        },
        {
            "dx": 175.14340209960938,
            "dy": 75.53192138671875,
            "timestamp": 376
        },
        {
            "dx": 174.81036376953125,
            "dy": 74.86553955078125,
            "timestamp": 376
        },
        {
            "dx": 174.81036376953125,
            "dy": 74.19915771484375,
            "timestamp": 377
        },
        {
            "dx": 174.81036376953125,
            "dy": 73.86590576171875,
            "timestamp": 377
        },
        {
            "dx": 174.81036376953125,
            "dy": 73.53271484375,
            "timestamp": 377
        },
        {
            "dx": 174.81036376953125,
            "dy": 73.19952392578125,
            "timestamp": 396
        },
        {
            "dx": 174.81036376953125,
            "dy": 73.53271484375,
            "timestamp": 431
        },
        {
            "dx": 174.81036376953125,
            "dy": 73.86590576171875,
            "timestamp": 449
        },
        {
            "dx": 174.81036376953125,
            "dy": 74.19915771484375,
            "timestamp": 449
        },
        {
            "dx": 174.81036376953125,
            "dy": 74.53231811523438,
            "timestamp": 449
        },
        {
            "dx": 174.81036376953125,
            "dy": 74.86553955078125,
            "timestamp": 449
        },
        {
            "dx": 174.81036376953125,
            "dy": 75.19873046875,
            "timestamp": 472
        },
        {
            "dx": 174.81036376953125,
            "dy": 75.8651123046875,
            "timestamp": 473
        },
        {
            "dx": 174.81036376953125,
            "dy": 77.19793701171875,
            "timestamp": 473
        },
        {
            "dx": 174.81036376953125,
            "dy": 78.197509765625,
            "timestamp": 473
        },
        {
            "dx": 174.81036376953125,
            "dy": 79.5302734375,
            "timestamp": 473
        },
        {
            "dx": 174.4773406982422,
            "dy": 80.86309814453125,
            "timestamp": 473
        },
        {
            "dx": 174.1443328857422,
            "dy": 83.19549560546875,
            "timestamp": 494
        },
        {
            "dx": 173.478271484375,
            "dy": 84.8614501953125,
            "timestamp": 496
        },
        {
            "dx": 172.81222534179688,
            "dy": 86.52743530273438,
            "timestamp": 496
        },
        {
            "dx": 171.8131561279297,
            "dy": 87.8602294921875,
            "timestamp": 496
        },
        {
            "dx": 171.1470947265625,
            "dy": 89.19305419921875,
            "timestamp": 496
        },
        {
            "dx": 170.14801025390625,
            "dy": 90.52581787109375,
            "timestamp": 496
        },
        {
            "dx": 169.1489715576172,
            "dy": 91.85861206054688,
            "timestamp": 496
        },
        {
            "dx": 167.81683349609375,
            "dy": 92.85821533203125,
            "timestamp": 523
        },
        {
            "dx": 166.8177947998047,
            "dy": 94.19100952148438,
            "timestamp": 523
        },
        {
            "dx": 165.81869506835938,
            "dy": 95.19061279296875,
            "timestamp": 523
        },
        {
            "dx": 164.8196258544922,
            "dy": 95.85699462890625,
            "timestamp": 523
        },
        {
            "dx": 163.82054138183594,
            "dy": 96.52337646484375,
            "timestamp": 523
        },
        {
            "dx": 163.15447998046875,
            "dy": 96.8565673828125,
            "timestamp": 523
        },
        {
            "dx": 162.4884490966797,
            "dy": 97.52294921875,
            "timestamp": 523
        },
        {
            "dx": 161.8223876953125,
            "dy": 97.52294921875,
            "timestamp": 548
        },
        {
            "dx": 161.15634155273438,
            "dy": 97.85617065429688,
            "timestamp": 549
        },
        {
            "dx": 160.49029541015625,
            "dy": 97.85617065429688,
            "timestamp": 549
        },
        {
            "dx": 160.1572723388672,
            "dy": 97.85617065429688,
            "timestamp": 549
        },
        {
            "dx": 159.4912109375,
            "dy": 97.85617065429688,
            "timestamp": 549
        },
        {
            "dx": 158.82516479492188,
            "dy": 98.18939208984375,
            "timestamp": 549
        },
        {
            "dx": 158.15911865234375,
            "dy": 98.18939208984375,
            "timestamp": 579
        },
        {
            "dx": 157.4930877685547,
            "dy": 98.18939208984375,
            "timestamp": 579
        },
        {
            "dx": 156.82701110839844,
            "dy": 98.18939208984375,
            "timestamp": 579
        },
        {
            "dx": 155.82794189453125,
            "dy": 98.18939208984375,
            "timestamp": 579
        },
        {
            "dx": 154.49583435058594,
            "dy": 98.18939208984375,
            "timestamp": 580
        },
        {
            "dx": 153.1637420654297,
            "dy": 97.85617065429688,
            "timestamp": 580
        },
        {
            "dx": 151.83164978027344,
            "dy": 97.18978881835938,
            "timestamp": 580
        },
        {
            "dx": 150.16650390625,
            "dy": 96.190185546875,
            "timestamp": 580
        },
        {
            "dx": 148.83441162109375,
            "dy": 94.85739135742188,
            "timestamp": 603
        },
        {
            "dx": 147.5023193359375,
            "dy": 93.52459716796875,
            "timestamp": 603
        },
        {
            "dx": 146.1702117919922,
            "dy": 91.85861206054688,
            "timestamp": 603
        },
        {
            "dx": 144.83811950683594,
            "dy": 90.192626953125,
            "timestamp": 603
        },
        {
            "dx": 143.5060272216797,
            "dy": 88.526611328125,
            "timestamp": 603
        },
        {
            "dx": 142.50694274902344,
            "dy": 86.19427490234375,
            "timestamp": 603
        },
        {
            "dx": 141.1748504638672,
            "dy": 83.86187744140625,
            "timestamp": 603
        },
        {
            "dx": 140.17576599121094,
            "dy": 81.8626708984375,
            "timestamp": 628
        },
        {
            "dx": 139.50973510742188,
            "dy": 79.86349487304688,
            "timestamp": 628
        },
        {
            "dx": 138.51065063476562,
            "dy": 77.86431884765625,
            "timestamp": 628
        },
        {
            "dx": 137.84458923339844,
            "dy": 75.8651123046875,
            "timestamp": 628
        },
        {
            "dx": 137.17855834960938,
            "dy": 73.86590576171875,
            "timestamp": 628
        },
        {
            "dx": 136.5124969482422,
            "dy": 71.86676025390625,
            "timestamp": 628
        },
        {
            "dx": 135.846435546875,
            "dy": 69.8675537109375,
            "timestamp": 628
        },
        {
            "dx": 135.18038940429688,
            "dy": 67.53515625,
            "timestamp": 651
        },
        {
            "dx": 134.84738159179688,
            "dy": 65.2027587890625,
            "timestamp": 652
        },
        {
            "dx": 134.1813201904297,
            "dy": 62.537200927734375,
            "timestamp": 652
        },
        {
            "dx": 133.84829711914062,
            "dy": 59.538421630859375,
            "timestamp": 652
        },
        {
            "dx": 133.51528930664062,
            "dy": 57.206024169921875,
            "timestamp": 652
        },
        {
            "dx": 133.1822509765625,
            "dy": 54.54046630859375,
            "timestamp": 652
        },
        {
            "dx": 132.84921264648438,
            "dy": 52.20806884765625,
            "timestamp": 679
        },
        {
            "dx": 132.84921264648438,
            "dy": 49.54248046875,
            "timestamp": 681
        },
        {
            "dx": 132.51620483398438,
            "dy": 47.2100830078125,
            "timestamp": 682
        },
        {
            "dx": 132.51620483398438,
            "dy": 44.54449462890625,
            "timestamp": 682
        },
        {
            "dx": 132.18316650390625,
            "dy": 42.54534912109375,
            "timestamp": 682
        },
        {
            "dx": 132.18316650390625,
            "dy": 40.546142578125,
            "timestamp": 682
        },
        {
            "dx": 132.18316650390625,
            "dy": 38.54693603515625,
            "timestamp": 682
        },
        {
            "dx": 131.8501434326172,
            "dy": 36.880950927734375,
            "timestamp": 705
        },
        {
            "dx": 131.8501434326172,
            "dy": 35.2149658203125,
            "timestamp": 705
        },
        {
            "dx": 131.8501434326172,
            "dy": 33.54899597167969,
            "timestamp": 706
        },
        {
            "dx": 131.8501434326172,
            "dy": 32.21617126464844,
            "timestamp": 706
        },
        {
            "dx": 131.8501434326172,
            "dy": 31.216598510742188,
            "timestamp": 706
        },
        {
            "dx": 131.8501434326172,
            "dy": 30.550216674804688,
            "timestamp": 706
        },
        {
            "dx": 131.8501434326172,
            "dy": 29.8837890625,
            "timestamp": 706
        },
        {
            "dx": 131.8501434326172,
            "dy": 29.55059814453125,
            "timestamp": 731
        },
        {
            "dx": 131.8501434326172,
            "dy": 29.217391967773438,
            "timestamp": 731
        },
        {
            "dx": 131.8501434326172,
            "dy": 29.55059814453125,
            "timestamp": 774
        },
        {
            "dx": 131.8501434326172,
            "dy": 29.8837890625,
            "timestamp": 774
        },
        {
            "dx": 131.8501434326172,
            "dy": 30.21697998046875,
            "timestamp": 774
        },
        {
            "dx": 131.8501434326172,
            "dy": 30.883392333984375,
            "timestamp": 774
        },
        {
            "dx": 131.8501434326172,
            "dy": 31.549789428710938,
            "timestamp": 794
        },
        {
            "dx": 131.8501434326172,
            "dy": 31.882980346679688,
            "timestamp": 794
        },
        {
            "dx": 131.8501434326172,
            "dy": 32.21617126464844,
            "timestamp": 795
        },
        {
            "dx": 131.8501434326172,
            "dy": 32.54937744140625,
            "timestamp": 795
        },
        {
            "dx": 131.8501434326172,
            "dy": 32.882568359375,
            "timestamp": 795
        },
        {
            "dx": 131.8501434326172,
            "dy": 34.21537780761719,
            "timestamp": 825
        },
        {
            "dx": 131.8501434326172,
            "dy": 35.88134765625,
            "timestamp": 826
        },
        {
            "dx": 132.18316650390625,
            "dy": 37.88055419921875,
            "timestamp": 826
        },
        {
            "dx": 132.51620483398438,
            "dy": 39.879730224609375,
            "timestamp": 827
        },
        {
            "dx": 132.84921264648438,
            "dy": 41.54571533203125,
            "timestamp": 827
        },
        {
            "dx": 133.1822509765625,
            "dy": 43.87811279296875,
            "timestamp": 828
        },
        {
            "dx": 133.51528930664062,
            "dy": 46.543701171875,
            "timestamp": 828
        },
        {
            "dx": 133.84829711914062,
            "dy": 49.54248046875,
            "timestamp": 850
        },
        {
            "dx": 134.1813201904297,
            "dy": 52.87445068359375,
            "timestamp": 851
        },
        {
            "dx": 134.51434326171875,
            "dy": 56.87286376953125,
            "timestamp": 851
        },
        {
            "dx": 134.84738159179688,
            "dy": 60.8712158203125,
            "timestamp": 851
        },
        {
            "dx": 135.18038940429688,
            "dy": 64.20318603515625,
            "timestamp": 851
        },
        {
            "dx": 135.513427734375,
            "dy": 67.86834716796875,
            "timestamp": 851
        },
        {
            "dx": 135.513427734375,
            "dy": 70.86712646484375,
            "timestamp": 851
        },
        {
            "dx": 135.846435546875,
            "dy": 73.86590576171875,
            "timestamp": 851
        },
        {
            "dx": 136.17947387695312,
            "dy": 76.86468505859375,
            "timestamp": 874
        },
        {
            "dx": 136.5124969482422,
            "dy": 80.19671630859375,
            "timestamp": 875
        },
        {
            "dx": 136.84552001953125,
            "dy": 83.86187744140625,
            "timestamp": 875
        },
        {
            "dx": 137.17855834960938,
            "dy": 87.52703857421875,
            "timestamp": 875
        },
        {
            "dx": 137.51156616210938,
            "dy": 90.8590087890625,
            "timestamp": 875
        },
        {
            "dx": 138.1776123046875,
            "dy": 93.8577880859375,
            "timestamp": 875
        },
        {
            "dx": 138.51065063476562,
            "dy": 96.52337646484375,
            "timestamp": 908
        },
        {
            "dx": 138.8436737060547,
            "dy": 99.52215576171875,
            "timestamp": 908
        },
        {
            "dx": 139.17669677734375,
            "dy": 102.8541259765625,
            "timestamp": 908
        },
        {
            "dx": 139.50973510742188,
            "dy": 105.8529052734375,
            "timestamp": 908
        },
        {
            "dx": 140.17576599121094,
            "dy": 109.51812744140625,
            "timestamp": 908
        },
        {
            "dx": 140.8418426513672,
            "dy": 112.85006713867188,
            "timestamp": 908
        },
        {
            "dx": 141.1748504638672,
            "dy": 115.84884643554688,
            "timestamp": 908
        },
        {
            "dx": 141.50787353515625,
            "dy": 118.84762573242188,
            "timestamp": 908
        },
        {
            "dx": 142.17391967773438,
            "dy": 121.51327514648438,
            "timestamp": 908
        },
        {
            "dx": 142.50694274902344,
            "dy": 123.8455810546875,
            "timestamp": 935
        },
        {
            "dx": 143.1730194091797,
            "dy": 127.17758178710938,
            "timestamp": 936
        },
        {
            "dx": 143.8390350341797,
            "dy": 130.50961303710938,
            "timestamp": 936
        },
        {
            "dx": 144.17205810546875,
            "dy": 132.84197998046875,
            "timestamp": 936
        },
        {
            "dx": 144.83811950683594,
            "dy": 135.50753784179688,
            "timestamp": 936
        },
        {
            "dx": 145.5041961669922,
            "dy": 137.83993530273438,
            "timestamp": 936
        },
        {
            "dx": 145.8372039794922,
            "dy": 139.839111328125,
            "timestamp": 936
        },
        {
            "dx": 146.1702117919922,
            "dy": 141.50509643554688,
            "timestamp": 959
        },
        {
            "dx": 146.1702117919922,
            "dy": 143.17108154296875,
            "timestamp": 959
        },
        {
            "dx": 146.50323486328125,
            "dy": 144.50387573242188,
            "timestamp": 959
        },
        {
            "dx": 146.83627319335938,
            "dy": 145.836669921875,
            "timestamp": 959
        },
        {
            "dx": 146.83627319335938,
            "dy": 147.50265502929688,
            "timestamp": 959
        },
        {
            "dx": 146.83627319335938,
            "dy": 149.16864013671875,
            "timestamp": 960
        },
        {
            "dx": 146.83627319335938,
            "dy": 150.83465576171875,
            "timestamp": 960
        },
        {
            "dx": 146.83627319335938,
            "dy": 152.83383178710938,
            "timestamp": 989
        },
        {
            "dx": 146.83627319335938,
            "dy": 154.16659545898438,
            "timestamp": 990
        },
        {
            "dx": 146.83627319335938,
            "dy": 155.4993896484375,
            "timestamp": 991
        },
        {
            "dx": 146.83627319335938,
            "dy": 156.83221435546875,
            "timestamp": 991
        },
        {
            "dx": 146.83627319335938,
            "dy": 158.16500854492188,
            "timestamp": 991
        },
        {
            "dx": 146.50323486328125,
            "dy": 159.16464233398438,
            "timestamp": 991
        },
        {
            "dx": 145.8372039794922,
            "dy": 160.1641845703125,
            "timestamp": 991
        },
        {
            "dx": 145.171142578125,
            "dy": 161.16378784179688,
            "timestamp": 1012
        },
        {
            "dx": 144.50509643554688,
            "dy": 162.16342163085938,
            "timestamp": 1013
        },
        {
            "dx": 143.8390350341797,
            "dy": 162.49655151367188,
            "timestamp": 1013
        },
        {
            "dx": 143.1730194091797,
            "dy": 163.1629638671875,
            "timestamp": 1013
        },
        {
            "dx": 142.50694274902344,
            "dy": 163.49618530273438,
            "timestamp": 1013
        },
        {
            "dx": 141.84088134765625,
            "dy": 163.829345703125,
            "timestamp": 1013
        },
        {
            "dx": 141.1748504638672,
            "dy": 164.16256713867188,
            "timestamp": 1013
        },
        {
            "dx": 140.5087890625,
            "dy": 164.82894897460938,
            "timestamp": 1040
        },
        {
            "dx": 139.50973510742188,
            "dy": 165.16220092773438,
            "timestamp": 1040
        },
        {
            "dx": 138.1776123046875,
            "dy": 165.49533081054688,
            "timestamp": 1040
        },
        {
            "dx": 137.17855834960938,
            "dy": 165.82855224609375,
            "timestamp": 1040
        },
        {
            "dx": 135.846435546875,
            "dy": 166.1617431640625,
            "timestamp": 1040
        },
        {
            "dx": 134.1813201904297,
            "dy": 166.49496459960938,
            "timestamp": 1041
        },
        {
            "dx": 132.18316650390625,
            "dy": 166.828125,
            "timestamp": 1041
        },
        {
            "dx": 130.51803588867188,
            "dy": 167.16134643554688,
            "timestamp": 1069
        },
        {
            "dx": 128.5198974609375,
            "dy": 167.16134643554688,
            "timestamp": 1069
        },
        {
            "dx": 126.52175903320312,
            "dy": 167.4945068359375,
            "timestamp": 1069
        },
        {
            "dx": 124.52359008789062,
            "dy": 167.4945068359375,
            "timestamp": 1070
        },
        {
            "dx": 121.85940551757812,
            "dy": 167.4945068359375,
            "timestamp": 1070
        },
        {
            "dx": 119.52822875976562,
            "dy": 167.4945068359375,
            "timestamp": 1070
        },
        {
            "dx": 117.19705200195312,
            "dy": 167.4945068359375,
            "timestamp": 1070
        },
        {
            "dx": 114.5328369140625,
            "dy": 167.4945068359375,
            "timestamp": 1070
        },
        {
            "dx": 111.86865234375,
            "dy": 167.4945068359375,
            "timestamp": 1093
        },
        {
            "dx": 109.20443725585938,
            "dy": 167.16134643554688,
            "timestamp": 1094
        },
        {
            "dx": 106.54025268554688,
            "dy": 166.828125,
            "timestamp": 1095
        },
        {
            "dx": 103.87603759765625,
            "dy": 166.1617431640625,
            "timestamp": 1095
        },
        {
            "dx": 101.54489135742188,
            "dy": 165.49533081054688,
            "timestamp": 1095
        },
        {
            "dx": 99.87974548339844,
            "dy": 164.82894897460938,
            "timestamp": 1095
        },
        {
            "dx": 97.881591796875,
            "dy": 163.829345703125,
            "timestamp": 1125
        },
        {
            "dx": 96.21647644042969,
            "dy": 163.1629638671875,
            "timestamp": 1126
        },
        {
            "dx": 94.55135345458984,
            "dy": 162.16342163085938,
            "timestamp": 1126
        },
        {
            "dx": 93.21923828125,
            "dy": 161.16378784179688,
            "timestamp": 1126
        },
        {
            "dx": 90.8880844116211,
            "dy": 159.49777221679688,
            "timestamp": 1126
        },
        {
            "dx": 90.22201538085938,
            "dy": 158.4981689453125,
            "timestamp": 1126
        },
        {
            "dx": 89.55596923828125,
            "dy": 157.49862670898438,
            "timestamp": 1126
        },
        {
            "dx": 88.8899154663086,
            "dy": 156.16586303710938,
            "timestamp": 1126
        },
        {
            "dx": 88.8899154663086,
            "dy": 155.16619873046875,
            "timestamp": 1154
        },
        {
            "dx": 88.5569076538086,
            "dy": 154.16659545898438,
            "timestamp": 1154
        },
        {
            "dx": 87.89083862304688,
            "dy": 152.83383178710938,
            "timestamp": 1155
        },
        {
            "dx": 87.55782318115234,
            "dy": 151.16781616210938,
            "timestamp": 1155
        },
        {
            "dx": 87.55782318115234,
            "dy": 149.83505249023438,
            "timestamp": 1155
        },
        {
            "dx": 87.22479248046875,
            "dy": 148.16903686523438,
            "timestamp": 1155
        },
        {
            "dx": 87.22479248046875,
            "dy": 146.5030517578125,
            "timestamp": 1155
        },
        {
            "dx": 87.22479248046875,
            "dy": 145.17025756835938,
            "timestamp": 1155
        },
        {
            "dx": 87.22479248046875,
            "dy": 143.83749389648438,
            "timestamp": 1182
        },
        {
            "dx": 87.22479248046875,
            "dy": 142.837890625,
            "timestamp": 1182
        },
        {
            "dx": 87.22479248046875,
            "dy": 141.83831787109375,
            "timestamp": 1182
        },
        {
            "dx": 87.22479248046875,
            "dy": 140.5054931640625,
            "timestamp": 1182
        },
        {
            "dx": 87.22479248046875,
            "dy": 139.839111328125,
            "timestamp": 1182
        },
        {
            "dx": 87.55782318115234,
            "dy": 138.83953857421875,
            "timestamp": 1182
        },
        {
            "dx": 87.89083862304688,
            "dy": 137.5067138671875,
            "timestamp": 1183
        },
        {
            "dx": 88.22386932373047,
            "dy": 136.50717163085938,
            "timestamp": 1183
        },
        {
            "dx": 88.8899154663086,
            "dy": 135.17431640625,
            "timestamp": 1213
        },
        {
            "dx": 89.55596923828125,
            "dy": 133.841552734375,
            "timestamp": 1213
        },
        {
            "dx": 90.22201538085938,
            "dy": 132.50875854492188,
            "timestamp": 1213
        },
        {
            "dx": 90.55504608154297,
            "dy": 131.5091552734375,
            "timestamp": 1213
        },
        {
            "dx": 91.2210922241211,
            "dy": 130.17636108398438,
            "timestamp": 1214
        },
        {
            "dx": 91.55412292480469,
            "dy": 129.1767578125,
            "timestamp": 1214
        },
        {
            "dx": 92.22017669677734,
            "dy": 128.5103759765625,
            "timestamp": 1214
        },
        {
            "dx": 92.55319213867188,
            "dy": 128.17718505859375,
            "timestamp": 1214
        },
        {
            "dx": 92.88622283935547,
            "dy": 127.51083374023438,
            "timestamp": 1238
        },
        {
            "dx": 93.21923828125,
            "dy": 127.17758178710938,
            "timestamp": 1238
        },
        {
            "dx": 93.21923828125,
            "dy": 126.8443603515625,
            "timestamp": 1238
        },
        {
            "dx": 93.5522689819336,
            "dy": 126.8443603515625,
            "timestamp": 1238
        },
        {
            "dx": 93.88529968261719,
            "dy": 126.51119995117188,
            "timestamp": 1238
        },
        {
            "dx": 94.21831512451172,
            "dy": 126.51119995117188,
            "timestamp": 1238
        },
        {
            "dx": 94.55135345458984,
            "dy": 126.51119995117188,
            "timestamp": 1262
        },
        {
            "dx": 94.88436889648438,
            "dy": 126.51119995117188,
            "timestamp": 1262
        },
        {
            "dx": 95.21739196777344,
            "dy": 126.51119995117188,
            "timestamp": 1288
        },
        {
            "dx": 95.5504150390625,
            "dy": 126.51119995117188,
            "timestamp": 1289
        },
        {
            "dx": 95.8834457397461,
            "dy": 126.51119995117188,
            "timestamp": 1289
        },
        {
            "dx": 96.21647644042969,
            "dy": 126.51119995117188,
            "timestamp": 1289
        },
        {
            "dx": 96.88253021240234,
            "dy": 126.51119995117188,
            "timestamp": 1289
        },
        {
            "dx": 97.881591796875,
            "dy": 126.51119995117188,
            "timestamp": 1313
        },
        {
            "dx": 99.21371459960938,
            "dy": 126.177978515625,
            "timestamp": 1314
        },
        {
            "dx": 101.21185302734375,
            "dy": 125.5115966796875,
            "timestamp": 1314
        },
        {
            "dx": 102.87698364257812,
            "dy": 125.17840576171875,
            "timestamp": 1314
        },
        {
            "dx": 103.87603759765625,
            "dy": 124.84518432617188,
            "timestamp": 1314
        },
        {
            "dx": 0,
            "dy": 0,
            "timestamp": 1315
        },
        {
            "dx": 212.4421844482422,
            "dy": 111.18408203125,
            "timestamp": 1726
        },
        {
            "dx": 214.1072998046875,
            "dy": 111.18408203125,
            "timestamp": 1727
        },
        {
            "dx": 216.10546875,
            "dy": 111.18408203125,
            "timestamp": 1757
        },
        {
            "dx": 218.7696533203125,
            "dy": 111.18408203125,
            "timestamp": 1757
        },
        {
            "dx": 219.1027069091797,
            "dy": 111.18408203125,
            "timestamp": 1757
        },
        {
            "dx": 0,
            "dy": 0,
            "timestamp": 1759
        },
        {
            "dx": 243.74655151367188,
            "dy": 92.52499389648438,
            "timestamp": 1961
        },
        {
            "dx": 245.07867431640625,
            "dy": 92.52499389648438,
            "timestamp": 1961
        },
        {
            "dx": 246.7437744140625,
            "dy": 92.52499389648438,
            "timestamp": 1962
        },
        {
            "dx": 248.74191284179688,
            "dy": 92.52499389648438,
            "timestamp": 1962
        },
        {
            "dx": 250.74005126953125,
            "dy": 92.52499389648438,
            "timestamp": 1993
        },
        {
            "dx": 253.07122802734375,
            "dy": 92.52499389648438,
            "timestamp": 1993
        },
        {
            "dx": 254.0703125,
            "dy": 92.52499389648438,
            "timestamp": 1994
        },
        {
            "dx": 0,
            "dy": 0,
            "timestamp": 1995
        },
        {
            "dx": 246.41073608398438,
            "dy": 130.50961303710938,
            "timestamp": 2195
        },
        {
            "dx": 250.07403564453125,
            "dy": 129.1767578125,
            "timestamp": 2196
        },
        {
            "dx": 250.40704345703125,
            "dy": 129.1767578125,
            "timestamp": 2225
        },
        {
            "dx": 0,
            "dy": 0,
            "timestamp": 2226
        },
        {
            "dx": 174.1443328857422,
            "dy": 137.5067138671875,
            "timestamp": 2632
        },
        {
            "dx": 175.80943298339844,
            "dy": 137.5067138671875,
            "timestamp": 2632
        },
        {
            "dx": 178.4736328125,
            "dy": 137.5067138671875,
            "timestamp": 2632
        },
        {
            "dx": 180.47178649902344,
            "dy": 137.5067138671875,
            "timestamp": 2632
        },
        {
            "dx": 181.4708709716797,
            "dy": 137.83993530273438,
            "timestamp": 2663
        },
        {
            "dx": 182.80296325683594,
            "dy": 138.173095703125,
            "timestamp": 2663
        },
        {
            "dx": 184.13507080078125,
            "dy": 138.50631713867188,
            "timestamp": 2664
        },
        {
            "dx": 185.13414001464844,
            "dy": 138.83953857421875,
            "timestamp": 2664
        },
        {
            "dx": 186.4662322998047,
            "dy": 139.17269897460938,
            "timestamp": 2664
        },
        {
            "dx": 187.46531677246094,
            "dy": 139.50595092773438,
            "timestamp": 2664
        },
        {
            "dx": 188.4644012451172,
            "dy": 139.50595092773438,
            "timestamp": 2664
        },
        {
            "dx": 189.79649353027344,
            "dy": 139.839111328125,
            "timestamp": 2665
        },
        {
            "dx": 191.1285858154297,
            "dy": 140.5054931640625,
            "timestamp": 2665
        },
        {
            "dx": 192.793701171875,
            "dy": 140.5054931640625,
            "timestamp": 2697
        },
        {
            "dx": 194.7918701171875,
            "dy": 140.83871459960938,
            "timestamp": 2697
        },
        {
            "dx": 196.79002380371094,
            "dy": 140.83871459960938,
            "timestamp": 2697
        },
        {
            "dx": 197.12303161621094,
            "dy": 140.83871459960938,
            "timestamp": 2697
        },
        {
            "dx": 0,
            "dy": 0,
            "timestamp": 2699
        },
        {
            "dx": 188.1313934326172,
            "dy": 118.18124389648438,
            "timestamp": 3218
        },
        {
            "dx": 188.7974090576172,
            "dy": 118.84762573242188,
            "timestamp": 3219
        },
        {
            "dx": 189.79649353027344,
            "dy": 119.84722900390625,
            "timestamp": 3267
        },
        {
            "dx": 190.7955780029297,
            "dy": 120.8468017578125,
            "timestamp": 3268
        },
        {
            "dx": 191.79464721679688,
            "dy": 122.17962646484375,
            "timestamp": 3268
        },
        {
            "dx": 193.4597625732422,
            "dy": 123.8455810546875,
            "timestamp": 3268
        },
        {
            "dx": 194.12582397460938,
            "dy": 124.84518432617188,
            "timestamp": 3268
        },
        {
            "dx": 0,
            "dy": 0,
            "timestamp": 3269
        }
    ]
]