[
    [
        {
            "dx": 171.66668701171875,
            "dy": 63,
            "timestamp": 0
        },
        {
            "dx": 171.66668701171875,
            "dy": 62.333343505859375,
            "timestamp": 34
        },
        {
            "dx": 172.33334350585938,
            "dy": 61.66668701171875,
            "timestamp": 60
        },
        {
            "dx": 172.33334350585938,
            "dy": 61,
            "timestamp": 61
        },
        {
            "dx": 173,
            "dy": 61,
            "timestamp": 61
        },
        {
            "dx": 173,
            "dy": 60.333343505859375,
            "timestamp": 83
        },
        {
            "dx": 173.66668701171875,
            "dy": 60.333343505859375,
            "timestamp": 84
        },
        {
            "dx": 173.66668701171875,
            "dy": 59.66668701171875,
            "timestamp": 84
        },
        {
            "dx": 174.33334350585938,
            "dy": 59,
            "timestamp": 84
        },
        {
            "dx": 174.33334350585938,
            "dy": 57.66668701171875,
            "timestamp": 85
        },
        {
            "dx": 175,
            "dy": 57,
            "timestamp": 105
        },
        {
            "dx": 176.33334350585938,
            "dy": 56.333343505859375,
            "timestamp": 106
        },
        {
            "dx": 177.66668701171875,
            "dy": 56.333343505859375,
            "timestamp": 106
        },
        {
            "dx": 179,
            "dy": 55.66668701171875,
            "timestamp": 130
        },
        {
            "dx": 179.66668701171875,
            "dy": 55.66668701171875,
            "timestamp": 130
        },
        {
            "dx": 181.66668701171875,
            "dy": 55,
            "timestamp": 131
        },
        {
            "dx": 183,
            "dy": 54.333343505859375,
            "timestamp": 131
        },
        {
            "dx": 187,
            "dy": 53,
            "timestamp": 131
        },
        {
            "dx": 189,
            "dy": 53,
            "timestamp": 156
        },
        {
            "dx": 194.33334350585938,
            "dy": 50.333343505859375,
            "timestamp": 157
        },
        {
            "dx": 197,
            "dy": 50.333343505859375,
            "timestamp": 158
        },
        {
            "dx": 201.66668701171875,
            "dy": 49.66668701171875,
            "timestamp": 158
        },
        {
            "dx": 204.33334350585938,
            "dy": 49,
            "timestamp": 158
        },
        {
            "dx": 209,
            "dy": 48.333343505859375,
            "timestamp": 158
        },
        {
            "dx": 210.33334350585938,
            "dy": 48.333343505859375,
            "timestamp": 159
        },
        {
            "dx": 213.66668701171875,
            "dy": 47,
            "timestamp": 186
        },
        {
            "dx": 215,
            "dy": 46.333343505859375,
            "timestamp": 186
        },
        {
            "dx": 219.66668701171875,
            "dy": 46.333343505859375,
            "timestamp": 187
        },
        {
            "dx": 218.33334350585938,
            "dy": 46.333343505859375,
            "timestamp": 187
        },
        {
            "dx": 217.66668701171875,
            "dy": 46.333343505859375,
            "timestamp": 187
        },
        {
            "dx": 220.33334350585938,
            "dy": 46.333343505859375,
            "timestamp": 188
        },
        {
            "dx": 221,
            "dy": 46.333343505859375,
            "timestamp": 213
        },
        {
            "dx": 221.66668701171875,
            "dy": 46.333343505859375,
            "timestamp": 213
        },
        {
            "dx": 223,
            "dy": 46.333343505859375,
            "timestamp": 214
        },
        {
            "dx": 223.66668701171875,
            "dy": 46.333343505859375,
            "timestamp": 214
        },
        {
            "dx": 224.33334350585938,
            "dy": 46.333343505859375,
            "timestamp": 253
        },
        {
            "dx": 225,
            "dy": 46.333343505859375,
            "timestamp": 254
        },
        {
            "dx": 225.66668701171875,
            "dy": 46.333343505859375,
            "timestamp": 254
        },
        {
            "dx": 226.33334350585938,
            "dy": 47,
            "timestamp": 255
        },
        {
            "dx": 226.33334350585938,
            "dy": 47.66668701171875,
            "timestamp": 277
        },
        {
            "dx": 227,
            "dy": 47.66668701171875,
            "timestamp": 278
        },
        {
            "dx": 229,
            "dy": 49,
            "timestamp": 278
        },
        {
            "dx": 229.66668701171875,
            "dy": 50.333343505859375,
            "timestamp": 278
        },
        {
            "dx": 230.33334350585938,
            "dy": 51,
            "timestamp": 279
        },
        {
            "dx": 231,
            "dy": 51.66668701171875,
            "timestamp": 305
        },
        {
            "dx": 231.66668701171875,
            "dy": 53,
            "timestamp": 306
        },
        {
            "dx": 232.33334350585938,
            "dy": 53,
            "timestamp": 307
        },
        {
            "dx": 233,
            "dy": 53.66668701171875,
            "timestamp": 307
        },
        {
            "dx": 233,
            "dy": 54.333343505859375,
            "timestamp": 307
        },
        {
            "dx": 233.66668701171875,
            "dy": 55,
            "timestamp": 308
        },
        {
            "dx": 233.66668701171875,
            "dy": 56.333343505859375,
            "timestamp": 308
        },
        {
            "dx": 233.66668701171875,
            "dy": 57,
            "timestamp": 334
        },
        {
            "dx": 233.66668701171875,
            "dy": 57.66668701171875,
            "timestamp": 335
        },
        {
            "dx": 233.66668701171875,
            "dy": 58.333343505859375,
            "timestamp": 336
        },
        {
            "dx": 233.66668701171875,
            "dy": 59,
            "timestamp": 336
        },
        {
            "dx": 233.66668701171875,
            "dy": 59.66668701171875,
            "timestamp": 363
        },
        {
            "dx": 233.66668701171875,
            "dy": 60.333343505859375,
            "timestamp": 364
        },
        {
            "dx": 233.66668701171875,
            "dy": 61.66668701171875,
            "timestamp": 365
        },
        {
            "dx": 233.66668701171875,
            "dy": 61,
            "timestamp": 365
        },
        {
            "dx": 233,
            "dy": 62.333343505859375,
            "timestamp": 366
        },
        {
            "dx": 232.33334350585938,
            "dy": 63.66668701171875,
            "timestamp": 366
        },
        {
            "dx": 231.66668701171875,
            "dy": 65,
            "timestamp": 393
        },
        {
            "dx": 231,
            "dy": 67.66668701171875,
            "timestamp": 394
        },
        {
            "dx": 229,
            "dy": 69.66668701171875,
            "timestamp": 394
        },
        {
            "dx": 228.33334350585938,
            "dy": 71,
            "timestamp": 395
        },
        {
            "dx": 225,
            "dy": 75.66668701171875,
            "timestamp": 395
        },
        {
            "dx": 224.33334350585938,
            "dy": 77,
            "timestamp": 395
        },
        {
            "dx": 221.66668701171875,
            "dy": 80.33334350585938,
            "timestamp": 423
        },
        {
            "dx": 221,
            "dy": 81.66668701171875,
            "timestamp": 424
        },
        {
            "dx": 218.33334350585938,
            "dy": 85.66668701171875,
            "timestamp": 424
        },
        {
            "dx": 217.66668701171875,
            "dy": 88.33334350585938,
            "timestamp": 425
        },
        {
            "dx": 214.33334350585938,
            "dy": 91.66668701171875,
            "timestamp": 425
        },
        {
            "dx": 213.66668701171875,
            "dy": 93,
            "timestamp": 425
        },
        {
            "dx": 210.33334350585938,
            "dy": 96.33334350585938,
            "timestamp": 450
        },
        {
            "dx": 209,
            "dy": 97,
            "timestamp": 451
        },
        {
            "dx": 206.33334350585938,
            "dy": 101,
            "timestamp": 452
        },
        {
            "dx": 205.66668701171875,
            "dy": 101.66668701171875,
            "timestamp": 452
        },
        {
            "dx": 202.33334350585938,
            "dy": 103.66668701171875,
            "timestamp": 453
        },
        {
            "dx": 201.66668701171875,
            "dy": 104.33334350585938,
            "timestamp": 453
        },
        {
            "dx": 199.66668701171875,
            "dy": 107.66668701171875,
            "timestamp": 453
        },
        {
            "dx": 198.33334350585938,
            "dy": 108.33334350585938,
            "timestamp": 482
        },
        {
            "dx": 195.66668701171875,
            "dy": 109.66668701171875,
            "timestamp": 483
        },
        {
            "dx": 194.33334350585938,
            "dy": 109.66668701171875,
            "timestamp": 484
        },
        {
            "dx": 193,
            "dy": 111,
            "timestamp": 485
        },
        {
            "dx": 193,
            "dy": 111.66668701171875,
            "timestamp": 485
        },
        {
            "dx": 191.66668701171875,
            "dy": 112.33334350585938,
            "timestamp": 485
        },
        {
            "dx": 191.66668701171875,
            "dy": 113.66668701171875,
            "timestamp": 486
        },
        {
            "dx": 190.33334350585938,
            "dy": 114.33334350585938,
            "timestamp": 512
        },
        {
            "dx": 189,
            "dy": 115,
            "timestamp": 513
        },
        {
            "dx": 189,
            "dy": 115.66668701171875,
            "timestamp": 513
        },
        {
            "dx": 189,
            "dy": 116.33334350585938,
            "timestamp": 514
        },
        {
            "dx": 189.66668701171875,
            "dy": 116.33334350585938,
            "timestamp": 539
        },
        {
            "dx": 190.33334350585938,
            "dy": 116.33334350585938,
            "timestamp": 574
        },
        {
            "dx": 191,
            "dy": 116.33334350585938,
            "timestamp": 575
        },
        {
            "dx": 192.33334350585938,
            "dy": 116.33334350585938,
            "timestamp": 576
        },
        {
            "dx": 193,
            "dy": 116.33334350585938,
            "timestamp": 577
        },
        {
            "dx": 194.33334350585938,
            "dy": 116.33334350585938,
            "timestamp": 578
        },
        {
            "dx": 197,
            "dy": 117,
            "timestamp": 623
        },
        {
            "dx": 198.33334350585938,
            "dy": 118.33334350585938,
            "timestamp": 625
        },
        {
            "dx": 199.66668701171875,
            "dy": 119,
            "timestamp": 626
        },
        {
            "dx": 201,
            "dy": 119,
            "timestamp": 628
        },
        {
            "dx": 204.33334350585938,
            "dy": 121,
            "timestamp": 629
        },
        {
            "dx": 205.66668701171875,
            "dy": 121.66668701171875,
            "timestamp": 630
        },
        {
            "dx": 207.66668701171875,
            "dy": 123,
            "timestamp": 632
        },
        {
            "dx": 209,
            "dy": 124.33334350585938,
            "timestamp": 633
        },
        {
            "dx": 211.66668701171875,
            "dy": 126.33334350585938,
            "timestamp": 634
        },
        {
            "dx": 213,
            "dy": 127.66668701171875,
            "timestamp": 635
        },
        {
            "dx": 214.33334350585938,
            "dy": 129.66668701171875,
            "timestamp": 695
        },
        {
            "dx": 215,
            "dy": 130.33334350585938,
            "timestamp": 696
        },
        {
            "dx": 217.66668701171875,
            "dy": 133,
            "timestamp": 697
        },
        {
            "dx": 218.33334350585938,
            "dy": 133,
            "timestamp": 698
        },
        {
            "dx": 219.66668701171875,
            "dy": 136.33334350585938,
            "timestamp": 699
        },
        {
            "dx": 220.33334350585938,
            "dy": 137.66668701171875,
            "timestamp": 700
        },
        {
            "dx": 221.66668701171875,
            "dy": 139.66668701171875,
            "timestamp": 701
        },
        {
            "dx": 222.33334350585938,
            "dy": 141.66668701171875,
            "timestamp": 702
        },
        {
            "dx": 223.66668701171875,
            "dy": 144.33334350585938,
            "timestamp": 703
        },
        {
            "dx": 225,
            "dy": 145.66668701171875,
            "timestamp": 704
        },
        {
            "dx": 225,
            "dy": 147.66668701171875,
            "timestamp": 705
        },
        {
            "dx": 225.66668701171875,
            "dy": 149.66668701171875,
            "timestamp": 705
        },
        {
            "dx": 225.66668701171875,
            "dy": 151.66668701171875,
            "timestamp": 706
        },
        {
            "dx": 225.66668701171875,
            "dy": 152.33334350585938,
            "timestamp": 706
        },
        {
            "dx": 225.66668701171875,
            "dy": 154.33334350585938,
            "timestamp": 706
        },
        {
            "dx": 225.66668701171875,
            "dy": 155.66668701171875,
            "timestamp": 707
        },
        {
            "dx": 225.66668701171875,
            "dy": 159,
            "timestamp": 746
        },
        {
            "dx": 225.66668701171875,
            "dy": 159.66668701171875,
            "timestamp": 747
        },
        {
            "dx": 223,
            "dy": 163,
            "timestamp": 747
        },
        {
            "dx": 222.33334350585938,
            "dy": 163.66668701171875,
            "timestamp": 748
        },
        {
            "dx": 221,
            "dy": 165.66668701171875,
            "timestamp": 748
        },
        {
            "dx": 220.33334350585938,
            "dy": 167,
            "timestamp": 749
        },
        {
            "dx": 216.33334350585938,
            "dy": 170.33334350585938,
            "timestamp": 749
        },
        {
            "dx": 215.66668701171875,
            "dy": 171,
            "timestamp": 750
        },
        {
            "dx": 211.66668701171875,
            "dy": 173.66668701171875,
            "timestamp": 751
        },
        {
            "dx": 208.33334350585938,
            "dy": 175,
            "timestamp": 752
        },
        {
            "dx": 203.66668701171875,
            "dy": 179,
            "timestamp": 753
        },
        {
            "dx": 201.66668701171875,
            "dy": 179.66668701171875,
            "timestamp": 754
        },
        {
            "dx": 195,
            "dy": 182.33334350585938,
            "timestamp": 790
        },
        {
            "dx": 191,
            "dy": 183,
            "timestamp": 791
        },
        {
            "dx": 185,
            "dy": 186.33334350585938,
            "timestamp": 792
        },
        {
            "dx": 181.66668701171875,
            "dy": 189,
            "timestamp": 792
        },
        {
            "dx": 175.66668701171875,
            "dy": 191,
            "timestamp": 793
        },
        {
            "dx": 172.33334350585938,
            "dy": 192.33334350585938,
            "timestamp": 793
        },
        {
            "dx": 166.33334350585938,
            "dy": 194.33334350585938,
            "timestamp": 794
        },
        {
            "dx": 165,
            "dy": 195,
            "timestamp": 794
        },
        {
            "dx": 159,
            "dy": 197.66668701171875,
            "timestamp": 833
        },
        {
            "dx": 152.33334350585938,
            "dy": 199.66668701171875,
            "timestamp": 835
        },
        {
            "dx": 157.66668701171875,
            "dy": 199,
            "timestamp": 835
        },
        {
            "dx": 150.33334350585938,
            "dy": 201,
            "timestamp": 836
        },
        {
            "dx": 145,
            "dy": 201.66668701171875,
            "timestamp": 837
        },
        {
            "dx": 143,
            "dy": 202.33334350585938,
            "timestamp": 838
        },
        {
            "dx": 135.66668701171875,
            "dy": 202.33334350585938,
            "timestamp": 838
        },
        {
            "dx": 131.66668701171875,
            "dy": 202.33334350585938,
            "timestamp": 839
        },
        {
            "dx": 124.33334350585938,
            "dy": 201.66668701171875,
            "timestamp": 839
        },
        {
            "dx": 120.33334350585938,
            "dy": 201,
            "timestamp": 839
        },
        {
            "dx": 111.66668701171875,
            "dy": 199,
            "timestamp": 881
        },
        {
            "dx": 109,
            "dy": 198.33334350585938,
            "timestamp": 883
        },
        {
            "dx": 100.33334350585938,
            "dy": 197,
            "timestamp": 884
        },
        {
            "dx": 97.66668701171875,
            "dy": 196.33334350585938,
            "timestamp": 884
        },
        {
            "dx": 90.33334350585938,
            "dy": 193.66668701171875,
            "timestamp": 885
        },
        {
            "dx": 87,
            "dy": 192.33334350585938,
            "timestamp": 885
        },
        {
            "dx": 81.66667175292969,
            "dy": 191.66668701171875,
            "timestamp": 886
        },
        {
            "dx": 79.66667175292969,
            "dy": 191,
            "timestamp": 886
        },
        {
            "dx": 74.33334350585938,
            "dy": 190.33334350585938,
            "timestamp": 886
        },
        {
            "dx": 73,
            "dy": 189.66668701171875,
            "timestamp": 887
        },
        {
            "dx": 69.66667175292969,
            "dy": 188.33334350585938,
            "timestamp": 887
        },
        {
            "dx": 67.66667175292969,
            "dy": 187.66668701171875,
            "timestamp": 927
        },
        {
            "dx": 65.66667175292969,
            "dy": 185.66668701171875,
            "timestamp": 928
        },
        {
            "dx": 64.33334350585938,
            "dy": 185.66668701171875,
            "timestamp": 929
        },
        {
            "dx": 61,
            "dy": 184.33334350585938,
            "timestamp": 929
        },
        {
            "dx": 60.333343505859375,
            "dy": 183.66668701171875,
            "timestamp": 930
        },
        {
            "dx": 58.333343505859375,
            "dy": 181.66668701171875,
            "timestamp": 930
        },
        {
            "dx": 57,
            "dy": 181,
            "timestamp": 931
        },
        {
            "dx": 55.66667175292969,
            "dy": 178.33334350585938,
            "timestamp": 932
        },
        {
            "dx": 54.333343505859375,
            "dy": 177,
            "timestamp": 933
        },
        {
            "dx": 52.333343505859375,
            "dy": 175,
            "timestamp": 984
        },
        {
            "dx": 51.66667175292969,
            "dy": 174.33334350585938,
            "timestamp": 986
        },
        {
            "dx": 51,
            "dy": 171.66668701171875,
            "timestamp": 986
        },
        {
            "dx": 51,
            "dy": 171,
            "timestamp": 987
        },
        {
            "dx": 51,
            "dy": 169.66668701171875,
            "timestamp": 988
        },
        {
            "dx": 51,
            "dy": 168.33334350585938,
            "timestamp": 989
        },
        {
            "dx": 51,
            "dy": 167,
            "timestamp": 990
        },
        {
            "dx": 51,
            "dy": 165.66668701171875,
            "timestamp": 990
        },
        {
            "dx": 52.333343505859375,
            "dy": 163.66668701171875,
            "timestamp": 990
        },
        {
            "dx": 52.333343505859375,
            "dy": 163,
            "timestamp": 991
        },
        {
            "dx": 53,
            "dy": 161,
            "timestamp": 991
        },
        {
            "dx": 53,
            "dy": 160.33334350585938,
            "timestamp": 992
        },
        {
            "dx": 53.66667175292969,
            "dy": 157.66668701171875,
            "timestamp": 992
        },
        {
            "dx": 55,
            "dy": 157,
            "timestamp": 1034
        },
        {
            "dx": 55.66667175292969,
            "dy": 155,
            "timestamp": 1036
        },
        {
            "dx": 55.66667175292969,
            "dy": 154.33334350585938,
            "timestamp": 1038
        },
        {
            "dx": 57,
            "dy": 152.33334350585938,
            "timestamp": 1039
        },
        {
            "dx": 57,
            "dy": 151.66668701171875,
            "timestamp": 1040
        },
        {
            "dx": 58.333343505859375,
            "dy": 151,
            "timestamp": 1040
        },
        {
            "dx": 59,
            "dy": 150.33334350585938,
            "timestamp": 1041
        },
        {
            "dx": 59,
            "dy": 149.66668701171875,
            "timestamp": 1041
        },
        {
            "dx": 61,
            "dy": 149.66668701171875,
            "timestamp": 1041
        },
        {
            "dx": 61,
            "dy": 149,
            "timestamp": 1042
        },
        {
            "dx": 61.66667175292969,
            "dy": 148.33334350585938,
            "timestamp": 1080
        },
        {
            "dx": 62.333343505859375,
            "dy": 148.33334350585938,
            "timestamp": 1082
        },
        {
            "dx": 63,
            "dy": 148.33334350585938,
            "timestamp": 1083
        },
        {
            "dx": 63.66667175292969,
            "dy": 147.66668701171875,
            "timestamp": 1084
        },
        {
            "dx": 64.33334350585938,
            "dy": 146.33334350585938,
            "timestamp": 1085
        },
        {
            "dx": 65,
            "dy": 146.33334350585938,
            "timestamp": 1085
        },
        {
            "dx": 65.66667175292969,
            "dy": 146.33334350585938,
            "timestamp": 1123
        },
        {
            "dx": 67,
            "dy": 146.33334350585938,
            "timestamp": 1125
        },
        {
            "dx": 67.66667175292969,
            "dy": 146.33334350585938,
            "timestamp": 1125
        },
        {
            "dx": 0,
            "dy": 0,
            "timestamp": 1162
        },
        {
            "dx": 226.33334350585938,
            "dy": 108.33334350585938,
            "timestamp": 2066
        },
        {
            "dx": 227,
            "dy": 108.33334350585938,
            "timestamp": 2159
        },
        {
            "dx": 227.66668701171875,
            "dy": 108.33334350585938,
            "timestamp": 2184
        },
        {
            "dx": 228.33334350585938,
            "dy": 108.33334350585938,
            "timestamp": 2212
        },
        {
            "dx": 228.33334350585938,
            "dy": 109,
            "timestamp": 2288
        },
        {
            "dx": 0,
            "dy": 0,
            "timestamp": 2314
        },
        {
            "dx": 250.33334350585938,
            "dy": 107,
            "timestamp": 3309
        },
        {
            "dx": 251,
            "dy": 107,
            "timestamp": 3333
        },
        {
            "dx": 251.66668701171875,
            "dy": 107,
            "timestamp": 3334
        },
        {
            "dx": 251.66668701171875,
            "dy": 107.66668701171875,
            "timestamp": 3358
        },
        {
            "dx": 252.33334350585938,
            "dy": 107.66668701171875,
            "timestamp": 3359
        },
        {
            "dx": 253,
            "dy": 107.66668701171875,
            "timestamp": 3384
        },
        {
            "dx": 253,
            "dy": 108.33334350585938,
            "timestamp": 3385
        },
        {
            "dx": 253,
            "dy": 109,
            "timestamp": 3406
        },
        {
            "dx": 252.33334350585938,
            "dy": 109,
            "timestamp": 3434
        },
        {
            "dx": 251.66668701171875,
            "dy": 109,
            "timestamp": 3459
        },
        {
            "dx": 251,
            "dy": 109,
            "timestamp": 3485
        },
        {
            "dx": 251,
            "dy": 109.66668701171875,
            "timestamp": 3557
        },
        {
            "dx": 251.66668701171875,
            "dy": 109.66668701171875,
            "timestamp": 3579
        },
        {
            "dx": 253,
            "dy": 110.33334350585938,
            "timestamp": 3604
        },
        {
            "dx": 0,
            "dy": 0,
            "timestamp": 3630
        },
        {
            "dx": 247.66668701171875,
            "dy": 133.66668701171875,
            "timestamp": 4404
        },
        {
            "dx": 247.66668701171875,
            "dy": 133,
            "timestamp": 4427
        },
        {
            "dx": 248.33334350585938,
            "dy": 133,
            "timestamp": 4427
        },
        {
            "dx": 249,
            "dy": 132.33334350585938,
            "timestamp": 4428
        },
        {
            "dx": 250.33334350585938,
            "dy": 132.33334350585938,
            "timestamp": 4428
        },
        {
            "dx": 251,
            "dy": 132.33334350585938,
            "timestamp": 4429
        },
        {
            "dx": 251.66668701171875,
            "dy": 131.66668701171875,
            "timestamp": 4454
        },
        {
            "dx": 252.33334350585938,
            "dy": 131.66668701171875,
            "timestamp": 4455
        },
        {
            "dx": 253,
            "dy": 131.66668701171875,
            "timestamp": 4455
        },
        {
            "dx": 253.66668701171875,
            "dy": 131.66668701171875,
            "timestamp": 4456
        },
        {
            "dx": 254.33334350585938,
            "dy": 131.66668701171875,
            "timestamp": 4483
        },
        {
            "dx": 255,
            "dy": 132.33334350585938,
            "timestamp": 4484
        },
        {
            "dx": 255,
            "dy": 133,
            "timestamp": 4509
        },
        {
            "dx": 255,
            "dy": 133.66668701171875,
            "timestamp": 4510
        },
        {
            "dx": 254.33334350585938,
            "dy": 133.66668701171875,
            "timestamp": 4537
        },
        {
            "dx": 254.33334350585938,
            "dy": 134.33334350585938,
            "timestamp": 4538
        },
        {
            "dx": 253.66668701171875,
            "dy": 134.33334350585938,
            "timestamp": 4538
        },
        {
            "dx": 253,
            "dy": 134.33334350585938,
            "timestamp": 4562
        },
        {
            "dx": 253,
            "dy": 135,
            "timestamp": 4563
        },
        {
            "dx": 252.33334350585938,
            "dy": 135,
            "timestamp": 4564
        },
        {
            "dx": 251.66668701171875,
            "dy": 135,
            "timestamp": 4564
        },
        {
            "dx": 251,
            "dy": 135,
            "timestamp": 4565
        },
        {
            "dx": 250.33334350585938,
            "dy": 135,
            "timestamp": 4565
        },
        {
            "dx": 249.66668701171875,
            "dy": 135,
            "timestamp": 4591
        },
        {
            "dx": 249,
            "dy": 135,
            "timestamp": 4593
        },
        {
            "dx": 248.33334350585938,
            "dy": 135,
            "timestamp": 4594
        },
        {
            "dx": 247.66668701171875,
            "dy": 135,
            "timestamp": 4594
        },
        {
            "dx": 247,
            "dy": 135,
            "timestamp": 4594
        },
        {
            "dx": 246.33334350585938,
            "dy": 135,
            "timestamp": 4619
        },
        {
            "dx": 247,
            "dy": 135,
            "timestamp": 4659
        },
        {
            "dx": 247.66668701171875,
            "dy": 135,
            "timestamp": 4660
        },
        {
            "dx": 248.33334350585938,
            "dy": 135,
            "timestamp": 4697
        },
        {
            "dx": 249,
            "dy": 135,
            "timestamp": 4736
        },
        {
            "dx": 0,
            "dy": 0,
            "timestamp": 4774
        }
    ],
    [
        {
            "dx": 147.6666717529297,
            "dy": 89,
            "timestamp": 0
        },
        {
            "dx": 147.6666717529297,
            "dy": 88.33334350585938,
            "timestamp": 80
        },
        {
            "dx": 147.6666717529297,
            "dy": 87.66668701171875,
            "timestamp": 82
        },
        {
            "dx": 148.33334350585938,
            "dy": 87,
            "timestamp": 110
        },
        {
            "dx": 149.6666717529297,
            "dy": 85.66668701171875,
            "timestamp": 111
        },
        {
            "dx": 151,
            "dy": 85,
            "timestamp": 112
        },
        {
            "dx": 154.33334350585938,
            "dy": 82.33334350585938,
            "timestamp": 113
        },
        {
            "dx": 155,
            "dy": 81.66668701171875,
            "timestamp": 114
        },
        {
            "dx": 159,
            "dy": 79.66668701171875,
            "timestamp": 138
        },
        {
            "dx": 161.66668701171875,
            "dy": 79,
            "timestamp": 139
        },
        {
            "dx": 166.33334350585938,
            "dy": 77.66668701171875,
            "timestamp": 139
        },
        {
            "dx": 168.33334350585938,
            "dy": 77,
            "timestamp": 140
        },
        {
            "dx": 175.66668701171875,
            "dy": 75.66668701171875,
            "timestamp": 140
        },
        {
            "dx": 179,
            "dy": 75.66668701171875,
            "timestamp": 140
        },
        {
            "dx": 185,
            "dy": 75.66668701171875,
            "timestamp": 172
        },
        {
            "dx": 188.33334350585938,
            "dy": 76.33334350585938,
            "timestamp": 174
        },
        {
            "dx": 193.66668701171875,
            "dy": 77,
            "timestamp": 174
        },
        {
            "dx": 197,
            "dy": 78.33334350585938,
            "timestamp": 174
        },
        {
            "dx": 201.66668701171875,
            "dy": 79.66668701171875,
            "timestamp": 175
        },
        {
            "dx": 203,
            "dy": 80.33334350585938,
            "timestamp": 175
        },
        {
            "dx": 206.33334350585938,
            "dy": 83,
            "timestamp": 176
        },
        {
            "dx": 207,
            "dy": 84.33334350585938,
            "timestamp": 177
        },
        {
            "dx": 208.33334350585938,
            "dy": 87.66668701171875,
            "timestamp": 199
        },
        {
            "dx": 209,
            "dy": 88.33334350585938,
            "timestamp": 199
        },
        {
            "dx": 209.66668701171875,
            "dy": 91.66668701171875,
            "timestamp": 200
        },
        {
            "dx": 209.66668701171875,
            "dy": 93,
            "timestamp": 200
        },
        {
            "dx": 209.66668701171875,
            "dy": 99,
            "timestamp": 201
        },
        {
            "dx": 209,
            "dy": 100.33334350585938,
            "timestamp": 202
        },
        {
            "dx": 207,
            "dy": 107,
            "timestamp": 231
        },
        {
            "dx": 205.66668701171875,
            "dy": 109,
            "timestamp": 232
        },
        {
            "dx": 201,
            "dy": 115.66668701171875,
            "timestamp": 232
        },
        {
            "dx": 198.33334350585938,
            "dy": 118.33334350585938,
            "timestamp": 232
        },
        {
            "dx": 192.33334350585938,
            "dy": 123,
            "timestamp": 233
        },
        {
            "dx": 191,
            "dy": 126.33334350585938,
            "timestamp": 233
        },
        {
            "dx": 183,
            "dy": 135,
            "timestamp": 233
        },
        {
            "dx": 181.66668701171875,
            "dy": 137.66668701171875,
            "timestamp": 281
        },
        {
            "dx": 175.66668701171875,
            "dy": 143.66668701171875,
            "timestamp": 282
        },
        {
            "dx": 173.66668701171875,
            "dy": 145.66668701171875,
            "timestamp": 283
        },
        {
            "dx": 169,
            "dy": 149.66668701171875,
            "timestamp": 284
        },
        {
            "dx": 165.66668701171875,
            "dy": 152.33334350585938,
            "timestamp": 285
        },
        {
            "dx": 162.33334350585938,
            "dy": 155,
            "timestamp": 286
        },
        {
            "dx": 161,
            "dy": 156.33334350585938,
            "timestamp": 286
        },
        {
            "dx": 156.33334350585938,
            "dy": 159,
            "timestamp": 288
        },
        {
            "dx": 155.66668701171875,
            "dy": 161,
            "timestamp": 288
        },
        {
            "dx": 154.33334350585938,
            "dy": 163,
            "timestamp": 289
        },
        {
            "dx": 153.66668701171875,
            "dy": 163,
            "timestamp": 290
        },
        {
            "dx": 153,
            "dy": 163.66668701171875,
            "timestamp": 345
        },
        {
            "dx": 153,
            "dy": 164.33334350585938,
            "timestamp": 347
        },
        {
            "dx": 153.66668701171875,
            "dy": 164.33334350585938,
            "timestamp": 348
        },
        {
            "dx": 155.66668701171875,
            "dy": 165,
            "timestamp": 348
        },
        {
            "dx": 156.33334350585938,
            "dy": 165,
            "timestamp": 349
        },
        {
            "dx": 159,
            "dy": 165,
            "timestamp": 350
        },
        {
            "dx": 160.33334350585938,
            "dy": 165,
            "timestamp": 350
        },
        {
            "dx": 163,
            "dy": 165.66668701171875,
            "timestamp": 384
        },
        {
            "dx": 165.66668701171875,
            "dy": 165.66668701171875,
            "timestamp": 386
        },
        {
            "dx": 168.33334350585938,
            "dy": 165.66668701171875,
            "timestamp": 386
        },
        {
            "dx": 169.66668701171875,
            "dy": 165.66668701171875,
            "timestamp": 386
        },
        {
            "dx": 173,
            "dy": 167.66668701171875,
            "timestamp": 386
        },
        {
            "dx": 173.66668701171875,
            "dy": 167.66668701171875,
            "timestamp": 387
        },
        {
            "dx": 175,
            "dy": 168.33334350585938,
            "timestamp": 387
        },
        {
            "dx": 175.66668701171875,
            "dy": 168.33334350585938,
            "timestamp": 416
        },
        {
            "dx": 176.33334350585938,
            "dy": 168.33334350585938,
            "timestamp": 417
        },
        {
            "dx": 175.66668701171875,
            "dy": 169.66668701171875,
            "timestamp": 444
        },
        {
            "dx": 175,
            "dy": 169.66668701171875,
            "timestamp": 445
        },
        {
            "dx": 173.66668701171875,
            "dy": 171,
            "timestamp": 446
        },
        {
            "dx": 173.66668701171875,
            "dy": 171.66668701171875,
            "timestamp": 446
        },
        {
            "dx": 169.66668701171875,
            "dy": 175,
            "timestamp": 446
        },
        {
            "dx": 168.33334350585938,
            "dy": 176.33334350585938,
            "timestamp": 478
        },
        {
            "dx": 163,
            "dy": 179,
            "timestamp": 479
        },
        {
            "dx": 161.66668701171875,
            "dy": 180.33334350585938,
            "timestamp": 479
        },
        {
            "dx": 155.66668701171875,
            "dy": 185,
            "timestamp": 479
        },
        {
            "dx": 153,
            "dy": 185.66668701171875,
            "timestamp": 480
        },
        {
            "dx": 147,
            "dy": 189,
            "timestamp": 480
        },
        {
            "dx": 143.6666717529297,
            "dy": 191.66668701171875,
            "timestamp": 480
        },
        {
            "dx": 137.6666717529297,
            "dy": 193,
            "timestamp": 511
        },
        {
            "dx": 135.6666717529297,
            "dy": 194.33334350585938,
            "timestamp": 512
        },
        {
            "dx": 129,
            "dy": 195.66668701171875,
            "timestamp": 512
        },
        {
            "dx": 127,
            "dy": 196.33334350585938,
            "timestamp": 513
        },
        {
            "dx": 123.66667175292969,
            "dy": 197,
            "timestamp": 513
        },
        {
            "dx": 121,
            "dy": 198.33334350585938,
            "timestamp": 514
        },
        {
            "dx": 117.66667175292969,
            "dy": 199.66668701171875,
            "timestamp": 514
        },
        {
            "dx": 116.33334350585938,
            "dy": 199.66668701171875,
            "timestamp": 515
        },
        {
            "dx": 113,
            "dy": 199.66668701171875,
            "timestamp": 544
        },
        {
            "dx": 111.66667175292969,
            "dy": 199.66668701171875,
            "timestamp": 545
        },
        {
            "dx": 111.66667175292969,
            "dy": 200.33334350585938,
            "timestamp": 545
        },
        {
            "dx": 111,
            "dy": 200.33334350585938,
            "timestamp": 545
        },
        {
            "dx": 110.33334350585938,
            "dy": 201,
            "timestamp": 546
        },
        {
            "dx": 0,
            "dy": 0,
            "timestamp": 547
        }
    ],
    [
        {
            "dx": 199.7872314453125,
            "dy": 50.54205322265625,
            "timestamp": 0
        },
        {
            "dx": 200.78631591796875,
            "dy": 50.2088623046875,
            "timestamp": 0
        },
        {
            "dx": 202.118408203125,
            "dy": 49.54248046875,
            "timestamp": 25
        },
        {
            "dx": 203.11749267578125,
            "dy": 49.20928955078125,
            "timestamp": 25
        },
        {
            "dx": 204.4495849609375,
            "dy": 48.8760986328125,
            "timestamp": 26
        },
        {
            "dx": 205.78167724609375,
            "dy": 48.54290771484375,
            "timestamp": 26
        },
        {
            "dx": 207.4468231201172,
            "dy": 48.209686279296875,
            "timestamp": 26
        },
        {
            "dx": 210.1110076904297,
            "dy": 47.87652587890625,
            "timestamp": 26
        },
        {
            "dx": 212.1091766357422,
            "dy": 47.54327392578125,
            "timestamp": 65
        },
        {
            "dx": 213.44126892089844,
            "dy": 47.54327392578125,
            "timestamp": 65
        },
        {
            "dx": 214.7733612060547,
            "dy": 47.54327392578125,
            "timestamp": 66
        },
        {
            "dx": 216.10546875,
            "dy": 47.54327392578125,
            "timestamp": 66
        },
        {
            "dx": 217.1045379638672,
            "dy": 47.54327392578125,
            "timestamp": 66
        },
        {
            "dx": 218.43663024902344,
            "dy": 47.54327392578125,
            "timestamp": 66
        },
        {
            "dx": 219.76873779296875,
            "dy": 47.54327392578125,
            "timestamp": 66
        },
        {
            "dx": 221.100830078125,
            "dy": 47.54327392578125,
            "timestamp": 66
        },
        {
            "dx": 222.43295288085938,
            "dy": 47.54327392578125,
            "timestamp": 66
        },
        {
            "dx": 223.7650604248047,
            "dy": 47.54327392578125,
            "timestamp": 66
        },
        {
            "dx": 225.43016052246094,
            "dy": 47.54327392578125,
            "timestamp": 66
        },
        {
            "dx": 226.76226806640625,
            "dy": 47.54327392578125,
            "timestamp": 67
        },
        {
            "dx": 227.7613525390625,
            "dy": 47.87652587890625,
            "timestamp": 95
        },
        {
            "dx": 228.76043701171875,
            "dy": 47.87652587890625,
            "timestamp": 95
        },
        {
            "dx": 229.75949096679688,
            "dy": 48.209686279296875,
            "timestamp": 96
        },
        {
            "dx": 230.425537109375,
            "dy": 48.54290771484375,
            "timestamp": 96
        },
        {
            "dx": 231.09161376953125,
            "dy": 48.8760986328125,
            "timestamp": 96
        },
        {
            "dx": 231.42462158203125,
            "dy": 48.8760986328125,
            "timestamp": 96
        },
        {
            "dx": 231.75762939453125,
            "dy": 49.20928955078125,
            "timestamp": 121
        },
        {
            "dx": 232.09066772460938,
            "dy": 49.54248046875,
            "timestamp": 122
        },
        {
            "dx": 232.09066772460938,
            "dy": 49.87567138671875,
            "timestamp": 122
        },
        {
            "dx": 232.09066772460938,
            "dy": 50.2088623046875,
            "timestamp": 122
        },
        {
            "dx": 232.09066772460938,
            "dy": 50.54205322265625,
            "timestamp": 146
        },
        {
            "dx": 232.09066772460938,
            "dy": 50.87530517578125,
            "timestamp": 146
        },
        {
            "dx": 232.09066772460938,
            "dy": 51.54168701171875,
            "timestamp": 146
        },
        {
            "dx": 231.75762939453125,
            "dy": 52.20806884765625,
            "timestamp": 147
        },
        {
            "dx": 230.75860595703125,
            "dy": 53.87408447265625,
            "timestamp": 147
        },
        {
            "dx": 228.76043701171875,
            "dy": 55.87322998046875,
            "timestamp": 147
        },
        {
            "dx": 227.09527587890625,
            "dy": 58.20562744140625,
            "timestamp": 147
        },
        {
            "dx": 224.76409912109375,
            "dy": 60.53802490234375,
            "timestamp": 169
        },
        {
            "dx": 222.43295288085938,
            "dy": 62.87042236328125,
            "timestamp": 169
        },
        {
            "dx": 220.43478393554688,
            "dy": 65.2027587890625,
            "timestamp": 169
        },
        {
            "dx": 218.10362243652344,
            "dy": 66.8687744140625,
            "timestamp": 169
        },
        {
            "dx": 215.77244567871094,
            "dy": 68.86798095703125,
            "timestamp": 170
        },
        {
            "dx": 213.7742919921875,
            "dy": 70.533935546875,
            "timestamp": 170
        },
        {
            "dx": 211.443115234375,
            "dy": 72.53314208984375,
            "timestamp": 215
        },
        {
            "dx": 209.1119384765625,
            "dy": 74.53231811523438,
            "timestamp": 215
        },
        {
            "dx": 207.1138153076172,
            "dy": 76.531494140625,
            "timestamp": 215
        },
        {
            "dx": 205.1156463623047,
            "dy": 78.53070068359375,
            "timestamp": 215
        },
        {
            "dx": 203.11749267578125,
            "dy": 80.19671630859375,
            "timestamp": 215
        },
        {
            "dx": 201.11935424804688,
            "dy": 82.86227416992188,
            "timestamp": 215
        },
        {
            "dx": 199.45420837402344,
            "dy": 85.19464111328125,
            "timestamp": 215
        },
        {
            "dx": 198.1221160888672,
            "dy": 86.86065673828125,
            "timestamp": 215
        },
        {
            "dx": 196.45700073242188,
            "dy": 88.526611328125,
            "timestamp": 215
        },
        {
            "dx": 195.4579315185547,
            "dy": 89.52621459960938,
            "timestamp": 215
        },
        {
            "dx": 194.12582397460938,
            "dy": 91.19223022460938,
            "timestamp": 215
        },
        {
            "dx": 193.1267547607422,
            "dy": 92.52499389648438,
            "timestamp": 215
        },
        {
            "dx": 191.79464721679688,
            "dy": 93.8577880859375,
            "timestamp": 279
        },
        {
            "dx": 191.1285858154297,
            "dy": 95.19061279296875,
            "timestamp": 279
        },
        {
            "dx": 190.4625701904297,
            "dy": 96.190185546875,
            "timestamp": 279
        },
        {
            "dx": 190.1295166015625,
            "dy": 97.18978881835938,
            "timestamp": 279
        },
        {
            "dx": 189.79649353027344,
            "dy": 98.18939208984375,
            "timestamp": 279
        },
        {
            "dx": 189.46347045898438,
            "dy": 98.85577392578125,
            "timestamp": 279
        },
        {
            "dx": 189.46347045898438,
            "dy": 99.8553466796875,
            "timestamp": 279
        },
        {
            "dx": 189.46347045898438,
            "dy": 100.521728515625,
            "timestamp": 279
        },
        {
            "dx": 189.46347045898438,
            "dy": 101.18817138671875,
            "timestamp": 279
        },
        {
            "dx": 189.46347045898438,
            "dy": 101.85455322265625,
            "timestamp": 279
        },
        {
            "dx": 189.46347045898438,
            "dy": 102.52093505859375,
            "timestamp": 279
        },
        {
            "dx": 189.46347045898438,
            "dy": 102.8541259765625,
            "timestamp": 279
        },
        {
            "dx": 189.79649353027344,
            "dy": 103.5205078125,
            "timestamp": 279
        },
        {
            "dx": 190.7955780029297,
            "dy": 104.85333251953125,
            "timestamp": 279
        },
        {
            "dx": 191.79464721679688,
            "dy": 105.51971435546875,
            "timestamp": 279
        },
        {
            "dx": 192.793701171875,
            "dy": 105.8529052734375,
            "timestamp": 279
        },
        {
            "dx": 194.12582397460938,
            "dy": 106.519287109375,
            "timestamp": 279
        },
        {
            "dx": 195.7909393310547,
            "dy": 107.51889038085938,
            "timestamp": 319
        },
        {
            "dx": 197.4560546875,
            "dy": 108.51849365234375,
            "timestamp": 320
        },
        {
            "dx": 199.12118530273438,
            "dy": 108.8516845703125,
            "timestamp": 320
        },
        {
            "dx": 201.11935424804688,
            "dy": 109.51812744140625,
            "timestamp": 320
        },
        {
            "dx": 202.7844696044922,
            "dy": 110.18450927734375,
            "timestamp": 320
        },
        {
            "dx": 204.4495849609375,
            "dy": 110.5177001953125,
            "timestamp": 320
        },
        {
            "dx": 206.44773864746094,
            "dy": 111.18408203125,
            "timestamp": 320
        },
        {
            "dx": 208.44589233398438,
            "dy": 111.8504638671875,
            "timestamp": 320
        },
        {
            "dx": 210.1110076904297,
            "dy": 112.18368530273438,
            "timestamp": 320
        },
        {
            "dx": 211.7761688232422,
            "dy": 113.18328857421875,
            "timestamp": 320
        },
        {
            "dx": 213.7742919921875,
            "dy": 113.84967041015625,
            "timestamp": 320
        },
        {
            "dx": 215.43942260742188,
            "dy": 114.51608276367188,
            "timestamp": 338
        },
        {
            "dx": 216.7715301513672,
            "dy": 115.51568603515625,
            "timestamp": 338
        },
        {
            "dx": 218.10362243652344,
            "dy": 116.18206787109375,
            "timestamp": 339
        },
        {
            "dx": 219.1027069091797,
            "dy": 116.5152587890625,
            "timestamp": 339
        },
        {
            "dx": 220.10177612304688,
            "dy": 117.181640625,
            "timestamp": 363
        },
        {
            "dx": 220.76780700683594,
            "dy": 117.8480224609375,
            "timestamp": 363
        },
        {
            "dx": 221.4338836669922,
            "dy": 118.18124389648438,
            "timestamp": 363
        },
        {
            "dx": 221.7668914794922,
            "dy": 118.51446533203125,
            "timestamp": 363
        },
        {
            "dx": 222.09991455078125,
            "dy": 118.84762573242188,
            "timestamp": 363
        },
        {
            "dx": 222.09991455078125,
            "dy": 119.18084716796875,
            "timestamp": 363
        },
        {
            "dx": 222.09991455078125,
            "dy": 119.5140380859375,
            "timestamp": 363
        },
        {
            "dx": 222.09991455078125,
            "dy": 120.180419921875,
            "timestamp": 388
        },
        {
            "dx": 222.09991455078125,
            "dy": 120.51364135742188,
            "timestamp": 388
        },
        {
            "dx": 222.09991455078125,
            "dy": 121.18002319335938,
            "timestamp": 388
        },
        {
            "dx": 222.09991455078125,
            "dy": 121.84640502929688,
            "timestamp": 388
        },
        {
            "dx": 222.09991455078125,
            "dy": 122.84603881835938,
            "timestamp": 388
        },
        {
            "dx": 221.4338836669922,
            "dy": 124.17880249023438,
            "timestamp": 388
        },
        {
            "dx": 220.43478393554688,
            "dy": 125.5115966796875,
            "timestamp": 388
        },
        {
            "dx": 219.1027069091797,
            "dy": 126.8443603515625,
            "timestamp": 413
        },
        {
            "dx": 217.43756103515625,
            "dy": 128.84359741210938,
            "timestamp": 413
        },
        {
            "dx": 215.77244567871094,
            "dy": 130.84274291992188,
            "timestamp": 413
        },
        {
            "dx": 213.7742919921875,
            "dy": 132.175537109375,
            "timestamp": 413
        },
        {
            "dx": 211.7761688232422,
            "dy": 133.50839233398438,
            "timestamp": 413
        },
        {
            "dx": 210.1110076904297,
            "dy": 134.84115600585938,
            "timestamp": 413
        },
        {
            "dx": 208.11285400390625,
            "dy": 136.17391967773438,
            "timestamp": 438
        },
        {
            "dx": 205.78167724609375,
            "dy": 137.83993530273438,
            "timestamp": 438
        },
        {
            "dx": 203.45050048828125,
            "dy": 138.83953857421875,
            "timestamp": 438
        },
        {
            "dx": 201.11935424804688,
            "dy": 140.17230224609375,
            "timestamp": 438
        },
        {
            "dx": 198.1221160888672,
            "dy": 141.50509643554688,
            "timestamp": 439
        },
        {
            "dx": 195.4579315185547,
            "dy": 142.50473022460938,
            "timestamp": 439
        },
        {
            "dx": 192.793701171875,
            "dy": 143.5042724609375,
            "timestamp": 439
        },
        {
            "dx": 190.1295166015625,
            "dy": 144.170654296875,
            "timestamp": 465
        },
        {
            "dx": 187.79833984375,
            "dy": 145.17025756835938,
            "timestamp": 465
        },
        {
            "dx": 185.8002166748047,
            "dy": 145.836669921875,
            "timestamp": 465
        },
        {
            "dx": 183.4690399169922,
            "dy": 146.5030517578125,
            "timestamp": 465
        },
        {
            "dx": 181.1378631591797,
            "dy": 147.16943359375,
            "timestamp": 465
        },
        {
            "dx": 179.1396942138672,
            "dy": 147.83587646484375,
            "timestamp": 465
        },
        {
            "dx": 176.4755096435547,
            "dy": 148.83544921875,
            "timestamp": 465
        },
        {
            "dx": 174.4773406982422,
            "dy": 149.5018310546875,
            "timestamp": 500
        },
        {
            "dx": 172.47918701171875,
            "dy": 150.168212890625,
            "timestamp": 500
        },
        {
            "dx": 170.48104858398438,
            "dy": 150.168212890625,
            "timestamp": 500
        },
        {
            "dx": 168.81591796875,
            "dy": 150.168212890625,
            "timestamp": 500
        },
        {
            "dx": 166.8177947998047,
            "dy": 150.168212890625,
            "timestamp": 500
        },
        {
            "dx": 165.1526336669922,
            "dy": 150.168212890625,
            "timestamp": 500
        },
        {
            "dx": 163.48751831054688,
            "dy": 150.168212890625,
            "timestamp": 500
        },
        {
            "dx": 161.8223876953125,
            "dy": 150.168212890625,
            "timestamp": 501
        },
        {
            "dx": 160.49029541015625,
            "dy": 150.168212890625,
            "timestamp": 501
        },
        {
            "dx": 158.82516479492188,
            "dy": 150.168212890625,
            "timestamp": 533
        },
        {
            "dx": 157.4930877685547,
            "dy": 150.168212890625,
            "timestamp": 533
        },
        {
            "dx": 156.16098022460938,
            "dy": 150.168212890625,
            "timestamp": 533
        },
        {
            "dx": 154.828857421875,
            "dy": 149.83505249023438,
            "timestamp": 533
        },
        {
            "dx": 153.82980346679688,
            "dy": 149.5018310546875,
            "timestamp": 533
        },
        {
            "dx": 153.1637420654297,
            "dy": 149.5018310546875,
            "timestamp": 533
        },
        {
            "dx": 152.4976806640625,
            "dy": 148.83544921875,
            "timestamp": 533
        },
        {
            "dx": 151.49862670898438,
            "dy": 148.50228881835938,
            "timestamp": 533
        },
        {
            "dx": 150.8325653076172,
            "dy": 147.83587646484375,
            "timestamp": 534
        },
        {
            "dx": 150.16650390625,
            "dy": 147.16943359375,
            "timestamp": 559
        },
        {
            "dx": 149.50047302246094,
            "dy": 146.5030517578125,
            "timestamp": 559
        },
        {
            "dx": 149.16744995117188,
            "dy": 146.16986083984375,
            "timestamp": 559
        },
        {
            "dx": 148.5013885498047,
            "dy": 145.17025756835938,
            "timestamp": 559
        },
        {
            "dx": 148.1683807373047,
            "dy": 144.50387573242188,
            "timestamp": 559
        },
        {
            "dx": 148.1683807373047,
            "dy": 143.83749389648438,
            "timestamp": 559
        },
        {
            "dx": 147.8353729248047,
            "dy": 142.837890625,
            "timestamp": 559
        },
        {
            "dx": 147.16929626464844,
            "dy": 141.83831787109375,
            "timestamp": 585
        },
        {
            "dx": 146.83627319335938,
            "dy": 140.83871459960938,
            "timestamp": 585
        },
        {
            "dx": 146.83627319335938,
            "dy": 139.839111328125,
            "timestamp": 585
        },
        {
            "dx": 146.50323486328125,
            "dy": 138.50631713867188,
            "timestamp": 585
        },
        {
            "dx": 146.50323486328125,
            "dy": 137.5067138671875,
            "timestamp": 585
        },
        {
            "dx": 146.1702117919922,
            "dy": 136.17391967773438,
            "timestamp": 585
        },
        {
            "dx": 146.1702117919922,
            "dy": 135.17431640625,
            "timestamp": 585
        },
        {
            "dx": 146.1702117919922,
            "dy": 134.17474365234375,
            "timestamp": 610
        },
        {
            "dx": 146.1702117919922,
            "dy": 132.84197998046875,
            "timestamp": 611
        },
        {
            "dx": 146.1702117919922,
            "dy": 131.84237670898438,
            "timestamp": 611
        },
        {
            "dx": 146.1702117919922,
            "dy": 130.50961303710938,
            "timestamp": 613
        },
        {
            "dx": 146.1702117919922,
            "dy": 129.50997924804688,
            "timestamp": 613
        },
        {
            "dx": 146.1702117919922,
            "dy": 128.17718505859375,
            "timestamp": 614
        },
        {
            "dx": 146.1702117919922,
            "dy": 126.51119995117188,
            "timestamp": 637
        },
        {
            "dx": 146.1702117919922,
            "dy": 125.17840576171875,
            "timestamp": 638
        },
        {
            "dx": 146.1702117919922,
            "dy": 123.8455810546875,
            "timestamp": 638
        },
        {
            "dx": 146.50323486328125,
            "dy": 122.17962646484375,
            "timestamp": 638
        },
        {
            "dx": 146.83627319335938,
            "dy": 120.51364135742188,
            "timestamp": 638
        },
        {
            "dx": 147.5023193359375,
            "dy": 118.84762573242188,
            "timestamp": 638
        },
        {
            "dx": 147.8353729248047,
            "dy": 117.181640625,
            "timestamp": 638
        },
        {
            "dx": 148.5013885498047,
            "dy": 115.51568603515625,
            "timestamp": 638
        },
        {
            "dx": 149.50047302246094,
            "dy": 114.182861328125,
            "timestamp": 665
        },
        {
            "dx": 150.16650390625,
            "dy": 112.51690673828125,
            "timestamp": 665
        },
        {
            "dx": 150.8325653076172,
            "dy": 110.85089111328125,
            "timestamp": 665
        },
        {
            "dx": 151.49862670898438,
            "dy": 108.8516845703125,
            "timestamp": 665
        },
        {
            "dx": 152.1646728515625,
            "dy": 107.51889038085938,
            "timestamp": 665
        },
        {
            "dx": 152.8307342529297,
            "dy": 105.8529052734375,
            "timestamp": 666
        },
        {
            "dx": 153.1637420654297,
            "dy": 104.52011108398438,
            "timestamp": 666
        },
        {
            "dx": 154.16282653808594,
            "dy": 102.8541259765625,
            "timestamp": 689
        },
        {
            "dx": 154.828857421875,
            "dy": 101.52133178710938,
            "timestamp": 690
        },
        {
            "dx": 155.82794189453125,
            "dy": 100.521728515625,
            "timestamp": 691
        },
        {
            "dx": 156.49398803710938,
            "dy": 99.18896484375,
            "timestamp": 692
        },
        {
            "dx": 157.1600341796875,
            "dy": 98.18939208984375,
            "timestamp": 692
        },
        {
            "dx": 157.8260955810547,
            "dy": 97.52294921875,
            "timestamp": 692
        },
        {
            "dx": 158.49215698242188,
            "dy": 96.52337646484375,
            "timestamp": 692
        },
        {
            "dx": 159.15818786621094,
            "dy": 95.85699462890625,
            "timestamp": 719
        },
        {
            "dx": 159.8242645263672,
            "dy": 95.19061279296875,
            "timestamp": 719
        },
        {
            "dx": 160.49029541015625,
            "dy": 94.524169921875,
            "timestamp": 719
        },
        {
            "dx": 160.82330322265625,
            "dy": 94.19100952148438,
            "timestamp": 719
        },
        {
            "dx": 161.15634155273438,
            "dy": 93.8577880859375,
            "timestamp": 719
        },
        {
            "dx": 161.48936462402344,
            "dy": 93.52459716796875,
            "timestamp": 719
        },
        {
            "dx": 161.8223876953125,
            "dy": 93.52459716796875,
            "timestamp": 720
        },
        {
            "dx": 162.1554412841797,
            "dy": 93.52459716796875,
            "timestamp": 744
        },
        {
            "dx": 162.4884490966797,
            "dy": 93.52459716796875,
            "timestamp": 745
        },
        {
            "dx": 162.82147216796875,
            "dy": 93.52459716796875,
            "timestamp": 745
        },
        {
            "dx": 0,
            "dy": 0,
            "timestamp": 771
        },
        {
            "dx": 224.43109130859375,
            "dy": 93.52459716796875,
            "timestamp": 1071
        },
        {
            "dx": 225.76318359375,
            "dy": 93.52459716796875,
            "timestamp": 1072
        },
        {
            "dx": 227.42831420898438,
            "dy": 93.52459716796875,
            "timestamp": 1100
        },
        {
            "dx": 229.42645263671875,
            "dy": 93.52459716796875,
            "timestamp": 1100
        },
        {
            "dx": 231.42462158203125,
            "dy": 93.52459716796875,
            "timestamp": 1100
        },
        {
            "dx": 234.7548828125,
            "dy": 93.8577880859375,
            "timestamp": 1100
        },
        {
            "dx": 237.0860595703125,
            "dy": 93.8577880859375,
            "timestamp": 1100
        },
        {
            "dx": 239.08419799804688,
            "dy": 94.19100952148438,
            "timestamp": 1101
        },
        {
            "dx": 239.750244140625,
            "dy": 94.19100952148438,
            "timestamp": 1101
        },
        {
            "dx": 0,
            "dy": 0,
            "timestamp": 1131
        },
        {
            "dx": 245.74468994140625,
            "dy": 80.86309814453125,
            "timestamp": 1322
        },
        {
            "dx": 247.40985107421875,
            "dy": 82.529052734375,
            "timestamp": 1323
        },
        {
            "dx": 248.74191284179688,
            "dy": 84.52825927734375,
            "timestamp": 1323
        },
        {
            "dx": 250.07403564453125,
            "dy": 86.52743530273438,
            "timestamp": 1323
        },
        {
            "dx": 251.4061279296875,
            "dy": 88.85983276367188,
            "timestamp": 1350
        },
        {
            "dx": 0,
            "dy": 0,
            "timestamp": 1351
        },
        {
            "dx": 246.7437744140625,
            "dy": 123.51242065429688,
            "timestamp": 1564
        },
        {
            "dx": 247.0767822265625,
            "dy": 123.51242065429688,
            "timestamp": 1564
        },
        {
            "dx": 0,
            "dy": 0,
            "timestamp": 1565
        }
    ]
]