[
    [
        {
            "dx": 229.75949096679688,
            "dy": 35.88134765625,
            "timestamp": 0
        },
        {
            "dx": 229.75949096679688,
            "dy": 37.88055419921875,
            "timestamp": 0
        },
        {
            "dx": 229.75949096679688,
            "dy": 39.879730224609375,
            "timestamp": 0
        },
        {
            "dx": 229.75949096679688,
            "dy": 41.87890625,
            "timestamp": 0
        },
        {
            "dx": 229.75949096679688,
            "dy": 43.87811279296875,
            "timestamp": 0
        },
        {
            "dx": 229.75949096679688,
            "dy": 47.54327392578125,
            "timestamp": 24
        },
        {
            "dx": 229.75949096679688,
            "dy": 50.2088623046875,
            "timestamp": 24
        },
        {
            "dx": 229.42645263671875,
            "dy": 52.20806884765625,
            "timestamp": 24
        },
        {
            "dx": 229.09344482421875,
            "dy": 54.207244873046875,
            "timestamp": 24
        },
        {
            "dx": 228.76043701171875,
            "dy": 56.2064208984375,
            "timestamp": 24
        },
        {
            "dx": 228.42742919921875,
            "dy": 58.87200927734375,
            "timestamp": 24
        },
        {
            "dx": 228.0943603515625,
            "dy": 61.53759765625,
            "timestamp": 53
        },
        {
            "dx": 227.7613525390625,
            "dy": 63.53680419921875,
            "timestamp": 53
        },
        {
            "dx": 227.42831420898438,
            "dy": 65.2027587890625,
            "timestamp": 53
        },
        {
            "dx": 227.09527587890625,
            "dy": 67.20196533203125,
            "timestamp": 53
        },
        {
            "dx": 226.42926025390625,
            "dy": 68.86798095703125,
            "timestamp": 53
        },
        {
            "dx": 225.76318359375,
            "dy": 70.86712646484375,
            "timestamp": 53
        },
        {
            "dx": 225.43016052246094,
            "dy": 72.8663330078125,
            "timestamp": 54
        },
        {
            "dx": 224.76409912109375,
            "dy": 74.53231811523438,
            "timestamp": 85
        },
        {
            "dx": 224.0980682373047,
            "dy": 76.19830322265625,
            "timestamp": 85
        },
        {
            "dx": 223.4320068359375,
            "dy": 77.86431884765625,
            "timestamp": 85
        },
        {
            "dx": 222.76596069335938,
            "dy": 79.19708251953125,
            "timestamp": 85
        },
        {
            "dx": 222.09991455078125,
            "dy": 80.86309814453125,
            "timestamp": 85
        },
        {
            "dx": 221.100830078125,
            "dy": 82.529052734375,
            "timestamp": 85
        },
        {
            "dx": 220.76780700683594,
            "dy": 84.195068359375,
            "timestamp": 85
        },
        {
            "dx": 220.10177612304688,
            "dy": 85.19464111328125,
            "timestamp": 85
        },
        {
            "dx": 219.4357147216797,
            "dy": 86.19427490234375,
            "timestamp": 113
        },
        {
            "dx": 218.7696533203125,
            "dy": 86.86065673828125,
            "timestamp": 113
        },
        {
            "dx": 218.10362243652344,
            "dy": 87.52703857421875,
            "timestamp": 113
        },
        {
            "dx": 217.43756103515625,
            "dy": 88.19345092773438,
            "timestamp": 114
        },
        {
            "dx": 216.7715301513672,
            "dy": 88.526611328125,
            "timestamp": 114
        },
        {
            "dx": 215.77244567871094,
            "dy": 89.19305419921875,
            "timestamp": 114
        },
        {
            "dx": 215.10638427734375,
            "dy": 89.52621459960938,
            "timestamp": 114
        },
        {
            "dx": 214.1072998046875,
            "dy": 89.85943603515625,
            "timestamp": 114
        },
        {
            "dx": 213.44126892089844,
            "dy": 90.192626953125,
            "timestamp": 139
        },
        {
            "dx": 213.10824584960938,
            "dy": 90.192626953125,
            "timestamp": 139
        },
        {
            "dx": 212.4421844482422,
            "dy": 90.192626953125,
            "timestamp": 139
        },
        {
            "dx": 211.7761688232422,
            "dy": 90.52581787109375,
            "timestamp": 139
        },
        {
            "dx": 211.11009216308594,
            "dy": 90.52581787109375,
            "timestamp": 139
        },
        {
            "dx": 210.77706909179688,
            "dy": 90.52581787109375,
            "timestamp": 139
        },
        {
            "dx": 210.44403076171875,
            "dy": 90.52581787109375,
            "timestamp": 139
        },
        {
            "dx": 209.7779998779297,
            "dy": 90.52581787109375,
            "timestamp": 163
        },
        {
            "dx": 209.1119384765625,
            "dy": 90.52581787109375,
            "timestamp": 163
        },
        {
            "dx": 208.77891540527344,
            "dy": 90.52581787109375,
            "timestamp": 163
        },
        {
            "dx": 208.11285400390625,
            "dy": 90.52581787109375,
            "timestamp": 163
        },
        {
            "dx": 207.4468231201172,
            "dy": 90.52581787109375,
            "timestamp": 163
        },
        {
            "dx": 207.1138153076172,
            "dy": 90.192626953125,
            "timestamp": 163
        },
        {
            "dx": 206.44773864746094,
            "dy": 90.192626953125,
            "timestamp": 163
        },
        {
            "dx": 205.78167724609375,
            "dy": 89.52621459960938,
            "timestamp": 186
        },
        {
            "dx": 205.1156463623047,
            "dy": 89.19305419921875,
            "timestamp": 186
        },
        {
            "dx": 204.7826385498047,
            "dy": 88.526611328125,
            "timestamp": 186
        },
        {
            "dx": 204.11656188964844,
            "dy": 88.19345092773438,
            "timestamp": 186
        },
        {
            "dx": 203.45050048828125,
            "dy": 87.19384765625,
            "timestamp": 186
        },
        {
            "dx": 202.7844696044922,
            "dy": 86.19427490234375,
            "timestamp": 186
        },
        {
            "dx": 202.4514617919922,
            "dy": 85.52783203125,
            "timestamp": 210
        },
        {
            "dx": 202.118408203125,
            "dy": 84.8614501953125,
            "timestamp": 210
        },
        {
            "dx": 202.118408203125,
            "dy": 83.86187744140625,
            "timestamp": 210
        },
        {
            "dx": 201.78538513183594,
            "dy": 83.19549560546875,
            "timestamp": 210
        },
        {
            "dx": 201.11935424804688,
            "dy": 82.19586181640625,
            "timestamp": 210
        },
        {
            "dx": 201.11935424804688,
            "dy": 81.52947998046875,
            "timestamp": 210
        },
        {
            "dx": 201.11935424804688,
            "dy": 80.86309814453125,
            "timestamp": 234
        },
        {
            "dx": 200.78631591796875,
            "dy": 79.86349487304688,
            "timestamp": 234
        },
        {
            "dx": 200.78631591796875,
            "dy": 79.5302734375,
            "timestamp": 234
        },
        {
            "dx": 200.4532928466797,
            "dy": 78.8638916015625,
            "timestamp": 234
        },
        {
            "dx": 200.4532928466797,
            "dy": 78.53070068359375,
            "timestamp": 234
        },
        {
            "dx": 200.4532928466797,
            "dy": 78.197509765625,
            "timestamp": 234
        },
        {
            "dx": 200.4532928466797,
            "dy": 77.86431884765625,
            "timestamp": 253
        },
        {
            "dx": 200.1202850341797,
            "dy": 78.197509765625,
            "timestamp": 317
        },
        {
            "dx": 199.7872314453125,
            "dy": 78.53070068359375,
            "timestamp": 317
        },
        {
            "dx": 199.12118530273438,
            "dy": 79.19708251953125,
            "timestamp": 317
        },
        {
            "dx": 197.7891082763672,
            "dy": 80.86309814453125,
            "timestamp": 317
        },
        {
            "dx": 196.45700073242188,
            "dy": 82.19586181640625,
            "timestamp": 334
        },
        {
            "dx": 194.7918701171875,
            "dy": 83.19549560546875,
            "timestamp": 334
        },
        {
            "dx": 193.1267547607422,
            "dy": 84.52825927734375,
            "timestamp": 334
        },
        {
            "dx": 192.12767028808594,
            "dy": 85.19464111328125,
            "timestamp": 334
        },
        {
            "dx": 191.1285858154297,
            "dy": 85.86105346679688,
            "timestamp": 356
        },
        {
            "dx": 190.1295166015625,
            "dy": 86.52743530273438,
            "timestamp": 357
        },
        {
            "dx": 189.13043212890625,
            "dy": 87.19384765625,
            "timestamp": 357
        },
        {
            "dx": 187.79833984375,
            "dy": 87.8602294921875,
            "timestamp": 357
        },
        {
            "dx": 186.79925537109375,
            "dy": 88.526611328125,
            "timestamp": 357
        },
        {
            "dx": 185.4671630859375,
            "dy": 89.19305419921875,
            "timestamp": 357
        },
        {
            "dx": 184.46807861328125,
            "dy": 89.85943603515625,
            "timestamp": 378
        },
        {
            "dx": 183.4690399169922,
            "dy": 90.52581787109375,
            "timestamp": 379
        },
        {
            "dx": 182.13690185546875,
            "dy": 91.19223022460938,
            "timestamp": 379
        },
        {
            "dx": 180.8048095703125,
            "dy": 91.525390625,
            "timestamp": 379
        },
        {
            "dx": 179.80575561523438,
            "dy": 92.19183349609375,
            "timestamp": 379
        },
        {
            "dx": 178.8066864013672,
            "dy": 92.52499389648438,
            "timestamp": 379
        },
        {
            "dx": 177.80758666992188,
            "dy": 93.19140625,
            "timestamp": 401
        },
        {
            "dx": 176.4755096435547,
            "dy": 93.52459716796875,
            "timestamp": 401
        },
        {
            "dx": 175.47642517089844,
            "dy": 93.8577880859375,
            "timestamp": 401
        },
        {
            "dx": 174.81036376953125,
            "dy": 93.8577880859375,
            "timestamp": 402
        },
        {
            "dx": 173.811279296875,
            "dy": 94.19100952148438,
            "timestamp": 402
        },
        {
            "dx": 172.81222534179688,
            "dy": 94.19100952148438,
            "timestamp": 402
        },
        {
            "dx": 172.47918701171875,
            "dy": 94.19100952148438,
            "timestamp": 425
        },
        {
            "dx": 171.8131561279297,
            "dy": 94.19100952148438,
            "timestamp": 426
        },
        {
            "dx": 171.1470947265625,
            "dy": 94.19100952148438,
            "timestamp": 426
        },
        {
            "dx": 170.48104858398438,
            "dy": 94.19100952148438,
            "timestamp": 426
        },
        {
            "dx": 170.14801025390625,
            "dy": 94.19100952148438,
            "timestamp": 426
        },
        {
            "dx": 169.4819793701172,
            "dy": 94.19100952148438,
            "timestamp": 426
        },
        {
            "dx": 168.81591796875,
            "dy": 93.8577880859375,
            "timestamp": 454
        },
        {
            "dx": 168.48289489746094,
            "dy": 93.52459716796875,
            "timestamp": 454
        },
        {
            "dx": 167.81683349609375,
            "dy": 92.85821533203125,
            "timestamp": 455
        },
        {
            "dx": 167.4838104248047,
            "dy": 92.52499389648438,
            "timestamp": 455
        },
        {
            "dx": 167.1508026123047,
            "dy": 92.19183349609375,
            "timestamp": 455
        },
        {
            "dx": 166.8177947998047,
            "dy": 91.525390625,
            "timestamp": 455
        },
        {
            "dx": 166.4847412109375,
            "dy": 91.19223022460938,
            "timestamp": 455
        },
        {
            "dx": 166.15171813964844,
            "dy": 90.8590087890625,
            "timestamp": 455
        },
        {
            "dx": 165.81869506835938,
            "dy": 90.192626953125,
            "timestamp": 480
        },
        {
            "dx": 165.81869506835938,
            "dy": 89.85943603515625,
            "timestamp": 482
        },
        {
            "dx": 165.48565673828125,
            "dy": 89.52621459960938,
            "timestamp": 483
        },
        {
            "dx": 165.48565673828125,
            "dy": 89.19305419921875,
            "timestamp": 485
        },
        {
            "dx": 165.48565673828125,
            "dy": 88.85983276367188,
            "timestamp": 527
        },
        {
            "dx": 165.1526336669922,
            "dy": 88.85983276367188,
            "timestamp": 567
        },
        {
            "dx": 164.8196258544922,
            "dy": 89.19305419921875,
            "timestamp": 568
        },
        {
            "dx": 164.153564453125,
            "dy": 89.85943603515625,
            "timestamp": 568
        },
        {
            "dx": 162.82147216796875,
            "dy": 91.19223022460938,
            "timestamp": 568
        },
        {
            "dx": 161.15634155273438,
            "dy": 92.52499389648438,
            "timestamp": 568
        },
        {
            "dx": 159.8242645263672,
            "dy": 93.52459716796875,
            "timestamp": 568
        },
        {
            "dx": 158.49215698242188,
            "dy": 94.524169921875,
            "timestamp": 568
        },
        {
            "dx": 156.82701110839844,
            "dy": 95.85699462890625,
            "timestamp": 609
        },
        {
            "dx": 155.4949188232422,
            "dy": 96.8565673828125,
            "timestamp": 609
        },
        {
            "dx": 154.16282653808594,
            "dy": 97.85617065429688,
            "timestamp": 609
        },
        {
            "dx": 152.8307342529297,
            "dy": 99.18896484375,
            "timestamp": 609
        },
        {
            "dx": 151.49862670898438,
            "dy": 100.18856811523438,
            "timestamp": 609
        },
        {
            "dx": 150.16650390625,
            "dy": 101.18817138671875,
            "timestamp": 609
        },
        {
            "dx": 148.5013885498047,
            "dy": 101.85455322265625,
            "timestamp": 609
        },
        {
            "dx": 147.5023193359375,
            "dy": 102.52093505859375,
            "timestamp": 609
        },
        {
            "dx": 146.1702117919922,
            "dy": 103.18734741210938,
            "timestamp": 609
        },
        {
            "dx": 145.171142578125,
            "dy": 103.5205078125,
            "timestamp": 609
        },
        {
            "dx": 143.8390350341797,
            "dy": 103.85372924804688,
            "timestamp": 609
        },
        {
            "dx": 142.8399658203125,
            "dy": 103.85372924804688,
            "timestamp": 632
        },
        {
            "dx": 142.17391967773438,
            "dy": 104.18695068359375,
            "timestamp": 633
        },
        {
            "dx": 141.1748504638672,
            "dy": 104.52011108398438,
            "timestamp": 633
        },
        {
            "dx": 140.17576599121094,
            "dy": 104.52011108398438,
            "timestamp": 633
        },
        {
            "dx": 139.50973510742188,
            "dy": 104.52011108398438,
            "timestamp": 633
        },
        {
            "dx": 138.8436737060547,
            "dy": 104.52011108398438,
            "timestamp": 633
        },
        {
            "dx": 138.51065063476562,
            "dy": 104.52011108398438,
            "timestamp": 657
        },
        {
            "dx": 137.84458923339844,
            "dy": 104.52011108398438,
            "timestamp": 658
        },
        {
            "dx": 137.17855834960938,
            "dy": 104.52011108398438,
            "timestamp": 658
        },
        {
            "dx": 136.84552001953125,
            "dy": 104.52011108398438,
            "timestamp": 658
        },
        {
            "dx": 136.5124969482422,
            "dy": 104.52011108398438,
            "timestamp": 658
        },
        {
            "dx": 136.17947387695312,
            "dy": 104.52011108398438,
            "timestamp": 658
        },
        {
            "dx": 135.846435546875,
            "dy": 104.52011108398438,
            "timestamp": 680
        },
        {
            "dx": 135.513427734375,
            "dy": 104.52011108398438,
            "timestamp": 680
        },
        {
            "dx": 135.513427734375,
            "dy": 104.18695068359375,
            "timestamp": 680
        },
        {
            "dx": 135.18038940429688,
            "dy": 104.18695068359375,
            "timestamp": 680
        },
        {
            "dx": 135.18038940429688,
            "dy": 103.85372924804688,
            "timestamp": 702
        },
        {
            "dx": 135.18038940429688,
            "dy": 103.5205078125,
            "timestamp": 723
        },
        {
            "dx": 135.513427734375,
            "dy": 103.5205078125,
            "timestamp": 756
        },
        {
            "dx": 136.17947387695312,
            "dy": 103.5205078125,
            "timestamp": 775
        },
        {
            "dx": 136.84552001953125,
            "dy": 103.85372924804688,
            "timestamp": 776
        },
        {
            "dx": 137.51156616210938,
            "dy": 104.18695068359375,
            "timestamp": 776
        },
        {
            "dx": 138.51065063476562,
            "dy": 104.85333251953125,
            "timestamp": 776
        },
        {
            "dx": 139.17669677734375,
            "dy": 105.8529052734375,
            "timestamp": 776
        },
        {
            "dx": 139.84274291992188,
            "dy": 107.18572998046875,
            "timestamp": 803
        },
        {
            "dx": 140.5087890625,
            "dy": 108.185302734375,
            "timestamp": 806
        },
        {
            "dx": 141.1748504638672,
            "dy": 109.51812744140625,
            "timestamp": 807
        },
        {
            "dx": 141.84088134765625,
            "dy": 111.18408203125,
            "timestamp": 807
        },
        {
            "dx": 142.50694274902344,
            "dy": 112.85006713867188,
            "timestamp": 807
        },
        {
            "dx": 142.8399658203125,
            "dy": 114.8492431640625,
            "timestamp": 807
        },
        {
            "dx": 143.1730194091797,
            "dy": 116.84844970703125,
            "timestamp": 807
        },
        {
            "dx": 143.5060272216797,
            "dy": 118.84762573242188,
            "timestamp": 829
        },
        {
            "dx": 143.8390350341797,
            "dy": 121.18002319335938,
            "timestamp": 829
        },
        {
            "dx": 143.8390350341797,
            "dy": 122.84603881835938,
            "timestamp": 829
        },
        {
            "dx": 144.17205810546875,
            "dy": 125.17840576171875,
            "timestamp": 829
        },
        {
            "dx": 144.17205810546875,
            "dy": 127.17758178710938,
            "timestamp": 829
        },
        {
            "dx": 144.17205810546875,
            "dy": 129.1767578125,
            "timestamp": 829
        },
        {
            "dx": 144.17205810546875,
            "dy": 130.84274291992188,
            "timestamp": 830
        },
        {
            "dx": 144.17205810546875,
            "dy": 132.50875854492188,
            "timestamp": 855
        },
        {
            "dx": 144.17205810546875,
            "dy": 134.5079345703125,
            "timestamp": 856
        },
        {
            "dx": 143.8390350341797,
            "dy": 136.50717163085938,
            "timestamp": 856
        },
        {
            "dx": 143.1730194091797,
            "dy": 138.50631713867188,
            "timestamp": 856
        },
        {
            "dx": 142.8399658203125,
            "dy": 140.17230224609375,
            "timestamp": 856
        },
        {
            "dx": 142.17391967773438,
            "dy": 141.50509643554688,
            "timestamp": 856
        },
        {
            "dx": 141.50787353515625,
            "dy": 143.17108154296875,
            "timestamp": 856
        },
        {
            "dx": 140.8418426513672,
            "dy": 145.17025756835938,
            "timestamp": 878
        },
        {
            "dx": 140.17576599121094,
            "dy": 146.5030517578125,
            "timestamp": 878
        },
        {
            "dx": 139.17669677734375,
            "dy": 147.83587646484375,
            "timestamp": 878
        },
        {
            "dx": 138.51065063476562,
            "dy": 149.5018310546875,
            "timestamp": 878
        },
        {
            "dx": 137.84458923339844,
            "dy": 151.16781616210938,
            "timestamp": 878
        },
        {
            "dx": 136.84552001953125,
            "dy": 152.83383178710938,
            "timestamp": 879
        },
        {
            "dx": 135.846435546875,
            "dy": 154.16659545898438,
            "timestamp": 879
        },
        {
            "dx": 135.18038940429688,
            "dy": 155.16619873046875,
            "timestamp": 901
        },
        {
            "dx": 134.1813201904297,
            "dy": 155.83261108398438,
            "timestamp": 901
        },
        {
            "dx": 133.51528930664062,
            "dy": 156.49899291992188,
            "timestamp": 901
        },
        {
            "dx": 132.84921264648438,
            "dy": 156.83221435546875,
            "timestamp": 901
        },
        {
            "dx": 131.8501434326172,
            "dy": 157.49862670898438,
            "timestamp": 901
        },
        {
            "dx": 131.18411254882812,
            "dy": 157.831787109375,
            "timestamp": 924
        },
        {
            "dx": 130.18502807617188,
            "dy": 158.16500854492188,
            "timestamp": 924
        },
        {
            "dx": 129.5189666748047,
            "dy": 158.4981689453125,
            "timestamp": 924
        },
        {
            "dx": 128.5198974609375,
            "dy": 158.83139038085938,
            "timestamp": 924
        },
        {
            "dx": 127.85385131835938,
            "dy": 158.83139038085938,
            "timestamp": 924
        },
        {
            "dx": 126.85476684570312,
            "dy": 159.16464233398438,
            "timestamp": 924
        },
        {
            "dx": 125.85569763183594,
            "dy": 159.16464233398438,
            "timestamp": 924
        },
        {
            "dx": 124.85662841796875,
            "dy": 159.16464233398438,
            "timestamp": 947
        },
        {
            "dx": 124.19058227539062,
            "dy": 159.16464233398438,
            "timestamp": 947
        },
        {
            "dx": 123.19149780273438,
            "dy": 159.16464233398438,
            "timestamp": 947
        },
        {
            "dx": 121.85940551757812,
            "dy": 159.16464233398438,
            "timestamp": 947
        },
        {
            "dx": 120.86032104492188,
            "dy": 159.16464233398438,
            "timestamp": 947
        },
        {
            "dx": 119.1951904296875,
            "dy": 159.16464233398438,
            "timestamp": 947
        },
        {
            "dx": 118.19613647460938,
            "dy": 159.16464233398438,
            "timestamp": 969
        },
        {
            "dx": 116.864013671875,
            "dy": 159.16464233398438,
            "timestamp": 970
        },
        {
            "dx": 115.86495971679688,
            "dy": 159.16464233398438,
            "timestamp": 970
        },
        {
            "dx": 114.1998291015625,
            "dy": 159.16464233398438,
            "timestamp": 970
        },
        {
            "dx": 112.86772155761719,
            "dy": 158.4981689453125,
            "timestamp": 970
        },
        {
            "dx": 111.86865234375,
            "dy": 158.16500854492188,
            "timestamp": 970
        },
        {
            "dx": 110.86956787109375,
            "dy": 157.831787109375,
            "timestamp": 993
        },
        {
            "dx": 109.5374755859375,
            "dy": 157.1654052734375,
            "timestamp": 993
        },
        {
            "dx": 107.87234497070312,
            "dy": 156.49899291992188,
            "timestamp": 993
        },
        {
            "dx": 106.87327575683594,
            "dy": 155.83261108398438,
            "timestamp": 993
        },
        {
            "dx": 105.87419128417969,
            "dy": 155.16619873046875,
            "timestamp": 993
        },
        {
            "dx": 105.20816040039062,
            "dy": 154.49984741210938,
            "timestamp": 993
        },
        {
            "dx": 104.20907592773438,
            "dy": 153.83343505859375,
            "timestamp": 1020
        },
        {
            "dx": 103.54302978515625,
            "dy": 152.83383178710938,
            "timestamp": 1021
        },
        {
            "dx": 102.87698364257812,
            "dy": 152.16741943359375,
            "timestamp": 1021
        },
        {
            "dx": 102.5439453125,
            "dy": 151.50106811523438,
            "timestamp": 1021
        },
        {
            "dx": 101.87789916992188,
            "dy": 150.83465576171875,
            "timestamp": 1021
        },
        {
            "dx": 101.21185302734375,
            "dy": 149.83505249023438,
            "timestamp": 1021
        },
        {
            "dx": 100.87881469726562,
            "dy": 149.16864013671875,
            "timestamp": 1021
        },
        {
            "dx": 100.54580688476562,
            "dy": 148.50228881835938,
            "timestamp": 1043
        },
        {
            "dx": 100.2127685546875,
            "dy": 147.50265502929688,
            "timestamp": 1043
        },
        {
            "dx": 99.87974548339844,
            "dy": 146.83627319335938,
            "timestamp": 1043
        },
        {
            "dx": 99.87974548339844,
            "dy": 146.16986083984375,
            "timestamp": 1043
        },
        {
            "dx": 99.87974548339844,
            "dy": 145.17025756835938,
            "timestamp": 1043
        },
        {
            "dx": 99.54672241210938,
            "dy": 144.50387573242188,
            "timestamp": 1043
        },
        {
            "dx": 99.54672241210938,
            "dy": 143.5042724609375,
            "timestamp": 1068
        },
        {
            "dx": 99.54672241210938,
            "dy": 142.837890625,
            "timestamp": 1069
        },
        {
            "dx": 99.54672241210938,
            "dy": 141.83831787109375,
            "timestamp": 1070
        },
        {
            "dx": 99.54672241210938,
            "dy": 141.171875,
            "timestamp": 1070
        },
        {
            "dx": 99.54672241210938,
            "dy": 140.17230224609375,
            "timestamp": 1070
        },
        {
            "dx": 99.54672241210938,
            "dy": 139.17269897460938,
            "timestamp": 1070
        },
        {
            "dx": 99.54672241210938,
            "dy": 138.173095703125,
            "timestamp": 1070
        },
        {
            "dx": 99.54672241210938,
            "dy": 136.84033203125,
            "timestamp": 1097
        },
        {
            "dx": 99.54672241210938,
            "dy": 136.17391967773438,
            "timestamp": 1098
        },
        {
            "dx": 99.54672241210938,
            "dy": 135.17431640625,
            "timestamp": 1098
        },
        {
            "dx": 99.54672241210938,
            "dy": 134.17474365234375,
            "timestamp": 1098
        },
        {
            "dx": 99.87974548339844,
            "dy": 133.50839233398438,
            "timestamp": 1098
        },
        {
            "dx": 100.2127685546875,
            "dy": 132.84197998046875,
            "timestamp": 1098
        },
        {
            "dx": 100.54580688476562,
            "dy": 132.175537109375,
            "timestamp": 1098
        },
        {
            "dx": 100.54580688476562,
            "dy": 131.5091552734375,
            "timestamp": 1098
        },
        {
            "dx": 100.87881469726562,
            "dy": 130.50961303710938,
            "timestamp": 1122
        },
        {
            "dx": 101.21185302734375,
            "dy": 129.50997924804688,
            "timestamp": 1122
        },
        {
            "dx": 101.54489135742188,
            "dy": 128.5103759765625,
            "timestamp": 1122
        },
        {
            "dx": 101.87789916992188,
            "dy": 127.51083374023438,
            "timestamp": 1122
        },
        {
            "dx": 102.21092224121094,
            "dy": 126.51119995117188,
            "timestamp": 1123
        },
        {
            "dx": 102.87698364257812,
            "dy": 125.5115966796875,
            "timestamp": 1123
        },
        {
            "dx": 103.54302978515625,
            "dy": 124.17880249023438,
            "timestamp": 1148
        },
        {
            "dx": 104.20907592773438,
            "dy": 122.84603881835938,
            "timestamp": 1148
        },
        {
            "dx": 104.54209899902344,
            "dy": 121.84640502929688,
            "timestamp": 1148
        },
        {
            "dx": 105.20816040039062,
            "dy": 120.51364135742188,
            "timestamp": 1148
        },
        {
            "dx": 105.87419128417969,
            "dy": 118.84762573242188,
            "timestamp": 1148
        },
        {
            "dx": 106.87327575683594,
            "dy": 117.51486206054688,
            "timestamp": 1148
        },
        {
            "dx": 107.87234497070312,
            "dy": 115.51568603515625,
            "timestamp": 1149
        },
        {
            "dx": 108.87142944335938,
            "dy": 113.5164794921875,
            "timestamp": 1176
        },
        {
            "dx": 109.87051391601562,
            "dy": 111.51730346679688,
            "timestamp": 1178
        },
        {
            "dx": 111.20260620117188,
            "dy": 109.18490600585938,
            "timestamp": 1178
        },
        {
            "dx": 112.53469848632812,
            "dy": 106.85250854492188,
            "timestamp": 1178
        },
        {
            "dx": 113.53378295898438,
            "dy": 104.85333251953125,
            "timestamp": 1178
        },
        {
            "dx": 114.5328369140625,
            "dy": 103.18734741210938,
            "timestamp": 1178
        },
        {
            "dx": 115.53192138671875,
            "dy": 101.52133178710938,
            "timestamp": 1179
        },
        {
            "dx": 116.53099060058594,
            "dy": 100.18856811523438,
            "timestamp": 1211
        },
        {
            "dx": 117.53007507324219,
            "dy": 98.85577392578125,
            "timestamp": 1212
        },
        {
            "dx": 118.52914428710938,
            "dy": 97.85617065429688,
            "timestamp": 1212
        },
        {
            "dx": 119.1951904296875,
            "dy": 96.8565673828125,
            "timestamp": 1212
        },
        {
            "dx": 120.19427490234375,
            "dy": 96.190185546875,
            "timestamp": 1212
        },
        {
            "dx": 120.86032104492188,
            "dy": 95.52377319335938,
            "timestamp": 1212
        },
        {
            "dx": 121.5263671875,
            "dy": 95.19061279296875,
            "timestamp": 1212
        },
        {
            "dx": 122.52545166015625,
            "dy": 94.524169921875,
            "timestamp": 1212
        },
        {
            "dx": 123.19149780273438,
            "dy": 94.19100952148438,
            "timestamp": 1212
        },
        {
            "dx": 123.8575439453125,
            "dy": 94.19100952148438,
            "timestamp": 1212
        },
        {
            "dx": 124.85662841796875,
            "dy": 93.8577880859375,
            "timestamp": 1237
        },
        {
            "dx": 125.85569763183594,
            "dy": 93.8577880859375,
            "timestamp": 1238
        },
        {
            "dx": 126.188720703125,
            "dy": 93.8577880859375,
            "timestamp": 1238
        },
        {
            "dx": 0,
            "dy": 0,
            "timestamp": 1264
        },
        {
            "dx": 264.06109619140625,
            "dy": 6.22674560546875,
            "timestamp": 1673
        },
        {
            "dx": 261.3968505859375,
            "dy": 9.22552490234375,
            "timestamp": 1673
        },
        {
            "dx": 257.73358154296875,
            "dy": 12.890716552734375,
            "timestamp": 1673
        },
        {
            "dx": 255.40240478515625,
            "dy": 15.22308349609375,
            "timestamp": 1698
        },
        {
            "dx": 253.07122802734375,
            "dy": 17.222274780273438,
            "timestamp": 1698
        },
        {
            "dx": 251.4061279296875,
            "dy": 19.554656982421875,
            "timestamp": 1698
        },
        {
            "dx": 249.074951171875,
            "dy": 21.553878784179688,
            "timestamp": 1698
        },
        {
            "dx": 247.0767822265625,
            "dy": 23.55303955078125,
            "timestamp": 1698
        },
        {
            "dx": 244.07955932617188,
            "dy": 26.55181884765625,
            "timestamp": 1698
        },
        {
            "dx": 242.0814208984375,
            "dy": 29.217391967773438,
            "timestamp": 1726
        },
        {
            "dx": 240.083251953125,
            "dy": 30.883392333984375,
            "timestamp": 1726
        },
        {
            "dx": 238.08514404296875,
            "dy": 32.882568359375,
            "timestamp": 1726
        },
        {
            "dx": 236.08697509765625,
            "dy": 34.21537780761719,
            "timestamp": 1726
        },
        {
            "dx": 234.08880615234375,
            "dy": 36.214569091796875,
            "timestamp": 1726
        },
        {
            "dx": 232.09066772460938,
            "dy": 38.2137451171875,
            "timestamp": 1726
        },
        {
            "dx": 230.425537109375,
            "dy": 39.879730224609375,
            "timestamp": 1726
        },
        {
            "dx": 228.42742919921875,
            "dy": 41.54571533203125,
            "timestamp": 1751
        },
        {
            "dx": 226.76226806640625,
            "dy": 43.21173095703125,
            "timestamp": 1752
        },
        {
            "dx": 224.76409912109375,
            "dy": 45.54412841796875,
            "timestamp": 1752
        },
        {
            "dx": 223.09898376464844,
            "dy": 47.54327392578125,
            "timestamp": 1752
        },
        {
            "dx": 221.100830078125,
            "dy": 49.54248046875,
            "timestamp": 1752
        },
        {
            "dx": 219.4357147216797,
            "dy": 51.8748779296875,
            "timestamp": 1752
        },
        {
            "dx": 217.77059936523438,
            "dy": 53.87408447265625,
            "timestamp": 1752
        },
        {
            "dx": 216.4384765625,
            "dy": 55.5400390625,
            "timestamp": 1777
        },
        {
            "dx": 215.43942260742188,
            "dy": 56.539642333984375,
            "timestamp": 1777
        },
        {
            "dx": 214.4403533935547,
            "dy": 57.53924560546875,
            "timestamp": 1777
        },
        {
            "dx": 213.44126892089844,
            "dy": 59.2052001953125,
            "timestamp": 1777
        },
        {
            "dx": 212.77520751953125,
            "dy": 59.87164306640625,
            "timestamp": 1777
        },
        {
            "dx": 212.77520751953125,
            "dy": 60.204803466796875,
            "timestamp": 1777
        },
        {
            "dx": 0,
            "dy": 0,
            "timestamp": 1778
        }
    ],
    [
        {
            "dx": 220.65187072753906,
            "dy": 38.35527038574219,
            "timestamp": 0
        },
        {
            "dx": 220.65187072753906,
            "dy": 38.35527038574219,
            "timestamp": 17
        },
        {
            "dx": 220.65187072753906,
            "dy": 38.35527038574219,
            "timestamp": 34
        },
        {
            "dx": 220.65187072753906,
            "dy": 38.35527038574219,
            "timestamp": 51
        },
        {
            "dx": 220.65187072753906,
            "dy": 39.35466003417969,
            "timestamp": 68
        },
        {
            "dx": 221.15118408203125,
            "dy": 40.35404968261719,
            "timestamp": 76
        },
        {
            "dx": 222.64910888671875,
            "dy": 44.35160827636719,
            "timestamp": 84
        },
        {
            "dx": 224.64633178710938,
            "dy": 48.34916687011719,
            "timestamp": 93
        },
        {
            "dx": 226.6435546875,
            "dy": 54.34552001953125,
            "timestamp": 101
        },
        {
            "dx": 228.64077758789062,
            "dy": 59.8421630859375,
            "timestamp": 110
        },
        {
            "dx": 230.13870239257812,
            "dy": 66.33819580078125,
            "timestamp": 117
        },
        {
            "dx": 231.63662719726562,
            "dy": 73.33395385742188,
            "timestamp": 126
        },
        {
            "dx": 231.63662719726562,
            "dy": 78.83059692382812,
            "timestamp": 134
        },
        {
            "dx": 231.63662719726562,
            "dy": 84.82693481445312,
            "timestamp": 143
        },
        {
            "dx": 230.13870239257812,
            "dy": 88.82449340820312,
            "timestamp": 151
        },
        {
            "dx": 229.14007568359375,
            "dy": 92.32235717773438,
            "timestamp": 160
        },
        {
            "dx": 227.64218139648438,
            "dy": 94.82083129882812,
            "timestamp": 168
        },
        {
            "dx": 226.14425659179688,
            "dy": 97.31930541992188,
            "timestamp": 177
        },
        {
            "dx": 224.64633178710938,
            "dy": 98.81838989257812,
            "timestamp": 184
        },
        {
            "dx": 223.14840698242188,
            "dy": 100.31747436523438,
            "timestamp": 193
        },
        {
            "dx": 221.65049743652344,
            "dy": 100.81716918945312,
            "timestamp": 201
        },
        {
            "dx": 220.65187072753906,
            "dy": 101.31686401367188,
            "timestamp": 210
        },
        {
            "dx": 218.65464782714844,
            "dy": 100.81716918945312,
            "timestamp": 218
        },
        {
            "dx": 217.15673828125,
            "dy": 100.81716918945312,
            "timestamp": 227
        },
        {
            "dx": 215.1595001220703,
            "dy": 99.81777954101562,
            "timestamp": 234
        },
        {
            "dx": 213.1622772216797,
            "dy": 98.81838989257812,
            "timestamp": 244
        },
        {
            "dx": 211.16505432128906,
            "dy": 97.31930541992188,
            "timestamp": 251
        },
        {
            "dx": 209.16783142089844,
            "dy": 95.82022094726562,
            "timestamp": 260
        },
        {
            "dx": 208.16921997070312,
            "dy": 94.32113647460938,
            "timestamp": 268
        },
        {
            "dx": 207.1706085205078,
            "dy": 93.32174682617188,
            "timestamp": 277
        },
        {
            "dx": 206.67129516601562,
            "dy": 92.32235717773438,
            "timestamp": 285
        },
        {
            "dx": 206.17198181152344,
            "dy": 91.82266235351562,
            "timestamp": 294
        },
        {
            "dx": 205.6726837158203,
            "dy": 91.32296752929688,
            "timestamp": 301
        },
        {
            "dx": 205.6726837158203,
            "dy": 90.82327270507812,
            "timestamp": 310
        },
        {
            "dx": 205.17337036132812,
            "dy": 90.82327270507812,
            "timestamp": 318
        },
        {
            "dx": 205.17337036132812,
            "dy": 91.32296752929688,
            "timestamp": 352
        },
        {
            "dx": 205.17337036132812,
            "dy": 92.32235717773438,
            "timestamp": 361
        },
        {
            "dx": 205.17337036132812,
            "dy": 93.82144165039062,
            "timestamp": 368
        },
        {
            "dx": 205.17337036132812,
            "dy": 95.32052612304688,
            "timestamp": 378
        },
        {
            "dx": 204.674072265625,
            "dy": 97.81900024414062,
            "timestamp": 385
        },
        {
            "dx": 204.674072265625,
            "dy": 100.81716918945312,
            "timestamp": 394
        },
        {
            "dx": 203.6754608154297,
            "dy": 103.81533813476562,
            "timestamp": 402
        },
        {
            "dx": 202.67684936523438,
            "dy": 107.313232421875,
            "timestamp": 411
        },
        {
            "dx": 200.6796112060547,
            "dy": 110.3114013671875,
            "timestamp": 418
        },
        {
            "dx": 199.18170166015625,
            "dy": 113.80926513671875,
            "timestamp": 428
        },
        {
            "dx": 196.68516540527344,
            "dy": 115.308349609375,
            "timestamp": 435
        },
        {
            "dx": 194.6879425048828,
            "dy": 117.30712890625,
            "timestamp": 445
        },
        {
            "dx": 191.6920928955078,
            "dy": 118.3065185546875,
            "timestamp": 452
        },
        {
            "dx": 189.19557189941406,
            "dy": 119.305908203125,
            "timestamp": 461
        },
        {
            "dx": 186.19972229003906,
            "dy": 119.305908203125,
            "timestamp": 469
        },
        {
            "dx": 183.20388793945312,
            "dy": 119.305908203125,
            "timestamp": 478
        },
        {
            "dx": 180.2080535888672,
            "dy": 117.80682373046875,
            "timestamp": 486
        },
        {
            "dx": 177.71151733398438,
            "dy": 116.80743408203125,
            "timestamp": 495
        },
        {
            "dx": 176.21359252929688,
            "dy": 115.308349609375,
            "timestamp": 502
        },
        {
            "dx": 174.71568298339844,
            "dy": 114.3089599609375,
            "timestamp": 511
        },
        {
            "dx": 173.71707153320312,
            "dy": 113.3095703125,
            "timestamp": 519
        },
        {
            "dx": 173.21775817871094,
            "dy": 112.80987548828125,
            "timestamp": 528
        },
        {
            "dx": 172.71844482421875,
            "dy": 112.3101806640625,
            "timestamp": 536
        },
        {
            "dx": 172.71844482421875,
            "dy": 111.81048583984375,
            "timestamp": 545
        },
        {
            "dx": 172.21914672851562,
            "dy": 111.310791015625,
            "timestamp": 552
        },
        {
            "dx": 171.71983337402344,
            "dy": 111.310791015625,
            "timestamp": 569
        },
        {
            "dx": 171.71983337402344,
            "dy": 111.81048583984375,
            "timestamp": 586
        },
        {
            "dx": 171.71983337402344,
            "dy": 112.3101806640625,
            "timestamp": 595
        },
        {
            "dx": 171.71983337402344,
            "dy": 112.80987548828125,
            "timestamp": 602
        },
        {
            "dx": 171.71983337402344,
            "dy": 113.80926513671875,
            "timestamp": 612
        },
        {
            "dx": 171.2205352783203,
            "dy": 115.308349609375,
            "timestamp": 619
        },
        {
            "dx": 171.2205352783203,
            "dy": 117.30712890625,
            "timestamp": 628
        },
        {
            "dx": 170.221923828125,
            "dy": 119.80560302734375,
            "timestamp": 636
        },
        {
            "dx": 169.2233123779297,
            "dy": 122.80377197265625,
            "timestamp": 645
        },
        {
            "dx": 167.7253875732422,
            "dy": 125.30224609375,
            "timestamp": 653
        },
        {
            "dx": 166.2274627685547,
            "dy": 127.80072021484375,
            "timestamp": 662
        },
        {
            "dx": 164.23023986816406,
            "dy": 129.79949951171875,
            "timestamp": 670
        },
        {
            "dx": 162.23301696777344,
            "dy": 132.2979736328125,
            "timestamp": 679
        },
        {
            "dx": 160.2357940673828,
            "dy": 133.29736328125,
            "timestamp": 686
        },
        {
            "dx": 158.7378692626953,
            "dy": 134.79644775390625,
            "timestamp": 695
        },
        {
            "dx": 157.2399444580078,
            "dy": 134.79644775390625,
            "timestamp": 703
        },
        {
            "dx": 155.74203491210938,
            "dy": 135.296142578125,
            "timestamp": 712
        },
        {
            "dx": 153.7447967529297,
            "dy": 134.79644775390625,
            "timestamp": 720
        },
        {
            "dx": 152.24688720703125,
            "dy": 134.79644775390625,
            "timestamp": 729
        },
        {
            "dx": 150.74896240234375,
            "dy": 134.2967529296875,
            "timestamp": 736
        },
        {
            "dx": 149.75035095214844,
            "dy": 133.79705810546875,
            "timestamp": 746
        },
        {
            "dx": 148.75173950195312,
            "dy": 133.29736328125,
            "timestamp": 753
        },
        {
            "dx": 148.25242614746094,
            "dy": 133.29736328125,
            "timestamp": 762
        },
        {
            "dx": 147.7531280517578,
            "dy": 132.79766845703125,
            "timestamp": 770
        },
        {
            "dx": 147.25381469726562,
            "dy": 132.79766845703125,
            "timestamp": 779
        },
        {
            "dx": 146.7545166015625,
            "dy": 132.79766845703125,
            "timestamp": 786
        },
        {
            "dx": 146.7545166015625,
            "dy": 133.29736328125,
            "timestamp": 812
        },
        {
            "dx": 147.25381469726562,
            "dy": 133.79705810546875,
            "timestamp": 820
        },
        {
            "dx": 147.7531280517578,
            "dy": 134.79644775390625,
            "timestamp": 829
        },
        {
            "dx": 148.75173950195312,
            "dy": 136.2955322265625,
            "timestamp": 837
        },
        {
            "dx": 150.24966430664062,
            "dy": 137.79464721679688,
            "timestamp": 846
        },
        {
            "dx": 151.74757385253906,
            "dy": 140.29312133789062,
            "timestamp": 853
        },
        {
            "dx": 153.24549865722656,
            "dy": 143.29129028320312,
            "timestamp": 863
        },
        {
            "dx": 154.24411010742188,
            "dy": 146.28945922851562,
            "timestamp": 870
        },
        {
            "dx": 155.74203491210938,
            "dy": 149.78732299804688,
            "timestamp": 879
        },
        {
            "dx": 156.7406463623047,
            "dy": 154.28457641601562,
            "timestamp": 887
        },
        {
            "dx": 157.7392578125,
            "dy": 158.78182983398438,
            "timestamp": 896
        },
        {
            "dx": 157.7392578125,
            "dy": 162.77938842773438,
            "timestamp": 904
        },
        {
            "dx": 157.7392578125,
            "dy": 167.77633666992188,
            "timestamp": 913
        },
        {
            "dx": 156.7406463623047,
            "dy": 173.772705078125,
            "timestamp": 920
        },
        {
            "dx": 156.2413330078125,
            "dy": 179.76904296875,
            "timestamp": 930
        },
        {
            "dx": 154.24411010742188,
            "dy": 185.765380859375,
            "timestamp": 937
        },
        {
            "dx": 152.74618530273438,
            "dy": 191.76171875,
            "timestamp": 946
        },
        {
            "dx": 150.24966430664062,
            "dy": 196.7586669921875,
            "timestamp": 954
        },
        {
            "dx": 147.7531280517578,
            "dy": 202.25534057617188,
            "timestamp": 963
        },
        {
            "dx": 145.256591796875,
            "dy": 205.75320434570312,
            "timestamp": 971
        },
        {
            "dx": 143.25936889648438,
            "dy": 209.75076293945312,
            "timestamp": 980
        },
        {
            "dx": 140.76283264160156,
            "dy": 212.74893188476562,
            "timestamp": 987
        },
        {
            "dx": 138.76560974121094,
            "dy": 215.74710083007812,
            "timestamp": 997
        },
        {
            "dx": 136.7683868408203,
            "dy": 217.24618530273438,
            "timestamp": 1004
        },
        {
            "dx": 134.77114868164062,
            "dy": 219.24496459960938,
            "timestamp": 1013
        },
        {
            "dx": 132.27462768554688,
            "dy": 219.74465942382812,
            "timestamp": 1021
        },
        {
            "dx": 129.77809143066406,
            "dy": 220.74404907226562,
            "timestamp": 1030
        },
        {
            "dx": 126.28294372558594,
            "dy": 220.24435424804688,
            "timestamp": 1037
        },
        {
            "dx": 123.287109375,
            "dy": 220.24435424804688,
            "timestamp": 1047
        },
        {
            "dx": 117.29542541503906,
            "dy": 217.74588012695312,
            "timestamp": 1054
        },
        {
            "dx": 111.80305480957031,
            "dy": 215.74710083007812,
            "timestamp": 1063
        },
        {
            "dx": 104.31346130371094,
            "dy": 210.25045776367188,
            "timestamp": 1071
        },
        {
            "dx": 97.32316589355469,
            "dy": 205.25350952148438,
            "timestamp": 1080
        },
        {
            "dx": 91.33148956298828,
            "dy": 197.25836181640625,
            "timestamp": 1088
        },
        {
            "dx": 85.33980560302734,
            "dy": 190.26263427734375,
            "timestamp": 1097
        },
        {
            "dx": 80.34674072265625,
            "dy": 180.7684326171875,
            "timestamp": 1104
        },
        {
            "dx": 75.85298156738281,
            "dy": 171.77392578125,
            "timestamp": 1114
        },
        {
            "dx": 73.85575866699219,
            "dy": 162.77938842773438,
            "timestamp": 1121
        },
        {
            "dx": 71.85853576660156,
            "dy": 154.28457641601562,
            "timestamp": 1130
        },
        {
            "dx": 71.85853576660156,
            "dy": 145.78976440429688,
            "timestamp": 1138
        },
        {
            "dx": 72.35784149169922,
            "dy": 137.29495239257812,
            "timestamp": 1147
        },
        {
            "dx": 75.35367584228516,
            "dy": 126.3016357421875,
            "timestamp": 1154
        },
        {
            "dx": 78.34951782226562,
            "dy": 116.3077392578125,
            "timestamp": 1164
        },
        {
            "dx": 83.34258270263672,
            "dy": 107.81292724609375,
            "timestamp": 1171
        },
        {
            "dx": 88.33564758300781,
            "dy": 99.81777954101562,
            "timestamp": 1181
        },
        {
            "dx": 97.32316589355469,
            "dy": 87.82510375976562,
            "timestamp": 1188
        },
        {
            "dx": 106.31068420410156,
            "dy": 75.33273315429688,
            "timestamp": 1197
        },
        {
            "dx": 0.0,
            "dy": 0.0,
            "timestamp": 1205
        },
        {
            "dx": 259.0984802246094,
            "dy": 3.8762969970703125,
            "timestamp": 1456
        },
        {
            "dx": 259.0984802246094,
            "dy": 3.8762969970703125,
            "timestamp": 1473
        },
        {
            "dx": 258.099853515625,
            "dy": 4.8756866455078125,
            "timestamp": 1489
        },
        {
            "dx": 257.10125732421875,
            "dy": 5.8750762939453125,
            "timestamp": 1498
        },
        {
            "dx": 251.60888671875,
            "dy": 11.371719360351562,
            "timestamp": 1506
        },
        {
            "dx": 246.61581420898438,
            "dy": 17.368072509765625,
            "timestamp": 1515
        },
        {
            "dx": 237.12899780273438,
            "dy": 27.361968994140625,
            "timestamp": 1522
        },
        {
            "dx": 228.1414794921875,
            "dy": 37.85557556152344,
            "timestamp": 1531
        },
        {
            "dx": 0.0,
            "dy": 0.0,
            "timestamp": 1539
        }
    ]
]