[
    [
        {
            "dx": 244.74560546875,
            "dy": 40.87933349609375,
            "timestamp": 0
        },
        {
            "dx": 244.74560546875,
            "dy": 43.87811279296875,
            "timestamp": 0
        },
        {
            "dx": 244.74560546875,
            "dy": 46.87689208984375,
            "timestamp": 0
        },
        {
            "dx": 244.74560546875,
            "dy": 48.8760986328125,
            "timestamp": 24
        },
        {
            "dx": 244.74560546875,
            "dy": 51.54168701171875,
            "timestamp": 25
        },
        {
            "dx": 244.74560546875,
            "dy": 54.207244873046875,
            "timestamp": 25
        },
        {
            "dx": 244.74560546875,
            "dy": 58.538818359375,
            "timestamp": 25
        },
        {
            "dx": 244.74560546875,
            "dy": 62.2039794921875,
            "timestamp": 25
        },
        {
            "dx": 244.74560546875,
            "dy": 64.536376953125,
            "timestamp": 25
        },
        {
            "dx": 244.74560546875,
            "dy": 66.53558349609375,
            "timestamp": 28
        },
        {
            "dx": 244.74560546875,
            "dy": 68.86798095703125,
            "timestamp": 58
        },
        {
            "dx": 244.41259765625,
            "dy": 70.86712646484375,
            "timestamp": 58
        },
        {
            "dx": 243.74655151367188,
            "dy": 72.53314208984375,
            "timestamp": 58
        },
        {
            "dx": 243.41351318359375,
            "dy": 74.19915771484375,
            "timestamp": 58
        },
        {
            "dx": 243.08050537109375,
            "dy": 75.8651123046875,
            "timestamp": 58
        },
        {
            "dx": 242.74749755859375,
            "dy": 77.53109741210938,
            "timestamp": 59
        },
        {
            "dx": 242.4144287109375,
            "dy": 79.19708251953125,
            "timestamp": 59
        },
        {
            "dx": 241.74838256835938,
            "dy": 80.19671630859375,
            "timestamp": 59
        },
        {
            "dx": 241.08233642578125,
            "dy": 81.52947998046875,
            "timestamp": 87
        },
        {
            "dx": 240.41632080078125,
            "dy": 82.86227416992188,
            "timestamp": 87
        },
        {
            "dx": 239.417236328125,
            "dy": 84.52825927734375,
            "timestamp": 88
        },
        {
            "dx": 238.75115966796875,
            "dy": 85.86105346679688,
            "timestamp": 88
        },
        {
            "dx": 237.7520751953125,
            "dy": 86.52743530273438,
            "timestamp": 88
        },
        {
            "dx": 236.75302124023438,
            "dy": 87.8602294921875,
            "timestamp": 88
        },
        {
            "dx": 235.4208984375,
            "dy": 88.85983276367188,
            "timestamp": 88
        },
        {
            "dx": 233.42279052734375,
            "dy": 89.52621459960938,
            "timestamp": 88
        },
        {
            "dx": 231.42462158203125,
            "dy": 90.52581787109375,
            "timestamp": 115
        },
        {
            "dx": 229.09344482421875,
            "dy": 91.19223022460938,
            "timestamp": 115
        },
        {
            "dx": 226.42926025390625,
            "dy": 92.19183349609375,
            "timestamp": 115
        },
        {
            "dx": 223.7650604248047,
            "dy": 92.85821533203125,
            "timestamp": 115
        },
        {
            "dx": 220.76780700683594,
            "dy": 93.52459716796875,
            "timestamp": 116
        },
        {
            "dx": 217.43756103515625,
            "dy": 93.8577880859375,
            "timestamp": 116
        },
        {
            "dx": 214.7733612060547,
            "dy": 94.19100952148438,
            "timestamp": 116
        },
        {
            "dx": 212.1091766357422,
            "dy": 94.19100952148438,
            "timestamp": 139
        },
        {
            "dx": 209.4449920654297,
            "dy": 94.19100952148438,
            "timestamp": 140
        },
        {
            "dx": 207.1138153076172,
            "dy": 94.524169921875,
            "timestamp": 140
        },
        {
            "dx": 204.7826385498047,
            "dy": 94.524169921875,
            "timestamp": 140
        },
        {
            "dx": 202.4514617919922,
            "dy": 94.524169921875,
            "timestamp": 140
        },
        {
            "dx": 200.4532928466797,
            "dy": 94.524169921875,
            "timestamp": 140
        },
        {
            "dx": 198.45513916015625,
            "dy": 94.524169921875,
            "timestamp": 140
        },
        {
            "dx": 196.45700073242188,
            "dy": 94.524169921875,
            "timestamp": 163
        },
        {
            "dx": 194.7918701171875,
            "dy": 94.524169921875,
            "timestamp": 163
        },
        {
            "dx": 193.4597625732422,
            "dy": 94.524169921875,
            "timestamp": 163
        },
        {
            "dx": 192.460693359375,
            "dy": 94.524169921875,
            "timestamp": 163
        },
        {
            "dx": 191.79464721679688,
            "dy": 94.524169921875,
            "timestamp": 163
        },
        {
            "dx": 190.7955780029297,
            "dy": 94.19100952148438,
            "timestamp": 163
        },
        {
            "dx": 190.4625701904297,
            "dy": 94.19100952148438,
            "timestamp": 184
        },
        {
            "dx": 190.1295166015625,
            "dy": 94.19100952148438,
            "timestamp": 184
        },
        {
            "dx": 190.1295166015625,
            "dy": 93.8577880859375,
            "timestamp": 209
        },
        {
            "dx": 190.1295166015625,
            "dy": 93.52459716796875,
            "timestamp": 209
        },
        {
            "dx": 190.1295166015625,
            "dy": 93.19140625,
            "timestamp": 239
        },
        {
            "dx": 190.1295166015625,
            "dy": 92.85821533203125,
            "timestamp": 240
        },
        {
            "dx": 190.4625701904297,
            "dy": 92.85821533203125,
            "timestamp": 240
        },
        {
            "dx": 191.46160888671875,
            "dy": 92.52499389648438,
            "timestamp": 240
        },
        {
            "dx": 192.793701171875,
            "dy": 92.52499389648438,
            "timestamp": 240
        },
        {
            "dx": 194.12582397460938,
            "dy": 92.52499389648438,
            "timestamp": 240
        },
        {
            "dx": 195.4579315185547,
            "dy": 92.52499389648438,
            "timestamp": 240
        },
        {
            "dx": 196.45700073242188,
            "dy": 92.52499389648438,
            "timestamp": 260
        },
        {
            "dx": 197.7891082763672,
            "dy": 92.52499389648438,
            "timestamp": 261
        },
        {
            "dx": 199.12118530273438,
            "dy": 92.85821533203125,
            "timestamp": 261
        },
        {
            "dx": 200.4532928466797,
            "dy": 93.52459716796875,
            "timestamp": 261
        },
        {
            "dx": 201.45236206054688,
            "dy": 93.8577880859375,
            "timestamp": 261
        },
        {
            "dx": 202.7844696044922,
            "dy": 94.85739135742188,
            "timestamp": 261
        },
        {
            "dx": 204.11656188964844,
            "dy": 95.85699462890625,
            "timestamp": 287
        },
        {
            "dx": 205.1156463623047,
            "dy": 96.8565673828125,
            "timestamp": 287
        },
        {
            "dx": 206.11471557617188,
            "dy": 97.85617065429688,
            "timestamp": 287
        },
        {
            "dx": 207.1138153076172,
            "dy": 98.85577392578125,
            "timestamp": 289
        },
        {
            "dx": 207.7798309326172,
            "dy": 100.18856811523438,
            "timestamp": 290
        },
        {
            "dx": 208.44589233398438,
            "dy": 101.52133178710938,
            "timestamp": 290
        },
        {
            "dx": 208.77891540527344,
            "dy": 102.52093505859375,
            "timestamp": 318
        },
        {
            "dx": 209.1119384765625,
            "dy": 103.5205078125,
            "timestamp": 318
        },
        {
            "dx": 209.4449920654297,
            "dy": 105.1865234375,
            "timestamp": 318
        },
        {
            "dx": 209.4449920654297,
            "dy": 106.85250854492188,
            "timestamp": 319
        },
        {
            "dx": 209.4449920654297,
            "dy": 108.8516845703125,
            "timestamp": 319
        },
        {
            "dx": 209.4449920654297,
            "dy": 110.5177001953125,
            "timestamp": 320
        },
        {
            "dx": 209.4449920654297,
            "dy": 112.18368530273438,
            "timestamp": 321
        },
        {
            "dx": 209.1119384765625,
            "dy": 114.182861328125,
            "timestamp": 322
        },
        {
            "dx": 208.44589233398438,
            "dy": 116.5152587890625,
            "timestamp": 322
        },
        {
            "dx": 207.1138153076172,
            "dy": 118.84762573242188,
            "timestamp": 346
        },
        {
            "dx": 205.78167724609375,
            "dy": 121.18002319335938,
            "timestamp": 346
        },
        {
            "dx": 204.11656188964844,
            "dy": 123.51242065429688,
            "timestamp": 346
        },
        {
            "dx": 202.118408203125,
            "dy": 125.84481811523438,
            "timestamp": 346
        },
        {
            "dx": 200.1202850341797,
            "dy": 128.5103759765625,
            "timestamp": 348
        },
        {
            "dx": 197.7891082763672,
            "dy": 131.17596435546875,
            "timestamp": 348
        },
        {
            "dx": 195.1248779296875,
            "dy": 133.50839233398438,
            "timestamp": 348
        },
        {
            "dx": 192.460693359375,
            "dy": 135.84075927734375,
            "timestamp": 379
        },
        {
            "dx": 189.79649353027344,
            "dy": 137.83993530273438,
            "timestamp": 379
        },
        {
            "dx": 187.46531677246094,
            "dy": 139.839111328125,
            "timestamp": 379
        },
        {
            "dx": 185.8002166748047,
            "dy": 141.171875,
            "timestamp": 380
        },
        {
            "dx": 183.8020477294922,
            "dy": 142.50473022460938,
            "timestamp": 380
        },
        {
            "dx": 182.13690185546875,
            "dy": 143.83749389648438,
            "timestamp": 380
        },
        {
            "dx": 180.47178649902344,
            "dy": 144.83709716796875,
            "timestamp": 380
        },
        {
            "dx": 178.8066864013672,
            "dy": 145.836669921875,
            "timestamp": 380
        },
        {
            "dx": 177.14154052734375,
            "dy": 146.83627319335938,
            "timestamp": 380
        },
        {
            "dx": 175.47642517089844,
            "dy": 148.16903686523438,
            "timestamp": 402
        },
        {
            "dx": 173.811279296875,
            "dy": 149.16864013671875,
            "timestamp": 402
        },
        {
            "dx": 172.47918701171875,
            "dy": 149.83505249023438,
            "timestamp": 402
        },
        {
            "dx": 171.1470947265625,
            "dy": 150.168212890625,
            "timestamp": 402
        },
        {
            "dx": 169.8149871826172,
            "dy": 150.168212890625,
            "timestamp": 402
        },
        {
            "dx": 168.48289489746094,
            "dy": 150.168212890625,
            "timestamp": 402
        },
        {
            "dx": 167.1508026123047,
            "dy": 150.168212890625,
            "timestamp": 427
        },
        {
            "dx": 166.15171813964844,
            "dy": 150.168212890625,
            "timestamp": 427
        },
        {
            "dx": 165.1526336669922,
            "dy": 149.83505249023438,
            "timestamp": 427
        },
        {
            "dx": 164.153564453125,
            "dy": 149.5018310546875,
            "timestamp": 427
        },
        {
            "dx": 163.48751831054688,
            "dy": 148.83544921875,
            "timestamp": 427
        },
        {
            "dx": 162.82147216796875,
            "dy": 148.16903686523438,
            "timestamp": 427
        },
        {
            "dx": 162.1554412841797,
            "dy": 147.16943359375,
            "timestamp": 427
        },
        {
            "dx": 161.8223876953125,
            "dy": 145.50350952148438,
            "timestamp": 449
        },
        {
            "dx": 161.48936462402344,
            "dy": 143.83749389648438,
            "timestamp": 449
        },
        {
            "dx": 161.48936462402344,
            "dy": 142.17147827148438,
            "timestamp": 449
        },
        {
            "dx": 161.48936462402344,
            "dy": 140.17230224609375,
            "timestamp": 450
        },
        {
            "dx": 161.48936462402344,
            "dy": 139.839111328125,
            "timestamp": 450
        },
        {
            "dx": 0,
            "dy": 0,
            "timestamp": 472
        },
        {
            "dx": 168.81591796875,
            "dy": 103.5205078125,
            "timestamp": 602
        },
        {
            "dx": 166.8177947998047,
            "dy": 106.85250854492188,
            "timestamp": 603
        },
        {
            "dx": 165.48565673828125,
            "dy": 108.8516845703125,
            "timestamp": 603
        },
        {
            "dx": 164.153564453125,
            "dy": 110.85089111328125,
            "timestamp": 623
        },
        {
            "dx": 162.82147216796875,
            "dy": 112.85006713867188,
            "timestamp": 624
        },
        {
            "dx": 161.48936462402344,
            "dy": 114.8492431640625,
            "timestamp": 624
        },
        {
            "dx": 160.1572723388672,
            "dy": 117.181640625,
            "timestamp": 624
        },
        {
            "dx": 157.8260955810547,
            "dy": 120.180419921875,
            "timestamp": 624
        },
        {
            "dx": 156.16098022460938,
            "dy": 122.5128173828125,
            "timestamp": 648
        },
        {
            "dx": 154.828857421875,
            "dy": 124.51205444335938,
            "timestamp": 648
        },
        {
            "dx": 153.49676513671875,
            "dy": 126.8443603515625,
            "timestamp": 648
        },
        {
            "dx": 152.1646728515625,
            "dy": 128.5103759765625,
            "timestamp": 648
        },
        {
            "dx": 151.16558837890625,
            "dy": 129.8431396484375,
            "timestamp": 648
        },
        {
            "dx": 150.16650390625,
            "dy": 130.84274291992188,
            "timestamp": 648
        },
        {
            "dx": 148.83441162109375,
            "dy": 131.84237670898438,
            "timestamp": 648
        },
        {
            "dx": 147.8353729248047,
            "dy": 132.84197998046875,
            "timestamp": 672
        },
        {
            "dx": 146.50323486328125,
            "dy": 133.841552734375,
            "timestamp": 672
        },
        {
            "dx": 145.171142578125,
            "dy": 134.84115600585938,
            "timestamp": 672
        },
        {
            "dx": 144.17205810546875,
            "dy": 135.84075927734375,
            "timestamp": 672
        },
        {
            "dx": 142.8399658203125,
            "dy": 136.84033203125,
            "timestamp": 673
        },
        {
            "dx": 141.84088134765625,
            "dy": 137.83993530273438,
            "timestamp": 673
        },
        {
            "dx": 140.5087890625,
            "dy": 138.83953857421875,
            "timestamp": 698
        },
        {
            "dx": 139.50973510742188,
            "dy": 139.839111328125,
            "timestamp": 699
        },
        {
            "dx": 138.1776123046875,
            "dy": 140.5054931640625,
            "timestamp": 700
        },
        {
            "dx": 136.5124969482422,
            "dy": 141.50509643554688,
            "timestamp": 701
        },
        {
            "dx": 134.84738159179688,
            "dy": 142.50473022460938,
            "timestamp": 701
        },
        {
            "dx": 133.1822509765625,
            "dy": 143.5042724609375,
            "timestamp": 701
        },
        {
            "dx": 131.8501434326172,
            "dy": 144.170654296875,
            "timestamp": 701
        },
        {
            "dx": 130.51803588867188,
            "dy": 145.17025756835938,
            "timestamp": 728
        },
        {
            "dx": 128.85293579101562,
            "dy": 145.836669921875,
            "timestamp": 728
        },
        {
            "dx": 127.52081298828125,
            "dy": 146.16986083984375,
            "timestamp": 729
        },
        {
            "dx": 126.52175903320312,
            "dy": 146.5030517578125,
            "timestamp": 729
        },
        {
            "dx": 124.85662841796875,
            "dy": 146.83627319335938,
            "timestamp": 729
        },
        {
            "dx": 123.19149780273438,
            "dy": 146.83627319335938,
            "timestamp": 729
        },
        {
            "dx": 121.5263671875,
            "dy": 146.83627319335938,
            "timestamp": 729
        },
        {
            "dx": 119.86123657226562,
            "dy": 147.16943359375,
            "timestamp": 754
        },
        {
            "dx": 118.52914428710938,
            "dy": 147.16943359375,
            "timestamp": 755
        },
        {
            "dx": 116.864013671875,
            "dy": 147.16943359375,
            "timestamp": 755
        },
        {
            "dx": 115.19889831542969,
            "dy": 147.16943359375,
            "timestamp": 755
        },
        {
            "dx": 113.53378295898438,
            "dy": 147.16943359375,
            "timestamp": 755
        },
        {
            "dx": 111.86865234375,
            "dy": 147.16943359375,
            "timestamp": 755
        },
        {
            "dx": 110.53654479980469,
            "dy": 147.16943359375,
            "timestamp": 755
        },
        {
            "dx": 108.87142944335938,
            "dy": 147.16943359375,
            "timestamp": 755
        },
        {
            "dx": 107.206298828125,
            "dy": 146.83627319335938,
            "timestamp": 782
        },
        {
            "dx": 105.87419128417969,
            "dy": 146.5030517578125,
            "timestamp": 783
        },
        {
            "dx": 104.54209899902344,
            "dy": 146.16986083984375,
            "timestamp": 783
        },
        {
            "dx": 103.20999145507812,
            "dy": 145.17025756835938,
            "timestamp": 783
        },
        {
            "dx": 101.87789916992188,
            "dy": 144.50387573242188,
            "timestamp": 783
        },
        {
            "dx": 100.87881469726562,
            "dy": 143.5042724609375,
            "timestamp": 783
        },
        {
            "dx": 99.87974548339844,
            "dy": 142.50473022460938,
            "timestamp": 783
        },
        {
            "dx": 98.88067626953125,
            "dy": 141.50509643554688,
            "timestamp": 783
        },
        {
            "dx": 98.21463012695312,
            "dy": 140.83871459960938,
            "timestamp": 813
        },
        {
            "dx": 97.54856872558594,
            "dy": 139.50595092773438,
            "timestamp": 813
        },
        {
            "dx": 97.21554565429688,
            "dy": 138.50631713867188,
            "timestamp": 813
        },
        {
            "dx": 96.54949188232422,
            "dy": 137.5067138671875,
            "timestamp": 813
        },
        {
            "dx": 96.21647644042969,
            "dy": 136.17391967773438,
            "timestamp": 813
        },
        {
            "dx": 95.8834457397461,
            "dy": 135.17431640625,
            "timestamp": 813
        },
        {
            "dx": 95.5504150390625,
            "dy": 133.50839233398438,
            "timestamp": 813
        },
        {
            "dx": 95.21739196777344,
            "dy": 131.84237670898438,
            "timestamp": 838
        },
        {
            "dx": 95.21739196777344,
            "dy": 130.50961303710938,
            "timestamp": 838
        },
        {
            "dx": 95.21739196777344,
            "dy": 128.84359741210938,
            "timestamp": 838
        },
        {
            "dx": 95.21739196777344,
            "dy": 126.8443603515625,
            "timestamp": 838
        },
        {
            "dx": 95.21739196777344,
            "dy": 124.84518432617188,
            "timestamp": 838
        },
        {
            "dx": 95.8834457397461,
            "dy": 122.84603881835938,
            "timestamp": 838
        },
        {
            "dx": 96.54949188232422,
            "dy": 120.51364135742188,
            "timestamp": 838
        },
        {
            "dx": 97.21554565429688,
            "dy": 118.84762573242188,
            "timestamp": 864
        },
        {
            "dx": 98.21463012695312,
            "dy": 116.5152587890625,
            "timestamp": 864
        },
        {
            "dx": 99.21371459960938,
            "dy": 114.8492431640625,
            "timestamp": 864
        },
        {
            "dx": 100.54580688476562,
            "dy": 113.18328857421875,
            "timestamp": 864
        },
        {
            "dx": 101.87789916992188,
            "dy": 112.18368530273438,
            "timestamp": 865
        },
        {
            "dx": 103.20999145507812,
            "dy": 110.85089111328125,
            "timestamp": 865
        },
        {
            "dx": 104.54209899902344,
            "dy": 109.18490600585938,
            "timestamp": 865
        },
        {
            "dx": 105.87419128417969,
            "dy": 107.85211181640625,
            "timestamp": 888
        },
        {
            "dx": 107.206298828125,
            "dy": 106.519287109375,
            "timestamp": 888
        },
        {
            "dx": 108.53839111328125,
            "dy": 105.1865234375,
            "timestamp": 889
        },
        {
            "dx": 109.5374755859375,
            "dy": 104.18695068359375,
            "timestamp": 889
        },
        {
            "dx": 110.86956787109375,
            "dy": 102.8541259765625,
            "timestamp": 889
        },
        {
            "dx": 112.20169067382812,
            "dy": 101.85455322265625,
            "timestamp": 889
        },
        {
            "dx": 113.20074462890625,
            "dy": 101.18817138671875,
            "timestamp": 889
        },
        {
            "dx": 114.1998291015625,
            "dy": 100.85494995117188,
            "timestamp": 921
        },
        {
            "dx": 115.19889831542969,
            "dy": 100.18856811523438,
            "timestamp": 921
        },
        {
            "dx": 115.86495971679688,
            "dy": 100.18856811523438,
            "timestamp": 921
        },
        {
            "dx": 116.53099060058594,
            "dy": 99.8553466796875,
            "timestamp": 921
        },
        {
            "dx": 117.19705200195312,
            "dy": 99.8553466796875,
            "timestamp": 921
        },
        {
            "dx": 117.53007507324219,
            "dy": 99.8553466796875,
            "timestamp": 921
        },
        {
            "dx": 118.52914428710938,
            "dy": 99.8553466796875,
            "timestamp": 921
        },
        {
            "dx": 119.1951904296875,
            "dy": 99.8553466796875,
            "timestamp": 921
        },
        {
            "dx": 119.86123657226562,
            "dy": 99.8553466796875,
            "timestamp": 950
        },
        {
            "dx": 120.86032104492188,
            "dy": 99.8553466796875,
            "timestamp": 950
        },
        {
            "dx": 121.85940551757812,
            "dy": 99.8553466796875,
            "timestamp": 950
        },
        {
            "dx": 122.85848999023438,
            "dy": 99.8553466796875,
            "timestamp": 950
        },
        {
            "dx": 123.8575439453125,
            "dy": 99.8553466796875,
            "timestamp": 950
        },
        {
            "dx": 124.85662841796875,
            "dy": 99.8553466796875,
            "timestamp": 950
        },
        {
            "dx": 125.52267456054688,
            "dy": 99.8553466796875,
            "timestamp": 950
        },
        {
            "dx": 126.52175903320312,
            "dy": 99.8553466796875,
            "timestamp": 975
        },
        {
            "dx": 127.52081298828125,
            "dy": 100.521728515625,
            "timestamp": 975
        },
        {
            "dx": 128.18687438964844,
            "dy": 100.85494995117188,
            "timestamp": 975
        },
        {
            "dx": 128.85293579101562,
            "dy": 101.18817138671875,
            "timestamp": 975
        },
        {
            "dx": 129.85198974609375,
            "dy": 101.85455322265625,
            "timestamp": 975
        },
        {
            "dx": 130.85107421875,
            "dy": 102.52093505859375,
            "timestamp": 977
        },
        {
            "dx": 131.8501434326172,
            "dy": 103.18734741210938,
            "timestamp": 978
        },
        {
            "dx": 132.51620483398438,
            "dy": 103.85372924804688,
            "timestamp": 1004
        },
        {
            "dx": 133.1822509765625,
            "dy": 104.52011108398438,
            "timestamp": 1004
        },
        {
            "dx": 133.84829711914062,
            "dy": 105.51971435546875,
            "timestamp": 1004
        },
        {
            "dx": 134.51434326171875,
            "dy": 106.519287109375,
            "timestamp": 1004
        },
        {
            "dx": 134.51434326171875,
            "dy": 106.85250854492188,
            "timestamp": 1004
        },
        {
            "dx": 0,
            "dy": 0,
            "timestamp": 1007
        },
        {
            "dx": 142.50694274902344,
            "dy": 111.18408203125,
            "timestamp": 1222
        },
        {
            "dx": 142.50694274902344,
            "dy": 112.85006713867188,
            "timestamp": 1222
        },
        {
            "dx": 142.50694274902344,
            "dy": 114.51608276367188,
            "timestamp": 1222
        },
        {
            "dx": 142.50694274902344,
            "dy": 115.51568603515625,
            "timestamp": 1250
        },
        {
            "dx": 142.50694274902344,
            "dy": 116.18206787109375,
            "timestamp": 1251
        },
        {
            "dx": 142.50694274902344,
            "dy": 117.181640625,
            "timestamp": 1252
        },
        {
            "dx": 142.50694274902344,
            "dy": 117.51486206054688,
            "timestamp": 1252
        },
        {
            "dx": 142.50694274902344,
            "dy": 117.8480224609375,
            "timestamp": 1252
        },
        {
            "dx": 142.50694274902344,
            "dy": 118.18124389648438,
            "timestamp": 1252
        },
        {
            "dx": 142.50694274902344,
            "dy": 118.51446533203125,
            "timestamp": 1253
        },
        {
            "dx": 142.50694274902344,
            "dy": 118.84762573242188,
            "timestamp": 1278
        },
        {
            "dx": 142.50694274902344,
            "dy": 119.18084716796875,
            "timestamp": 1279
        },
        {
            "dx": 142.50694274902344,
            "dy": 119.5140380859375,
            "timestamp": 1304
        },
        {
            "dx": 141.84088134765625,
            "dy": 119.5140380859375,
            "timestamp": 1330
        },
        {
            "dx": 141.50787353515625,
            "dy": 119.5140380859375,
            "timestamp": 1331
        },
        {
            "dx": 141.1748504638672,
            "dy": 119.5140380859375,
            "timestamp": 1331
        },
        {
            "dx": 140.8418426513672,
            "dy": 119.18084716796875,
            "timestamp": 1354
        },
        {
            "dx": 140.8418426513672,
            "dy": 118.84762573242188,
            "timestamp": 1354
        },
        {
            "dx": 140.5087890625,
            "dy": 118.84762573242188,
            "timestamp": 1354
        },
        {
            "dx": 140.5087890625,
            "dy": 118.51446533203125,
            "timestamp": 1354
        },
        {
            "dx": 140.5087890625,
            "dy": 118.18124389648438,
            "timestamp": 1354
        },
        {
            "dx": 140.5087890625,
            "dy": 117.8480224609375,
            "timestamp": 1354
        },
        {
            "dx": 140.5087890625,
            "dy": 117.51486206054688,
            "timestamp": 1382
        },
        {
            "dx": 140.5087890625,
            "dy": 117.181640625,
            "timestamp": 1383
        },
        {
            "dx": 140.5087890625,
            "dy": 116.84844970703125,
            "timestamp": 1384
        },
        {
            "dx": 140.5087890625,
            "dy": 116.5152587890625,
            "timestamp": 1384
        },
        {
            "dx": 140.5087890625,
            "dy": 115.51568603515625,
            "timestamp": 1384
        },
        {
            "dx": 141.50787353515625,
            "dy": 114.51608276367188,
            "timestamp": 1384
        },
        {
            "dx": 142.50694274902344,
            "dy": 113.5164794921875,
            "timestamp": 1384
        },
        {
            "dx": 144.17205810546875,
            "dy": 112.51690673828125,
            "timestamp": 1412
        },
        {
            "dx": 145.8372039794922,
            "dy": 111.51730346679688,
            "timestamp": 1412
        },
        {
            "dx": 146.1702117919922,
            "dy": 111.51730346679688,
            "timestamp": 1412
        },
        {
            "dx": 0,
            "dy": 0,
            "timestamp": 1414
        },
        {
            "dx": 264.39410400390625,
            "dy": 26.885009765625,
            "timestamp": 1725
        },
        {
            "dx": 261.3968505859375,
            "dy": 28.551010131835938,
            "timestamp": 1757
        },
        {
            "dx": 256.4014892578125,
            "dy": 30.550216674804688,
            "timestamp": 1759
        },
        {
            "dx": 250.40704345703125,
            "dy": 33.215789794921875,
            "timestamp": 1759
        },
        {
            "dx": 245.07867431640625,
            "dy": 35.54815673828125,
            "timestamp": 1760
        },
        {
            "dx": 240.41632080078125,
            "dy": 37.54736328125,
            "timestamp": 1760
        },
        {
            "dx": 236.41998291015625,
            "dy": 38.880126953125,
            "timestamp": 1760
        },
        {
            "dx": 232.7567138671875,
            "dy": 40.546142578125,
            "timestamp": 1760
        },
        {
            "dx": 229.09344482421875,
            "dy": 41.87890625,
            "timestamp": 1760
        },
        {
            "dx": 225.43016052246094,
            "dy": 43.87811279296875,
            "timestamp": 1787
        },
        {
            "dx": 222.43295288085938,
            "dy": 45.210906982421875,
            "timestamp": 1787
        },
        {
            "dx": 218.43663024902344,
            "dy": 47.2100830078125,
            "timestamp": 1787
        },
        {
            "dx": 214.1072998046875,
            "dy": 48.8760986328125,
            "timestamp": 1787
        },
        {
            "dx": 210.44403076171875,
            "dy": 50.87530517578125,
            "timestamp": 1787
        },
        {
            "dx": 209.7779998779297,
            "dy": 51.208465576171875,
            "timestamp": 1787
        },
        {
            "dx": 210.1110076904297,
            "dy": 51.208465576171875,
            "timestamp": 1787
        },
        {
            "dx": 209.7779998779297,
            "dy": 51.208465576171875,
            "timestamp": 1814
        },
        {
            "dx": 0,
            "dy": 0,
            "timestamp": 1815
        }
    ]
]