[
    [
        {
            "dx": 80.34674072265625,
            "dy": 119.80560302734375,
            "timestamp": 0
        },
        {
            "dx": 81.3453598022461,
            "dy": 119.305908203125,
            "timestamp": 50
        },
        {
            "dx": 82.84327697753906,
            "dy": 119.305908203125,
            "timestamp": 58
        },
        {
            "dx": 89.83356475830078,
            "dy": 118.80621337890625,
            "timestamp": 66
        },
        {
            "dx": 96.82386016845703,
            "dy": 118.80621337890625,
            "timestamp": 75
        },
        {
            "dx": 109.3065185546875,
            "dy": 119.305908203125,
            "timestamp": 83
        },
        {
            "dx": 121.7891845703125,
            "dy": 119.80560302734375,
            "timestamp": 92
        },
        {
            "dx": 137.26768493652344,
            "dy": 121.80438232421875,
            "timestamp": 100
        },
        {
            "dx": 152.74618530273438,
            "dy": 123.80316162109375,
            "timestamp": 108
        },
        {
            "dx": 166.2274627685547,
            "dy": 127.301025390625,
            "timestamp": 117
        },
        {
            "dx": 180.2080535888672,
            "dy": 131.79827880859375,
            "timestamp": 125
        },
        {
            "dx": 187.69764709472656,
            "dy": 135.79583740234375,
            "timestamp": 133
        },
        {
            "dx": 195.18724060058594,
            "dy": 139.79342651367188,
            "timestamp": 142
        },
        {
            "dx": 200.18031311035156,
            "dy": 143.79098510742188,
            "timestamp": 151
        },
        {
            "dx": 205.6726837158203,
            "dy": 147.78854370117188,
            "timestamp": 160
        },
        {
            "dx": 208.66851806640625,
            "dy": 151.78610229492188,
            "timestamp": 167
        },
        {
            "dx": 213.1622772216797,
            "dy": 159.28152465820312,
            "timestamp": 188
        },
        {
            "dx": 214.6602020263672,
            "dy": 163.27908325195312,
            "timestamp": 192
        },
        {
            "dx": 214.6602020263672,
            "dy": 167.27664184570312,
            "timestamp": 200
        },
        {
            "dx": 214.6602020263672,
            "dy": 171.27423095703125,
            "timestamp": 209
        },
        {
            "dx": 213.1622772216797,
            "dy": 176.27117919921875,
            "timestamp": 217
        },
        {
            "dx": 211.66436767578125,
            "dy": 181.26812744140625,
            "timestamp": 226
        },
        {
            "dx": 208.66851806640625,
            "dy": 185.765380859375,
            "timestamp": 234
        },
        {
            "dx": 205.6726837158203,
            "dy": 190.7623291015625,
            "timestamp": 242
        },
        {
            "dx": 201.17892456054688,
            "dy": 193.26080322265625,
            "timestamp": 251
        },
        {
            "dx": 196.68516540527344,
            "dy": 196.7586669921875,
            "timestamp": 259
        },
        {
            "dx": 190.6934814453125,
            "dy": 198.25775146484375,
            "timestamp": 267
        },
        {
            "dx": 184.70181274414062,
            "dy": 200.25653076171875,
            "timestamp": 276
        },
        {
            "dx": 176.71290588378906,
            "dy": 200.25653076171875,
            "timestamp": 284
        },
        {
            "dx": 169.2233123779297,
            "dy": 200.7562255859375,
            "timestamp": 294
        },
        {
            "dx": 158.7378692626953,
            "dy": 199.25714111328125,
            "timestamp": 300
        },
        {
            "dx": 148.75173950195312,
            "dy": 197.758056640625,
            "timestamp": 309
        },
        {
            "dx": 140.76283264160156,
            "dy": 194.26019287109375,
            "timestamp": 317
        },
        {
            "dx": 133.2732391357422,
            "dy": 191.26202392578125,
            "timestamp": 326
        },
        {
            "dx": 128.77947998046875,
            "dy": 186.7647705078125,
            "timestamp": 334
        },
        {
            "dx": 124.78501892089844,
            "dy": 182.26751708984375,
            "timestamp": 343
        },
        {
            "dx": 123.287109375,
            "dy": 177.27056884765625,
            "timestamp": 350
        },
        {
            "dx": 122.28849792480469,
            "dy": 172.27362060546875,
            "timestamp": 360
        },
        {
            "dx": 122.78779602050781,
            "dy": 166.27725219726562,
            "timestamp": 367
        },
        {
            "dx": 123.78640747070312,
            "dy": 160.28091430664062,
            "timestamp": 376
        },
        {
            "dx": 126.78225708007812,
            "dy": 152.28579711914062,
            "timestamp": 384
        },
        {
            "dx": 129.77809143066406,
            "dy": 143.79098510742188,
            "timestamp": 393
        },
        {
            "dx": 133.7725372314453,
            "dy": 136.2955322265625,
            "timestamp": 401
        },
        {
            "dx": 138.26629638671875,
            "dy": 129.2998046875,
            "timestamp": 410
        },
        {
            "dx": 143.25936889648438,
            "dy": 123.303466796875,
            "timestamp": 418
        },
        {
            "dx": 148.25242614746094,
            "dy": 116.80743408203125,
            "timestamp": 426
        },
        {
            "dx": 152.74618530273438,
            "dy": 111.310791015625,
            "timestamp": 434
        },
        {
            "dx": 157.7392578125,
            "dy": 106.3138427734375,
            "timestamp": 443
        },
        {
            "dx": 161.73370361328125,
            "dy": 101.81655883789062,
            "timestamp": 451
        },
        {
            "dx": 165.72816467285156,
            "dy": 97.81900024414062,
            "timestamp": 460
        },
        {
            "dx": 169.2233123779297,
            "dy": 95.32052612304688,
            "timestamp": 468
        },
        {
            "dx": 172.71844482421875,
            "dy": 92.82205200195312,
            "timestamp": 476
        },
        {
            "dx": 175.21498107910156,
            "dy": 90.82327270507812,
            "timestamp": 484
        },
        {
            "dx": 177.71151733398438,
            "dy": 89.82388305664062,
            "timestamp": 494
        },
        {
            "dx": 179.708740234375,
            "dy": 88.82449340820312,
            "timestamp": 501
        },
        {
            "dx": 181.70596313476562,
            "dy": 87.82510375976562,
            "timestamp": 510
        },
        {
            "dx": 182.70457458496094,
            "dy": 87.32540893554688,
            "timestamp": 518
        },
        {
            "dx": 183.7032012939453,
            "dy": 87.32540893554688,
            "timestamp": 527
        },
        {
            "dx": 184.70181274414062,
            "dy": 87.82510375976562,
            "timestamp": 535
        },
        {
            "dx": 185.70042419433594,
            "dy": 88.32479858398438,
            "timestamp": 543
        },
        {
            "dx": 186.19972229003906,
            "dy": 89.32418823242188,
            "timestamp": 551
        },
        {
            "dx": 187.19833374023438,
            "dy": 90.32357788085938,
            "timestamp": 560
        },
        {
            "dx": 0.0,
            "dy": 0.0,
            "timestamp": 568
        }
    ],
    [
        {
            "dx": 194.99999999999994,
            "dy": 159.99999999999994,
            "timestamp": 0
        },
        {
            "dx": 190.99999999999997,
            "dy": 164.99999999999994,
            "timestamp": 21
        },
        {
            "dx": 186.99999999999997,
            "dy": 166.99999999999994,
            "timestamp": 54
        },
        {
            "dx": 185.99999999999997,
            "dy": 167.99999999999994,
            "timestamp": 54
        },
        {
            "dx": 183.99999999999994,
            "dy": 167.99999999999994,
            "timestamp": 75
        },
        {
            "dx": 183.99999999999994,
            "dy": 167.99999999999994,
            "timestamp": 105
        },
        {
            "dx": 183.99999999999994,
            "dy": 168.99999999999994,
            "timestamp": 105
        },
        {
            "dx": 183.99999999999994,
            "dy": 172,
            "timestamp": 128
        },
        {
            "dx": 183,
            "dy": 180.99999999999994,
            "timestamp": 156
        },
        {
            "dx": 183.99999999999994,
            "dy": 186.99999999999994,
            "timestamp": 187
        },
        {
            "dx": 185.99999999999997,
            "dy": 194,
            "timestamp": 187
        },
        {
            "dx": 188.99999999999994,
            "dy": 200.99999999999994,
            "timestamp": 210
        },
        {
            "dx": 205,
            "dy": 206.9999999999999,
            "timestamp": 242
        },
        {
            "dx": 224.99999999999997,
            "dy": 195,
            "timestamp": 272
        },
        {
            "dx": 241.99999999999997,
            "dy": 166.99999999999994,
            "timestamp": 272
        },
        {
            "dx": 246.99999999999997,
            "dy": 139.99999999999994,
            "timestamp": 290
        },
        {
            "dx": 243.99999999999997,
            "dy": 120.99999999999994,
            "timestamp": 320
        },
        {
            "dx": 234.99999999999997,
            "dy": 113.99999999999994,
            "timestamp": 320
        },
        {
            "dx": 225.99999999999997,
            "dy": 116.99999999999994,
            "timestamp": 341
        },
        {
            "dx": 216.99999999999997,
            "dy": 124.99999999999994,
            "timestamp": 371
        },
        {
            "dx": 201.99999999999997,
            "dy": 149.99999999999994,
            "timestamp": 371
        },
        {
            "dx": 189.99999999999997,
            "dy": 181.99999999999994,
            "timestamp": 390
        },
        {
            "dx": 183,
            "dy": 214.99999999999994,
            "timestamp": 421
        },
        {
            "dx": 183.99999999999994,
            "dy": 257.99999999999994,
            "timestamp": 421
        },
        {
            "dx": 183.99999999999994,
            "dy": 257.99999999999994,
            "timestamp": 421
        },
        {
            "dx": 0,
            "dy": 0,
            "timestamp": 422
        }
    ],
    [
        {
            "dx": 192.63861083984375,
            "dy": 142.2337646484375,
            "timestamp": 0
        },
        {
            "dx": 0,
            "dy": 0,
            "timestamp": 41
        },
        {
            "dx": 192.63861083984375,
            "dy": 142.2337646484375,
            "timestamp": 49
        },
        {
            "dx": 192.63861083984375,
            "dy": 142.1751708984375,
            "timestamp": 81
        },
        {
            "dx": 192.4042205810547,
            "dy": 142.1751708984375,
            "timestamp": 111
        },
        {
            "dx": 191.46661376953125,
            "dy": 142.4095458984375,
            "timestamp": 112
        },
        {
            "dx": 189.4741973876953,
            "dy": 143.75741577148438,
            "timestamp": 142
        },
        {
            "dx": 187.0716094970703,
            "dy": 146.10165405273438,
            "timestamp": 142
        },
        {
            "dx": 183.61422729492188,
            "dy": 150.26254272460938,
            "timestamp": 174
        },
        {
            "dx": 180.33267211914062,
            "dy": 156.4158935546875,
            "timestamp": 174
        },
        {
            "dx": 178.6332550048828,
            "dy": 163.15536499023438,
            "timestamp": 208
        },
        {
            "dx": 178.45745849609375,
            "dy": 169.48455810546875,
            "timestamp": 208
        },
        {
            "dx": 181.32882690429688,
            "dy": 173.35244750976562,
            "timestamp": 267
        },
        {
            "dx": 185.66522216796875,
            "dy": 174.46591186523438,
            "timestamp": 267
        },
        {
            "dx": 189.82583618164062,
            "dy": 173.0594482421875,
            "timestamp": 268
        },
        {
            "dx": 192.81439208984375,
            "dy": 168.83993530273438,
            "timestamp": 300
        },
        {
            "dx": 193.51760864257812,
            "dy": 163.27255249023438,
            "timestamp": 301
        },
        {
            "dx": 191.40802001953125,
            "dy": 158.11538696289062,
            "timestamp": 334
        },
        {
            "dx": 187.30599975585938,
            "dy": 154.01312255859375,
            "timestamp": 335
        },
        {
            "dx": 182.67666625976562,
            "dy": 150.9071044921875,
            "timestamp": 369
        },
        {
            "dx": 182.0320587158203,
            "dy": 150.4383544921875,
            "timestamp": 370
        },
        {
            "dx": 180.33267211914062,
            "dy": 149.26620483398438,
            "timestamp": 370
        },
        {
            "dx": 0,
            "dy": 0,
            "timestamp": 371
        }
    ],
    [
        {
            "dx": 152.3998565673828,
            "dy": 120.07281494140625,
            "timestamp": 0
        },
        {
            "dx": 149.52734375,
            "dy": 122.32742309570312,
            "timestamp": 1
        },
        {
            "dx": 146.83631896972656,
            "dy": 124.54547119140625,
            "timestamp": 1
        },
        {
            "dx": 144.14559936523438,
            "dy": 126.90908813476562,
            "timestamp": 23
        },
        {
            "dx": 141.4545440673828,
            "dy": 129.3089599609375,
            "timestamp": 23
        },
        {
            "dx": 138.9818878173828,
            "dy": 132.14559936523438,
            "timestamp": 23
        },
        {
            "dx": 136.47265625,
            "dy": 134.98193359375,
            "timestamp": 23
        },
        {
            "dx": 133.4183349609375,
            "dy": 137.8909912109375,
            "timestamp": 23
        },
        {
            "dx": 130.43643188476562,
            "dy": 141.09091186523438,
            "timestamp": 24
        },
        {
            "dx": 127.85440063476562,
            "dy": 144.03622436523438,
            "timestamp": 45
        },
        {
            "dx": 125.34553527832031,
            "dy": 146.9453125,
            "timestamp": 45
        },
        {
            "dx": 123.12715148925781,
            "dy": 149.781982421875,
            "timestamp": 45
        },
        {
            "dx": 121.12715148925781,
            "dy": 152.58169555664062,
            "timestamp": 45
        },
        {
            "dx": 119.4183349609375,
            "dy": 155.23651123046875,
            "timestamp": 45
        },
        {
            "dx": 118.3636474609375,
            "dy": 157.27273559570312,
            "timestamp": 64
        },
        {
            "dx": 117.3089599609375,
            "dy": 159.4183349609375,
            "timestamp": 64
        },
        {
            "dx": 116.14559936523438,
            "dy": 161.96377563476562,
            "timestamp": 64
        },
        {
            "dx": 114.98188781738281,
            "dy": 164.76351928710938,
            "timestamp": 64
        },
        {
            "dx": 113.63636779785156,
            "dy": 167.672607421875,
            "timestamp": 83
        },
        {
            "dx": 112.50923156738281,
            "dy": 170.727294921875,
            "timestamp": 83
        },
        {
            "dx": 111.52734375,
            "dy": 173.81820678710938,
            "timestamp": 83
        },
        {
            "dx": 110.69105529785156,
            "dy": 176.8363037109375,
            "timestamp": 83
        },
        {
            "dx": 110.10902404785156,
            "dy": 179.85440063476562,
            "timestamp": 83
        },
        {
            "dx": 109.63636779785156,
            "dy": 182.69107055664062,
            "timestamp": 103
        },
        {
            "dx": 109.16371154785156,
            "dy": 185.52734375,
            "timestamp": 104
        },
        {
            "dx": 108.76350402832031,
            "dy": 188.32742309570312,
            "timestamp": 104
        },
        {
            "dx": 108.58168029785156,
            "dy": 191.3455810546875,
            "timestamp": 104
        },
        {
            "dx": 108.47265625,
            "dy": 194.2908935546875,
            "timestamp": 104
        },
        {
            "dx": 108.47265625,
            "dy": 197.199951171875,
            "timestamp": 122
        },
        {
            "dx": 108.65449523925781,
            "dy": 199.70916748046875,
            "timestamp": 122
        },
        {
            "dx": 108.9453125,
            "dy": 202.3636474609375,
            "timestamp": 122
        },
        {
            "dx": 109.23652648925781,
            "dy": 204.80007934570312,
            "timestamp": 122
        },
        {
            "dx": 109.70918273925781,
            "dy": 207.4183349609375,
            "timestamp": 139
        },
        {
            "dx": 110.39985656738281,
            "dy": 209.85440063476562,
            "timestamp": 139
        },
        {
            "dx": 111.16371154785156,
            "dy": 212.39987182617188,
            "timestamp": 140
        },
        {
            "dx": 111.92720031738281,
            "dy": 214.727294921875,
            "timestamp": 140
        },
        {
            "dx": 112.80007934570312,
            "dy": 216.9453125,
            "timestamp": 140
        },
        {
            "dx": 113.92720031738281,
            "dy": 219.199951171875,
            "timestamp": 156
        },
        {
            "dx": 114.98188781738281,
            "dy": 221.23651123046875,
            "timestamp": 156
        },
        {
            "dx": 116.61825561523438,
            "dy": 223.199951171875,
            "timestamp": 156
        },
        {
            "dx": 118.14559936523438,
            "dy": 224.9453125,
            "timestamp": 156
        },
        {
            "dx": 119.199951171875,
            "dy": 226.21804809570312,
            "timestamp": 172
        },
        {
            "dx": 121.12715148925781,
            "dy": 227.56356811523438,
            "timestamp": 172
        },
        {
            "dx": 122.9453125,
            "dy": 228.9453125,
            "timestamp": 172
        },
        {
            "dx": 125.16371154785156,
            "dy": 230.10903930664062,
            "timestamp": 172
        },
        {
            "dx": 127.38174438476562,
            "dy": 231.09091186523438,
            "timestamp": 192
        },
        {
            "dx": 129.38174438476562,
            "dy": 231.74539184570312,
            "timestamp": 192
        },
        {
            "dx": 131.0181121826172,
            "dy": 232.254638671875,
            "timestamp": 192
        },
        {
            "dx": 132.6544952392578,
            "dy": 232.54547119140625,
            "timestamp": 192
        },
        {
            "dx": 134.5454559326172,
            "dy": 232.8363037109375,
            "timestamp": 210
        },
        {
            "dx": 136.3636474609375,
            "dy": 233.01812744140625,
            "timestamp": 210
        },
        {
            "dx": 138.10902404785156,
            "dy": 233.12713623046875,
            "timestamp": 210
        },
        {
            "dx": 140.69105529785156,
            "dy": 233.12713623046875,
            "timestamp": 210
        },
        {
            "dx": 143.74539184570312,
            "dy": 233.01812744140625,
            "timestamp": 210
        },
        {
            "dx": 146.72727966308594,
            "dy": 232.727294921875,
            "timestamp": 233
        },
        {
            "dx": 149.52734375,
            "dy": 232.3636474609375,
            "timestamp": 233
        },
        {
            "dx": 151.9272003173828,
            "dy": 231.85446166992188,
            "timestamp": 233
        },
        {
            "dx": 154.32742309570312,
            "dy": 231.16372680664062,
            "timestamp": 233
        },
        {
            "dx": 156.32742309570312,
            "dy": 230.50924682617188,
            "timestamp": 234
        },
        {
            "dx": 158.36366271972656,
            "dy": 229.70916748046875,
            "timestamp": 234
        },
        {
            "dx": 160.47265625,
            "dy": 228.65447998046875,
            "timestamp": 250
        },
        {
            "dx": 162.5092315673828,
            "dy": 227.56356811523438,
            "timestamp": 250
        },
        {
            "dx": 164.72727966308594,
            "dy": 226.2908935546875,
            "timestamp": 250
        },
        {
            "dx": 166.72727966308594,
            "dy": 225.12713623046875,
            "timestamp": 250
        },
        {
            "dx": 168.58168029785156,
            "dy": 224.07281494140625,
            "timestamp": 267
        },
        {
            "dx": 169.9272003173828,
            "dy": 222.98190307617188,
            "timestamp": 267
        },
        {
            "dx": 171.16371154785156,
            "dy": 221.8182373046875,
            "timestamp": 267
        },
        {
            "dx": 172.90911865234375,
            "dy": 220.58169555664062,
            "timestamp": 267
        },
        {
            "dx": 174.5454559326172,
            "dy": 219.199951171875,
            "timestamp": 283
        },
        {
            "dx": 175.89100646972656,
            "dy": 217.85440063476562,
            "timestamp": 284
        },
        {
            "dx": 176.65447998046875,
            "dy": 216.65447998046875,
            "timestamp": 284
        },
        {
            "dx": 177.52734375,
            "dy": 215.781982421875,
            "timestamp": 284
        },
        {
            "dx": 178.2908477783203,
            "dy": 214.8363037109375,
            "timestamp": 301
        },
        {
            "dx": 178.9453125,
            "dy": 213.85440063476562,
            "timestamp": 302
        },
        {
            "dx": 179.52734375,
            "dy": 212.7635498046875,
            "timestamp": 302
        },
        {
            "dx": 180.10902404785156,
            "dy": 211.70916748046875,
            "timestamp": 302
        },
        {
            "dx": 180.58168029785156,
            "dy": 210.61825561523438,
            "timestamp": 319
        },
        {
            "dx": 180.8728790283203,
            "dy": 209.672607421875,
            "timestamp": 319
        },
        {
            "dx": 181.16371154785156,
            "dy": 208.58169555664062,
            "timestamp": 319
        },
        {
            "dx": 181.38177490234375,
            "dy": 207.60015869140625,
            "timestamp": 319
        },
        {
            "dx": 181.56356811523438,
            "dy": 206.14559936523438,
            "timestamp": 338
        },
        {
            "dx": 181.63636779785156,
            "dy": 204.58169555664062,
            "timestamp": 338
        },
        {
            "dx": 181.85443115234375,
            "dy": 202.9453125,
            "timestamp": 338
        },
        {
            "dx": 181.9272003173828,
            "dy": 201.09091186523438,
            "timestamp": 338
        },
        {
            "dx": 181.9272003173828,
            "dy": 199.23651123046875,
            "timestamp": 338
        },
        {
            "dx": 181.9272003173828,
            "dy": 197.38174438476562,
            "timestamp": 357
        },
        {
            "dx": 181.9272003173828,
            "dy": 195.52734375,
            "timestamp": 357
        },
        {
            "dx": 181.9272003173828,
            "dy": 193.49078369140625,
            "timestamp": 357
        },
        {
            "dx": 181.9272003173828,
            "dy": 191.16372680664062,
            "timestamp": 357
        },
        {
            "dx": 181.85443115234375,
            "dy": 188.32742309570312,
            "timestamp": 358
        },
        {
            "dx": 181.63636779785156,
            "dy": 185.3089599609375,
            "timestamp": 376
        },
        {
            "dx": 181.56356811523438,
            "dy": 182.2908935546875,
            "timestamp": 376
        },
        {
            "dx": 181.27273559570312,
            "dy": 179.16372680664062,
            "timestamp": 376
        },
        {
            "dx": 181.16371154785156,
            "dy": 176.254638671875,
            "timestamp": 376
        },
        {
            "dx": 180.9818878173828,
            "dy": 173.4183349609375,
            "timestamp": 396
        },
        {
            "dx": 180.8728790283203,
            "dy": 170.80007934570312,
            "timestamp": 396
        },
        {
            "dx": 180.69105529785156,
            "dy": 168.3636474609375,
            "timestamp": 396
        },
        {
            "dx": 180.5092315673828,
            "dy": 166.03622436523438,
            "timestamp": 396
        },
        {
            "dx": 180.21804809570312,
            "dy": 164.65447998046875,
            "timestamp": 396
        },
        {
            "dx": 179.74539184570312,
            "dy": 162.8363037109375,
            "timestamp": 414
        },
        {
            "dx": 179.16371154785156,
            "dy": 160.98193359375,
            "timestamp": 414
        },
        {
            "dx": 178.47265625,
            "dy": 159.23651123046875,
            "timestamp": 414
        },
        {
            "dx": 177.89100646972656,
            "dy": 157.45458984375,
            "timestamp": 415
        },
        {
            "dx": 177.23651123046875,
            "dy": 155.81820678710938,
            "timestamp": 415
        },
        {
            "dx": 176.5454559326172,
            "dy": 154.254638671875,
            "timestamp": 429
        },
        {
            "dx": 175.67259216308594,
            "dy": 152.50927734375,
            "timestamp": 430
        },
        {
            "dx": 174.72727966308594,
            "dy": 150.9453125,
            "timestamp": 430
        },
        {
            "dx": 173.74539184570312,
            "dy": 149.56356811523438,
            "timestamp": 430
        },
        {
            "dx": 172.80007934570312,
            "dy": 148.10903930664062,
            "timestamp": 443
        },
        {
            "dx": 171.85443115234375,
            "dy": 147.0546875,
            "timestamp": 443
        },
        {
            "dx": 170.69105529785156,
            "dy": 145.781982421875,
            "timestamp": 443
        },
        {
            "dx": 169.52734375,
            "dy": 144.61825561523438,
            "timestamp": 459
        },
        {
            "dx": 168.18182373046875,
            "dy": 143.34555053710938,
            "timestamp": 459
        },
        {
            "dx": 166.5454559326172,
            "dy": 141.781982421875,
            "timestamp": 459
        },
        {
            "dx": 164.90911865234375,
            "dy": 140.32742309570312,
            "timestamp": 459
        },
        {
            "dx": 163.27273559570312,
            "dy": 139.16372680664062,
            "timestamp": 474
        },
        {
            "dx": 161.63636779785156,
            "dy": 138,
            "timestamp": 474
        },
        {
            "dx": 159.6001434326172,
            "dy": 136.727294921875,
            "timestamp": 474
        },
        {
            "dx": 157.41835021972656,
            "dy": 135.672607421875,
            "timestamp": 488
        },
        {
            "dx": 155.19993591308594,
            "dy": 134.58169555664062,
            "timestamp": 488
        },
        {
            "dx": 152.58168029785156,
            "dy": 133.52734375,
            "timestamp": 488
        },
        {
            "dx": 150.18182373046875,
            "dy": 132.54550170898438,
            "timestamp": 488
        },
        {
            "dx": 147.78196716308594,
            "dy": 131.672607421875,
            "timestamp": 502
        },
        {
            "dx": 145.30897521972656,
            "dy": 130.80007934570312,
            "timestamp": 502
        },
        {
            "dx": 142.90908813476562,
            "dy": 130,
            "timestamp": 502
        },
        {
            "dx": 140.58168029785156,
            "dy": 129.3089599609375,
            "timestamp": 517
        },
        {
            "dx": 138.7635040283203,
            "dy": 128.9453125,
            "timestamp": 518
        },
        {
            "dx": 136.7635040283203,
            "dy": 128.43643188476562,
            "timestamp": 518
        },
        {
            "dx": 134.254638671875,
            "dy": 127.85440063476562,
            "timestamp": 518
        },
        {
            "dx": 131.781982421875,
            "dy": 127.672607421875,
            "timestamp": 535
        },
        {
            "dx": 129.672607421875,
            "dy": 127.56356811523438,
            "timestamp": 535
        },
        {
            "dx": 127.38174438476562,
            "dy": 127.56356811523438,
            "timestamp": 535
        },
        {
            "dx": 124,
            "dy": 127.96377563476562,
            "timestamp": 535
        },
        {
            "dx": 120.47265625,
            "dy": 128.8363037109375,
            "timestamp": 550
        },
        {
            "dx": 117.01811218261719,
            "dy": 129.70916748046875,
            "timestamp": 550
        },
        {
            "dx": 0,
            "dy": 0,
            "timestamp": 551
        }
    ],
    [
        {
            "dx": 145.33334350585938,
            "dy": 155,
            "timestamp": 0
        },
        {
            "dx": 146.33334350585938,
            "dy": 157.66668701171875,
            "timestamp": 45
        },
        {
            "dx": 147.6666717529297,
            "dy": 160,
            "timestamp": 45
        },
        {
            "dx": 149.33334350585938,
            "dy": 162.66668701171875,
            "timestamp": 45
        },
        {
            "dx": 151,
            "dy": 165.33334350585938,
            "timestamp": 46
        },
        {
            "dx": 152.6666717529297,
            "dy": 167.33334350585938,
            "timestamp": 46
        },
        {
            "dx": 154,
            "dy": 169.66668701171875,
            "timestamp": 46
        },
        {
            "dx": 155.6666717529297,
            "dy": 171.66668701171875,
            "timestamp": 76
        },
        {
            "dx": 157,
            "dy": 173.33334350585938,
            "timestamp": 77
        },
        {
            "dx": 158,
            "dy": 174.66668701171875,
            "timestamp": 77
        },
        {
            "dx": 159,
            "dy": 175.66668701171875,
            "timestamp": 77
        },
        {
            "dx": 160,
            "dy": 176.33334350585938,
            "timestamp": 110
        },
        {
            "dx": 161,
            "dy": 177,
            "timestamp": 110
        },
        {
            "dx": 162,
            "dy": 177.66668701171875,
            "timestamp": 111
        },
        {
            "dx": 163,
            "dy": 178,
            "timestamp": 111
        },
        {
            "dx": 164,
            "dy": 178.33334350585938,
            "timestamp": 143
        },
        {
            "dx": 164.6666717529297,
            "dy": 178.33334350585938,
            "timestamp": 143
        },
        {
            "dx": 165.6666717529297,
            "dy": 178.33334350585938,
            "timestamp": 143
        },
        {
            "dx": 167.33334350585938,
            "dy": 178,
            "timestamp": 144
        },
        {
            "dx": 168.33334350585938,
            "dy": 177.66668701171875,
            "timestamp": 189
        },
        {
            "dx": 169.33334350585938,
            "dy": 177.66668701171875,
            "timestamp": 189
        },
        {
            "dx": 170,
            "dy": 177.33334350585938,
            "timestamp": 189
        },
        {
            "dx": 171.33334350585938,
            "dy": 177,
            "timestamp": 189
        },
        {
            "dx": 172.33334350585938,
            "dy": 176.66668701171875,
            "timestamp": 189
        },
        {
            "dx": 173,
            "dy": 176.33334350585938,
            "timestamp": 227
        },
        {
            "dx": 173.6666717529297,
            "dy": 176,
            "timestamp": 227
        },
        {
            "dx": 174.33334350585938,
            "dy": 175.66668701171875,
            "timestamp": 227
        },
        {
            "dx": 174.6666717529297,
            "dy": 175.33334350585938,
            "timestamp": 228
        },
        {
            "dx": 175.33334350585938,
            "dy": 174.66668701171875,
            "timestamp": 228
        },
        {
            "dx": 175.6666717529297,
            "dy": 174.33334350585938,
            "timestamp": 269
        },
        {
            "dx": 176.33334350585938,
            "dy": 173.66668701171875,
            "timestamp": 269
        },
        {
            "dx": 176.6666717529297,
            "dy": 172.66668701171875,
            "timestamp": 269
        },
        {
            "dx": 177.33334350585938,
            "dy": 172,
            "timestamp": 269
        },
        {
            "dx": 177.6666717529297,
            "dy": 170.33334350585938,
            "timestamp": 269
        },
        {
            "dx": 177.6666717529297,
            "dy": 168.66668701171875,
            "timestamp": 307
        },
        {
            "dx": 177.6666717529297,
            "dy": 167,
            "timestamp": 307
        },
        {
            "dx": 177.6666717529297,
            "dy": 166,
            "timestamp": 307
        },
        {
            "dx": 176.6666717529297,
            "dy": 163.66668701171875,
            "timestamp": 308
        },
        {
            "dx": 175,
            "dy": 161,
            "timestamp": 337
        },
        {
            "dx": 172.6666717529297,
            "dy": 159.33334350585938,
            "timestamp": 337
        },
        {
            "dx": 169.6666717529297,
            "dy": 157.66668701171875,
            "timestamp": 337
        },
        {
            "dx": 165.33334350585938,
            "dy": 156.66668701171875,
            "timestamp": 337
        },
        {
            "dx": 161.6666717529297,
            "dy": 156,
            "timestamp": 367
        },
        {
            "dx": 156.6666717529297,
            "dy": 156.33334350585938,
            "timestamp": 367
        },
        {
            "dx": 154.33334350585938,
            "dy": 156.66668701171875,
            "timestamp": 367
        },
        {
            "dx": 152.33334350585938,
            "dy": 157,
            "timestamp": 368
        },
        {
            "dx": 151,
            "dy": 157,
            "timestamp": 395
        },
        {
            "dx": 149.6666717529297,
            "dy": 157,
            "timestamp": 396
        },
        {
            "dx": 148.6666717529297,
            "dy": 157.33334350585938,
            "timestamp": 396
        },
        {
            "dx": 148,
            "dy": 157.33334350585938,
            "timestamp": 426
        },
        {
            "dx": 147.33334350585938,
            "dy": 157.33334350585938,
            "timestamp": 426
        },
        {
            "dx": 147,
            "dy": 157.33334350585938,
            "timestamp": 426
        },
        {
            "dx": 147,
            "dy": 157,
            "timestamp": 461
        },
        {
            "dx": 146.6666717529297,
            "dy": 157,
            "timestamp": 461
        },
        {
            "dx": 0,
            "dy": 0,
            "timestamp": 463
        }
    ],
    [
        {
            "dx": 166.4847412109375,
            "dy": 92.19183349609375,
            "timestamp": 0
        },
        {
            "dx": 167.1508026123047,
            "dy": 93.52459716796875,
            "timestamp": 0
        },
        {
            "dx": 168.14987182617188,
            "dy": 95.85699462890625,
            "timestamp": 1
        },
        {
            "dx": 168.81591796875,
            "dy": 98.52255249023438,
            "timestamp": 1
        },
        {
            "dx": 169.8149871826172,
            "dy": 102.187744140625,
            "timestamp": 1
        },
        {
            "dx": 170.48104858398438,
            "dy": 105.51971435546875,
            "timestamp": 23
        },
        {
            "dx": 171.1470947265625,
            "dy": 107.51889038085938,
            "timestamp": 23
        },
        {
            "dx": 171.4801025390625,
            "dy": 109.85128784179688,
            "timestamp": 23
        },
        {
            "dx": 171.8131561279297,
            "dy": 111.8504638671875,
            "timestamp": 23
        },
        {
            "dx": 172.1461639404297,
            "dy": 114.182861328125,
            "timestamp": 23
        },
        {
            "dx": 172.81222534179688,
            "dy": 116.18206787109375,
            "timestamp": 23
        },
        {
            "dx": 173.14524841308594,
            "dy": 118.51446533203125,
            "timestamp": 25
        },
        {
            "dx": 173.478271484375,
            "dy": 120.180419921875,
            "timestamp": 55
        },
        {
            "dx": 174.1443328857422,
            "dy": 122.5128173828125,
            "timestamp": 55
        },
        {
            "dx": 174.4773406982422,
            "dy": 124.51205444335938,
            "timestamp": 55
        },
        {
            "dx": 175.14340209960938,
            "dy": 126.177978515625,
            "timestamp": 55
        },
        {
            "dx": 175.47642517089844,
            "dy": 128.5103759765625,
            "timestamp": 56
        },
        {
            "dx": 175.80943298339844,
            "dy": 130.50961303710938,
            "timestamp": 56
        },
        {
            "dx": 176.1424560546875,
            "dy": 132.50875854492188,
            "timestamp": 56
        },
        {
            "dx": 176.4755096435547,
            "dy": 134.5079345703125,
            "timestamp": 86
        },
        {
            "dx": 176.4755096435547,
            "dy": 136.17391967773438,
            "timestamp": 86
        },
        {
            "dx": 176.4755096435547,
            "dy": 137.83993530273438,
            "timestamp": 86
        },
        {
            "dx": 176.4755096435547,
            "dy": 139.50595092773438,
            "timestamp": 86
        },
        {
            "dx": 176.4755096435547,
            "dy": 141.171875,
            "timestamp": 86
        },
        {
            "dx": 176.4755096435547,
            "dy": 142.17147827148438,
            "timestamp": 86
        },
        {
            "dx": 176.4755096435547,
            "dy": 143.5042724609375,
            "timestamp": 86
        },
        {
            "dx": 176.4755096435547,
            "dy": 144.83709716796875,
            "timestamp": 87
        },
        {
            "dx": 176.4755096435547,
            "dy": 146.16986083984375,
            "timestamp": 114
        },
        {
            "dx": 176.4755096435547,
            "dy": 147.16943359375,
            "timestamp": 114
        },
        {
            "dx": 176.4755096435547,
            "dy": 148.16903686523438,
            "timestamp": 114
        },
        {
            "dx": 176.1424560546875,
            "dy": 149.5018310546875,
            "timestamp": 114
        },
        {
            "dx": 175.80943298339844,
            "dy": 151.50106811523438,
            "timestamp": 114
        },
        {
            "dx": 175.47642517089844,
            "dy": 153.1669921875,
            "timestamp": 114
        },
        {
            "dx": 175.14340209960938,
            "dy": 154.16659545898438,
            "timestamp": 114
        },
        {
            "dx": 174.4773406982422,
            "dy": 155.16619873046875,
            "timestamp": 114
        },
        {
            "dx": 174.1443328857422,
            "dy": 156.16586303710938,
            "timestamp": 138
        },
        {
            "dx": 173.478271484375,
            "dy": 156.83221435546875,
            "timestamp": 138
        },
        {
            "dx": 173.14524841308594,
            "dy": 157.49862670898438,
            "timestamp": 138
        },
        {
            "dx": 172.47918701171875,
            "dy": 158.4981689453125,
            "timestamp": 138
        },
        {
            "dx": 171.8131561279297,
            "dy": 158.83139038085938,
            "timestamp": 138
        },
        {
            "dx": 171.1470947265625,
            "dy": 159.49777221679688,
            "timestamp": 138
        },
        {
            "dx": 170.48104858398438,
            "dy": 160.1641845703125,
            "timestamp": 162
        },
        {
            "dx": 169.8149871826172,
            "dy": 160.49740600585938,
            "timestamp": 162
        },
        {
            "dx": 168.81591796875,
            "dy": 160.83056640625,
            "timestamp": 162
        },
        {
            "dx": 167.81683349609375,
            "dy": 161.4969482421875,
            "timestamp": 162
        },
        {
            "dx": 166.8177947998047,
            "dy": 161.83016967773438,
            "timestamp": 162
        },
        {
            "dx": 165.81869506835938,
            "dy": 162.16342163085938,
            "timestamp": 162
        },
        {
            "dx": 164.4866180419922,
            "dy": 162.16342163085938,
            "timestamp": 162
        },
        {
            "dx": 163.15447998046875,
            "dy": 162.16342163085938,
            "timestamp": 187
        },
        {
            "dx": 161.8223876953125,
            "dy": 162.49655151367188,
            "timestamp": 187
        },
        {
            "dx": 160.49029541015625,
            "dy": 162.49655151367188,
            "timestamp": 187
        },
        {
            "dx": 158.82516479492188,
            "dy": 162.49655151367188,
            "timestamp": 188
        },
        {
            "dx": 157.4930877685547,
            "dy": 162.49655151367188,
            "timestamp": 188
        },
        {
            "dx": 155.82794189453125,
            "dy": 161.83016967773438,
            "timestamp": 188
        },
        {
            "dx": 154.16282653808594,
            "dy": 160.83056640625,
            "timestamp": 212
        },
        {
            "dx": 152.4976806640625,
            "dy": 159.83099365234375,
            "timestamp": 213
        },
        {
            "dx": 150.8325653076172,
            "dy": 158.4981689453125,
            "timestamp": 213
        },
        {
            "dx": 149.16744995117188,
            "dy": 157.1654052734375,
            "timestamp": 213
        },
        {
            "dx": 147.5023193359375,
            "dy": 155.83261108398438,
            "timestamp": 213
        },
        {
            "dx": 145.8372039794922,
            "dy": 154.16659545898438,
            "timestamp": 213
        },
        {
            "dx": 144.50509643554688,
            "dy": 152.5006103515625,
            "timestamp": 213
        },
        {
            "dx": 143.1730194091797,
            "dy": 150.83465576171875,
            "timestamp": 251
        },
        {
            "dx": 141.84088134765625,
            "dy": 149.5018310546875,
            "timestamp": 251
        },
        {
            "dx": 140.8418426513672,
            "dy": 147.83587646484375,
            "timestamp": 251
        },
        {
            "dx": 139.84274291992188,
            "dy": 146.5030517578125,
            "timestamp": 251
        },
        {
            "dx": 139.17669677734375,
            "dy": 144.83709716796875,
            "timestamp": 251
        },
        {
            "dx": 138.51065063476562,
            "dy": 143.5042724609375,
            "timestamp": 251
        },
        {
            "dx": 137.84458923339844,
            "dy": 142.17147827148438,
            "timestamp": 251
        },
        {
            "dx": 137.17855834960938,
            "dy": 140.83871459960938,
            "timestamp": 251
        },
        {
            "dx": 136.84552001953125,
            "dy": 139.17269897460938,
            "timestamp": 252
        },
        {
            "dx": 136.5124969482422,
            "dy": 137.83993530273438,
            "timestamp": 252
        },
        {
            "dx": 136.17947387695312,
            "dy": 136.50717163085938,
            "timestamp": 273
        },
        {
            "dx": 136.17947387695312,
            "dy": 135.17431640625,
            "timestamp": 273
        },
        {
            "dx": 136.17947387695312,
            "dy": 133.841552734375,
            "timestamp": 273
        },
        {
            "dx": 136.17947387695312,
            "dy": 132.50875854492188,
            "timestamp": 273
        },
        {
            "dx": 136.17947387695312,
            "dy": 130.84274291992188,
            "timestamp": 274
        },
        {
            "dx": 136.17947387695312,
            "dy": 129.50997924804688,
            "timestamp": 274
        },
        {
            "dx": 136.17947387695312,
            "dy": 127.84396362304688,
            "timestamp": 297
        },
        {
            "dx": 136.17947387695312,
            "dy": 126.51119995117188,
            "timestamp": 297
        },
        {
            "dx": 136.5124969482422,
            "dy": 124.84518432617188,
            "timestamp": 297
        },
        {
            "dx": 137.17855834960938,
            "dy": 123.17919921875,
            "timestamp": 297
        },
        {
            "dx": 138.1776123046875,
            "dy": 121.18002319335938,
            "timestamp": 297
        },
        {
            "dx": 139.17669677734375,
            "dy": 119.5140380859375,
            "timestamp": 298
        },
        {
            "dx": 140.17576599121094,
            "dy": 117.51486206054688,
            "timestamp": 325
        },
        {
            "dx": 141.50787353515625,
            "dy": 115.84884643554688,
            "timestamp": 325
        },
        {
            "dx": 142.8399658203125,
            "dy": 113.84967041015625,
            "timestamp": 325
        },
        {
            "dx": 144.17205810546875,
            "dy": 112.18368530273438,
            "timestamp": 325
        },
        {
            "dx": 145.5041961669922,
            "dy": 110.85089111328125,
            "timestamp": 326
        },
        {
            "dx": 146.83627319335938,
            "dy": 109.51812744140625,
            "timestamp": 326
        },
        {
            "dx": 147.8353729248047,
            "dy": 108.185302734375,
            "timestamp": 326
        },
        {
            "dx": 148.83441162109375,
            "dy": 106.85250854492188,
            "timestamp": 348
        },
        {
            "dx": 149.83349609375,
            "dy": 105.51971435546875,
            "timestamp": 348
        },
        {
            "dx": 150.8325653076172,
            "dy": 104.52011108398438,
            "timestamp": 348
        },
        {
            "dx": 151.83164978027344,
            "dy": 103.85372924804688,
            "timestamp": 349
        },
        {
            "dx": 152.4976806640625,
            "dy": 102.8541259765625,
            "timestamp": 349
        },
        {
            "dx": 153.49676513671875,
            "dy": 101.85455322265625,
            "timestamp": 350
        },
        {
            "dx": 154.49583435058594,
            "dy": 101.18817138671875,
            "timestamp": 350
        },
        {
            "dx": 155.1619110107422,
            "dy": 100.521728515625,
            "timestamp": 374
        },
        {
            "dx": 156.16098022460938,
            "dy": 99.8553466796875,
            "timestamp": 374
        },
        {
            "dx": 156.82701110839844,
            "dy": 99.52215576171875,
            "timestamp": 374
        },
        {
            "dx": 157.4930877685547,
            "dy": 98.85577392578125,
            "timestamp": 374
        },
        {
            "dx": 157.8260955810547,
            "dy": 98.52255249023438,
            "timestamp": 374
        },
        {
            "dx": 158.49215698242188,
            "dy": 98.52255249023438,
            "timestamp": 374
        },
        {
            "dx": 158.82516479492188,
            "dy": 98.18939208984375,
            "timestamp": 399
        },
        {
            "dx": 159.4912109375,
            "dy": 98.18939208984375,
            "timestamp": 400
        },
        {
            "dx": 159.8242645263672,
            "dy": 97.85617065429688,
            "timestamp": 400
        },
        {
            "dx": 160.1572723388672,
            "dy": 97.85617065429688,
            "timestamp": 400
        },
        {
            "dx": 160.49029541015625,
            "dy": 97.85617065429688,
            "timestamp": 400
        },
        {
            "dx": 160.82330322265625,
            "dy": 97.85617065429688,
            "timestamp": 400
        },
        {
            "dx": 161.48936462402344,
            "dy": 97.85617065429688,
            "timestamp": 400
        },
        {
            "dx": 161.8223876953125,
            "dy": 97.85617065429688,
            "timestamp": 400
        },
        {
            "dx": 162.1554412841797,
            "dy": 97.85617065429688,
            "timestamp": 425
        },
        {
            "dx": 162.4884490966797,
            "dy": 97.85617065429688,
            "timestamp": 425
        },
        {
            "dx": 163.15447998046875,
            "dy": 97.85617065429688,
            "timestamp": 425
        },
        {
            "dx": 163.82054138183594,
            "dy": 97.85617065429688,
            "timestamp": 425
        },
        {
            "dx": 164.4866180419922,
            "dy": 97.85617065429688,
            "timestamp": 425
        },
        {
            "dx": 165.1526336669922,
            "dy": 97.85617065429688,
            "timestamp": 425
        },
        {
            "dx": 165.81869506835938,
            "dy": 97.85617065429688,
            "timestamp": 449
        },
        {
            "dx": 166.8177947998047,
            "dy": 97.85617065429688,
            "timestamp": 449
        },
        {
            "dx": 167.4838104248047,
            "dy": 97.85617065429688,
            "timestamp": 449
        },
        {
            "dx": 168.48289489746094,
            "dy": 97.85617065429688,
            "timestamp": 450
        },
        {
            "dx": 169.1489715576172,
            "dy": 97.85617065429688,
            "timestamp": 450
        },
        {
            "dx": 169.8149871826172,
            "dy": 97.85617065429688,
            "timestamp": 450
        },
        {
            "dx": 170.48104858398438,
            "dy": 97.85617065429688,
            "timestamp": 450
        },
        {
            "dx": 171.4801025390625,
            "dy": 97.85617065429688,
            "timestamp": 477
        },
        {
            "dx": 172.1461639404297,
            "dy": 97.85617065429688,
            "timestamp": 477
        },
        {
            "dx": 172.81222534179688,
            "dy": 97.85617065429688,
            "timestamp": 477
        },
        {
            "dx": 173.14524841308594,
            "dy": 97.85617065429688,
            "timestamp": 478
        },
        {
            "dx": 173.811279296875,
            "dy": 97.85617065429688,
            "timestamp": 478
        },
        {
            "dx": 174.1443328857422,
            "dy": 98.18939208984375,
            "timestamp": 478
        },
        {
            "dx": 174.4773406982422,
            "dy": 98.18939208984375,
            "timestamp": 505
        },
        {
            "dx": 174.81036376953125,
            "dy": 98.52255249023438,
            "timestamp": 505
        },
        {
            "dx": 175.14340209960938,
            "dy": 98.85577392578125,
            "timestamp": 506
        },
        {
            "dx": 175.47642517089844,
            "dy": 98.85577392578125,
            "timestamp": 506
        },
        {
            "dx": 175.80943298339844,
            "dy": 99.18896484375,
            "timestamp": 506
        },
        {
            "dx": 175.80943298339844,
            "dy": 99.52215576171875,
            "timestamp": 506
        },
        {
            "dx": 176.1424560546875,
            "dy": 99.8553466796875,
            "timestamp": 506
        },
        {
            "dx": 176.8085174560547,
            "dy": 100.18856811523438,
            "timestamp": 527
        },
        {
            "dx": 0,
            "dy": 0,
            "timestamp": 528
        }
    ]
]