[
    [
        {
            "dx": 184.00003051757812,
            "dy": 68.10002136230469,
            "timestamp": 0
        },
        {
            "dx": 184.00003051757812,
            "dy": 68.90000915527344,
            "timestamp": 20
        },
        {
            "dx": 184.80001831054688,
            "dy": 68.90000915527344,
            "timestamp": 20
        },
        {
            "dx": 184.80001831054688,
            "dy": 69.70001220703125,
            "timestamp": 20
        },
        {
            "dx": 185.60000610351562,
            "dy": 71.30001831054688,
            "timestamp": 36
        },
        {
            "dx": 187.20001220703125,
            "dy": 73.70001220703125,
            "timestamp": 36
        },
        {
            "dx": 188.00003051757812,
            "dy": 75.30001831054688,
            "timestamp": 36
        },
        {
            "dx": 188.80001831054688,
            "dy": 76.10002136230469,
            "timestamp": 52
        },
        {
            "dx": 190.4000244140625,
            "dy": 78.50003051757812,
            "timestamp": 53
        },
        {
            "dx": 191.20001220703125,
            "dy": 79.30001831054688,
            "timestamp": 53
        },
        {
            "dx": 192.80001831054688,
            "dy": 81.70001220703125,
            "timestamp": 69
        },
        {
            "dx": 194.4000244140625,
            "dy": 84.10000610351562,
            "timestamp": 69
        },
        {
            "dx": 196.80001831054688,
            "dy": 85.70001220703125,
            "timestamp": 85
        },
        {
            "dx": 198.4000244140625,
            "dy": 88.9000244140625,
            "timestamp": 85
        },
        {
            "dx": 200.00003051757812,
            "dy": 90.50003051757812,
            "timestamp": 102
        },
        {
            "dx": 201.60000610351562,
            "dy": 92.9000244140625,
            "timestamp": 102
        },
        {
            "dx": 202.4000244140625,
            "dy": 94.50003051757812,
            "timestamp": 102
        },
        {
            "dx": 202.4000244140625,
            "dy": 96.9000244140625,
            "timestamp": 102
        },
        {
            "dx": 203.20001220703125,
            "dy": 98.50003051757812,
            "timestamp": 119
        },
        {
            "dx": 203.20001220703125,
            "dy": 101.70001220703125,
            "timestamp": 119
        },
        {
            "dx": 202.4000244140625,
            "dy": 104.9000244140625,
            "timestamp": 137
        },
        {
            "dx": 201.60000610351562,
            "dy": 107.30001831054688,
            "timestamp": 137
        },
        {
            "dx": 200.80001831054688,
            "dy": 110.50003051757812,
            "timestamp": 154
        },
        {
            "dx": 199.20001220703125,
            "dy": 112.9000244140625,
            "timestamp": 154
        },
        {
            "dx": 193.60000610351562,
            "dy": 119.30001831054688,
            "timestamp": 154
        },
        {
            "dx": 196.80001831054688,
            "dy": 116.10000610351562,
            "timestamp": 154
        },
        {
            "dx": 191.20001220703125,
            "dy": 121.70001220703125,
            "timestamp": 171
        },
        {
            "dx": 188.00003051757812,
            "dy": 124.9000244140625,
            "timestamp": 171
        },
        {
            "dx": 184.80001831054688,
            "dy": 126.50003051757812,
            "timestamp": 188
        },
        {
            "dx": 182.4000244140625,
            "dy": 128.10000610351562,
            "timestamp": 188
        },
        {
            "dx": 180.00003051757812,
            "dy": 129.70001220703125,
            "timestamp": 205
        },
        {
            "dx": 179.20001220703125,
            "dy": 129.70001220703125,
            "timestamp": 205
        },
        {
            "dx": 178.4000244140625,
            "dy": 130.50003051757812,
            "timestamp": 205
        },
        {
            "dx": 177.60000610351562,
            "dy": 131.30001831054688,
            "timestamp": 224
        },
        {
            "dx": 176.80001831054688,
            "dy": 131.30001831054688,
            "timestamp": 224
        },
        {
            "dx": 176.80001831054688,
            "dy": 132.10000610351562,
            "timestamp": 244
        },
        {
            "dx": 176.00003051757812,
            "dy": 132.10000610351562,
            "timestamp": 245
        },
        {
            "dx": 176.00003051757812,
            "dy": 132.9000244140625,
            "timestamp": 261
        },
        {
            "dx": 176.80001831054688,
            "dy": 132.9000244140625,
            "timestamp": 278
        },
        {
            "dx": 177.60000610351562,
            "dy": 133.70001220703125,
            "timestamp": 279
        },
        {
            "dx": 179.20001220703125,
            "dy": 135.30001831054688,
            "timestamp": 279
        },
        {
            "dx": 181.60000610351562,
            "dy": 136.9000244140625,
            "timestamp": 294
        },
        {
            "dx": 184.00003051757812,
            "dy": 138.50003051757812,
            "timestamp": 295
        },
        {
            "dx": 187.20001220703125,
            "dy": 140.10000610351562,
            "timestamp": 295
        },
        {
            "dx": 189.60000610351562,
            "dy": 141.70001220703125,
            "timestamp": 311
        },
        {
            "dx": 192.00003051757812,
            "dy": 144.10000610351562,
            "timestamp": 312
        },
        {
            "dx": 194.4000244140625,
            "dy": 146.50003051757812,
            "timestamp": 328
        },
        {
            "dx": 196.80001831054688,
            "dy": 148.9000244140625,
            "timestamp": 329
        },
        {
            "dx": 198.4000244140625,
            "dy": 151.30001831054688,
            "timestamp": 329
        },
        {
            "dx": 200.00003051757812,
            "dy": 154.50003051757812,
            "timestamp": 347
        },
        {
            "dx": 201.60000610351562,
            "dy": 157.70001220703125,
            "timestamp": 348
        },
        {
            "dx": 202.4000244140625,
            "dy": 161.70001220703125,
            "timestamp": 348
        },
        {
            "dx": 202.4000244140625,
            "dy": 165.70001220703125,
            "timestamp": 364
        },
        {
            "dx": 201.60000610351562,
            "dy": 169.70001220703125,
            "timestamp": 365
        },
        {
            "dx": 200.80001831054688,
            "dy": 174.50003051757812,
            "timestamp": 381
        },
        {
            "dx": 199.20001220703125,
            "dy": 179.30001831054688,
            "timestamp": 381
        },
        {
            "dx": 197.60000610351562,
            "dy": 184.10000610351562,
            "timestamp": 381
        },
        {
            "dx": 196.00003051757812,
            "dy": 188.10000610351562,
            "timestamp": 382
        },
        {
            "dx": 192.80001831054688,
            "dy": 192.10000610351562,
            "timestamp": 397
        },
        {
            "dx": 188.80001831054688,
            "dy": 196.9000244140625,
            "timestamp": 398
        },
        {
            "dx": 185.60000610351562,
            "dy": 200.9000244140625,
            "timestamp": 415
        },
        {
            "dx": 181.60000610351562,
            "dy": 204.10000610351562,
            "timestamp": 415
        },
        {
            "dx": 177.60000610351562,
            "dy": 207.30001831054688,
            "timestamp": 432
        },
        {
            "dx": 173.60000610351562,
            "dy": 209.70001220703125,
            "timestamp": 432
        },
        {
            "dx": 162.4000244140625,
            "dy": 213.70001220703125,
            "timestamp": 432
        },
        {
            "dx": 168.00003051757812,
            "dy": 211.30001831054688,
            "timestamp": 432
        },
        {
            "dx": 156.80001831054688,
            "dy": 215.30001831054688,
            "timestamp": 450
        },
        {
            "dx": 151.20001220703125,
            "dy": 216.10000610351562,
            "timestamp": 450
        },
        {
            "dx": 146.4000244140625,
            "dy": 216.10000610351562,
            "timestamp": 468
        },
        {
            "dx": 141.60000610351562,
            "dy": 216.9000244140625,
            "timestamp": 468
        },
        {
            "dx": 136.80001831054688,
            "dy": 216.9000244140625,
            "timestamp": 468
        },
        {
            "dx": 132.00003051757812,
            "dy": 216.9000244140625,
            "timestamp": 486
        },
        {
            "dx": 128.00003051757812,
            "dy": 216.9000244140625,
            "timestamp": 487
        },
        {
            "dx": 124.80001831054688,
            "dy": 216.10000610351562,
            "timestamp": 487
        },
        {
            "dx": 121.60000610351562,
            "dy": 215.30001831054688,
            "timestamp": 502
        },
        {
            "dx": 120.00003051757812,
            "dy": 214.50003051757812,
            "timestamp": 503
        },
        {
            "dx": 114.4000244140625,
            "dy": 210.50003051757812,
            "timestamp": 519
        },
        {
            "dx": 116.00003051757812,
            "dy": 212.10000610351562,
            "timestamp": 519
        },
        {
            "dx": 118.4000244140625,
            "dy": 213.70001220703125,
            "timestamp": 519
        },
        {
            "dx": 112.00003051757812,
            "dy": 208.10000610351562,
            "timestamp": 520
        },
        {
            "dx": 110.4000244140625,
            "dy": 205.70001220703125,
            "timestamp": 536
        },
        {
            "dx": 108.80001831054688,
            "dy": 203.30001831054688,
            "timestamp": 536
        },
        {
            "dx": 106.4000244140625,
            "dy": 200.10000610351562,
            "timestamp": 553
        },
        {
            "dx": 105.60000610351562,
            "dy": 196.10000610351562,
            "timestamp": 554
        },
        {
            "dx": 104.80001831054688,
            "dy": 192.10000610351562,
            "timestamp": 570
        },
        {
            "dx": 104.00003051757812,
            "dy": 188.10000610351562,
            "timestamp": 571
        },
        {
            "dx": 104.80001831054688,
            "dy": 183.30001831054688,
            "timestamp": 571
        },
        {
            "dx": 105.60000610351562,
            "dy": 177.70001220703125,
            "timestamp": 571
        },
        {
            "dx": 106.4000244140625,
            "dy": 172.10000610351562,
            "timestamp": 587
        },
        {
            "dx": 107.20001220703125,
            "dy": 166.50003051757812,
            "timestamp": 587
        },
        {
            "dx": 0,
            "dy": 0,
            "timestamp": 604
        },
        {
            "dx": 220.00003051757812,
            "dy": 128.9000244140625,
            "timestamp": 880
        },
        {
            "dx": 220.80001831054688,
            "dy": 129.70001220703125,
            "timestamp": 918
        },
        {
            "dx": 220.80001831054688,
            "dy": 130.50003051757812,
            "timestamp": 918
        },
        {
            "dx": 221.60000610351562,
            "dy": 132.10000610351562,
            "timestamp": 919
        },
        {
            "dx": 223.20001220703125,
            "dy": 132.9000244140625,
            "timestamp": 919
        },
        {
            "dx": 224.80001831054688,
            "dy": 134.50003051757812,
            "timestamp": 919
        },
        {
            "dx": 226.4000244140625,
            "dy": 136.10000610351562,
            "timestamp": 920
        },
        {
            "dx": 228.00003051757812,
            "dy": 137.70001220703125,
            "timestamp": 942
        },
        {
            "dx": 228.80001831054688,
            "dy": 139.30001831054688,
            "timestamp": 942
        },
        {
            "dx": 230.4000244140625,
            "dy": 140.10000610351562,
            "timestamp": 942
        },
        {
            "dx": 231.20001220703125,
            "dy": 140.9000244140625,
            "timestamp": 942
        },
        {
            "dx": 234.4000244140625,
            "dy": 142.50003051757812,
            "timestamp": 959
        },
        {
            "dx": 232.80001831054688,
            "dy": 141.70001220703125,
            "timestamp": 959
        },
        {
            "dx": 237.60000610351562,
            "dy": 143.30001831054688,
            "timestamp": 977
        },
        {
            "dx": 241.60000610351562,
            "dy": 143.30001831054688,
            "timestamp": 977
        },
        {
            "dx": 245.60000610351562,
            "dy": 143.30001831054688,
            "timestamp": 977
        },
        {
            "dx": 249.60000610351562,
            "dy": 143.30001831054688,
            "timestamp": 994
        },
        {
            "dx": 256.0000305175781,
            "dy": 142.50003051757812,
            "timestamp": 994
        },
        {
            "dx": 262.4000244140625,
            "dy": 140.10000610351562,
            "timestamp": 995
        },
        {
            "dx": 268.0000305175781,
            "dy": 138.50003051757812,
            "timestamp": 1014
        },
        {
            "dx": 272.8000183105469,
            "dy": 136.9000244140625,
            "timestamp": 1014
        },
        {
            "dx": 278.4000244140625,
            "dy": 135.30001831054688,
            "timestamp": 1014
        },
        {
            "dx": 284.0000305175781,
            "dy": 133.70001220703125,
            "timestamp": 1014
        },
        {
            "dx": 0,
            "dy": 0,
            "timestamp": 1033
        }
    ],
    [
        {
            "dx": 210.77706909179688,
            "dy": 51.208465576171875,
            "timestamp": 0
        },
        {
            "dx": 210.1110076904297,
            "dy": 52.87445068359375,
            "timestamp": 0
        },
        {
            "dx": 209.4449920654297,
            "dy": 54.8736572265625,
            "timestamp": 0
        },
        {
            "dx": 207.4468231201172,
            "dy": 58.20562744140625,
            "timestamp": 0
        },
        {
            "dx": 206.44773864746094,
            "dy": 60.53802490234375,
            "timestamp": 25
        },
        {
            "dx": 205.44866943359375,
            "dy": 61.87078857421875,
            "timestamp": 25
        },
        {
            "dx": 204.7826385498047,
            "dy": 62.87042236328125,
            "timestamp": 26
        },
        {
            "dx": 204.11656188964844,
            "dy": 63.8699951171875,
            "timestamp": 26
        },
        {
            "dx": 203.45050048828125,
            "dy": 64.536376953125,
            "timestamp": 26
        },
        {
            "dx": 202.7844696044922,
            "dy": 65.2027587890625,
            "timestamp": 26
        },
        {
            "dx": 202.4514617919922,
            "dy": 65.86920166015625,
            "timestamp": 61
        },
        {
            "dx": 201.78538513183594,
            "dy": 66.53558349609375,
            "timestamp": 62
        },
        {
            "dx": 201.45236206054688,
            "dy": 66.8687744140625,
            "timestamp": 62
        },
        {
            "dx": 201.11935424804688,
            "dy": 67.20196533203125,
            "timestamp": 62
        },
        {
            "dx": 200.4532928466797,
            "dy": 67.20196533203125,
            "timestamp": 62
        },
        {
            "dx": 200.1202850341797,
            "dy": 67.53515625,
            "timestamp": 62
        },
        {
            "dx": 199.7872314453125,
            "dy": 67.53515625,
            "timestamp": 62
        },
        {
            "dx": 198.1221160888672,
            "dy": 67.53515625,
            "timestamp": 89
        },
        {
            "dx": 197.12303161621094,
            "dy": 67.53515625,
            "timestamp": 90
        },
        {
            "dx": 196.45700073242188,
            "dy": 67.53515625,
            "timestamp": 90
        },
        {
            "dx": 195.4579315185547,
            "dy": 67.53515625,
            "timestamp": 90
        },
        {
            "dx": 194.7918701171875,
            "dy": 67.53515625,
            "timestamp": 90
        },
        {
            "dx": 194.12582397460938,
            "dy": 67.53515625,
            "timestamp": 90
        },
        {
            "dx": 193.4597625732422,
            "dy": 67.53515625,
            "timestamp": 90
        },
        {
            "dx": 193.1267547607422,
            "dy": 67.53515625,
            "timestamp": 90
        },
        {
            "dx": 192.460693359375,
            "dy": 67.53515625,
            "timestamp": 117
        },
        {
            "dx": 191.79464721679688,
            "dy": 67.20196533203125,
            "timestamp": 117
        },
        {
            "dx": 191.1285858154297,
            "dy": 67.20196533203125,
            "timestamp": 117
        },
        {
            "dx": 190.4625701904297,
            "dy": 66.8687744140625,
            "timestamp": 117
        },
        {
            "dx": 189.79649353027344,
            "dy": 66.8687744140625,
            "timestamp": 117
        },
        {
            "dx": 189.13043212890625,
            "dy": 66.53558349609375,
            "timestamp": 117
        },
        {
            "dx": 188.4644012451172,
            "dy": 66.53558349609375,
            "timestamp": 117
        },
        {
            "dx": 187.79833984375,
            "dy": 66.20236206054688,
            "timestamp": 145
        },
        {
            "dx": 187.13229370117188,
            "dy": 66.20236206054688,
            "timestamp": 145
        },
        {
            "dx": 186.4662322998047,
            "dy": 66.20236206054688,
            "timestamp": 145
        },
        {
            "dx": 185.8002166748047,
            "dy": 65.86920166015625,
            "timestamp": 145
        },
        {
            "dx": 185.4671630859375,
            "dy": 65.86920166015625,
            "timestamp": 145
        },
        {
            "dx": 184.80111694335938,
            "dy": 65.86920166015625,
            "timestamp": 145
        },
        {
            "dx": 184.46807861328125,
            "dy": 65.86920166015625,
            "timestamp": 145
        },
        {
            "dx": 184.13507080078125,
            "dy": 65.86920166015625,
            "timestamp": 145
        },
        {
            "dx": 183.4690399169922,
            "dy": 65.86920166015625,
            "timestamp": 169
        },
        {
            "dx": 183.135986328125,
            "dy": 65.86920166015625,
            "timestamp": 169
        },
        {
            "dx": 182.46994018554688,
            "dy": 65.86920166015625,
            "timestamp": 169
        },
        {
            "dx": 182.13690185546875,
            "dy": 65.86920166015625,
            "timestamp": 169
        },
        {
            "dx": 181.80389404296875,
            "dy": 65.86920166015625,
            "timestamp": 169
        },
        {
            "dx": 181.4708709716797,
            "dy": 65.86920166015625,
            "timestamp": 169
        },
        {
            "dx": 181.1378631591797,
            "dy": 65.86920166015625,
            "timestamp": 194
        },
        {
            "dx": 180.8048095703125,
            "dy": 65.86920166015625,
            "timestamp": 194
        },
        {
            "dx": 180.13876342773438,
            "dy": 65.86920166015625,
            "timestamp": 194
        },
        {
            "dx": 179.47271728515625,
            "dy": 66.53558349609375,
            "timestamp": 194
        },
        {
            "dx": 178.8066864013672,
            "dy": 67.20196533203125,
            "timestamp": 194
        },
        {
            "dx": 177.80758666992188,
            "dy": 68.20159912109375,
            "timestamp": 194
        },
        {
            "dx": 176.8085174560547,
            "dy": 68.86798095703125,
            "timestamp": 194
        },
        {
            "dx": 175.80943298339844,
            "dy": 69.8675537109375,
            "timestamp": 217
        },
        {
            "dx": 175.14340209960938,
            "dy": 71.20037841796875,
            "timestamp": 217
        },
        {
            "dx": 174.4773406982422,
            "dy": 72.199951171875,
            "timestamp": 217
        },
        {
            "dx": 173.478271484375,
            "dy": 73.53271484375,
            "timestamp": 217
        },
        {
            "dx": 172.81222534179688,
            "dy": 74.86553955078125,
            "timestamp": 217
        },
        {
            "dx": 172.1461639404297,
            "dy": 76.19830322265625,
            "timestamp": 217
        },
        {
            "dx": 171.4801025390625,
            "dy": 77.19793701171875,
            "timestamp": 241
        },
        {
            "dx": 171.1470947265625,
            "dy": 78.53070068359375,
            "timestamp": 242
        },
        {
            "dx": 170.81407165527344,
            "dy": 79.5302734375,
            "timestamp": 242
        },
        {
            "dx": 170.48104858398438,
            "dy": 80.86309814453125,
            "timestamp": 243
        },
        {
            "dx": 170.48104858398438,
            "dy": 81.8626708984375,
            "timestamp": 244
        },
        {
            "dx": 170.14801025390625,
            "dy": 83.52865600585938,
            "timestamp": 244
        },
        {
            "dx": 170.14801025390625,
            "dy": 85.19464111328125,
            "timestamp": 267
        },
        {
            "dx": 170.14801025390625,
            "dy": 86.52743530273438,
            "timestamp": 268
        },
        {
            "dx": 170.14801025390625,
            "dy": 87.52703857421875,
            "timestamp": 268
        },
        {
            "dx": 170.81407165527344,
            "dy": 88.526611328125,
            "timestamp": 268
        },
        {
            "dx": 171.4801025390625,
            "dy": 89.52621459960938,
            "timestamp": 268
        },
        {
            "dx": 172.47918701171875,
            "dy": 90.52581787109375,
            "timestamp": 268
        },
        {
            "dx": 173.811279296875,
            "dy": 91.525390625,
            "timestamp": 268
        },
        {
            "dx": 175.14340209960938,
            "dy": 92.52499389648438,
            "timestamp": 298
        },
        {
            "dx": 176.4755096435547,
            "dy": 93.52459716796875,
            "timestamp": 298
        },
        {
            "dx": 178.14060974121094,
            "dy": 94.524169921875,
            "timestamp": 298
        },
        {
            "dx": 179.80575561523438,
            "dy": 95.19061279296875,
            "timestamp": 298
        },
        {
            "dx": 181.4708709716797,
            "dy": 95.52377319335938,
            "timestamp": 298
        },
        {
            "dx": 182.80296325683594,
            "dy": 95.85699462890625,
            "timestamp": 299
        },
        {
            "dx": 184.46807861328125,
            "dy": 96.52337646484375,
            "timestamp": 299
        },
        {
            "dx": 186.4662322998047,
            "dy": 96.8565673828125,
            "timestamp": 299
        },
        {
            "dx": 187.46531677246094,
            "dy": 97.18978881835938,
            "timestamp": 323
        },
        {
            "dx": 188.7974090576172,
            "dy": 97.52294921875,
            "timestamp": 323
        },
        {
            "dx": 190.1295166015625,
            "dy": 97.52294921875,
            "timestamp": 323
        },
        {
            "dx": 191.1285858154297,
            "dy": 98.18939208984375,
            "timestamp": 323
        },
        {
            "dx": 192.460693359375,
            "dy": 98.85577392578125,
            "timestamp": 323
        },
        {
            "dx": 193.4597625732422,
            "dy": 99.18896484375,
            "timestamp": 324
        },
        {
            "dx": 194.45884704589844,
            "dy": 99.18896484375,
            "timestamp": 343
        },
        {
            "dx": 195.1248779296875,
            "dy": 99.52215576171875,
            "timestamp": 344
        },
        {
            "dx": 195.4579315185547,
            "dy": 99.8553466796875,
            "timestamp": 344
        },
        {
            "dx": 195.7909393310547,
            "dy": 100.18856811523438,
            "timestamp": 344
        },
        {
            "dx": 196.12396240234375,
            "dy": 100.18856811523438,
            "timestamp": 344
        },
        {
            "dx": 196.45700073242188,
            "dy": 100.521728515625,
            "timestamp": 344
        },
        {
            "dx": 196.45700073242188,
            "dy": 100.85494995117188,
            "timestamp": 344
        },
        {
            "dx": 196.45700073242188,
            "dy": 101.18817138671875,
            "timestamp": 369
        },
        {
            "dx": 196.45700073242188,
            "dy": 101.52133178710938,
            "timestamp": 369
        },
        {
            "dx": 196.45700073242188,
            "dy": 101.85455322265625,
            "timestamp": 370
        },
        {
            "dx": 196.45700073242188,
            "dy": 102.187744140625,
            "timestamp": 370
        },
        {
            "dx": 196.45700073242188,
            "dy": 102.52093505859375,
            "timestamp": 370
        },
        {
            "dx": 196.45700073242188,
            "dy": 102.8541259765625,
            "timestamp": 370
        },
        {
            "dx": 196.45700073242188,
            "dy": 103.85372924804688,
            "timestamp": 397
        },
        {
            "dx": 195.7909393310547,
            "dy": 105.1865234375,
            "timestamp": 398
        },
        {
            "dx": 194.45884704589844,
            "dy": 107.18572998046875,
            "timestamp": 398
        },
        {
            "dx": 193.1267547607422,
            "dy": 108.8516845703125,
            "timestamp": 398
        },
        {
            "dx": 191.46160888671875,
            "dy": 110.5177001953125,
            "timestamp": 398
        },
        {
            "dx": 189.79649353027344,
            "dy": 111.8504638671875,
            "timestamp": 398
        },
        {
            "dx": 188.1313934326172,
            "dy": 113.5164794921875,
            "timestamp": 398
        },
        {
            "dx": 186.1332244873047,
            "dy": 115.18246459960938,
            "timestamp": 398
        },
        {
            "dx": 184.46807861328125,
            "dy": 116.84844970703125,
            "timestamp": 423
        },
        {
            "dx": 182.13690185546875,
            "dy": 118.51446533203125,
            "timestamp": 424
        },
        {
            "dx": 179.80575561523438,
            "dy": 120.180419921875,
            "timestamp": 425
        },
        {
            "dx": 177.47457885742188,
            "dy": 121.51327514648438,
            "timestamp": 425
        },
        {
            "dx": 175.14340209960938,
            "dy": 122.84603881835938,
            "timestamp": 425
        },
        {
            "dx": 172.81222534179688,
            "dy": 123.8455810546875,
            "timestamp": 425
        },
        {
            "dx": 169.8149871826172,
            "dy": 125.17840576171875,
            "timestamp": 447
        },
        {
            "dx": 167.1508026123047,
            "dy": 126.177978515625,
            "timestamp": 448
        },
        {
            "dx": 164.4866180419922,
            "dy": 127.17758178710938,
            "timestamp": 448
        },
        {
            "dx": 162.1554412841797,
            "dy": 128.17718505859375,
            "timestamp": 448
        },
        {
            "dx": 159.8242645263672,
            "dy": 129.1767578125,
            "timestamp": 448
        },
        {
            "dx": 157.8260955810547,
            "dy": 130.17636108398438,
            "timestamp": 449
        },
        {
            "dx": 155.4949188232422,
            "dy": 131.17596435546875,
            "timestamp": 450
        },
        {
            "dx": 153.1637420654297,
            "dy": 131.5091552734375,
            "timestamp": 472
        },
        {
            "dx": 151.49862670898438,
            "dy": 132.175537109375,
            "timestamp": 474
        },
        {
            "dx": 149.50047302246094,
            "dy": 132.50875854492188,
            "timestamp": 474
        },
        {
            "dx": 147.5023193359375,
            "dy": 132.84197998046875,
            "timestamp": 474
        },
        {
            "dx": 145.8372039794922,
            "dy": 132.84197998046875,
            "timestamp": 475
        },
        {
            "dx": 144.17205810546875,
            "dy": 133.17514038085938,
            "timestamp": 475
        },
        {
            "dx": 142.8399658203125,
            "dy": 133.17514038085938,
            "timestamp": 475
        },
        {
            "dx": 141.50787353515625,
            "dy": 133.17514038085938,
            "timestamp": 501
        },
        {
            "dx": 140.5087890625,
            "dy": 133.17514038085938,
            "timestamp": 501
        },
        {
            "dx": 139.17669677734375,
            "dy": 133.17514038085938,
            "timestamp": 502
        },
        {
            "dx": 138.1776123046875,
            "dy": 133.17514038085938,
            "timestamp": 502
        },
        {
            "dx": 137.17855834960938,
            "dy": 133.17514038085938,
            "timestamp": 502
        },
        {
            "dx": 135.846435546875,
            "dy": 133.17514038085938,
            "timestamp": 502
        },
        {
            "dx": 134.84738159179688,
            "dy": 133.17514038085938,
            "timestamp": 502
        },
        {
            "dx": 134.1813201904297,
            "dy": 133.17514038085938,
            "timestamp": 524
        },
        {
            "dx": 133.51528930664062,
            "dy": 133.17514038085938,
            "timestamp": 524
        },
        {
            "dx": 132.84921264648438,
            "dy": 133.17514038085938,
            "timestamp": 524
        },
        {
            "dx": 131.8501434326172,
            "dy": 132.84197998046875,
            "timestamp": 524
        },
        {
            "dx": 131.18411254882812,
            "dy": 132.50875854492188,
            "timestamp": 524
        },
        {
            "dx": 130.51803588867188,
            "dy": 131.84237670898438,
            "timestamp": 525
        },
        {
            "dx": 130.18502807617188,
            "dy": 131.5091552734375,
            "timestamp": 550
        },
        {
            "dx": 129.5189666748047,
            "dy": 130.84274291992188,
            "timestamp": 550
        },
        {
            "dx": 128.85293579101562,
            "dy": 129.8431396484375,
            "timestamp": 550
        },
        {
            "dx": 128.5198974609375,
            "dy": 129.1767578125,
            "timestamp": 550
        },
        {
            "dx": 128.18687438964844,
            "dy": 128.17718505859375,
            "timestamp": 550
        },
        {
            "dx": 128.18687438964844,
            "dy": 127.17758178710938,
            "timestamp": 550
        },
        {
            "dx": 127.52081298828125,
            "dy": 125.84481811523438,
            "timestamp": 551
        },
        {
            "dx": 127.18778991699219,
            "dy": 124.51205444335938,
            "timestamp": 576
        },
        {
            "dx": 127.18778991699219,
            "dy": 123.17919921875,
            "timestamp": 576
        },
        {
            "dx": 127.18778991699219,
            "dy": 121.84640502929688,
            "timestamp": 576
        },
        {
            "dx": 126.85476684570312,
            "dy": 120.180419921875,
            "timestamp": 576
        },
        {
            "dx": 126.52175903320312,
            "dy": 118.18124389648438,
            "timestamp": 577
        },
        {
            "dx": 126.52175903320312,
            "dy": 116.5152587890625,
            "timestamp": 577
        },
        {
            "dx": 126.52175903320312,
            "dy": 114.8492431640625,
            "timestamp": 577
        },
        {
            "dx": 126.52175903320312,
            "dy": 113.5164794921875,
            "timestamp": 603
        },
        {
            "dx": 126.52175903320312,
            "dy": 111.8504638671875,
            "timestamp": 603
        },
        {
            "dx": 126.52175903320312,
            "dy": 110.5177001953125,
            "timestamp": 603
        },
        {
            "dx": 126.85476684570312,
            "dy": 108.51849365234375,
            "timestamp": 603
        },
        {
            "dx": 127.52081298828125,
            "dy": 106.85250854492188,
            "timestamp": 603
        },
        {
            "dx": 128.18687438964844,
            "dy": 104.85333251953125,
            "timestamp": 603
        },
        {
            "dx": 128.85293579101562,
            "dy": 102.52093505859375,
            "timestamp": 603
        },
        {
            "dx": 129.85198974609375,
            "dy": 100.521728515625,
            "timestamp": 628
        },
        {
            "dx": 130.51803588867188,
            "dy": 98.85577392578125,
            "timestamp": 628
        },
        {
            "dx": 131.51712036132812,
            "dy": 97.18978881835938,
            "timestamp": 629
        },
        {
            "dx": 132.51620483398438,
            "dy": 95.52377319335938,
            "timestamp": 629
        },
        {
            "dx": 133.51528930664062,
            "dy": 94.19100952148438,
            "timestamp": 629
        },
        {
            "dx": 134.1813201904297,
            "dy": 93.19140625,
            "timestamp": 629
        },
        {
            "dx": 135.18038940429688,
            "dy": 92.19183349609375,
            "timestamp": 629
        },
        {
            "dx": 135.846435546875,
            "dy": 91.19223022460938,
            "timestamp": 657
        },
        {
            "dx": 136.84552001953125,
            "dy": 90.192626953125,
            "timestamp": 658
        },
        {
            "dx": 137.51156616210938,
            "dy": 89.52621459960938,
            "timestamp": 658
        },
        {
            "dx": 138.51065063476562,
            "dy": 88.85983276367188,
            "timestamp": 658
        },
        {
            "dx": 139.50973510742188,
            "dy": 88.526611328125,
            "timestamp": 658
        },
        {
            "dx": 140.17576599121094,
            "dy": 87.8602294921875,
            "timestamp": 658
        },
        {
            "dx": 141.1748504638672,
            "dy": 87.52703857421875,
            "timestamp": 658
        },
        {
            "dx": 142.17391967773438,
            "dy": 86.86065673828125,
            "timestamp": 658
        },
        {
            "dx": 143.8390350341797,
            "dy": 86.19427490234375,
            "timestamp": 686
        },
        {
            "dx": 145.171142578125,
            "dy": 85.86105346679688,
            "timestamp": 686
        },
        {
            "dx": 146.83627319335938,
            "dy": 85.52783203125,
            "timestamp": 686
        },
        {
            "dx": 147.16929626464844,
            "dy": 85.52783203125,
            "timestamp": 686
        },
        {
            "dx": 0,
            "dy": 0,
            "timestamp": 688
        },
        {
            "dx": 246.7437744140625,
            "dy": 96.190185546875,
            "timestamp": 993
        },
        {
            "dx": 243.08050537109375,
            "dy": 97.52294921875,
            "timestamp": 993
        },
        {
            "dx": 239.08419799804688,
            "dy": 98.85577392578125,
            "timestamp": 993
        },
        {
            "dx": 236.41998291015625,
            "dy": 99.8553466796875,
            "timestamp": 993
        },
        {
            "dx": 234.08880615234375,
            "dy": 100.18856811523438,
            "timestamp": 1014
        },
        {
            "dx": 232.09066772460938,
            "dy": 100.521728515625,
            "timestamp": 1014
        },
        {
            "dx": 229.75949096679688,
            "dy": 100.85494995117188,
            "timestamp": 1015
        },
        {
            "dx": 227.7613525390625,
            "dy": 101.18817138671875,
            "timestamp": 1015
        },
        {
            "dx": 224.76409912109375,
            "dy": 101.85455322265625,
            "timestamp": 1046
        },
        {
            "dx": 222.09991455078125,
            "dy": 101.85455322265625,
            "timestamp": 1046
        },
        {
            "dx": 220.10177612304688,
            "dy": 101.85455322265625,
            "timestamp": 1046
        },
        {
            "dx": 218.43663024902344,
            "dy": 101.85455322265625,
            "timestamp": 1046
        },
        {
            "dx": 216.7715301513672,
            "dy": 101.85455322265625,
            "timestamp": 1046
        },
        {
            "dx": 215.10638427734375,
            "dy": 101.85455322265625,
            "timestamp": 1046
        },
        {
            "dx": 213.44126892089844,
            "dy": 101.85455322265625,
            "timestamp": 1046
        },
        {
            "dx": 212.1091766357422,
            "dy": 101.85455322265625,
            "timestamp": 1046
        },
        {
            "dx": 210.77706909179688,
            "dy": 101.85455322265625,
            "timestamp": 1046
        },
        {
            "dx": 209.7779998779297,
            "dy": 101.85455322265625,
            "timestamp": 1073
        },
        {
            "dx": 208.44589233398438,
            "dy": 101.52133178710938,
            "timestamp": 1073
        },
        {
            "dx": 207.4468231201172,
            "dy": 101.18817138671875,
            "timestamp": 1073
        },
        {
            "dx": 206.44773864746094,
            "dy": 100.85494995117188,
            "timestamp": 1074
        },
        {
            "dx": 205.44866943359375,
            "dy": 100.521728515625,
            "timestamp": 1074
        },
        {
            "dx": 204.7826385498047,
            "dy": 99.8553466796875,
            "timestamp": 1074
        },
        {
            "dx": 203.78353881835938,
            "dy": 99.18896484375,
            "timestamp": 1074
        },
        {
            "dx": 203.11749267578125,
            "dy": 98.52255249023438,
            "timestamp": 1098
        },
        {
            "dx": 202.4514617919922,
            "dy": 97.85617065429688,
            "timestamp": 1098
        },
        {
            "dx": 201.78538513183594,
            "dy": 96.8565673828125,
            "timestamp": 1098
        },
        {
            "dx": 201.45236206054688,
            "dy": 95.85699462890625,
            "timestamp": 1098
        },
        {
            "dx": 200.78631591796875,
            "dy": 94.524169921875,
            "timestamp": 1098
        },
        {
            "dx": 200.4532928466797,
            "dy": 93.52459716796875,
            "timestamp": 1098
        },
        {
            "dx": 200.4532928466797,
            "dy": 92.19183349609375,
            "timestamp": 1098
        },
        {
            "dx": 200.1202850341797,
            "dy": 91.19223022460938,
            "timestamp": 1128
        },
        {
            "dx": 200.1202850341797,
            "dy": 90.52581787109375,
            "timestamp": 1129
        },
        {
            "dx": 200.1202850341797,
            "dy": 89.52621459960938,
            "timestamp": 1129
        },
        {
            "dx": 200.1202850341797,
            "dy": 88.85983276367188,
            "timestamp": 1129
        },
        {
            "dx": 200.1202850341797,
            "dy": 88.19345092773438,
            "timestamp": 1130
        },
        {
            "dx": 200.1202850341797,
            "dy": 87.19384765625,
            "timestamp": 1130
        },
        {
            "dx": 200.1202850341797,
            "dy": 86.19427490234375,
            "timestamp": 1130
        },
        {
            "dx": 200.1202850341797,
            "dy": 85.52783203125,
            "timestamp": 1166
        },
        {
            "dx": 200.4532928466797,
            "dy": 84.52825927734375,
            "timestamp": 1166
        },
        {
            "dx": 201.11935424804688,
            "dy": 83.52865600585938,
            "timestamp": 1166
        },
        {
            "dx": 201.78538513183594,
            "dy": 82.529052734375,
            "timestamp": 1166
        },
        {
            "dx": 202.7844696044922,
            "dy": 81.52947998046875,
            "timestamp": 1166
        },
        {
            "dx": 203.78353881835938,
            "dy": 80.86309814453125,
            "timestamp": 1166
        },
        {
            "dx": 205.1156463623047,
            "dy": 79.86349487304688,
            "timestamp": 1166
        },
        {
            "dx": 206.11471557617188,
            "dy": 78.8638916015625,
            "timestamp": 1166
        },
        {
            "dx": 207.7798309326172,
            "dy": 77.86431884765625,
            "timestamp": 1185
        },
        {
            "dx": 209.1119384765625,
            "dy": 76.86468505859375,
            "timestamp": 1185
        },
        {
            "dx": 209.4449920654297,
            "dy": 76.86468505859375,
            "timestamp": 1185
        },
        {
            "dx": 0,
            "dy": 0,
            "timestamp": 1186
        }
    ]
]